TradDt,BizDt,Sgmt,Src,FinInstrmTp,FinInstrmId,ISIN,TckrSymb,SctySrs,XpryDt,FininstrmActlXpryDt,StrkPric,OptnTp,FinInstrmNm,OpnPric,HghPric,LwPric,ClsPric,LastPric,PrvsClsgPric,UndrlygPric,SttlmPric,OpnIntrst,ChngInOpnIntrst,TtlTradgVol,TtlTrfVal,TtlNbOfTxsExctd,SsnId,NewBrdLotQty,Rmks,Rsvd1,Rsvd2,Rsvd3,Rsvd4
2026-09-04,2026-09-04,FO,NSE,IDO,69677,,BANKNIFTY,,2026-09-29,2026-09-29,52600.00,PE,BANKNIFTY26SEP52600PE,20.60,22.05,16.45,17.35,17.30,20.55,57369.65,17.35,4830,30,197,310974685.50,113,F1,30,,,,,
2026-09-04,2026-09-04,FO,NSE,IDO,69565,,BANKNIFTY,,2026-09-29,2026-09-29,50000.00,PE,BANKNIFTY26SEP50000PE,14.00,14.00,10.55,11.40,12.00,13.65,57369.65,11.40,413100,-7920,2211,3317275455.00,1092,F1,30,,,,,
2026-09-04,2026-09-04,FO,NSE,IDO,52268,,BANKNIFTY,,2026-09-29,2026-09-29,45000.00,CE,BANKNIFTY26SEP45000CE,0.00,0.00,0.00,12300.00,12300.00,12300.00,57369.65,12551.75,23220,0,0,0.00,0,F1,30,,,,,
2026-09-04,2026-09-04,FO,NSE,IDO,49320,,BANKNIFTY,,2026-10-27,2026-10-27,50500.00,CE,BANKNIFTY26OCT50500CE,0.00,0.00,0.00,7750.00,7750.00,7750.00,57369.65,7396.53,0,0,0,0.00,0,F1,30,,,,,
2026-09-04,2026-09-04,FO,NSE,IDO,49419,,BANKNIFTY,,2026-10-27,2026-10-27,54200.00,CE,BANKNIFTY26OCT54200CE,0.00,0.00,0.00,3923.80,3923.80,3923.80,57369.65,4116.72,0,0,0,0.00,0,F1,30,,,,,
2026-09-04,2026-09-04,FO,NSE,IDO,49517,,BANKNIFTY,,2026-10-27,2026-10-27,57900.00,CE,BANKNIFTY26OCT57900CE,1042.95,1107.65,1032.00,1054.00,1054.00,1048.25,57369.65,1054.00,3900,-270,22,38915094.00,17,F1,30,,,,,
2026-09-04,2026-09-04,FO,NSE,IDO,49595,,BANKNIFTY,,2026-10-27,2026-10-27,61000.00,CE,BANKNIFTY26OCT61000CE,138.70,152.75,130.45,136.10,139.00,138.70,57369.65,136.10,80370,1800,3075,5639986581.00,2343,F1,30,,,,,
2026-09-04,2026-09-04,FO,NSE,IDO,62289,,BANKNIFTY,,2026-11-23,2026-11-23,59400.00,CE,BANKNIFTY26NOV59400CE,0.00,0.00,0.00,1850.90,0.00,1850.90,57369.65,1603.19,0,0,0,0.00,0,F1,30,,,,,
2026-09-04,2026-09-04,FO,NSE,IDO,62145,,BANKNIFTY,,2026-11-23,2026-11-23,54500.00,CE,BANKNIFTY26NOV54500CE,0.00,0.00,0.00,4640.20,0.00,4640.20,57369.65,4369.20,0,0,0,0.00,0,F1,30,,,,,
2026-09-04,2026-09-04,FO,NSE,IDO,62035,,BANKNIFTY,,2026-11-23,2026-11-23,51000.00,CE,BANKNIFTY26NOV51000CE,0.00,0.00,0.00,7493.35,0.00,7493.35,57369.65,7261.20,0,0,0,0.00,0,F1,30,,,,,
2026-09-04,2026-09-04,FO,NSE,IDO,49655,,BANKNIFTY,,2026-10-27,2026-10-27,63400.00,CE,BANKNIFTY26OCT63400CE,0.00,0.00,0.00,608.30,0.00,608.30,57369.65,257.00,0,0,0,0.00,0,F1,30,,,,,
2026-09-04,2026-09-04,FO,NSE,IDO,49473,,BANKNIFTY,,2026-10-27,2026-10-27,56300.00,CE,BANKNIFTY26OCT56300CE,0.00,0.00,0.00,3044.95,0.00,3044.95,57369.65,2621.37,0,0,0,0.00,0,F1,30,,,,,
2026-09-04,2026-09-04,FO,NSE,IDO,70113,,BANKNIFTY,,2026-09-29,2026-09-29,63900.00,CE,BANKNIFTY26SEP63900CE,0.00,0.00,0.00,708.00,0.00,708.00,57369.65,27.05,0,0,0,0.00,0,F1,30,,,,,
2026-09-04,2026-09-04,FO,NSE,IDO,70031,,BANKNIFTY,,2026-09-29,2026-09-29,61100.00,CE,BANKNIFTY26SEP61100CE,0.00,0.00,0.00,1389.40,0.00,1389.40,57369.65,197.43,0,0,0,0.00,0,F1,30,,,,,
2026-09-04,2026-09-04,FO,NSE,IDO,69828,,BANKNIFTY,,2026-09-29,2026-09-29,57800.00,CE,BANKNIFTY26SEP57800CE,691.15,740.00,616.60,631.60,639.90,639.25,57369.65,631.60,301800,-16620,28766,50458207312.50,20714,F1,30,,,,,
2026-09-04,2026-09-04,FO,NSE,IDO,69692,,BANKNIFTY,,2026-09-29,2026-09-29,53400.00,CE,BANKNIFTY26SEP53400CE,0.00,0.00,0.00,5600.15,0.00,5600.15,57369.65,4278.75,0,0,0,0.00,0,F1,30,,,,,
2026-09-04,2026-09-04,FO,NSE,IDO,69680,,BANKNIFTY,,2026-09-29,2026-09-29,52800.00,CE,BANKNIFTY26SEP52800CE,0.00,0.00,0.00,6074.55,0.00,6074.55,57369.65,4839.05,0,0,0,0.00,0,F1,30,,,,,
2026-09-04,2026-09-04,FO,NSE,IDO,62709,,BANKNIFTY,,2026-11-23,2026-11-23,65500.00,PE,BANKNIFTY26NOV65500PE,0.00,0.00,0.00,7394.10,0.00,7394.10,57369.65,7485.46,0,0,0,0.00,0,F1,30,,,,,
2026-09-04,2026-09-04,FO,NSE,IDO,49568,,BANKNIFTY,,2026-10-27,2026-10-27,59800.00,PE,BANKNIFTY26OCT59800PE,0.00,0.00,0.00,3632.10,0.00,3632.10,57369.65,2852.90,0,0,0,0.00,0,F1,30,,,,,
2026-09-04,2026-09-04,FO,NSE,IDO,49450,,BANKNIFTY,,2026-10-27,2026-10-27,55300.00,PE,BANKNIFTY26OCT55300PE,0.00,0.00,0.00,1350.40,0.00,1350.40,57369.65,704.90,0,0,0,0.00,0,F1,30,,,,,
2026-09-04,2026-09-04,FO,NSE,IDO,49434,,BANKNIFTY,,2026-10-27,2026-10-27,54800.00,PE,BANKNIFTY26OCT54800PE,0.00,0.00,0.00,1177.90,0.00,1177.90,57369.65,574.88,0,0,0,0.00,0,F1,30,,,,,
2026-09-04,2026-09-04,FO,NSE,IDO,69819,,BANKNIFTY,,2026-09-29,2026-09-29,57300.00,PE,BANKNIFTY26SEP57300PE,534.90,534.90,409.80,457.70,460.90,521.85,57369.65,457.70,347100,17370,28929,50139010792.50,21089,F1,30,,,,,
2026-09-04,2026-09-04,FO,NSE,IDO,76429,,BANKNIFTY,,2027-03-30,2027-03-30,64500.00,CE,BANKNIFTY27MAR64500CE,0.00,0.00,0.00,1094.95,0.00,1094.95,57369.65,1659.17,0,0,0,0.00,0,F1,30,,,,,
2026-09-04,2026-09-04,FO,NSE,IDO,62335,,BANKNIFTY,,2026-11-23,2026-11-23,61000.00,CE,BANKNIFTY26NOV61000CE,0.00,0.00,0.00,1281.35,0.00,1281.35,57369.65,1065.93,0,0,0,0.00,0,F1,30,,,,,
2026-09-04,2026-09-04,FO,NSE,IDO,70028,,BANKNIFTY,,2026-09-29,2026-09-29,60900.00,PE,BANKNIFTY26SEP60900PE,0.00,0.00,0.00,3876.05,0.00,3876.05,57369.65,3507.18,0,0,0,0.00,0,F1,30,,,,,
2026-09-04,2026-09-04,FO,NSE,IDO,69849,,BANKNIFTY,,2026-09-29,2026-09-29,58300.00,PE,BANKNIFTY26SEP58300PE,957.85,1029.50,846.30,931.45,928.20,1010.05,57369.65,931.45,71370,-46860,5555,9869748759.00,2945,F1,30,,,,,
2026-09-04,2026-09-04,FO,NSE,IDO,53248,,BANKNIFTY,,2026-12-29,2026-12-29,64500.00,CE,BANKNIFTY26DEC64500CE,0.00,0.00,0.00,3029.80,0.00,3029.80,57369.65,724.03,0,0,0,0.00,0,F1,30,,,,,
2026-09-04,2026-09-04,FO,NSE,IDO,53220,,BANKNIFTY,,2026-12-29,2026-12-29,51000.00,CE,BANKNIFTY26DEC51000CE,0.00,0.00,0.00,11516.25,0.00,11516.25,57369.65,7717.13,0,0,0,0.00,0,F1,30,,,,,
2026-09-04,2026-09-04,FO,NSE,IDO,69897,,BANKNIFTY,,2026-09-29,2026-09-29,59100.00,CE,BANKNIFTY26SEP59100CE,201.05,216.50,170.00,174.20,174.40,187.50,57369.65,174.20,35700,1320,3709,6597244044.00,2710,F1,30,,,,,
2026-09-04,2026-09-04,FO,NSE,IDO,70051,,BANKNIFTY,,2026-09-29,2026-09-29,62000.00,CE,BANKNIFTY26SEP62000CE,10.65,10.65,8.80,9.25,9.85,10.40,57369.65,9.25,338850,-23220,7304,13587510624.00,3855,F1,30,,,,,
2026-09-04,2026-09-04,FO,NSE,IDO,69660,,BANKNIFTY,,2026-09-29,2026-09-29,51700.00,CE,BANKNIFTY26SEP51700CE,0.00,0.00,0.00,6986.65,0.00,6986.65,57369.65,5898.26,0,0,0,0.00,0,F1,30,,,,,
2026-09-04,2026-09-04,FO,NSE,IDO,69690,,BANKNIFTY,,2026-09-29,2026-09-29,53300.00,CE,BANKNIFTY26SEP53300CE,0.00,0.00,0.00,5678.00,0.00,5678.00,57369.65,4370.99,0,0,0,0.00,0,F1,30,,,,,
2026-09-04,2026-09-04,FO,NSE,IDO,70117,,BANKNIFTY,,2026-09-29,2026-09-29,64100.00,CE,BANKNIFTY26SEP64100CE,0.00,0.00,0.00,672.40,0.00,672.40,57369.65,23.03,0,0,0,0.00,0,F1,30,,,,,
2026-09-04,2026-09-04,FO,NSE,IDO,49375,,BANKNIFTY,,2026-10-27,2026-10-27,52400.00,CE,BANKNIFTY26OCT52400CE,0.00,0.00,0.00,5701.60,0.00,5701.60,57369.65,5637.82,0,0,0,0.00,0,F1,30,,,,,
2026-09-04,2026-09-04,FO,NSE,IDO,49657,,BANKNIFTY,,2026-10-27,2026-10-27,63500.00,CE,BANKNIFTY26OCT63500CE,0.00,0.00,0.00,592.10,0.00,592.10,57369.65,246.44,0,0,0,0.00,0,F1,30,,,,,
2026-09-04,2026-09-04,FO,NSE,IDO,49644,,BANKNIFTY,,2026-10-27,2026-10-27,62800.00,PE,BANKNIFTY26OCT62800PE,0.00,0.00,0.00,5814.90,0.00,5814.90,57369.65,5174.64,0,0,0,0.00,0,F1,30,,,,,
2026-09-04,2026-09-04,FO,NSE,IDO,62095,,BANKNIFTY,,2026-11-23,2026-11-23,52900.00,CE,BANKNIFTY26NOV52900CE,0.00,0.00,0.00,5872.15,0.00,5872.15,57369.65,5616.50,0,0,0,0.00,0,F1,30,,,,,
2026-09-04,2026-09-04,FO,NSE,IDO,62108,,BANKNIFTY,,2026-11-23,2026-11-23,53400.00,CE,BANKNIFTY26NOV53400CE,0.00,0.00,0.00,5472.05,0.00,5472.05,57369.65,5210.82,0,0,0,0.00,0,F1,30,,,,,
2026-09-04,2026-09-04,FO,NSE,IDO,62299,,BANKNIFTY,,2026-11-23,2026-11-23,59900.00,CE,BANKNIFTY26NOV59900CE,0.00,0.00,0.00,1656.00,0.00,1656.00,57369.65,1417.41,0,0,0,0.00,0,F1,30,,,,,
2026-09-04,2026-09-04,FO,NSE,IDO,49504,,BANKNIFTY,,2026-10-27,2026-10-27,57400.00,PE,BANKNIFTY26OCT57400PE,0.00,0.00,0.00,734.25,745.00,734.25,57369.65,1483.82,960,0,0,0.00,0,F1,30,,,,,
2026-09-04,2026-09-04,FO,NSE,IDO,49500,,BANKNIFTY,,2026-10-27,2026-10-27,57200.00,PE,BANKNIFTY26OCT57200PE,0.00,0.00,0.00,2153.95,0.00,2153.95,57369.65,1392.79,0,0,0,0.00,0,F1,30,,,,,
2026-09-04,2026-09-04,FO,NSE,IDO,49440,,BANKNIFTY,,2026-10-27,2026-10-27,54900.00,PE,BANKNIFTY26OCT54900PE,0.00,0.00,0.00,1211.15,0.00,1211.15,57369.65,599.48,0,0,0,0.00,0,F1,30,,,,,
2026-09-04,2026-09-04,FO,NSE,IDO,49414,,BANKNIFTY,,2026-10-27,2026-10-27,53900.00,PE,BANKNIFTY26OCT53900PE,0.00,0.00,0.00,909.10,0.00,909.10,57369.65,385.74,0,0,0,0.00,0,F1,30,,,,,
2026-09-04,2026-09-04,FO,NSE,IDO,49406,,BANKNIFTY,,2026-10-27,2026-10-27,53600.00,PE,BANKNIFTY26OCT53600PE,0.00,0.00,0.00,829.85,0.00,829.85,57369.65,334.64,0,0,0,0.00,0,F1,30,,,,,
2026-09-04,2026-09-04,FO,NSE,IDO,62481,,BANKNIFTY,,2026-11-23,2026-11-23,62200.00,CE,BANKNIFTY26NOV62200CE,0.00,0.00,0.00,953.75,0.00,953.75,57369.65,765.15,0,0,0,0.00,0,F1,30,,,,,
2026-09-04,2026-09-04,FO,NSE,IDO,49374,,BANKNIFTY,,2026-10-27,2026-10-27,52300.00,PE,BANKNIFTY26OCT52300PE,0.00,0.00,0.00,539.95,0.00,539.95,57369.65,170.76,0,0,0,0.00,0,F1,30,,,,,
2026-09-04,2026-09-04,FO,NSE,IDO,70106,,BANKNIFTY,,2026-09-29,2026-09-29,63500.00,PE,BANKNIFTY26SEP63500PE,0.00,0.00,0.00,5657.90,5657.90,5657.90,57369.65,5910.43,120,0,0,0.00,0,F1,30,,,,,
2026-09-04,2026-09-04,FO,NSE,IDO,69773,,BANKNIFTY,,2026-09-29,2026-09-29,55200.00,CE,BANKNIFTY26SEP55200CE,0.00,0.00,0.00,4289.75,0.00,4289.75,57369.65,2732.46,0,0,0,0.00,0,F1,30,,,,,
2026-09-04,2026-09-04,FO,NSE,IDO,69676,,BANKNIFTY,,2026-09-29,2026-09-29,52600.00,CE,BANKNIFTY26SEP52600CE,0.00,0.00,0.00,6236.45,0.00,6236.45,57369.65,5029.04,0,0,0,0.00,0,F1,30,,,,,
2026-09-04,2026-09-04,FO,NSE,IDO,69666,,BANKNIFTY,,2026-09-29,2026-09-29,52000.00,CE,BANKNIFTY26SEP52000CE,5900.00,5900.00,5900.00,5900.00,5900.00,5670.55,57369.65,5606.35,12990,0,1,1737000.00,1,F1,30,,,,,
2026-09-04,2026-09-04,FO,NSE,IDO,69769,,BANKNIFTY,,2026-09-29,2026-09-29,55100.00,CE,BANKNIFTY26SEP55100CE,0.00,0.00,0.00,2490.00,2490.00,2490.00,57369.65,2811.28,360,0,0,0.00,0,F1,30,,,,,
2026-09-04,2026-09-04,FO,NSE,IDO,62140,,BANKNIFTY,,2026-11-23,2026-11-23,54200.00,PE,BANKNIFTY26NOV54200PE,0.00,0.00,0.00,739.55,0.00,739.55,57369.65,660.79,0,0,0,0.00,0,F1,30,,,,,
2026-09-04,2026-09-04,FO,NSE,IDO,49667,,BANKNIFTY,,2026-10-27,2026-10-27,63800.00,PE,BANKNIFTY26OCT63800PE,0.00,0.00,0.00,6631.70,0.00,6631.70,57369.65,6053.46,0,0,0,0.00,0,F1,30,,,,,
2026-09-04,2026-09-04,FO,NSE,IDO,49356,,BANKNIFTY,,2026-10-27,2026-10-27,51500.00,PE,BANKNIFTY26OCT51500PE,0.00,0.00,0.00,404.75,0.00,404.75,57369.65,107.44,0,0,0,0.00,0,F1,30,,,,,
2026-09-04,2026-09-04,FO,NSE,IDO,52361,,BANKNIFTY,,2026-09-29,2026-09-29,60000.00,PE,BANKNIFTY26SEP60000PE,2358.15,2372.50,2124.20,2278.70,2288.00,2353.50,57369.65,2278.70,337680,-1380,1019,1902749409.00,799,F1,30,,,,,
2026-09-04,2026-09-04,FO,NSE,IDO,52287,,BANKNIFTY,,2026-09-29,2026-09-29,54000.00,PE,BANKNIFTY26SEP54000PE,38.95,38.95,27.75,32.65,31.95,38.10,57369.65,32.65,546870,25890,16008,25948804414.50,7081,F1,30,,,,,
2026-09-04,2026-09-04,FO,NSE,IDO,69691,,BANKNIFTY,,2026-09-29,2026-09-29,53300.00,PE,BANKNIFTY26SEP53300PE,0.00,0.00,0.00,617.55,0.00,617.55,57369.65,85.66,0,0,0,0.00,0,F1,30,,,,,
2026-09-04,2026-09-04,FO,NSE,IDO,69663,,BANKNIFTY,,2026-09-29,2026-09-29,51800.00,PE,BANKNIFTY26SEP51800PE,19.15,19.15,12.85,14.05,13.45,18.70,57369.65,14.05,2730,-60,426,662199508.50,192,F1,30,,,,,
2026-09-04,2026-09-04,FO,NSE,IDO,62273,,BANKNIFTY,,2026-11-23,2026-11-23,58900.00,CE,BANKNIFTY26NOV58900CE,0.00,0.00,0.00,2061.90,0.00,2061.90,57369.65,1806.13,0,0,0,0.00,0,F1,30,,,,,
2026-09-04,2026-09-04,FO,NSE,IDO,62267,,BANKNIFTY,,2026-11-23,2026-11-23,58600.00,CE,BANKNIFTY26NOV58600CE,0.00,0.00,0.00,2196.40,0.00,2196.40,57369.65,1936.35,0,0,0,0.00,0,F1,30,,,,,
2026-09-04,2026-09-04,FO,NSE,IDO,62217,,BANKNIFTY,,2026-11-23,2026-11-23,57500.00,CE,BANKNIFTY26NOV57500CE,0.00,0.00,0.00,1645.05,1645.05,1645.05,57369.65,2469.67,540,0,0,0.00,0,F1,30,,,,,
2026-09-04,2026-09-04,FO,NSE,IDO,62205,,BANKNIFTY,,2026-11-23,2026-11-23,56900.00,CE,BANKNIFTY26NOV56900CE,0.00,0.00,0.00,3073.10,0.00,3073.10,57369.65,2797.73,0,0,0,0.00,0,F1,30,,,,,
2026-09-04,2026-09-04,FO,NSE,IDO,62163,,BANKNIFTY,,2026-11-23,2026-11-23,55400.00,CE,BANKNIFTY26NOV55400CE,0.00,0.00,0.00,4007.55,0.00,4007.55,57369.65,3731.57,0,0,0,0.00,0,F1,30,,,,,
2026-09-04,2026-09-04,FO,NSE,IDO,62139,,BANKNIFTY,,2026-11-23,2026-11-23,54200.00,CE,BANKNIFTY26NOV54200CE,0.00,0.00,0.00,4858.95,0.00,4858.95,57369.65,4590.10,0,0,0,0.00,0,F1,30,,,,,
2026-09-04,2026-09-04,FO,NSE,IDO,62111,,BANKNIFTY,,2026-11-23,2026-11-23,53500.00,CE,BANKNIFTY26NOV53500CE,0.00,0.00,0.00,5393.55,0.00,5393.55,57369.65,5131.26,0,0,0,0.00,0,F1,30,,,,,
2026-09-04,2026-09-04,FO,NSE,IDO,62091,,BANKNIFTY,,2026-11-23,2026-11-23,52700.00,CE,BANKNIFTY26NOV52700CE,0.00,0.00,0.00,6035.60,0.00,6035.60,57369.65,5782.29,0,0,0,0.00,0,F1,30,,,,,
2026-09-04,2026-09-04,FO,NSE,IDO,62071,,BANKNIFTY,,2026-11-23,2026-11-23,51700.00,CE,BANKNIFTY26NOV51700CE,0.00,0.00,0.00,6879.35,0.00,6879.35,57369.65,6638.40,0,0,0,0.00,0,F1,30,,,,,
2026-09-04,2026-09-04,FO,NSE,IDO,49533,,BANKNIFTY,,2026-10-27,2026-10-27,58600.00,CE,BANKNIFTY26OCT58600CE,0.00,0.00,0.00,1932.80,0.00,1932.80,57369.65,1420.70,0,0,0,0.00,0,F1,30,,,,,
2026-09-04,2026-09-04,FO,NSE,IDO,49411,,BANKNIFTY,,2026-10-27,2026-10-27,53800.00,CE,BANKNIFTY26OCT53800CE,0.00,0.00,0.00,4645.75,0.00,4645.75,57369.65,4438.49,0,0,0,0.00,0,F1,30,,,,,
2026-09-04,2026-09-04,FO,NSE,IDO,49355,,BANKNIFTY,,2026-10-27,2026-10-27,51500.00,CE,BANKNIFTY26OCT51500CE,0.00,0.00,0.00,6433.85,0.00,6433.85,57369.65,6456.44,0,0,0,0.00,0,F1,30,,,,,
2026-09-04,2026-09-04,FO,NSE,IDO,52404,,BANKNIFTY,,2026-09-29,2026-09-29,63000.00,CE,BANKNIFTY26SEP63000CE,7.00,7.45,5.55,5.90,5.70,6.70,57369.65,5.90,285990,-6570,3722,7035273408.00,1646,F1,30,,,,,
2026-09-04,2026-09-04,FO,NSE,IDO,62462,,BANKNIFTY,,2026-11-23,2026-11-23,62100.00,PE,BANKNIFTY26NOV62100PE,0.00,0.00,0.00,4641.50,0.00,4641.50,57369.65,4649.54,0,0,0,0.00,0,F1,30,,,,,
2026-09-04,2026-09-04,FO,NSE,IDO,70801,,BANKNIFTY,,2027-06-29,2027-06-29,63000.00,PE,BANKNIFTY27JUN63000PE,0.00,0.00,0.00,5804.40,0.00,5804.40,57369.65,5497.75,0,0,0,0.00,0,F1,30,,,,,
2026-09-04,2026-09-04,FO,NSE,IDO,70766,,BANKNIFTY,,2027-06-29,2027-06-29,51000.00,PE,BANKNIFTY27JUN51000PE,0.00,0.00,0.00,1193.15,0.00,1193.15,57369.65,867.36,0,0,0,0.00,0,F1,30,,,,,
2026-09-04,2026-09-04,FO,NSE,IDO,53219,,BANKNIFTY,,2026-12-29,2026-12-29,49500.00,PE,BANKNIFTY26DEC49500PE,0.00,0.00,0.00,232.05,232.05,232.05,57369.65,173.38,30,0,0,0.00,0,F1,30,,,,,
2026-09-04,2026-09-04,FO,NSE,IDO,62078,,BANKNIFTY,,2026-11-23,2026-11-23,52000.00,PE,BANKNIFTY26NOV52000PE,0.00,0.00,0.00,335.15,335.15,335.15,57369.65,278.63,30,0,0,0.00,0,F1,30,,,,,
2026-09-04,2026-09-04,FO,NSE,IDO,49700,,BANKNIFTY,,2026-10-27,2026-10-27,65000.00,PE,BANKNIFTY26OCT65000PE,0.00,0.00,0.00,7657.20,0.00,7657.20,57369.65,7152.66,0,0,0,0.00,0,F1,30,,,,,
2026-09-04,2026-09-04,FO,NSE,IDO,49624,,BANKNIFTY,,2026-10-27,2026-10-27,62200.00,PE,BANKNIFTY26OCT62200PE,0.00,0.00,0.00,5343.90,0.00,5343.90,57369.65,4668.18,0,0,0,0.00,0,F1,30,,,,,
2026-09-04,2026-09-04,FO,NSE,IDO,49622,,BANKNIFTY,,2026-10-27,2026-10-27,62100.00,PE,BANKNIFTY26OCT62100PE,0.00,0.00,0.00,5266.95,0.00,5266.95,57369.65,4585.51,0,0,0,0.00,0,F1,30,,,,,
2026-09-04,2026-09-04,FO,NSE,IDO,49560,,BANKNIFTY,,2026-10-27,2026-10-27,59400.00,PE,BANKNIFTY26OCT59400PE,0.00,0.00,0.00,1500.00,1500.00,1500.00,57369.65,2590.53,150,0,0,0.00,0,F1,30,,,,,
2026-09-04,2026-09-04,FO,NSE,IDO,49420,,BANKNIFTY,,2026-10-27,2026-10-27,54200.00,PE,BANKNIFTY26OCT54200PE,0.00,0.00,0.00,991.55,0.00,991.55,57369.65,442.59,0,0,0,0.00,0,F1,30,,,,,
2026-09-04,2026-09-04,FO,NSE,IDO,69995,,BANKNIFTY,,2026-09-29,2026-09-29,59700.00,PE,BANKNIFTY26SEP59700PE,1860.00,1934.75,1860.00,1934.75,1934.75,2328.10,57369.65,2534.05,630,150,18,33261156.00,8,F1,30,,,,,
2026-09-04,2026-09-04,FO,NSE,IDO,69807,,BANKNIFTY,,2026-09-29,2026-09-29,56700.00,PE,BANKNIFTY26SEP56700PE,300.00,331.00,251.20,280.10,281.05,329.05,57369.65,280.10,64890,-3030,3701,6327429901.50,2853,F1,30,,,,,
2026-09-04,2026-09-04,FO,NSE,IDO,69703,,BANKNIFTY,,2026-09-29,2026-09-29,53900.00,PE,BANKNIFTY26SEP53900PE,0.00,0.00,0.00,748.95,0.00,748.95,57369.65,138.01,0,0,0,0.00,0,F1,30,,,,,
2026-09-04,2026-09-04,FO,NSE,IDO,69667,,BANKNIFTY,,2026-09-29,2026-09-29,52000.00,PE,BANKNIFTY26SEP52000PE,19.15,19.15,14.35,15.25,14.35,18.20,57369.65,15.25,375450,810,6263,9773188495.50,3629,F1,30,,,,,
2026-09-04,2026-09-04,FO,NSE,IDO,69665,,BANKNIFTY,,2026-09-29,2026-09-29,51900.00,PE,BANKNIFTY26SEP51900PE,15.20,16.15,13.80,15.05,14.30,16.80,57369.65,15.05,2850,120,132,205583454.00,73,F1,30,,,,,
2026-09-04,2026-09-04,FO,NSE,IDO,62215,,BANKNIFTY,,2026-11-23,2026-11-23,57400.00,CE,BANKNIFTY26NOV57400CE,0.00,0.00,0.00,1700.00,1700.00,1700.00,57369.65,2522.51,30,0,0,0.00,0,F1,30,,,,,
2026-09-04,2026-09-04,FO,NSE,IDO,62161,,BANKNIFTY,,2026-11-23,2026-11-23,55300.00,CE,BANKNIFTY26NOV55300CE,0.00,0.00,0.00,4075.05,0.00,4075.05,57369.65,3799.43,0,0,0,0.00,0,F1,30,,,,,
2026-09-04,2026-09-04,FO,NSE,IDO,62097,,BANKNIFTY,,2026-11-23,2026-11-23,53000.00,CE,BANKNIFTY26NOV53000CE,0.00,0.00,0.00,5791.15,0.00,5791.15,57369.65,5534.34,0,0,0,0.00,0,F1,30,,,,,
2026-09-04,2026-09-04,FO,NSE,IDO,49697,,BANKNIFTY,,2026-10-27,2026-10-27,65000.00,CE,BANKNIFTY26OCT65000CE,21.00,25.85,20.00,21.25,21.95,20.45,57369.65,21.25,9180,5070,304,593001637.50,190,F1,30,,,,,
2026-09-04,2026-09-04,FO,NSE,IDO,49607,,BANKNIFTY,,2026-10-27,2026-10-27,61500.00,CE,BANKNIFTY26OCT61500CE,0.00,0.00,0.00,995.60,0.00,995.60,57369.65,543.05,0,0,0,0.00,0,F1,30,,,,,
2026-09-04,2026-09-04,FO,NSE,IDO,49461,,BANKNIFTY,,2026-10-27,2026-10-27,55700.00,CE,BANKNIFTY26OCT55700CE,0.00,0.00,0.00,3392.10,0.00,3392.10,57369.65,3012.00,0,0,0,0.00,0,F1,30,,,,,
2026-09-04,2026-09-04,FO,NSE,IDO,70037,,BANKNIFTY,,2026-09-29,2026-09-29,61400.00,CE,BANKNIFTY26SEP61400CE,0.00,0.00,0.00,1297.95,0.00,1297.95,57369.65,163.40,0,0,0,0.00,0,F1,30,,,,,
2026-09-04,2026-09-04,FO,NSE,IDO,52297,,BANKNIFTY,,2026-09-29,2026-09-29,55500.00,CE,BANKNIFTY26SEP55500CE,2300.00,2483.85,2295.75,2339.20,2339.20,2287.35,57369.65,2339.20,14940,-240,48,83408847.00,28,F1,30,,,,,
2026-09-04,2026-09-04,FO,NSE,IDO,69682,,BANKNIFTY,,2026-09-29,2026-09-29,52900.00,CE,BANKNIFTY26SEP52900CE,0.00,0.00,0.00,5994.30,0.00,5994.30,57369.65,4744.60,0,0,0,0.00,0,F1,30,,,,,
2026-09-04,2026-09-04,FO,NSE,IDO,49456,,BANKNIFTY,,2026-10-27,2026-10-27,55400.00,PE,BANKNIFTY26OCT55400PE,0.00,0.00,0.00,1386.80,0.00,1386.80,57369.65,733.43,0,0,0,0.00,0,F1,30,,,,,
2026-09-04,2026-09-04,FO,NSE,IDO,49528,,BANKNIFTY,,2026-10-27,2026-10-27,58300.00,PE,BANKNIFTY26OCT58300PE,1117.10,1117.10,997.75,1054.15,1054.15,1109.20,57369.65,1054.15,1410,180,7,12465226.50,7,F1,30,,,,,
2026-09-04,2026-09-04,FO,NSE,IDO,62112,,BANKNIFTY,,2026-11-23,2026-11-23,53500.00,PE,BANKNIFTY26NOV53500PE,0.00,0.00,0.00,584.55,0.00,584.55,57369.65,511.76,0,0,0,0.00,0,F1,30,,,,,
2026-09-04,2026-09-04,FO,NSE,IDO,62142,,BANKNIFTY,,2026-11-23,2026-11-23,54300.00,PE,BANKNIFTY26NOV54300PE,0.00,0.00,0.00,763.95,0.00,763.95,57369.65,684.42,0,0,0,0.00,0,F1,30,,,,,
2026-09-04,2026-09-04,FO,NSE,IDO,49486,,BANKNIFTY,,2026-10-27,2026-10-27,56600.00,PE,BANKNIFTY26OCT56600PE,0.00,0.00,0.00,1874.55,0.00,1874.55,57369.65,1141.35,0,0,0,0.00,0,F1,30,,,,,
2026-09-04,2026-09-04,FO,NSE,IDO,69668,,BANKNIFTY,,2026-09-29,2026-09-29,52100.00,CE,BANKNIFTY26SEP52100CE,0.00,0.00,0.00,6649.05,0.00,6649.05,57369.65,5509.48,0,0,0,0.00,0,F1,30,,,,,
2026-09-04,2026-09-04,FO,NSE,IDO,69822,,BANKNIFTY,,2026-09-29,2026-09-29,57500.00,CE,BANKNIFTY26SEP57500CE,959.95,959.95,773.30,794.20,793.05,794.35,57369.65,794.20,1948650,17160,94751,165824404822.50,59836,F1,30,,,,,
2026-09-04,2026-09-04,FO,NSE,IDO,70035,,BANKNIFTY,,2026-09-29,2026-09-29,61300.00,CE,BANKNIFTY26SEP61300CE,0.00,0.00,0.00,1327.90,0.00,1327.90,57369.65,174.15,0,0,0,0.00,0,F1,30,,,,,
2026-09-04,2026-09-04,FO,NSE,IDO,49371,,BANKNIFTY,,2026-10-27,2026-10-27,52200.00,CE,BANKNIFTY26OCT52200CE,0.00,0.00,0.00,5861.05,0.00,5861.05,57369.65,5817.01,0,0,0,0.00,0,F1,30,,,,,
2026-09-04,2026-09-04,FO,NSE,IDO,49377,,BANKNIFTY,,2026-10-27,2026-10-27,52500.00,CE,BANKNIFTY26OCT52500CE,0.00,0.00,0.00,5622.65,0.00,5622.65,57369.65,5548.88,0,0,0,0.00,0,F1,30,,,,,
2026-09-04,2026-09-04,FO,NSE,IDO,49513,,BANKNIFTY,,2026-10-27,2026-10-27,57800.00,CE,BANKNIFTY26OCT57800CE,1092.00,1200.00,1086.30,1103.85,1100.50,1089.25,57369.65,1103.85,5010,-180,40,70711815.00,31,F1,30,,,,,
2026-09-04,2026-09-04,FO,NSE,IDO,49525,,BANKNIFTY,,2026-10-27,2026-10-27,58200.00,CE,BANKNIFTY26OCT58200CE,927.45,984.05,885.85,898.85,894.00,877.45,57369.65,898.85,5550,60,47,83353579.50,41,F1,30,,,,,
2026-09-04,2026-09-04,FO,NSE,IDO,49541,,BANKNIFTY,,2026-10-27,2026-10-27,58800.00,CE,BANKNIFTY26OCT58800CE,0.00,0.00,0.00,1852.20,0.00,1852.20,57369.65,1338.67,0,0,0,0.00,0,F1,30,,,,,
2026-09-04,2026-09-04,FO,NSE,IDO,49581,,BANKNIFTY,,2026-10-27,2026-10-27,60400.00,CE,BANKNIFTY26OCT60400CE,0.00,0.00,0.00,1294.10,0.00,1294.10,57369.65,801.62,0,0,0,0.00,0,F1,30,,,,,
2026-09-04,2026-09-04,FO,NSE,IDO,49593,,BANKNIFTY,,2026-10-27,2026-10-27,60900.00,CE,BANKNIFTY26OCT60900CE,0.00,0.00,0.00,1149.45,0.00,1149.45,57369.65,676.53,0,0,0,0.00,0,F1,30,,,,,
2026-09-04,2026-09-04,FO,NSE,IDO,49647,,BANKNIFTY,,2026-10-27,2026-10-27,63000.00,CE,BANKNIFTY26OCT63000CE,0.00,0.00,0.00,282.75,282.75,282.75,57369.65,303.20,300,0,0,0.00,0,F1,30,,,,,
2026-09-04,2026-09-04,FO,NSE,IDO,62269,,BANKNIFTY,,2026-11-23,2026-11-23,58700.00,CE,BANKNIFTY26NOV58700CE,0.00,0.00,0.00,2150.90,0.00,2150.90,57369.65,1892.23,0,0,0,0.00,0,F1,30,,,,,
2026-09-04,2026-09-04,FO,NSE,IDO,62339,,BANKNIFTY,,2026-11-23,2026-11-23,61200.00,CE,BANKNIFTY26NOV61200CE,0.00,0.00,0.00,1220.85,0.00,1220.85,57369.65,1010.01,0,0,0,0.00,0,F1,30,,,,,
2026-09-04,2026-09-04,FO,NSE,IDO,62341,,BANKNIFTY,,2026-11-23,2026-11-23,61300.00,CE,BANKNIFTY26NOV61300CE,0.00,0.00,0.00,1191.45,0.00,1191.45,57369.65,982.92,0,0,0,0.00,0,F1,30,,,,,
2026-09-04,2026-09-04,FO,NSE,IDO,53222,,BANKNIFTY,,2026-12-29,2026-12-29,52500.00,CE,BANKNIFTY26DEC52500CE,0.00,0.00,0.00,10279.15,0.00,10279.15,57369.65,6465.24,0,0,0,0.00,0,F1,30,,,,,
2026-09-04,2026-09-04,FO,NSE,IDO,69673,,BANKNIFTY,,2026-09-29,2026-09-29,52300.00,PE,BANKNIFTY26SEP52300PE,20.00,20.00,15.10,15.65,15.10,18.15,57369.65,15.65,1590,360,37,58072018.50,23,F1,30,,,,,
2026-09-04,2026-09-04,FO,NSE,IDO,69786,,BANKNIFTY,,2026-09-29,2026-09-29,55900.00,PE,BANKNIFTY26SEP55900PE,155.90,170.30,128.00,140.10,141.25,169.05,57369.65,140.10,33360,0,1895,3186134748.00,1321,F1,30,,,,,
2026-09-04,2026-09-04,FO,NSE,IDO,49301,,BANKNIFTY,,2026-10-27,2026-10-27,49500.00,PE,BANKNIFTY26OCT49500PE,29.20,31.50,28.00,30.40,31.50,34.50,57369.65,30.40,300,30,14,20802244.50,12,F1,30,,,,,
2026-09-04,2026-09-04,FO,NSE,IDO,49321,,BANKNIFTY,,2026-10-27,2026-10-27,50500.00,PE,BANKNIFTY26OCT50500PE,38.15,38.50,36.20,38.50,38.50,44.85,57369.65,38.50,1050,-690,43,65193259.50,29,F1,30,,,,,
2026-09-04,2026-09-04,FO,NSE,IDO,70095,,BANKNIFTY,,2026-09-29,2026-09-29,62900.00,CE,BANKNIFTY26SEP62900CE,0.00,0.00,0.00,912.35,0.00,912.35,57369.65,58.24,0,0,0,0.00,0,F1,30,,,,,
2026-09-04,2026-09-04,FO,NSE,IDO,69763,,BANKNIFTY,,2026-09-29,2026-09-29,54800.00,CE,BANKNIFTY26SEP54800CE,0.00,0.00,0.00,4564.90,0.00,4564.90,57369.65,3053.53,0,0,0,0.00,0,F1,30,,,,,
2026-09-04,2026-09-04,FO,NSE,IDO,69765,,BANKNIFTY,,2026-09-29,2026-09-29,54900.00,CE,BANKNIFTY26SEP54900CE,0.00,0.00,0.00,4495.20,0.00,4495.20,57369.65,2971.84,0,0,0,0.00,0,F1,30,,,,,
2026-09-04,2026-09-04,FO,NSE,IDO,69803,,BANKNIFTY,,2026-09-29,2026-09-29,56600.00,CE,BANKNIFTY26SEP56600CE,1402.00,1551.15,1379.75,1418.65,1433.15,1405.15,57369.65,1418.65,5130,1110,88,153296277.00,78,F1,30,,,,,
2026-09-04,2026-09-04,FO,NSE,IDO,76432,,BANKNIFTY,,2027-03-30,2027-03-30,64500.00,PE,BANKNIFTY27MAR64500PE,0.00,0.00,0.00,10820.75,0.00,10820.75,57369.65,6476.30,0,0,0,0.00,0,F1,30,,,,,
2026-09-04,2026-09-04,FO,NSE,IDO,53249,,BANKNIFTY,,2026-12-29,2026-12-29,64500.00,PE,BANKNIFTY26DEC64500PE,0.00,0.00,0.00,4582.05,0.00,4582.05,57369.65,6547.69,0,0,0,0.00,0,F1,30,,,,,
2026-09-04,2026-09-04,FO,NSE,IDO,62490,,BANKNIFTY,,2026-11-23,2026-11-23,62600.00,PE,BANKNIFTY26NOV62600PE,0.00,0.00,0.00,5016.60,0.00,5016.60,57369.65,5034.46,0,0,0,0.00,0,F1,30,,,,,
2026-09-04,2026-09-04,FO,NSE,IDO,62324,,BANKNIFTY,,2026-11-23,2026-11-23,60800.00,PE,BANKNIFTY26NOV60800PE,0.00,0.00,0.00,3726.70,0.00,3726.70,57369.65,3702.41,0,0,0,0.00,0,F1,30,,,,,
2026-09-04,2026-09-04,FO,NSE,IDO,62286,,BANKNIFTY,,2026-11-23,2026-11-23,59300.00,PE,BANKNIFTY26NOV59300PE,0.00,0.00,0.00,2796.65,0.00,2796.65,57369.65,2741.59,0,0,0,0.00,0,F1,30,,,,,
2026-09-04,2026-09-04,FO,NSE,IDO,62266,,BANKNIFTY,,2026-11-23,2026-11-23,58500.00,PE,BANKNIFTY26NOV58500PE,0.00,0.00,0.00,2359.30,0.00,2359.30,57369.65,2291.61,0,0,0,0.00,0,F1,30,,,,,
2026-09-04,2026-09-04,FO,NSE,IDO,62184,,BANKNIFTY,,2026-11-23,2026-11-23,56000.00,PE,BANKNIFTY26NOV56000PE,435.00,447.15,399.60,407.10,405.00,436.50,57369.65,407.10,1020,750,65,110007136.50,37,F1,30,,,,,
2026-09-04,2026-09-04,FO,NSE,IDO,62182,,BANKNIFTY,,2026-11-23,2026-11-23,55900.00,PE,BANKNIFTY26NOV55900PE,0.00,0.00,0.00,1235.05,0.00,1235.05,57369.65,1149.45,0,0,0,0.00,0,F1,30,,,,,
2026-09-04,2026-09-04,FO,NSE,IDO,62150,,BANKNIFTY,,2026-11-23,2026-11-23,54700.00,PE,BANKNIFTY26NOV54700PE,0.00,0.00,0.00,868.90,0.00,868.90,57369.65,786.99,0,0,0,0.00,0,F1,30,,,,,
2026-09-04,2026-09-04,FO,NSE,IDO,62084,,BANKNIFTY,,2026-11-23,2026-11-23,52300.00,PE,BANKNIFTY26NOV52300PE,0.00,0.00,0.00,376.85,0.00,376.85,57369.65,316.84,0,0,0,0.00,0,F1,30,,,,,
2026-09-04,2026-09-04,FO,NSE,IDO,49608,,BANKNIFTY,,2026-10-27,2026-10-27,61500.00,PE,BANKNIFTY26OCT61500PE,3439.75,3439.75,3439.75,3439.75,3439.75,3355.00,57369.65,3439.75,240,0,1,1948192.50,1,F1,30,,,,,
2026-09-04,2026-09-04,FO,NSE,IDO,49602,,BANKNIFTY,,2026-10-27,2026-10-27,61300.00,PE,BANKNIFTY26OCT61300PE,0.00,0.00,0.00,4666.85,0.00,4666.85,57369.65,3944.13,0,0,0,0.00,0,F1,30,,,,,
2026-09-04,2026-09-04,FO,NSE,IDO,49592,,BANKNIFTY,,2026-10-27,2026-10-27,60800.00,PE,BANKNIFTY26OCT60800PE,0.00,0.00,0.00,4308.55,0.00,4308.55,57369.65,3564.98,0,0,0,0.00,0,F1,30,,,,,
2026-09-04,2026-09-04,FO,NSE,IDO,49380,,BANKNIFTY,,2026-10-27,2026-10-27,52600.00,PE,BANKNIFTY26OCT52600PE,0.00,0.00,0.00,598.55,0.00,598.55,57369.65,201.15,0,0,0,0.00,0,F1,30,,,,,
2026-09-04,2026-09-04,FO,NSE,IDO,70003,,BANKNIFTY,,2026-09-29,2026-09-29,59800.00,PE,BANKNIFTY26SEP59800PE,0.00,0.00,0.00,2006.10,2006.10,2006.10,57369.65,2608.16,210,0,0,0.00,0,F1,30,,,,,
2026-09-04,2026-09-04,FO,NSE,IDO,62666,,BANKNIFTY,,2026-11-23,2026-11-23,64500.00,CE,BANKNIFTY26NOV64500CE,0.00,0.00,0.00,510.70,0.00,510.70,57369.65,379.96,0,0,0,0.00,0,F1,30,,,,,
2026-09-04,2026-09-04,FO,NSE,IDO,62165,,BANKNIFTY,,2026-11-23,2026-11-23,55500.00,CE,BANKNIFTY26NOV55500CE,0.00,0.00,0.00,3940.70,0.00,3940.70,57369.65,3664.40,0,0,0,0.00,0,F1,30,,,,,
2026-09-04,2026-09-04,FO,NSE,IDO,62143,,BANKNIFTY,,2026-11-23,2026-11-23,54400.00,CE,BANKNIFTY26NOV54400CE,0.00,0.00,0.00,4713.35,0.00,4713.35,57369.65,4440.78,0,0,0,0.00,0,F1,30,,,,,
2026-09-04,2026-09-04,FO,NSE,IDO,49471,,BANKNIFTY,,2026-10-27,2026-10-27,56200.00,CE,BANKNIFTY26OCT56200CE,0.00,0.00,0.00,3101.20,0.00,3101.20,57369.65,2684.32,0,0,0,0.00,0,F1,30,,,,,
2026-09-04,2026-09-04,FO,NSE,IDO,49459,,BANKNIFTY,,2026-10-27,2026-10-27,55600.00,CE,BANKNIFTY26OCT55600CE,0.00,0.00,0.00,3452.25,0.00,3452.25,57369.65,3080.08,0,0,0,0.00,0,F1,30,,,,,
2026-09-04,2026-09-04,FO,NSE,IDO,49421,,BANKNIFTY,,2026-10-27,2026-10-27,54300.00,CE,BANKNIFTY26OCT54300CE,0.00,0.00,0.00,4292.25,0.00,4292.25,57369.65,4037.93,0,0,0,0.00,0,F1,30,,,,,
2026-09-04,2026-09-04,FO,NSE,IDO,69870,,BANKNIFTY,,2026-09-29,2026-09-29,58800.00,CE,BANKNIFTY26SEP58800CE,273.00,301.50,239.30,244.10,245.25,257.05,57369.65,244.10,120660,-3690,5160,9142882422.00,3569,F1,30,,,,,
2026-09-04,2026-09-04,FO,NSE,IDO,70013,,BANKNIFTY,,2026-09-29,2026-09-29,60200.00,CE,BANKNIFTY26SEP60200CE,56.00,57.25,43.60,45.35,46.70,53.35,57369.65,45.35,38100,10650,2738,4948891095.00,1297,F1,30,,,,,
2026-09-04,2026-09-04,FO,NSE,IDO,69808,,BANKNIFTY,,2026-09-29,2026-09-29,56800.00,CE,BANKNIFTY26SEP56800CE,1270.00,1395.35,1231.25,1264.65,1272.40,1235.95,57369.65,1264.65,13590,-210,262,456766308.00,221,F1,30,,,,,
2026-09-04,2026-09-04,FO,NSE,IDO,69664,,BANKNIFTY,,2026-09-29,2026-09-29,51900.00,CE,BANKNIFTY26SEP51900CE,0.00,0.00,0.00,6817.05,0.00,6817.05,57369.65,5703.45,0,0,0,0.00,0,F1,30,,,,,
2026-09-04,2026-09-04,FO,NSE,IDO,70805,,BANKNIFTY,,2027-06-29,2027-06-29,66000.00,PE,BANKNIFTY27JUN66000PE,0.00,0.00,0.00,7602.30,0.00,7602.30,57369.65,7412.94,0,0,0,0.00,0,F1,30,,,,,
2026-09-04,2026-09-04,FO,NSE,IDO,70803,,BANKNIFTY,,2027-06-29,2027-06-29,64500.00,PE,BANKNIFTY27JUN64500PE,0.00,0.00,0.00,6674.35,0.00,6674.35,57369.65,6422.11,0,0,0,0.00,0,F1,30,,,,,
2026-09-04,2026-09-04,FO,NSE,IDO,49544,,BANKNIFTY,,2026-10-27,2026-10-27,58900.00,PE,BANKNIFTY26OCT58900PE,0.00,0.00,0.00,1390.00,1390.00,1390.00,57369.65,2281.08,4350,0,0,0.00,0,F1,30,,,,,
2026-09-04,2026-09-04,FO,NSE,IDO,49388,,BANKNIFTY,,2026-10-27,2026-10-27,53000.00,PE,BANKNIFTY26OCT53000PE,0.00,0.00,0.00,198.45,198.45,198.45,57369.65,248.23,150,0,0,0.00,0,F1,30,,,,,
2026-09-04,2026-09-04,FO,NSE,IDO,70102,,BANKNIFTY,,2026-09-29,2026-09-29,63300.00,PE,BANKNIFTY26SEP63300PE,0.00,0.00,0.00,5610.45,0.00,5610.45,57369.65,5717.38,0,0,0,0.00,0,F1,30,,,,,
2026-09-04,2026-09-04,FO,NSE,IDO,70012,,BANKNIFTY,,2026-09-29,2026-09-29,60100.00,PE,BANKNIFTY26SEP60100PE,0.00,0.00,0.00,2685.40,2685.40,2685.40,57369.65,2843.19,240,0,0,0.00,0,F1,30,,,,,
2026-09-04,2026-09-04,FO,NSE,IDO,69854,,BANKNIFTY,,2026-09-29,2026-09-29,58600.00,PE,BANKNIFTY26SEP58600PE,1140.00,1214.30,1026.25,1129.70,1137.45,1200.50,57369.65,1129.70,29370,-150,359,642808912.50,246,F1,30,,,,,
2026-09-04,2026-09-04,FO,NSE,IDO,69839,,BANKNIFTY,,2026-09-29,2026-09-29,58000.00,PE,BANKNIFTY26SEP58000PE,793.35,854.30,684.95,766.30,755.50,842.05,57369.65,766.30,1046280,-41220,40230,70911301504.50,28295,F1,30,,,,,
2026-09-04,2026-09-04,FO,NSE,IDO,69802,,BANKNIFTY,,2026-09-29,2026-09-29,56500.00,PE,BANKNIFTY26SEP56500PE,255.00,283.00,212.10,236.55,236.20,278.70,57369.65,236.55,479760,-15600,21109,35931534133.50,12924,F1,30,,,,,
2026-09-04,2026-09-04,FO,NSE,IDO,69709,,BANKNIFTY,,2026-09-29,2026-09-29,54300.00,PE,BANKNIFTY26SEP54300PE,0.00,0.00,0.00,849.15,0.00,849.15,57369.65,185.49,0,0,0,0.00,0,F1,30,,,,,
2026-09-04,2026-09-04,FO,NSE,IDO,69693,,BANKNIFTY,,2026-09-29,2026-09-29,53400.00,PE,BANKNIFTY26SEP53400PE,0.00,0.00,0.00,638.15,0.00,638.15,57369.65,93.01,0,0,0,0.00,0,F1,30,,,,,
2026-09-04,2026-09-04,FO,NSE,IDO,69683,,BANKNIFTY,,2026-09-29,2026-09-29,52900.00,PE,BANKNIFTY26SEP52900PE,0.00,0.00,0.00,539.95,0.00,539.95,57369.65,60.89,0,0,0,0.00,0,F1,30,,,,,
2026-09-04,2026-09-04,FO,NSE,IDO,69681,,BANKNIFTY,,2026-09-29,2026-09-29,52800.00,PE,BANKNIFTY26SEP52800PE,0.00,0.00,0.00,521.75,0.00,521.75,57369.65,55.74,0,0,0,0.00,0,F1,30,,,,,
2026-09-04,2026-09-04,FO,NSE,IDO,62323,,BANKNIFTY,,2026-11-23,2026-11-23,60800.00,CE,BANKNIFTY26NOV60800CE,0.00,0.00,0.00,1344.15,0.00,1344.15,57369.65,1124.23,0,0,0,0.00,0,F1,30,,,,,
2026-09-04,2026-09-04,FO,NSE,IDO,62305,,BANKNIFTY,,2026-11-23,2026-11-23,60100.00,CE,BANKNIFTY26NOV60100CE,0.00,0.00,0.00,1582.45,0.00,1582.45,57369.65,1347.77,0,0,0,0.00,0,F1,30,,,,,
2026-09-04,2026-09-04,FO,NSE,IDO,62265,,BANKNIFTY,,2026-11-23,2026-11-23,58500.00,CE,BANKNIFTY26NOV58500CE,1141.55,1210.90,1130.00,1131.25,1133.70,1145.00,57369.65,1131.25,2910,420,17,30420993.00,11,F1,30,,,,,
2026-09-04,2026-09-04,FO,NSE,IDO,62244,,BANKNIFTY,,2026-11-23,2026-11-23,58100.00,CE,BANKNIFTY26NOV58100CE,0.00,0.00,0.00,2433.90,0.00,2433.90,57369.65,2167.75,0,0,0,0.00,0,F1,30,,,,,
2026-09-04,2026-09-04,FO,NSE,IDO,62157,,BANKNIFTY,,2026-11-23,2026-11-23,55100.00,CE,BANKNIFTY26NOV55100CE,0.00,0.00,0.00,4211.90,0.00,4211.90,57369.65,3937.17,0,0,0,0.00,0,F1,30,,,,,
2026-09-04,2026-09-04,FO,NSE,IDO,62151,,BANKNIFTY,,2026-11-23,2026-11-23,54800.00,CE,BANKNIFTY26NOV54800CE,0.00,0.00,0.00,4424.35,0.00,4424.35,57369.65,4151.32,0,0,0,0.00,0,F1,30,,,,,
2026-09-04,2026-09-04,FO,NSE,IDO,49394,,BANKNIFTY,,2026-10-27,2026-10-27,53300.00,CE,BANKNIFTY26OCT53300CE,0.00,0.00,0.00,5009.50,0.00,5009.50,57369.65,4854.67,0,0,0,0.00,0,F1,30,,,,,
2026-09-04,2026-09-04,FO,NSE,IDO,70088,,BANKNIFTY,,2026-09-29,2026-09-29,62600.00,CE,BANKNIFTY26SEP62600CE,0.00,0.00,0.00,981.05,0.00,981.05,57369.65,72.41,0,0,0,0.00,0,F1,30,,,,,
2026-09-04,2026-09-04,FO,NSE,IDO,70086,,BANKNIFTY,,2026-09-29,2026-09-29,62500.00,CE,BANKNIFTY26SEP62500CE,8.20,8.20,6.55,7.05,7.10,7.60,57369.65,7.05,88170,6600,2883,5406252783.00,1569,F1,30,,,,,
2026-09-04,2026-09-04,FO,NSE,IDO,69996,,BANKNIFTY,,2026-09-29,2026-09-29,59800.00,CE,BANKNIFTY26SEP59800CE,89.30,94.00,72.05,74.10,73.55,85.05,57369.65,74.10,190620,-3090,4178,7505492971.50,1960,F1,30,,,,,
2026-09-04,2026-09-04,FO,NSE,IDO,69994,,BANKNIFTY,,2026-09-29,2026-09-29,59700.00,CE,BANKNIFTY26SEP59700CE,98.35,106.55,82.30,84.20,86.60,95.95,57369.65,84.20,37500,3180,2779,4985050834.50,1642,F1,30,,,,,
2026-09-04,2026-09-04,FO,NSE,IDO,49491,,BANKNIFTY,,2026-10-27,2026-10-27,56800.00,CE,BANKNIFTY26OCT56800CE,0.00,0.00,0.00,1755.20,1755.20,1755.20,57369.65,2319.89,300,0,0,0.00,0,F1,30,,,,,
2026-09-04,2026-09-04,FO,NSE,IDO,62364,,BANKNIFTY,,2026-11-23,2026-11-23,61500.00,PE,BANKNIFTY26NOV61500PE,0.00,0.00,0.00,4206.50,0.00,4206.50,57369.65,4198.84,0,0,0,0.00,0,F1,30,,,,,
2026-09-04,2026-09-04,FO,NSE,IDO,62278,,BANKNIFTY,,2026-11-23,2026-11-23,59100.00,PE,BANKNIFTY26NOV59100PE,0.00,0.00,0.00,2683.40,0.00,2683.40,57369.65,2624.87,0,0,0,0.00,0,F1,30,,,,,
2026-09-04,2026-09-04,FO,NSE,IDO,62173,,BANKNIFTY,,2026-11-23,2026-11-23,55600.00,PE,BANKNIFTY26NOV55600PE,0.00,0.00,0.00,1134.30,0.00,1134.30,57369.65,1048.97,0,0,0,0.00,0,F1,30,,,,,
2026-09-04,2026-09-04,FO,NSE,IDO,62080,,BANKNIFTY,,2026-11-23,2026-11-23,52100.00,PE,BANKNIFTY26NOV52100PE,0.00,0.00,0.00,348.60,0.00,348.60,57369.65,290.94,0,0,0,0.00,0,F1,30,,,,,
2026-09-04,2026-09-04,FO,NSE,IDO,49656,,BANKNIFTY,,2026-10-27,2026-10-27,63400.00,PE,BANKNIFTY26OCT63400PE,0.00,0.00,0.00,6300.50,0.00,6300.50,57369.65,5697.25,0,0,0,0.00,0,F1,30,,,,,
2026-09-04,2026-09-04,FO,NSE,IDO,49566,,BANKNIFTY,,2026-10-27,2026-10-27,59700.00,PE,BANKNIFTY26OCT59700PE,0.00,0.00,0.00,1977.65,1977.65,1977.65,57369.65,2786.11,120,0,0,0.00,0,F1,30,,,,,
2026-09-04,2026-09-04,FO,NSE,IDO,49462,,BANKNIFTY,,2026-10-27,2026-10-27,55700.00,PE,BANKNIFTY26OCT55700PE,0.00,0.00,0.00,1499.95,0.00,1499.95,57369.65,823.92,0,0,0,0.00,0,F1,30,,,,,
2026-09-04,2026-09-04,FO,NSE,IDO,70077,,BANKNIFTY,,2026-09-29,2026-09-29,62000.00,PE,BANKNIFTY26SEP62000PE,4119.60,4210.00,4050.00,4210.00,4210.00,4295.90,57369.65,4210.00,86310,-1140,56,111180274.50,25,F1,30,,,,,
2026-09-04,2026-09-04,FO,NSE,IDO,69780,,BANKNIFTY,,2026-09-29,2026-09-29,55600.00,PE,BANKNIFTY26SEP55600PE,120.95,132.45,98.00,107.90,109.05,132.10,57369.65,107.90,34980,4470,1428,2386556172.00,827,F1,30,,,,,
2026-09-04,2026-09-04,FO,NSE,IDO,70792,,BANKNIFTY,,2027-06-29,2027-06-29,57000.00,CE,BANKNIFTY27JUN57000CE,0.00,0.00,0.00,6924.35,0.00,6924.35,57369.65,5841.69,0,0,0,0.00,0,F1,30,,,,,
2026-09-04,2026-09-04,FO,NSE,IDO,62213,,BANKNIFTY,,2026-11-23,2026-11-23,57300.00,CE,BANKNIFTY26NOV57300CE,0.00,0.00,0.00,2849.30,0.00,2849.30,57369.65,2576.09,0,0,0,0.00,0,F1,30,,,,,
2026-09-04,2026-09-04,FO,NSE,IDO,62187,,BANKNIFTY,,2026-11-23,2026-11-23,56200.00,CE,BANKNIFTY26NOV56200CE,0.00,0.00,0.00,3490.75,0.00,3490.75,57369.65,3213.60,0,0,0,0.00,0,F1,30,,,,,
2026-09-04,2026-09-04,FO,NSE,IDO,49677,,BANKNIFTY,,2026-10-27,2026-10-27,64000.00,CE,BANKNIFTY26OCT64000CE,0.00,0.00,0.00,231.00,231.00,231.00,57369.65,199.01,30,0,0,0.00,0,F1,30,,,,,
2026-09-04,2026-09-04,FO,NSE,IDO,49629,,BANKNIFTY,,2026-10-27,2026-10-27,62500.00,CE,BANKNIFTY26OCT62500CE,0.00,0.00,0.00,771.80,0.00,771.80,57369.65,370.62,0,0,0,0.00,0,F1,30,,,,,
2026-09-04,2026-09-04,FO,NSE,IDO,49527,,BANKNIFTY,,2026-10-27,2026-10-27,58300.00,CE,BANKNIFTY26OCT58300CE,838.65,927.00,836.70,855.85,852.15,829.65,57369.65,855.85,4230,90,28,49704799.50,25,F1,30,,,,,
2026-09-04,2026-09-04,FO,NSE,IDO,49522,,BANKNIFTY,,2026-10-27,2026-10-27,58100.00,CE,BANKNIFTY26OCT58100CE,935.50,1030.00,935.50,950.50,945.50,932.60,57369.65,950.50,6600,90,56,99245706.00,45,F1,30,,,,,
2026-09-04,2026-09-04,FO,NSE,IDO,69684,,BANKNIFTY,,2026-09-29,2026-09-29,53000.00,CE,BANKNIFTY26SEP53000CE,4835.00,4890.00,4750.00,4750.00,4750.00,4681.50,57369.65,4650.55,35850,-90,8,13880949.00,7,F1,30,,,,,
2026-09-04,2026-09-04,FO,NSE,IDO,69806,,BANKNIFTY,,2026-09-29,2026-09-29,56700.00,CE,BANKNIFTY26SEP56700CE,1389.45,1486.20,1301.95,1343.20,1345.35,1318.80,57369.65,1343.20,100020,23670,2520,4391224246.50,654,F1,30,,,,,
2026-09-04,2026-09-04,FO,NSE,IDO,69848,,BANKNIFTY,,2026-09-29,2026-09-29,58300.00,CE,BANKNIFTY26SEP58300CE,436.00,487.15,393.65,404.30,404.15,414.40,57369.65,404.30,150090,-4800,8821,15542097297.00,6783,F1,30,,,,,
2026-09-04,2026-09-04,FO,NSE,IDO,69868,,BANKNIFTY,,2026-09-29,2026-09-29,58700.00,CE,BANKNIFTY26SEP58700CE,305.05,332.25,266.70,271.55,271.60,284.25,57369.65,271.55,68820,5310,6307,11162554162.50,4778,F1,30,,,,,
2026-09-04,2026-09-04,FO,NSE,IDO,70105,,BANKNIFTY,,2026-09-29,2026-09-29,63500.00,CE,BANKNIFTY26SEP63500CE,6.55,6.75,4.90,5.45,4.90,6.40,57369.65,5.45,29280,2760,1180,2248100622.00,634,F1,30,,,,,
2026-09-04,2026-09-04,FO,NSE,IDO,70107,,BANKNIFTY,,2026-09-29,2026-09-29,63600.00,CE,BANKNIFTY26SEP63600CE,0.00,0.00,0.00,764.35,0.00,764.35,57369.65,34.27,0,0,0,0.00,0,F1,30,,,,,
2026-09-04,2026-09-04,FO,NSE,IDO,49387,,BANKNIFTY,,2026-10-27,2026-10-27,53000.00,CE,BANKNIFTY26OCT53000CE,0.00,0.00,0.00,5150.00,5150.00,5150.00,57369.65,5111.18,150,0,0,0.00,0,F1,30,,,,,
2026-09-04,2026-09-04,FO,NSE,IDO,49415,,BANKNIFTY,,2026-10-27,2026-10-27,54000.00,CE,BANKNIFTY26OCT54000CE,4102.15,4225.00,4046.45,4141.80,4141.80,4139.70,57369.65,4276.30,6540,1080,43,74929911.00,36,F1,30,,,,,
2026-09-04,2026-09-04,FO,NSE,IDO,49435,,BANKNIFTY,,2026-10-27,2026-10-27,54900.00,CE,BANKNIFTY26OCT54900CE,0.00,0.00,0.00,3891.30,0.00,3891.30,57369.65,3580.12,0,0,0,0.00,0,F1,30,,,,,
2026-09-04,2026-09-04,FO,NSE,IDO,49457,,BANKNIFTY,,2026-10-27,2026-10-27,55500.00,CE,BANKNIFTY26OCT55500CE,0.00,0.00,0.00,2940.00,2940.00,2940.00,57369.65,3148.99,420,0,0,0.00,0,F1,30,,,,,
2026-09-04,2026-09-04,FO,NSE,IDO,69708,,BANKNIFTY,,2026-09-29,2026-09-29,54300.00,CE,BANKNIFTY26SEP54300CE,3450.00,3650.00,3450.00,3450.00,3450.00,3600.00,57369.65,3450.00,330,30,6,10408500.00,6,F1,30,,,,,
2026-09-04,2026-09-04,FO,NSE,IDO,69688,,BANKNIFTY,,2026-09-29,2026-09-29,53200.00,CE,BANKNIFTY26SEP53200CE,0.00,0.00,0.00,5756.35,0.00,5756.35,57369.65,4463.72,0,0,0,0.00,0,F1,30,,,,,
2026-09-04,2026-09-04,FO,NSE,IDO,53241,,BANKNIFTY,,2026-12-29,2026-12-29,60000.00,PE,BANKNIFTY26DEC60000PE,2200.40,2200.40,2038.05,2134.75,2137.85,2232.30,57369.65,2134.75,40710,60,147,273890991.00,121,F1,30,,,,,
2026-09-04,2026-09-04,FO,NSE,IDO,62421,,BANKNIFTY,,2026-11-23,2026-11-23,61800.00,PE,BANKNIFTY26NOV61800PE,0.00,0.00,0.00,4420.35,0.00,4420.35,57369.65,4422.92,0,0,0,0.00,0,F1,30,,,,,
2026-09-04,2026-09-04,FO,NSE,IDO,62146,,BANKNIFTY,,2026-11-23,2026-11-23,54500.00,PE,BANKNIFTY26NOV54500PE,0.00,0.00,0.00,816.40,0.00,816.40,57369.65,735.68,0,0,0,0.00,0,F1,30,,,,,
2026-09-04,2026-09-04,FO,NSE,IDO,49574,,BANKNIFTY,,2026-10-27,2026-10-27,60000.00,PE,BANKNIFTY26OCT60000PE,2239.30,2250.00,2042.50,2169.90,2170.00,2239.30,57369.65,2169.90,35640,5190,362,675077146.50,279,F1,30,,,,,
2026-09-04,2026-09-04,FO,NSE,IDO,49542,,BANKNIFTY,,2026-10-27,2026-10-27,58800.00,PE,BANKNIFTY26OCT58800PE,0.00,0.00,0.00,1193.75,1193.75,1193.75,57369.65,2221.73,1200,0,0,0.00,0,F1,30,,,,,
2026-09-04,2026-09-04,FO,NSE,IDO,49492,,BANKNIFTY,,2026-10-27,2026-10-27,56800.00,PE,BANKNIFTY26OCT56800PE,0.00,0.00,0.00,1965.05,0.00,1965.05,57369.65,1221.57,0,0,0,0.00,0,F1,30,,,,,
2026-09-04,2026-09-04,FO,NSE,IDO,49445,,BANKNIFTY,,2026-10-27,2026-10-27,55100.00,PE,BANKNIFTY26OCT55100PE,0.00,0.00,0.00,1279.50,0.00,1279.50,57369.65,652.86,0,0,0,0.00,0,F1,30,,,,,
2026-09-04,2026-09-04,FO,NSE,IDO,49384,,BANKNIFTY,,2026-10-27,2026-10-27,52800.00,PE,BANKNIFTY26OCT52800PE,0.00,0.00,0.00,640.15,0.00,640.15,57369.65,223.71,0,0,0,0.00,0,F1,30,,,,,
2026-09-04,2026-09-04,FO,NSE,IDO,70044,,BANKNIFTY,,2026-09-29,2026-09-29,61700.00,PE,BANKNIFTY26SEP61700PE,0.00,0.00,0.00,4421.90,0.00,4421.90,57369.65,4215.14,0,0,0,0.00,0,F1,30,,,,,
2026-09-04,2026-09-04,FO,NSE,IDO,69762,,BANKNIFTY,,2026-09-29,2026-09-29,54700.00,PE,BANKNIFTY26SEP54700PE,35.80,62.30,35.75,51.50,53.20,60.60,57369.65,51.50,25230,11850,1532,2516367802.50,627,F1,30,,,,,
2026-09-04,2026-09-04,FO,NSE,IDO,69699,,BANKNIFTY,,2026-09-29,2026-09-29,53700.00,PE,BANKNIFTY26SEP53700PE,0.00,0.00,0.00,703.05,0.00,703.05,57369.65,118.26,0,0,0,0.00,0,F1,30,,,,,
2026-09-04,2026-09-04,FO,NSE,IDO,69547,,BANKNIFTY,,2026-09-29,2026-09-29,49000.00,PE,BANKNIFTY26SEP49000PE,10.60,11.05,9.10,9.65,9.90,11.05,57369.65,9.65,37200,-1620,770,1132126534.50,496,F1,30,,,,,
2026-09-04,2026-09-04,FO,NSE,IDO,52269,,BANKNIFTY,,2026-09-29,2026-09-29,45000.00,PE,BANKNIFTY26SEP45000PE,6.40,6.45,5.10,5.50,6.25,6.65,57369.65,5.50,206220,1530,432,583274185.50,275,F1,30,,,,,
2026-09-04,2026-09-04,FO,NSE,IDO,53244,,BANKNIFTY,,2026-12-29,2026-12-29,61500.00,CE,BANKNIFTY26DEC61500CE,551.15,580.00,527.60,534.45,532.00,531.25,57369.65,534.45,28200,210,194,361119895.50,121,F1,30,,,,,
2026-09-04,2026-09-04,FO,NSE,IDO,62254,,BANKNIFTY,,2026-11-23,2026-11-23,58400.00,CE,BANKNIFTY26NOV58400CE,0.00,0.00,0.00,2289.40,0.00,2289.40,57369.65,2026.74,0,0,0,0.00,0,F1,30,,,,,
2026-09-04,2026-09-04,FO,NSE,IDO,62083,,BANKNIFTY,,2026-11-23,2026-11-23,52300.00,CE,BANKNIFTY26NOV52300CE,0.00,0.00,0.00,6368.00,0.00,6368.00,57369.65,6119.52,0,0,0,0.00,0,F1,30,,,,,
2026-09-04,2026-09-04,FO,NSE,IDO,62077,,BANKNIFTY,,2026-11-23,2026-11-23,52000.00,CE,BANKNIFTY26NOV52000CE,0.00,0.00,0.00,6621.85,0.00,6621.85,57369.65,6377.10,0,0,0,0.00,0,F1,30,,,,,
2026-09-04,2026-09-04,FO,NSE,IDO,62075,,BANKNIFTY,,2026-11-23,2026-11-23,51900.00,CE,BANKNIFTY26NOV51900CE,0.00,0.00,0.00,6707.25,0.00,6707.25,57369.65,6463.80,0,0,0,0.00,0,F1,30,,,,,
2026-09-04,2026-09-04,FO,NSE,IDO,49638,,BANKNIFTY,,2026-10-27,2026-10-27,62700.00,CE,BANKNIFTY26OCT62700CE,0.00,0.00,0.00,732.65,0.00,732.65,57369.65,342.28,0,0,0,0.00,0,F1,30,,,,,
2026-09-04,2026-09-04,FO,NSE,IDO,49573,,BANKNIFTY,,2026-10-27,2026-10-27,60000.00,CE,BANKNIFTY26OCT60000CE,304.60,323.40,278.55,285.25,284.15,290.70,57369.65,285.25,120420,2610,1605,2903133717.00,884,F1,30,,,,,
2026-09-04,2026-09-04,FO,NSE,IDO,49405,,BANKNIFTY,,2026-10-27,2026-10-27,53600.00,CE,BANKNIFTY26OCT53600CE,0.00,0.00,0.00,4790.50,0.00,4790.50,57369.65,4603.18,0,0,0,0.00,0,F1,30,,,,,
2026-09-04,2026-09-04,FO,NSE,IDO,49363,,BANKNIFTY,,2026-10-27,2026-10-27,51800.00,CE,BANKNIFTY26OCT51800CE,0.00,0.00,0.00,6185.60,0.00,6185.60,57369.65,6180.21,0,0,0,0.00,0,F1,30,,,,,
2026-09-04,2026-09-04,FO,NSE,IDO,52420,,BANKNIFTY,,2026-09-29,2026-09-29,66000.00,CE,BANKNIFTY26SEP66000CE,2.10,2.25,1.90,2.00,1.90,2.10,57369.65,2.00,85170,1950,4092,8102406217.50,2966,F1,30,,,,,
2026-09-04,2026-09-04,FO,NSE,IDO,70047,,BANKNIFTY,,2026-09-29,2026-09-29,61900.00,CE,BANKNIFTY26SEP61900CE,0.00,0.00,0.00,1156.00,0.00,1156.00,57369.65,117.71,0,0,0,0.00,0,F1,30,,,,,
2026-09-04,2026-09-04,FO,NSE,IDO,70029,,BANKNIFTY,,2026-09-29,2026-09-29,61000.00,CE,BANKNIFTY26SEP61000CE,23.30,23.45,18.70,19.65,20.35,22.70,57369.65,19.65,544320,-25800,22718,41588021427.00,9324,F1,30,,,,,
2026-09-04,2026-09-04,FO,NSE,IDO,69820,,BANKNIFTY,,2026-09-29,2026-09-29,57400.00,CE,BANKNIFTY26SEP57400CE,900.05,985.00,833.00,858.30,855.20,854.85,57369.65,858.30,137220,4830,41541,72641127795.00,28082,F1,30,,,,,
2026-09-04,2026-09-04,FO,NSE,IDO,70786,,BANKNIFTY,,2027-06-29,2027-06-29,54000.00,CE,BANKNIFTY27JUN54000CE,0.00,0.00,0.00,8730.20,0.00,8730.20,57369.65,7696.57,0,0,0,0.00,0,F1,30,,,,,
2026-09-04,2026-09-04,FO,NSE,IDO,69851,,BANKNIFTY,,2026-09-29,2026-09-29,58400.00,PE,BANKNIFTY26SEP58400PE,1012.05,1094.85,904.65,999.85,994.20,1058.30,57369.65,999.85,34980,-990,1507,2684603818.50,1048,F1,30,,,,,
2026-09-04,2026-09-04,FO,NSE,IDO,70799,,BANKNIFTY,,2027-06-29,2027-06-29,61500.00,PE,BANKNIFTY27JUN61500PE,0.00,0.00,0.00,4995.95,0.00,4995.95,57369.65,4644.94,0,0,0,0.00,0,F1,30,,,,,
2026-09-04,2026-09-04,FO,NSE,IDO,76391,,BANKNIFTY,,2027-03-30,2027-03-30,51000.00,PE,BANKNIFTY27MAR51000PE,0.00,0.00,0.00,2587.90,0.00,2587.90,57369.65,624.20,0,0,0,0.00,0,F1,30,,,,,
2026-09-04,2026-09-04,FO,NSE,IDO,53247,,BANKNIFTY,,2026-12-29,2026-12-29,63000.00,PE,BANKNIFTY26DEC63000PE,4244.15,4379.05,4237.70,4379.05,4379.05,4013.65,57369.65,4379.05,1650,390,52,104916066.00,52,F1,30,,,,,
2026-09-04,2026-09-04,FO,NSE,IDO,62253,,BANKNIFTY,,2026-11-23,2026-11-23,58300.00,PE,BANKNIFTY26NOV58300PE,0.00,0.00,0.00,2256.60,0.00,2256.60,57369.65,2186.24,0,0,0,0.00,0,F1,30,,,,,
2026-09-04,2026-09-04,FO,NSE,IDO,62216,,BANKNIFTY,,2026-11-23,2026-11-23,57400.00,PE,BANKNIFTY26NOV57400PE,0.00,0.00,0.00,1828.10,0.00,1828.10,57369.65,1748.35,0,0,0,0.00,0,F1,30,,,,,
2026-09-04,2026-09-04,FO,NSE,IDO,62164,,BANKNIFTY,,2026-11-23,2026-11-23,55400.00,PE,BANKNIFTY26NOV55400PE,0.00,0.00,0.00,1070.35,0.00,1070.35,57369.65,985.44,0,0,0,0.00,0,F1,30,,,,,
2026-09-04,2026-09-04,FO,NSE,IDO,62148,,BANKNIFTY,,2026-11-23,2026-11-23,54600.00,PE,BANKNIFTY26NOV54600PE,0.00,0.00,0.00,842.35,0.00,842.35,57369.65,761.02,0,0,0,0.00,0,F1,30,,,,,
2026-09-04,2026-09-04,FO,NSE,IDO,62100,,BANKNIFTY,,2026-11-23,2026-11-23,53100.00,PE,BANKNIFTY26NOV53100PE,0.00,0.00,0.00,507.60,0.00,507.60,57369.65,438.78,0,0,0,0.00,0,F1,30,,,,,
2026-09-04,2026-09-04,FO,NSE,IDO,49458,,BANKNIFTY,,2026-10-27,2026-10-27,55500.00,PE,BANKNIFTY26OCT55500PE,254.45,254.45,214.50,227.75,225.00,254.45,57369.65,227.75,18240,750,325,543356815.50,191,F1,30,,,,,
2026-09-04,2026-09-04,FO,NSE,IDO,49372,,BANKNIFTY,,2026-10-27,2026-10-27,52200.00,PE,BANKNIFTY26OCT52200PE,0.00,0.00,0.00,521.40,0.00,521.40,57369.65,161.50,0,0,0,0.00,0,F1,30,,,,,
2026-09-04,2026-09-04,FO,NSE,IDO,49366,,BANKNIFTY,,2026-10-27,2026-10-27,51900.00,PE,BANKNIFTY26OCT51900PE,0.00,0.00,0.00,468.65,0.00,468.65,57369.65,136.12,0,0,0,0.00,0,F1,30,,,,,
2026-09-04,2026-09-04,FO,NSE,IDO,49354,,BANKNIFTY,,2026-10-27,2026-10-27,51400.00,PE,BANKNIFTY26OCT51400PE,0.00,0.00,0.00,389.85,0.00,389.85,57369.65,101.11,0,0,0,0.00,0,F1,30,,,,,
2026-09-04,2026-09-04,FO,NSE,IDO,52427,,BANKNIFTY,,2026-09-29,2026-09-29,67500.00,PE,BANKNIFTY26SEP67500PE,0.00,0.00,0.00,9314.35,9314.35,9314.35,57369.65,9858.24,2880,0,0,0.00,0,F1,30,,,,,
2026-09-04,2026-09-04,FO,NSE,IDO,70079,,BANKNIFTY,,2026-09-29,2026-09-29,62100.00,PE,BANKNIFTY26SEP62100PE,0.00,0.00,0.00,4707.30,0.00,4707.30,57369.65,4581.83,0,0,0,0.00,0,F1,30,,,,,
2026-09-04,2026-09-04,FO,NSE,IDO,70016,,BANKNIFTY,,2026-09-29,2026-09-29,60300.00,PE,BANKNIFTY26SEP60300PE,0.00,0.00,0.00,3489.75,0.00,3489.75,57369.65,3004.37,0,0,0,0.00,0,F1,30,,,,,
2026-09-04,2026-09-04,FO,NSE,IDO,69761,,BANKNIFTY,,2026-09-29,2026-09-29,54700.00,CE,BANKNIFTY26SEP54700CE,0.00,0.00,0.00,4637.60,0.00,4637.60,57369.65,3136.11,0,0,0,0.00,0,F1,30,,,,,
2026-09-04,2026-09-04,FO,NSE,IDO,70027,,BANKNIFTY,,2026-09-29,2026-09-29,60900.00,CE,BANKNIFTY26SEP60900CE,0.00,0.00,0.00,1453.10,0.00,1453.10,57369.65,223.27,0,0,0,0.00,0,F1,30,,,,,
2026-09-04,2026-09-04,FO,NSE,IDO,70041,,BANKNIFTY,,2026-09-29,2026-09-29,61600.00,CE,BANKNIFTY26SEP61600CE,0.00,0.00,0.00,1239.60,0.00,1239.60,57369.65,143.58,0,0,0,0.00,0,F1,30,,,,,
2026-09-04,2026-09-04,FO,NSE,IDO,70109,,BANKNIFTY,,2026-09-29,2026-09-29,63700.00,CE,BANKNIFTY26SEP63700CE,0.00,0.00,0.00,745.15,0.00,745.15,57369.65,31.69,0,0,0,0.00,0,F1,30,,,,,
2026-09-04,2026-09-04,FO,NSE,IDO,49511,,BANKNIFTY,,2026-10-27,2026-10-27,57700.00,CE,BANKNIFTY26OCT57700CE,1151.55,1268.05,1151.55,1160.20,1157.05,1133.70,57369.65,1160.20,8190,-60,31,54762624.00,27,F1,30,,,,,
2026-09-04,2026-09-04,FO,NSE,IDO,49575,,BANKNIFTY,,2026-10-27,2026-10-27,60100.00,CE,BANKNIFTY26OCT60100CE,0.00,0.00,0.00,1387.45,0.00,1387.45,57369.65,886.98,0,0,0,0.00,0,F1,30,,,,,
2026-09-04,2026-09-04,FO,NSE,IDO,49579,,BANKNIFTY,,2026-10-27,2026-10-27,60300.00,CE,BANKNIFTY26OCT60300CE,0.00,0.00,0.00,1324.65,0.00,1324.65,57369.65,829.34,0,0,0,0.00,0,F1,30,,,,,
2026-09-04,2026-09-04,FO,NSE,IDO,49632,,BANKNIFTY,,2026-10-27,2026-10-27,62600.00,CE,BANKNIFTY26OCT62600CE,0.00,0.00,0.00,752.00,0.00,752.00,57369.65,356.22,0,0,0,0.00,0,F1,30,,,,,
2026-09-04,2026-09-04,FO,NSE,IDO,62388,,BANKNIFTY,,2026-11-23,2026-11-23,61600.00,CE,BANKNIFTY26NOV61600CE,0.00,0.00,0.00,1106.55,0.00,1106.55,57369.65,905.09,0,0,0,0.00,0,F1,30,,,,,
2026-09-04,2026-09-04,FO,NSE,IDO,62414,,BANKNIFTY,,2026-11-23,2026-11-23,61700.00,CE,BANKNIFTY26NOV61700CE,0.00,0.00,0.00,1079.35,0.00,1079.35,57369.65,882.87,0,0,0,0.00,0,F1,30,,,,,
2026-09-04,2026-09-04,FO,NSE,IDO,49468,,BANKNIFTY,,2026-10-27,2026-10-27,56000.00,PE,BANKNIFTY26OCT56000PE,314.15,337.90,283.85,302.55,300.60,336.50,57369.65,302.55,77430,4800,949,1603042495.50,605,F1,30,,,,,
2026-09-04,2026-09-04,FO,NSE,IDO,49526,,BANKNIFTY,,2026-10-27,2026-10-27,58200.00,PE,BANKNIFTY26OCT58200PE,1049.00,1049.00,955.45,1004.05,1004.05,1030.00,57369.65,1004.05,1980,360,14,24857743.50,13,F1,30,,,,,
2026-09-04,2026-09-04,FO,NSE,IDO,62652,,BANKNIFTY,,2026-11-23,2026-11-23,64000.00,PE,BANKNIFTY26NOV64000PE,0.00,0.00,0.00,6123.20,0.00,6123.20,57369.65,6178.87,0,0,0,0.00,0,F1,30,,,,,
2026-09-04,2026-09-04,FO,NSE,IDO,62158,,BANKNIFTY,,2026-11-23,2026-11-23,55100.00,PE,BANKNIFTY26NOV55100PE,0.00,0.00,0.00,979.15,0.00,979.15,57369.65,895.24,0,0,0,0.00,0,F1,30,,,,,
2026-09-04,2026-09-04,FO,NSE,IDO,62109,,BANKNIFTY,,2026-11-23,2026-11-23,53400.00,PE,BANKNIFTY26NOV53400PE,0.00,0.00,0.00,564.55,0.00,564.55,57369.65,492.72,0,0,0,0.00,0,F1,30,,,,,
2026-09-04,2026-09-04,FO,NSE,IDO,49631,,BANKNIFTY,,2026-10-27,2026-10-27,62500.00,PE,BANKNIFTY26OCT62500PE,0.00,0.00,0.00,5577.50,0.00,5577.50,57369.65,4919.24,0,0,0,0.00,0,F1,30,,,,,
2026-09-04,2026-09-04,FO,NSE,IDO,49616,,BANKNIFTY,,2026-10-27,2026-10-27,61800.00,PE,BANKNIFTY26OCT61800PE,0.00,0.00,0.00,5040.70,0.00,5040.70,57369.65,4340.71,0,0,0,0.00,0,F1,30,,,,,
2026-09-04,2026-09-04,FO,NSE,IDO,49570,,BANKNIFTY,,2026-10-27,2026-10-27,59900.00,PE,BANKNIFTY26OCT59900PE,0.00,0.00,0.00,2025.00,2025.00,2025.00,57369.65,2920.47,180,0,0,0.00,0,F1,30,,,,,
2026-09-04,2026-09-04,FO,NSE,IDO,69777,,BANKNIFTY,,2026-09-29,2026-09-29,55400.00,CE,BANKNIFTY26SEP55400CE,0.00,0.00,0.00,2151.15,2151.15,2151.15,57369.65,2577.86,30,0,0,0.00,0,F1,30,,,,,
2026-09-04,2026-09-04,FO,NSE,IDO,69815,,BANKNIFTY,,2026-09-29,2026-09-29,57200.00,CE,BANKNIFTY26SEP57200CE,965.00,1111.35,954.15,983.70,984.00,972.45,57369.65,983.70,80430,-4350,6372,11128418362.50,4941,F1,30,,,,,
2026-09-04,2026-09-04,FO,NSE,IDO,70246,,BANKNIFTY,,2026-09-29,2026-09-29,65500.00,CE,BANKNIFTY26SEP65500CE,2.75,2.95,2.25,2.35,2.35,2.55,57369.65,2.35,45660,-30,497,976643674.50,261,F1,30,,,,,
2026-09-04,2026-09-04,FO,NSE,IDO,49338,,BANKNIFTY,,2026-10-27,2026-10-27,51000.00,CE,BANKNIFTY26OCT51000CE,0.00,0.00,0.00,7100.00,7100.00,7100.00,57369.65,6923.14,210,0,0,0.00,0,F1,30,,,,,
2026-09-04,2026-09-04,FO,NSE,IDO,49543,,BANKNIFTY,,2026-10-27,2026-10-27,58900.00,CE,BANKNIFTY26OCT58900CE,621.00,656.95,587.80,594.50,593.95,584.45,57369.65,594.50,3990,210,25,44633878.50,24,F1,30,,,,,
2026-09-04,2026-09-04,FO,NSE,IDO,49565,,BANKNIFTY,,2026-10-27,2026-10-27,59700.00,CE,BANKNIFTY26OCT59700CE,0.00,0.00,0.00,1519.80,0.00,1519.80,57369.65,1011.42,0,0,0,0.00,0,F1,30,,,,,
2026-09-04,2026-09-04,FO,NSE,IDO,49668,,BANKNIFTY,,2026-10-27,2026-10-27,63900.00,CE,BANKNIFTY26OCT63900CE,0.00,0.00,0.00,530.75,0.00,530.75,57369.65,207.81,0,0,0,0.00,0,F1,30,,,,,
2026-09-04,2026-09-04,FO,NSE,IDO,62073,,BANKNIFTY,,2026-11-23,2026-11-23,51800.00,CE,BANKNIFTY26NOV51800CE,0.00,0.00,0.00,6793.10,0.00,6793.10,57369.65,6550.90,0,0,0,0.00,0,F1,30,,,,,
2026-09-04,2026-09-04,FO,NSE,IDO,62104,,BANKNIFTY,,2026-11-23,2026-11-23,53300.00,CE,BANKNIFTY26NOV53300CE,0.00,0.00,0.00,5551.05,0.00,5551.05,57369.65,5290.91,0,0,0,0.00,0,F1,30,,,,,
2026-09-04,2026-09-04,FO,NSE,IDO,62193,,BANKNIFTY,,2026-11-23,2026-11-23,56500.00,CE,BANKNIFTY26NOV56500CE,0.00,0.00,0.00,3307.75,0.00,3307.75,57369.65,3031.04,0,0,0,0.00,0,F1,30,,,,,
2026-09-04,2026-09-04,FO,NSE,IDO,62487,,BANKNIFTY,,2026-11-23,2026-11-23,62500.00,CE,BANKNIFTY26NOV62500CE,0.00,0.00,0.00,883.30,0.00,883.30,57369.65,701.68,0,0,0,0.00,0,F1,30,,,,,
2026-09-04,2026-09-04,FO,NSE,IDO,62679,,BANKNIFTY,,2026-11-23,2026-11-23,65000.00,CE,BANKNIFTY26NOV65000CE,0.00,0.00,0.00,442.05,0.00,442.05,57369.65,322.78,0,0,0,0.00,0,F1,30,,,,,
2026-09-04,2026-09-04,FO,NSE,IDO,76396,,BANKNIFTY,,2027-03-30,2027-03-30,55500.00,CE,BANKNIFTY27MAR55500CE,0.00,0.00,0.00,3363.80,0.00,3363.80,57369.65,5586.26,0,0,0,0.00,0,F1,30,,,,,
2026-09-04,2026-09-04,FO,NSE,IDO,69798,,BANKNIFTY,,2026-09-29,2026-09-29,56300.00,PE,BANKNIFTY26SEP56300PE,217.05,239.90,179.40,197.95,199.80,237.55,57369.65,197.95,43230,-3420,2576,4366537207.50,1908,F1,30,,,,,
2026-09-04,2026-09-04,FO,NSE,IDO,69814,,BANKNIFTY,,2026-09-29,2026-09-29,57100.00,PE,BANKNIFTY26SEP57100PE,414.55,455.00,348.00,390.30,392.00,449.30,57369.65,390.30,74160,-6150,8914,15377129665.50,7178,F1,30,,,,,
2026-09-04,2026-09-04,FO,NSE,IDO,69823,,BANKNIFTY,,2026-09-29,2026-09-29,57500.00,PE,BANKNIFTY26SEP57500PE,600.00,610.50,476.00,532.15,522.65,594.45,57369.65,532.15,1942740,44040,103547,180267166329.00,67951,F1,30,,,,,
2026-09-04,2026-09-04,FO,NSE,IDO,52389,,BANKNIFTY,,2026-09-29,2026-09-29,61500.00,PE,BANKNIFTY26SEP61500PE,3600.00,3671.15,3600.00,3671.15,3671.15,3706.55,57369.65,4034.71,11820,-30,2,3908134.50,2,F1,30,,,,,
2026-09-04,2026-09-04,FO,NSE,IDO,70042,,BANKNIFTY,,2026-09-29,2026-09-29,61600.00,PE,BANKNIFTY26SEP61600PE,0.00,0.00,0.00,4351.85,0.00,4351.85,57369.65,4124.66,0,0,0,0.00,0,F1,30,,,,,
2026-09-04,2026-09-04,FO,NSE,IDO,49311,,BANKNIFTY,,2026-10-27,2026-10-27,50000.00,PE,BANKNIFTY26OCT50000PE,37.40,37.40,32.00,33.90,34.95,38.70,57369.65,33.90,27660,120,295,442803216.00,193,F1,30,,,,,
2026-09-04,2026-09-04,FO,NSE,IDO,49392,,BANKNIFTY,,2026-10-27,2026-10-27,53200.00,PE,BANKNIFTY26OCT53200PE,0.00,0.00,0.00,729.60,0.00,729.60,57369.65,274.81,0,0,0,0.00,0,F1,30,,,,,
2026-09-04,2026-09-04,FO,NSE,IDO,69801,,BANKNIFTY,,2026-09-29,2026-09-29,56500.00,CE,BANKNIFTY26SEP56500CE,1513.25,1646.30,1450.00,1492.10,1503.05,1474.15,57369.65,1492.10,56640,-510,825,1436398033.50,651,F1,30,,,,,
2026-09-04,2026-09-04,FO,NSE,IDO,76395,,BANKNIFTY,,2027-03-30,2027-03-30,54000.00,PE,BANKNIFTY27MAR54000PE,0.00,0.00,0.00,3928.75,0.00,3928.75,57369.65,1273.34,0,0,0,0.00,0,F1,30,,,,,
2026-09-04,2026-09-04,FO,NSE,IDO,62524,,BANKNIFTY,,2026-11-23,2026-11-23,63000.00,PE,BANKNIFTY26NOV63000PE,0.00,0.00,0.00,5322.50,0.00,5322.50,57369.65,5352.82,0,0,0,0.00,0,F1,30,,,,,
2026-09-04,2026-09-04,FO,NSE,IDO,62232,,BANKNIFTY,,2026-11-23,2026-11-23,57800.00,PE,BANKNIFTY26NOV57800PE,0.00,0.00,0.00,2011.90,0.00,2011.90,57369.65,1935.76,0,0,0,0.00,0,F1,30,,,,,
2026-09-04,2026-09-04,FO,NSE,IDO,62116,,BANKNIFTY,,2026-11-23,2026-11-23,53700.00,PE,BANKNIFTY26NOV53700PE,0.00,0.00,0.00,626.15,0.00,626.15,57369.65,551.48,0,0,0,0.00,0,F1,30,,,,,
2026-09-04,2026-09-04,FO,NSE,IDO,62012,,BANKNIFTY,,2026-11-23,2026-11-23,50000.00,PE,BANKNIFTY26NOV50000PE,0.00,0.00,0.00,60.00,60.00,60.00,57369.65,107.31,750,0,0,0.00,0,F1,30,,,,,
2026-09-04,2026-09-04,FO,NSE,IDO,49648,,BANKNIFTY,,2026-10-27,2026-10-27,63000.00,PE,BANKNIFTY26OCT63000PE,0.00,0.00,0.00,5975.20,0.00,5975.20,57369.65,5347.17,0,0,0,0.00,0,F1,30,,,,,
2026-09-04,2026-09-04,FO,NSE,IDO,49620,,BANKNIFTY,,2026-10-27,2026-10-27,62000.00,PE,BANKNIFTY26OCT62000PE,0.00,0.00,0.00,3750.00,3750.00,3750.00,57369.65,4503.37,270,0,0,0.00,0,F1,30,,,,,
2026-09-04,2026-09-04,FO,NSE,IDO,49604,,BANKNIFTY,,2026-10-27,2026-10-27,61400.00,PE,BANKNIFTY26OCT61400PE,0.00,0.00,0.00,4740.05,0.00,4740.05,57369.65,4022.25,0,0,0,0.00,0,F1,30,,,,,
2026-09-04,2026-09-04,FO,NSE,IDO,49600,,BANKNIFTY,,2026-10-27,2026-10-27,61200.00,PE,BANKNIFTY26OCT61200PE,0.00,0.00,0.00,4594.15,0.00,4594.15,57369.65,3866.64,0,0,0,0.00,0,F1,30,,,,,
2026-09-04,2026-09-04,FO,NSE,IDO,49494,,BANKNIFTY,,2026-10-27,2026-10-27,56900.00,PE,BANKNIFTY26OCT56900PE,542.20,542.20,482.85,499.00,494.50,553.10,57369.65,499.00,10800,810,53,91283529.00,30,F1,30,,,,,
2026-09-04,2026-09-04,FO,NSE,IDO,49466,,BANKNIFTY,,2026-10-27,2026-10-27,55900.00,PE,BANKNIFTY26OCT55900PE,0.00,0.00,0.00,1578.60,0.00,1578.60,57369.65,888.42,0,0,0,0.00,0,F1,30,,,,,
2026-09-04,2026-09-04,FO,NSE,IDO,49416,,BANKNIFTY,,2026-10-27,2026-10-27,54000.00,PE,BANKNIFTY26OCT54000PE,110.00,113.95,96.10,101.60,100.00,114.15,57369.65,101.60,14340,6030,415,673577136.00,263,F1,30,,,,,
2026-09-04,2026-09-04,FO,NSE,IDO,49340,,BANKNIFTY,,2026-10-27,2026-10-27,51000.00,PE,BANKNIFTY26OCT51000PE,40.95,41.90,40.00,40.70,41.00,47.70,57369.65,40.70,750,-30,14,21437088.00,11,F1,30,,,,,
2026-09-04,2026-09-04,FO,NSE,IDO,70022,,BANKNIFTY,,2026-09-29,2026-09-29,60600.00,PE,BANKNIFTY26SEP60600PE,0.00,0.00,0.00,3680.35,0.00,3680.35,57369.65,3252.35,0,0,0,0.00,0,F1,30,,,,,
2026-09-04,2026-09-04,FO,NSE,IDO,53228,,BANKNIFTY,,2026-12-29,2026-12-29,57000.00,CE,BANKNIFTY26DEC57000CE,2607.40,2702.90,2554.85,2590.10,2591.30,2541.65,57369.65,2590.10,15570,-600,59,105518247.00,50,F1,30,,,,,
2026-09-04,2026-09-04,FO,NSE,IDO,62337,,BANKNIFTY,,2026-11-23,2026-11-23,61100.00,CE,BANKNIFTY26NOV61100CE,0.00,0.00,0.00,1250.85,0.00,1250.85,57369.65,1037.67,0,0,0,0.00,0,F1,30,,,,,
2026-09-04,2026-09-04,FO,NSE,IDO,62147,,BANKNIFTY,,2026-11-23,2026-11-23,54600.00,CE,BANKNIFTY26NOV54600CE,0.00,0.00,0.00,4567.65,0.00,4567.65,57369.65,4295.94,0,0,0,0.00,0,F1,30,,,,,
2026-09-04,2026-09-04,FO,NSE,IDO,62141,,BANKNIFTY,,2026-11-23,2026-11-23,54300.00,CE,BANKNIFTY26NOV54300CE,0.00,0.00,0.00,4784.80,0.00,4784.80,57369.65,4515.14,0,0,0,0.00,0,F1,30,,,,,
2026-09-04,2026-09-04,FO,NSE,IDO,49448,,BANKNIFTY,,2026-10-27,2026-10-27,55300.00,CE,BANKNIFTY26OCT55300CE,0.00,0.00,0.00,2900.00,2900.00,2900.00,57369.65,3289.26,30,0,0,0.00,0,F1,30,,,,,
2026-09-04,2026-09-04,FO,NSE,IDO,49446,,BANKNIFTY,,2026-10-27,2026-10-27,55200.00,CE,BANKNIFTY26OCT55200CE,0.00,0.00,0.00,3699.30,0.00,3699.30,57369.65,3363.02,0,0,0,0.00,0,F1,30,,,,,
2026-09-04,2026-09-04,FO,NSE,IDO,49383,,BANKNIFTY,,2026-10-27,2026-10-27,52800.00,CE,BANKNIFTY26OCT52800CE,0.00,0.00,0.00,5388.75,0.00,5388.75,57369.65,5284.80,0,0,0,0.00,0,F1,30,,,,,
2026-09-04,2026-09-04,FO,NSE,IDO,70097,,BANKNIFTY,,2026-09-29,2026-09-29,63100.00,CE,BANKNIFTY26SEP63100CE,0.00,0.00,0.00,866.35,0.00,866.35,57369.65,50.21,0,0,0,0.00,0,F1,30,,,,,
2026-09-04,2026-09-04,FO,NSE,IDO,69813,,BANKNIFTY,,2026-09-29,2026-09-29,57100.00,CE,BANKNIFTY26SEP57100CE,1083.20,1183.80,1013.95,1050.10,1045.30,1035.10,57369.65,1050.10,44460,-5130,2265,3953527048.50,1704,F1,30,,,,,
2026-09-04,2026-09-04,FO,NSE,IDO,69707,,BANKNIFTY,,2026-09-29,2026-09-29,54200.00,PE,BANKNIFTY26SEP54200PE,0.00,0.00,0.00,823.90,0.00,823.90,57369.65,172.56,0,0,0,0.00,0,F1,30,,,,,
2026-09-04,2026-09-04,FO,NSE,IDO,62314,,BANKNIFTY,,2026-11-23,2026-11-23,60500.00,PE,BANKNIFTY26NOV60500PE,0.00,0.00,0.00,3529.70,0.00,3529.70,57369.65,3498.64,0,0,0,0.00,0,F1,30,,,,,
2026-09-04,2026-09-04,FO,NSE,IDO,62442,,BANKNIFTY,,2026-11-23,2026-11-23,62000.00,PE,BANKNIFTY26NOV62000PE,0.00,0.00,0.00,4565.55,0.00,4565.55,57369.65,4573.47,0,0,0,0.00,0,F1,30,,,,,
2026-09-04,2026-09-04,FO,NSE,IDO,69705,,BANKNIFTY,,2026-09-29,2026-09-29,54100.00,PE,BANKNIFTY26SEP54100PE,0.00,0.00,0.00,796.95,0.00,796.95,57369.65,160.35,0,0,0,0.00,0,F1,30,,,,,
2026-09-04,2026-09-04,FO,NSE,IDO,69697,,BANKNIFTY,,2026-09-29,2026-09-29,53600.00,PE,BANKNIFTY26SEP53600PE,0.00,0.00,0.00,680.90,0.00,680.90,57369.65,109.29,0,0,0,0.00,0,F1,30,,,,,
2026-09-04,2026-09-04,FO,NSE,IDO,76394,,BANKNIFTY,,2027-03-30,2027-03-30,54000.00,CE,BANKNIFTY27MAR54000CE,0.00,0.00,0.00,3970.55,0.00,3970.55,57369.65,6579.64,0,0,0,0.00,0,F1,30,,,,,
2026-09-04,2026-09-04,FO,NSE,IDO,49594,,BANKNIFTY,,2026-10-27,2026-10-27,60900.00,PE,BANKNIFTY26OCT60900PE,0.00,0.00,0.00,4379.15,0.00,4379.15,57369.65,3640.05,0,0,0,0.00,0,F1,30,,,,,
2026-09-04,2026-09-04,FO,NSE,IDO,49621,,BANKNIFTY,,2026-10-27,2026-10-27,62100.00,CE,BANKNIFTY26OCT62100CE,0.00,0.00,0.00,855.25,0.00,855.25,57369.65,433.16,0,0,0,0.00,0,F1,30,,,,,
2026-09-04,2026-09-04,FO,NSE,IDO,53245,,BANKNIFTY,,2026-12-29,2026-12-29,61500.00,PE,BANKNIFTY26DEC61500PE,0.00,0.00,0.00,2780.00,2780.00,2780.00,57369.65,4315.23,360,0,0,0.00,0,F1,30,,,,,
2026-09-04,2026-09-04,FO,NSE,IDO,53226,,BANKNIFTY,,2026-12-29,2026-12-29,55500.00,CE,BANKNIFTY26DEC55500CE,0.00,0.00,0.00,7987.45,0.00,7987.45,57369.65,4271.41,0,0,0,0.00,0,F1,30,,,,,
2026-09-04,2026-09-04,FO,NSE,IDO,49569,,BANKNIFTY,,2026-10-27,2026-10-27,59900.00,CE,BANKNIFTY26OCT59900CE,0.00,0.00,0.00,1452.45,0.00,1452.45,57369.65,947.65,0,0,0,0.00,0,F1,30,,,,,
2026-09-04,2026-09-04,FO,NSE,IDO,49558,,BANKNIFTY,,2026-10-27,2026-10-27,59400.00,CE,BANKNIFTY26OCT59400CE,0.00,0.00,0.00,1625.20,0.00,1625.20,57369.65,1113.06,0,0,0,0.00,0,F1,30,,,,,
2026-09-04,2026-09-04,FO,NSE,IDO,49431,,BANKNIFTY,,2026-10-27,2026-10-27,54700.00,CE,BANKNIFTY26OCT54700CE,0.00,0.00,0.00,4022.45,0.00,4022.45,57369.65,3729.81,0,0,0,0.00,0,F1,30,,,,,
2026-09-04,2026-09-04,FO,NSE,IDO,49409,,BANKNIFTY,,2026-10-27,2026-10-27,53700.00,CE,BANKNIFTY26OCT53700CE,0.00,0.00,0.00,4717.85,0.00,4717.85,57369.65,4520.53,0,0,0,0.00,0,F1,30,,,,,
2026-09-04,2026-09-04,FO,NSE,IDO,49365,,BANKNIFTY,,2026-10-27,2026-10-27,51900.00,CE,BANKNIFTY26OCT51900CE,0.00,0.00,0.00,6103.80,0.00,6103.80,57369.65,6088.84,0,0,0,0.00,0,F1,30,,,,,
2026-09-04,2026-09-04,FO,NSE,IDO,52412,,BANKNIFTY,,2026-09-29,2026-09-29,64500.00,CE,BANKNIFTY26SEP64500CE,5.35,5.35,3.65,4.05,3.85,4.65,57369.65,4.05,17790,570,463,895963764.00,265,F1,30,,,,,
2026-09-04,2026-09-04,FO,NSE,IDO,69913,,BANKNIFTY,,2026-09-29,2026-09-29,59300.00,CE,BANKNIFTY26SEP59300CE,159.15,174.80,134.80,137.50,139.05,150.50,57369.65,137.50,44220,4590,3862,6888092757.00,2435,F1,30,,,,,
2026-09-04,2026-09-04,FO,NSE,IDO,69564,,BANKNIFTY,,2026-09-29,2026-09-29,50000.00,CE,BANKNIFTY26SEP50000CE,7660.00,7830.00,7660.00,7702.75,7710.00,7654.85,57369.65,7702.75,118320,1050,35,60597184.50,20,F1,30,,,,,
2026-09-04,2026-09-04,FO,NSE,IDO,49628,,BANKNIFTY,,2026-10-27,2026-10-27,62400.00,PE,BANKNIFTY26OCT62400PE,0.00,0.00,0.00,5499.20,0.00,5499.20,57369.65,4835.06,0,0,0,0.00,0,F1,30,,,,,
2026-09-04,2026-09-04,FO,NSE,IDO,49660,,BANKNIFTY,,2026-10-27,2026-10-27,63500.00,PE,BANKNIFTY26OCT63500PE,0.00,0.00,0.00,6382.75,0.00,6382.75,57369.65,5785.75,0,0,0,0.00,0,F1,30,,,,,
2026-09-04,2026-09-04,FO,NSE,IDO,49678,,BANKNIFTY,,2026-10-27,2026-10-27,64000.00,PE,BANKNIFTY26OCT64000PE,0.00,0.00,0.00,6799.40,0.00,6799.40,57369.65,6233.67,0,0,0,0.00,0,F1,30,,,,,
2026-09-04,2026-09-04,FO,NSE,IDO,62114,,BANKNIFTY,,2026-11-23,2026-11-23,53600.00,PE,BANKNIFTY26NOV53600PE,0.00,0.00,0.00,605.10,0.00,605.10,57369.65,531.34,0,0,0,0.00,0,F1,30,,,,,
2026-09-04,2026-09-04,FO,NSE,IDO,70092,,BANKNIFTY,,2026-09-29,2026-09-29,62700.00,PE,BANKNIFTY26SEP62700PE,0.00,0.00,0.00,5153.10,0.00,5153.10,57369.65,5144.01,0,0,0,0.00,0,F1,30,,,,,
2026-09-04,2026-09-04,FO,NSE,IDO,69898,,BANKNIFTY,,2026-09-29,2026-09-29,59100.00,PE,BANKNIFTY26SEP59100PE,1565.15,1588.35,1375.00,1501.65,1505.05,1589.15,57369.65,1501.65,4800,480,82,148985541.00,66,F1,30,,,,,
2026-09-04,2026-09-04,FO,NSE,IDO,69784,,BANKNIFTY,,2026-09-29,2026-09-29,55800.00,PE,BANKNIFTY26SEP55800PE,143.95,156.85,116.75,127.55,129.00,157.85,57369.65,127.55,91830,10830,2831,4750167918.00,1783,F1,30,,,,,
2026-09-04,2026-09-04,FO,NSE,IDO,69778,,BANKNIFTY,,2026-09-29,2026-09-29,55400.00,PE,BANKNIFTY26SEP55400PE,101.95,112.30,82.60,91.25,92.00,110.55,57369.65,91.25,53550,2430,2663,4433294985.00,1654,F1,30,,,,,
2026-09-04,2026-09-04,FO,NSE,IDO,49402,,BANKNIFTY,,2026-10-27,2026-10-27,53400.00,PE,BANKNIFTY26OCT53400PE,81.95,88.25,66.70,75.20,78.05,86.20,57369.65,75.20,15030,930,181,290378692.50,103,F1,30,,,,,
2026-09-04,2026-09-04,FO,NSE,IDO,49521,,BANKNIFTY,,2026-10-27,2026-10-27,58000.00,PE,BANKNIFTY26OCT58000PE,951.00,979.95,848.85,912.25,911.70,980.95,57369.65,912.25,132540,2700,983,1737187585.50,719,F1,30,,,,,
2026-09-04,2026-09-04,FO,NSE,IDO,49564,,BANKNIFTY,,2026-10-27,2026-10-27,59600.00,PE,BANKNIFTY26OCT59600PE,0.00,0.00,0.00,1630.00,1630.00,1630.00,57369.65,2720.11,150,0,0,0.00,0,F1,30,,,,,
2026-09-04,2026-09-04,FO,NSE,IDO,62094,,BANKNIFTY,,2026-11-23,2026-11-23,52800.00,PE,BANKNIFTY26NOV52800PE,0.00,0.00,0.00,455.05,0.00,455.05,57369.65,389.46,0,0,0,0.00,0,F1,30,,,,,
2026-09-04,2026-09-04,FO,NSE,IDO,62103,,BANKNIFTY,,2026-11-23,2026-11-23,53200.00,PE,BANKNIFTY26NOV53200PE,0.00,0.00,0.00,526.10,0.00,526.10,57369.65,456.24,0,0,0,0.00,0,F1,30,,,,,
2026-09-04,2026-09-04,FO,NSE,IDO,62144,,BANKNIFTY,,2026-11-23,2026-11-23,54400.00,PE,BANKNIFTY26NOV54400PE,0.00,0.00,0.00,791.00,0.00,791.00,57369.65,708.67,0,0,0,0.00,0,F1,30,,,,,
2026-09-04,2026-09-04,FO,NSE,IDO,62200,,BANKNIFTY,,2026-11-23,2026-11-23,56600.00,PE,BANKNIFTY26NOV56600PE,0.00,0.00,0.00,1493.05,0.00,1493.05,57369.65,1408.67,0,0,0,0.00,0,F1,30,,,,,
2026-09-04,2026-09-04,FO,NSE,IDO,62249,,BANKNIFTY,,2026-11-23,2026-11-23,58100.00,PE,BANKNIFTY26NOV58100PE,0.00,0.00,0.00,2156.60,0.00,2156.60,57369.65,2083.77,0,0,0,0.00,0,F1,30,,,,,
2026-09-04,2026-09-04,FO,NSE,IDO,62274,,BANKNIFTY,,2026-11-23,2026-11-23,58900.00,PE,BANKNIFTY26NOV58900PE,0.00,0.00,0.00,2572.70,0.00,2572.70,57369.65,2510.95,0,0,0,0.00,0,F1,30,,,,,
2026-09-04,2026-09-04,FO,NSE,IDO,62340,,BANKNIFTY,,2026-11-23,2026-11-23,61200.00,PE,BANKNIFTY26NOV61200PE,0.00,0.00,0.00,3997.50,0.00,3997.50,57369.65,3982.58,0,0,0,0.00,0,F1,30,,,,,
2026-09-04,2026-09-04,FO,NSE,IDO,62552,,BANKNIFTY,,2026-11-23,2026-11-23,63500.00,PE,BANKNIFTY26NOV63500PE,0.00,0.00,0.00,5717.70,0.00,5717.70,57369.65,5760.74,0,0,0,0.00,0,F1,30,,,,,
2026-09-04,2026-09-04,FO,NSE,IDO,49476,,BANKNIFTY,,2026-10-27,2026-10-27,56300.00,PE,BANKNIFTY26OCT56300PE,0.00,0.00,0.00,1743.75,0.00,1743.75,57369.65,1027.70,0,0,0,0.00,0,F1,30,,,,,
2026-09-04,2026-09-04,FO,NSE,IDO,52272,,BANKNIFTY,,2026-09-29,2026-09-29,48000.00,CE,BANKNIFTY26SEP48000CE,0.00,0.00,0.00,9480.00,9480.00,9480.00,57369.65,9564.04,8130,0,0,0.00,0,F1,30,,,,,
2026-09-04,2026-09-04,FO,NSE,IDO,69696,,BANKNIFTY,,2026-09-29,2026-09-29,53600.00,CE,BANKNIFTY26SEP53600CE,0.00,0.00,0.00,4150.00,4150.00,4150.00,57369.65,4095.84,30,0,0,0.00,0,F1,30,,,,,
2026-09-04,2026-09-04,FO,NSE,IDO,69706,,BANKNIFTY,,2026-09-29,2026-09-29,54200.00,CE,BANKNIFTY26SEP54200CE,0.00,0.00,0.00,4998.15,0.00,4998.15,57369.65,3561.53,0,0,0,0.00,0,F1,30,,,,,
2026-09-04,2026-09-04,FO,NSE,IDO,69785,,BANKNIFTY,,2026-09-29,2026-09-29,55900.00,CE,BANKNIFTY26SEP55900CE,0.00,0.00,0.00,2073.45,2073.45,2073.45,57369.65,2209.85,450,0,0,0.00,0,F1,30,,,,,
2026-09-04,2026-09-04,FO,NSE,IDO,69917,,BANKNIFTY,,2026-09-29,2026-09-29,59400.00,CE,BANKNIFTY26SEP59400CE,141.30,153.10,119.65,121.80,122.90,135.05,57369.65,121.80,43770,2310,2441,4359663795.00,1602,F1,30,,,,,
2026-09-04,2026-09-04,FO,NSE,IDO,70019,,BANKNIFTY,,2026-09-29,2026-09-29,60500.00,CE,BANKNIFTY26SEP60500CE,35.10,42.25,30.35,31.70,32.00,38.70,57369.65,31.70,426360,32640,15610,28348413933.00,8905,F1,30,,,,,
2026-09-04,2026-09-04,FO,NSE,IDO,49369,,BANKNIFTY,,2026-10-27,2026-10-27,52100.00,CE,BANKNIFTY26OCT52100CE,0.00,0.00,0.00,5941.50,0.00,5941.50,57369.65,5907.22,0,0,0,0.00,0,F1,30,,,,,
2026-09-04,2026-09-04,FO,NSE,IDO,49417,,BANKNIFTY,,2026-10-27,2026-10-27,54100.00,CE,BANKNIFTY26OCT54100CE,0.00,0.00,0.00,4430.75,0.00,4430.75,57369.65,4196.18,0,0,0,0.00,0,F1,30,,,,,
2026-09-04,2026-09-04,FO,NSE,IDO,49503,,BANKNIFTY,,2026-10-27,2026-10-27,57400.00,CE,BANKNIFTY26OCT57400CE,1356.50,1443.05,1313.65,1351.90,1366.75,1330.25,57369.65,1351.90,6420,1110,93,163970857.50,66,F1,30,,,,,
2026-09-04,2026-09-04,FO,NSE,IDO,49609,,BANKNIFTY,,2026-10-27,2026-10-27,61600.00,CE,BANKNIFTY26OCT61600CE,0.00,0.00,0.00,971.40,0.00,971.40,57369.65,523.31,0,0,0,0.00,0,F1,30,,,,,
2026-09-04,2026-09-04,FO,NSE,IDO,49627,,BANKNIFTY,,2026-10-27,2026-10-27,62400.00,CE,BANKNIFTY26OCT62400CE,0.00,0.00,0.00,792.00,0.00,792.00,57369.65,385.50,0,0,0,0.00,0,F1,30,,,,,
2026-09-04,2026-09-04,FO,NSE,IDO,49687,,BANKNIFTY,,2026-10-27,2026-10-27,64500.00,CE,BANKNIFTY26OCT64500CE,0.00,0.00,0.00,448.85,0.00,448.85,57369.65,159.68,0,0,0,0.00,0,F1,30,,,,,
2026-09-04,2026-09-04,FO,NSE,IDO,62061,,BANKNIFTY,,2026-11-23,2026-11-23,51500.00,CE,BANKNIFTY26NOV51500CE,0.00,0.00,0.00,7052.95,0.00,7052.95,57369.65,6814.55,0,0,0,0.00,0,F1,30,,,,,
2026-09-04,2026-09-04,FO,NSE,IDO,62203,,BANKNIFTY,,2026-11-23,2026-11-23,56800.00,CE,BANKNIFTY26NOV56800CE,0.00,0.00,0.00,3130.75,0.00,3130.75,57369.65,2854.97,0,0,0,0.00,0,F1,30,,,,,
2026-09-04,2026-09-04,FO,NSE,IDO,62209,,BANKNIFTY,,2026-11-23,2026-11-23,57100.00,CE,BANKNIFTY26NOV57100CE,0.00,0.00,0.00,2959.85,0.00,2959.85,57369.65,2685.45,0,0,0,0.00,0,F1,30,,,,,
2026-09-04,2026-09-04,FO,NSE,IDO,70798,,BANKNIFTY,,2027-06-29,2027-06-29,61500.00,CE,BANKNIFTY27JUN61500CE,0.00,0.00,0.00,4726.20,0.00,4726.20,57369.65,3664.64,0,0,0,0.00,0,F1,30,,,,,
2026-09-04,2026-09-04,FO,NSE,IDO,69687,,BANKNIFTY,,2026-09-29,2026-09-29,53100.00,PE,BANKNIFTY26SEP53100PE,25.40,25.40,19.95,21.05,20.85,24.20,57369.65,21.05,6030,2400,998,1590468927.00,471,F1,30,,,,,
2026-09-04,2026-09-04,FO,NSE,IDO,70104,,BANKNIFTY,,2026-09-29,2026-09-29,63400.00,PE,BANKNIFTY26SEP63400PE,0.00,0.00,0.00,5688.50,0.00,5688.50,57369.65,5813.80,0,0,0,0.00,0,F1,30,,,,,
2026-09-04,2026-09-04,FO,NSE,IDO,49386,,BANKNIFTY,,2026-10-27,2026-10-27,52900.00,PE,BANKNIFTY26OCT52900PE,0.00,0.00,0.00,661.70,0.00,661.70,57369.65,235.71,0,0,0,0.00,0,F1,30,,,,,
2026-09-04,2026-09-04,FO,NSE,IDO,62415,,BANKNIFTY,,2026-11-23,2026-11-23,61700.00,PE,BANKNIFTY26NOV61700PE,0.00,0.00,0.00,4348.55,0.00,4348.55,57369.65,4348.44,0,0,0,0.00,0,F1,30,,,,,
2026-09-04,2026-09-04,FO,NSE,IDO,62484,,BANKNIFTY,,2026-11-23,2026-11-23,62300.00,PE,BANKNIFTY26NOV62300PE,0.00,0.00,0.00,4790.05,0.00,4790.05,57369.65,4800.66,0,0,0,0.00,0,F1,30,,,,,
2026-09-04,2026-09-04,FO,NSE,IDO,62510,,BANKNIFTY,,2026-11-23,2026-11-23,62700.00,PE,BANKNIFTY26NOV62700PE,0.00,0.00,0.00,5093.05,0.00,5093.05,57369.65,5113.35,0,0,0,0.00,0,F1,30,,,,,
2026-09-04,2026-09-04,FO,NSE,IDO,62334,,BANKNIFTY,,2026-11-23,2026-11-23,60900.00,PE,BANKNIFTY26NOV60900PE,0.00,0.00,0.00,3793.55,0.00,3793.55,57369.65,3771.56,0,0,0,0.00,0,F1,30,,,,,
2026-09-04,2026-09-04,FO,NSE,IDO,62310,,BANKNIFTY,,2026-11-23,2026-11-23,60300.00,PE,BANKNIFTY26NOV60300PE,0.00,0.00,0.00,3401.35,0.00,3401.35,57369.65,3365.92,0,0,0,0.00,0,F1,30,,,,,
2026-09-04,2026-09-04,FO,NSE,IDO,62186,,BANKNIFTY,,2026-11-23,2026-11-23,56100.00,PE,BANKNIFTY26NOV56100PE,0.00,0.00,0.00,1305.45,0.00,1305.45,57369.65,1219.95,0,0,0,0.00,0,F1,30,,,,,
2026-09-04,2026-09-04,FO,NSE,IDO,49618,,BANKNIFTY,,2026-10-27,2026-10-27,61900.00,PE,BANKNIFTY26OCT61900PE,0.00,0.00,0.00,5116.40,0.00,5116.40,57369.65,4421.76,0,0,0,0.00,0,F1,30,,,,,
2026-09-04,2026-09-04,FO,NSE,IDO,49553,,BANKNIFTY,,2026-10-27,2026-10-27,59200.00,PE,BANKNIFTY26OCT59200PE,1549.90,1549.90,1549.90,1549.90,1549.90,1552.15,57369.65,2464.24,270,0,1,1822497.00,1,F1,30,,,,,
2026-09-04,2026-09-04,FO,NSE,IDO,49540,,BANKNIFTY,,2026-10-27,2026-10-27,58700.00,PE,BANKNIFTY26OCT58700PE,1338.20,1338.20,1207.00,1275.50,1275.50,1277.00,57369.65,2163.24,6480,-120,10,17984397.00,9,F1,30,,,,,
2026-09-04,2026-09-04,FO,NSE,IDO,49502,,BANKNIFTY,,2026-10-27,2026-10-27,57300.00,PE,BANKNIFTY26OCT57300PE,0.00,0.00,0.00,2202.80,0.00,2202.80,57369.65,1437.85,0,0,0,0.00,0,F1,30,,,,,
2026-09-04,2026-09-04,FO,NSE,IDO,69672,,BANKNIFTY,,2026-09-29,2026-09-29,52300.00,CE,BANKNIFTY26SEP52300CE,0.00,0.00,0.00,6482.70,0.00,6482.70,57369.65,5316.46,0,0,0,0.00,0,F1,30,,,,,
2026-09-04,2026-09-04,FO,NSE,IDO,69710,,BANKNIFTY,,2026-09-29,2026-09-29,54400.00,CE,BANKNIFTY26SEP54400CE,0.00,0.00,0.00,3610.50,3610.50,3610.50,57369.65,3388.98,30,0,0,0.00,0,F1,30,,,,,
2026-09-04,2026-09-04,FO,NSE,IDO,69779,,BANKNIFTY,,2026-09-29,2026-09-29,55600.00,CE,BANKNIFTY26SEP55600CE,0.00,0.00,0.00,4024.15,0.00,4024.15,57369.65,2429.69,0,0,0,0.00,0,F1,30,,,,,
2026-09-04,2026-09-04,FO,NSE,IDO,69811,,BANKNIFTY,,2026-09-29,2026-09-29,56900.00,CE,BANKNIFTY26SEP56900CE,1208.00,1320.15,1159.50,1194.45,1199.25,1170.05,57369.65,1194.45,25290,2640,587,1023750423.00,304,F1,30,,,,,
2026-09-04,2026-09-04,FO,NSE,IDO,69895,,BANKNIFTY,,2026-09-29,2026-09-29,59000.00,CE,BANKNIFTY26SEP59000CE,223.25,243.00,189.85,194.25,196.85,207.90,57369.65,194.25,915420,16620,34805,61826827548.00,20483,F1,30,,,,,
2026-09-04,2026-09-04,FO,NSE,IDO,70033,,BANKNIFTY,,2026-09-29,2026-09-29,61200.00,CE,BANKNIFTY26SEP61200CE,0.00,0.00,0.00,1358.35,0.00,1358.35,57369.65,185.49,0,0,0,0.00,0,F1,30,,,,,
2026-09-04,2026-09-04,FO,NSE,IDO,49300,,BANKNIFTY,,2026-10-27,2026-10-27,49500.00,CE,BANKNIFTY26OCT49500CE,0.00,0.00,0.00,8500.00,8500.00,8500.00,57369.65,8358.45,90,0,0,0.00,0,F1,30,,,,,
2026-09-04,2026-09-04,FO,NSE,IDO,49359,,BANKNIFTY,,2026-10-27,2026-10-27,51700.00,CE,BANKNIFTY26OCT51700CE,0.00,0.00,0.00,6267.90,0.00,6267.90,57369.65,6271.94,0,0,0,0.00,0,F1,30,,,,,
2026-09-04,2026-09-04,FO,NSE,IDO,49499,,BANKNIFTY,,2026-10-27,2026-10-27,57200.00,CE,BANKNIFTY26OCT57200CE,1478.15,1578.80,1467.65,1492.30,1470.05,1475.30,57369.65,1492.30,3180,780,53,93401146.50,26,F1,30,,,,,
2026-09-04,2026-09-04,FO,NSE,IDO,49508,,BANKNIFTY,,2026-10-27,2026-10-27,57600.00,CE,BANKNIFTY26OCT57600CE,1193.55,1313.00,1193.55,1227.00,1233.00,1204.25,57369.65,1227.00,7680,150,82,144815943.00,71,F1,30,,,,,
2026-09-04,2026-09-04,FO,NSE,IDO,62291,,BANKNIFTY,,2026-11-23,2026-11-23,59500.00,CE,BANKNIFTY26NOV59500CE,0.00,0.00,0.00,1810.65,0.00,1810.65,57369.65,1564.68,0,0,0,0.00,0,F1,30,,,,,
2026-09-04,2026-09-04,FO,NSE,IDO,62325,,BANKNIFTY,,2026-11-23,2026-11-23,60900.00,CE,BANKNIFTY26NOV60900CE,0.00,0.00,0.00,1312.45,0.00,1312.45,57369.65,1094.78,0,0,0,0.00,0,F1,30,,,,,
2026-09-04,2026-09-04,FO,NSE,IDO,62358,,BANKNIFTY,,2026-11-23,2026-11-23,61500.00,CE,BANKNIFTY26NOV61500CE,0.00,0.00,0.00,1134.30,0.00,1134.30,57369.65,930.47,0,0,0,0.00,0,F1,30,,,,,
2026-09-04,2026-09-04,FO,NSE,IDO,62507,,BANKNIFTY,,2026-11-23,2026-11-23,62700.00,CE,BANKNIFTY26NOV62700CE,0.00,0.00,0.00,838.70,0.00,838.70,57369.65,661.80,0,0,0,0.00,0,F1,30,,,,,
2026-09-04,2026-09-04,FO,NSE,IDO,76392,,BANKNIFTY,,2027-03-30,2027-03-30,52500.00,CE,BANKNIFTY27MAR52500CE,0.00,0.00,0.00,4655.40,0.00,4655.40,57369.65,7659.55,0,0,0,0.00,0,F1,30,,,,,
2026-09-04,2026-09-04,FO,NSE,IDO,52283,,BANKNIFTY,,2026-09-29,2026-09-29,51000.00,PE,BANKNIFTY26SEP51000PE,14.00,14.95,12.05,12.60,12.20,14.95,57369.65,12.60,248340,-4260,1648,2522085331.50,1077,F1,30,,,,,
2026-09-04,2026-09-04,FO,NSE,IDO,69829,,BANKNIFTY,,2026-09-29,2026-09-29,57800.00,PE,BANKNIFTY26SEP57800PE,784.05,784.05,594.00,666.90,661.90,741.95,57369.65,666.90,209550,-3090,23440,41105662072.50,17227,F1,30,,,,,
2026-09-04,2026-09-04,FO,NSE,IDO,69873,,BANKNIFTY,,2026-09-29,2026-09-29,58900.00,PE,BANKNIFTY26SEP58900PE,1420.65,1420.65,1240.00,1349.80,1352.30,1441.90,57369.65,1349.80,16740,330,76,137248134.00,67,F1,30,,,,,
2026-09-04,2026-09-04,FO,NSE,IDO,69658,,BANKNIFTY,,2026-09-29,2026-09-29,51600.00,CE,BANKNIFTY26SEP51600CE,0.00,0.00,0.00,7072.05,0.00,7072.05,57369.65,5995.94,0,0,0,0.00,0,F1,30,,,,,
2026-09-04,2026-09-04,FO,NSE,IDO,70797,,BANKNIFTY,,2027-06-29,2027-06-29,60000.00,PE,BANKNIFTY27JUN60000PE,0.00,0.00,0.00,4251.70,0.00,4251.70,57369.65,3867.91,0,0,0,0.00,0,F1,30,,,,,
2026-09-04,2026-09-04,FO,NSE,IDO,62105,,BANKNIFTY,,2026-11-23,2026-11-23,53300.00,PE,BANKNIFTY26NOV53300PE,0.00,0.00,0.00,545.05,0.00,545.05,57369.65,474.21,0,0,0,0.00,0,F1,30,,,,,
2026-09-04,2026-09-04,FO,NSE,IDO,53251,,BANKNIFTY,,2026-12-29,2026-12-29,66000.00,PE,BANKNIFTY26DEC66000PE,0.00,0.00,0.00,7592.00,7592.00,7592.00,57369.65,7791.47,60,0,0,0.00,0,F1,30,,,,,
2026-09-04,2026-09-04,FO,NSE,IDO,62667,,BANKNIFTY,,2026-11-23,2026-11-23,64500.00,PE,BANKNIFTY26NOV64500PE,0.00,0.00,0.00,6538.30,0.00,6538.30,57369.65,6606.28,0,0,0,0.00,0,F1,30,,,,,
2026-09-04,2026-09-04,FO,NSE,IDO,62208,,BANKNIFTY,,2026-11-23,2026-11-23,57000.00,PE,BANKNIFTY26NOV57000PE,662.85,700.00,612.00,641.50,645.95,734.75,57369.65,641.50,20100,3420,142,245566261.50,117,F1,30,,,,,
2026-09-04,2026-09-04,FO,NSE,IDO,62202,,BANKNIFTY,,2026-11-23,2026-11-23,56700.00,PE,BANKNIFTY26NOV56700PE,0.00,0.00,0.00,1532.55,0.00,1532.55,57369.65,1448.58,0,0,0,0.00,0,F1,30,,,,,
2026-09-04,2026-09-04,FO,NSE,IDO,62064,,BANKNIFTY,,2026-11-23,2026-11-23,51500.00,PE,BANKNIFTY26NOV51500PE,0.00,0.00,0.00,273.70,0.00,273.70,57369.65,223.08,0,0,0,0.00,0,F1,30,,,,,
2026-09-04,2026-09-04,FO,NSE,IDO,49557,,BANKNIFTY,,2026-10-27,2026-10-27,59300.00,PE,BANKNIFTY26OCT59300PE,0.00,0.00,0.00,1568.35,1568.35,1568.35,57369.65,2526.97,180,0,0,0.00,0,F1,30,,,,,
2026-09-04,2026-09-04,FO,NSE,IDO,49546,,BANKNIFTY,,2026-10-27,2026-10-27,59000.00,PE,BANKNIFTY26OCT59000PE,1462.15,1536.95,1360.00,1451.75,1447.30,1532.00,57369.65,1451.75,61770,9090,491,890103726.00,401,F1,30,,,,,
2026-09-04,2026-09-04,FO,NSE,IDO,49512,,BANKNIFTY,,2026-10-27,2026-10-27,57700.00,PE,BANKNIFTY26OCT57700PE,826.00,826.00,740.00,782.05,781.50,848.10,57369.65,782.05,10170,-240,29,50865552.00,22,F1,30,,,,,
2026-09-04,2026-09-04,FO,NSE,IDO,70081,,BANKNIFTY,,2026-09-29,2026-09-29,62200.00,PE,BANKNIFTY26SEP62200PE,0.00,0.00,0.00,4779.90,0.00,4779.90,57369.65,4674.60,0,0,0,0.00,0,F1,30,,,,,
2026-09-04,2026-09-04,FO,NSE,IDO,70020,,BANKNIFTY,,2026-09-29,2026-09-29,60500.00,PE,BANKNIFTY26SEP60500PE,2670.00,2715.50,2650.00,2672.50,2672.50,2724.50,57369.65,3168.89,9720,150,8,15164275.50,6,F1,30,,,,,
2026-09-04,2026-09-04,FO,NSE,IDO,69993,,BANKNIFTY,,2026-09-29,2026-09-29,59600.00,PE,BANKNIFTY26SEP59600PE,1910.70,1915.45,1833.70,1833.70,1833.70,1952.60,57369.65,2458.33,390,30,8,14758624.50,8,F1,30,,,,,
2026-09-04,2026-09-04,FO,NSE,IDO,69827,,BANKNIFTY,,2026-09-29,2026-09-29,57700.00,PE,BANKNIFTY26SEP57700PE,630.00,699.90,553.00,618.75,613.00,685.70,57369.65,618.75,182970,2280,30390,53162644909.50,23297,F1,30,,,,,
2026-09-04,2026-09-04,FO,NSE,IDO,69804,,BANKNIFTY,,2026-09-29,2026-09-29,56600.00,PE,BANKNIFTY26SEP56600PE,277.95,307.10,231.00,257.55,258.85,305.20,57369.65,257.55,55440,6690,3819,6514912183.50,2519,F1,30,,,,,
2026-09-04,2026-09-04,FO,NSE,IDO,52298,,BANKNIFTY,,2026-09-29,2026-09-29,55500.00,PE,BANKNIFTY26SEP55500PE,110.00,121.75,89.70,98.70,99.55,120.85,57369.65,98.70,375300,-49800,14817,24714722916.00,8998,F1,30,,,,,
2026-09-04,2026-09-04,FO,NSE,IDO,69772,,BANKNIFTY,,2026-09-29,2026-09-29,55100.00,PE,BANKNIFTY26SEP55100PE,64.05,85.85,56.75,70.10,72.35,90.05,57369.65,70.10,22680,7260,2040,3376568400.00,729,F1,30,,,,,
2026-09-04,2026-09-04,FO,NSE,IDO,62317,,BANKNIFTY,,2026-11-23,2026-11-23,60700.00,CE,BANKNIFTY26NOV60700CE,0.00,0.00,0.00,1376.40,0.00,1376.40,57369.65,1154.29,0,0,0,0.00,0,F1,30,,,,,
2026-09-04,2026-09-04,FO,NSE,IDO,62297,,BANKNIFTY,,2026-11-23,2026-11-23,59800.00,CE,BANKNIFTY26NOV59800CE,0.00,0.00,0.00,1693.70,0.00,1693.70,57369.65,1453.22,0,0,0,0.00,0,F1,30,,,,,
2026-09-04,2026-09-04,FO,NSE,IDO,62295,,BANKNIFTY,,2026-11-23,2026-11-23,59700.00,CE,BANKNIFTY26NOV59700CE,0.00,0.00,0.00,1732.05,0.00,1732.05,57369.65,1489.70,0,0,0,0.00,0,F1,30,,,,,
2026-09-04,2026-09-04,FO,NSE,IDO,62281,,BANKNIFTY,,2026-11-23,2026-11-23,59200.00,CE,BANKNIFTY26NOV59200CE,0.00,0.00,0.00,1933.35,0.00,1933.35,57369.65,1682.27,0,0,0,0.00,0,F1,30,,,,,
2026-09-04,2026-09-04,FO,NSE,IDO,62191,,BANKNIFTY,,2026-11-23,2026-11-23,56400.00,CE,BANKNIFTY26NOV56400CE,0.00,0.00,0.00,3368.10,0.00,3368.10,57369.65,3091.17,0,0,0,0.00,0,F1,30,,,,,
2026-09-04,2026-09-04,FO,NSE,IDO,62174,,BANKNIFTY,,2026-11-23,2026-11-23,55700.00,CE,BANKNIFTY26NOV55700CE,0.00,0.00,0.00,3808.90,0.00,3808.90,57369.65,3532.11,0,0,0,0.00,0,F1,30,,,,,
2026-09-04,2026-09-04,FO,NSE,IDO,62155,,BANKNIFTY,,2026-11-23,2026-11-23,55000.00,CE,BANKNIFTY26NOV55000CE,0.00,0.00,0.00,4281.30,0.00,4281.30,57369.65,4007.03,0,0,0,0.00,0,F1,30,,,,,
2026-09-04,2026-09-04,FO,NSE,IDO,62102,,BANKNIFTY,,2026-11-23,2026-11-23,53200.00,CE,BANKNIFTY26NOV53200CE,0.00,0.00,0.00,5630.60,0.00,5630.60,57369.65,5371.53,0,0,0,0.00,0,F1,30,,,,,
2026-09-04,2026-09-04,FO,NSE,IDO,49641,,BANKNIFTY,,2026-10-27,2026-10-27,62800.00,CE,BANKNIFTY26OCT62800CE,0.00,0.00,0.00,713.70,0.00,713.70,57369.65,328.81,0,0,0,0.00,0,F1,30,,,,,
2026-09-04,2026-09-04,FO,NSE,IDO,49531,,BANKNIFTY,,2026-10-27,2026-10-27,58500.00,CE,BANKNIFTY26OCT58500CE,789.75,839.30,741.00,756.35,754.25,754.80,57369.65,756.35,42840,3210,429,763014732.00,291,F1,30,,,,,
2026-09-04,2026-09-04,FO,NSE,IDO,49529,,BANKNIFTY,,2026-10-27,2026-10-27,58400.00,CE,BANKNIFTY26OCT58400CE,0.00,0.00,0.00,2015.90,0.00,2015.90,57369.65,1506.24,0,0,0,0.00,0,F1,30,,,,,
2026-09-04,2026-09-04,FO,NSE,IDO,49493,,BANKNIFTY,,2026-10-27,2026-10-27,56900.00,CE,BANKNIFTY26OCT56900CE,1661.00,1729.30,1641.00,1729.30,1729.30,1710.00,57369.65,2262.27,420,150,6,10548220.50,4,F1,30,,,,,
2026-09-04,2026-09-04,FO,NSE,IDO,49389,,BANKNIFTY,,2026-10-27,2026-10-27,53100.00,CE,BANKNIFTY26OCT53100CE,0.00,0.00,0.00,5159.60,0.00,5159.60,57369.65,5025.14,0,0,0,0.00,0,F1,30,,,,,
2026-09-04,2026-09-04,FO,NSE,IDO,70080,,BANKNIFTY,,2026-09-29,2026-09-29,62200.00,CE,BANKNIFTY26SEP62200CE,0.00,0.00,0.00,1076.90,0.00,1076.90,57369.65,95.94,0,0,0,0.00,0,F1,30,,,,,
2026-09-04,2026-09-04,FO,NSE,IDO,70023,,BANKNIFTY,,2026-09-29,2026-09-29,60700.00,CE,BANKNIFTY26SEP60700CE,31.40,31.85,24.00,25.30,25.45,31.05,57369.65,25.30,26160,16230,2497,4549092310.50,1105,F1,30,,,,,
2026-09-04,2026-09-04,FO,NSE,IDO,69840,,BANKNIFTY,,2026-09-29,2026-09-29,58100.00,CE,BANKNIFTY26SEP58100CE,530.65,580.45,477.75,488.30,491.00,499.55,57369.65,488.30,117690,-6810,10159,17866257118.50,7721,F1,30,,,,,
2026-09-04,2026-09-04,FO,NSE,IDO,69824,,BANKNIFTY,,2026-09-29,2026-09-29,57600.00,CE,BANKNIFTY26SEP57600CE,760.05,857.00,721.00,738.85,744.00,743.00,57369.65,738.85,251580,-9120,42228,73970202012.00,28207,F1,30,,,,,
2026-09-04,2026-09-04,FO,NSE,IDO,69787,,BANKNIFTY,,2026-09-29,2026-09-29,56000.00,CE,BANKNIFTY26SEP56000CE,1906.50,2066.00,1852.55,1909.65,1900.10,1867.20,57369.65,1909.65,62250,30,762,1324617852.00,470,F1,30,,,,,
2026-09-04,2026-09-04,FO,NSE,IDO,49470,,BANKNIFTY,,2026-10-27,2026-10-27,56100.00,PE,BANKNIFTY26OCT56100PE,0.00,0.00,0.00,1659.85,0.00,1659.85,57369.65,956.33,0,0,0,0.00,0,F1,30,,,,,
2026-09-04,2026-09-04,FO,NSE,IDO,49510,,BANKNIFTY,,2026-10-27,2026-10-27,57600.00,PE,BANKNIFTY26OCT57600PE,760.45,803.25,693.50,740.85,740.85,794.90,57369.65,740.85,12450,-90,91,159228145.50,66,F1,30,,,,,
2026-09-04,2026-09-04,FO,NSE,IDO,62072,,BANKNIFTY,,2026-11-23,2026-11-23,51700.00,PE,BANKNIFTY26NOV51700PE,0.00,0.00,0.00,297.10,0.00,297.10,57369.65,244.13,0,0,0,0.00,0,F1,30,,,,,
2026-09-04,2026-09-04,FO,NSE,IDO,62096,,BANKNIFTY,,2026-11-23,2026-11-23,52900.00,PE,BANKNIFTY26NOV52900PE,0.00,0.00,0.00,472.10,0.00,472.10,57369.65,405.40,0,0,0,0.00,0,F1,30,,,,,
2026-09-04,2026-09-04,FO,NSE,IDO,62167,,BANKNIFTY,,2026-11-23,2026-11-23,55500.00,PE,BANKNIFTY26NOV55500PE,0.00,0.00,0.00,1102.00,0.00,1102.00,57369.65,1016.87,0,0,0,0.00,0,F1,30,,,,,
2026-09-04,2026-09-04,FO,NSE,IDO,62204,,BANKNIFTY,,2026-11-23,2026-11-23,56800.00,PE,BANKNIFTY26NOV56800PE,0.00,0.00,0.00,1572.75,0.00,1572.75,57369.65,1489.21,0,0,0,0.00,0,F1,30,,,,,
2026-09-04,2026-09-04,FO,NSE,IDO,62214,,BANKNIFTY,,2026-11-23,2026-11-23,57300.00,PE,BANKNIFTY26NOV57300PE,0.00,0.00,0.00,1783.85,0.00,1783.85,57369.65,1703.33,0,0,0,0.00,0,F1,30,,,,,
2026-09-04,2026-09-04,FO,NSE,IDO,62225,,BANKNIFTY,,2026-11-23,2026-11-23,57700.00,PE,BANKNIFTY26NOV57700PE,0.00,0.00,0.00,1964.90,0.00,1964.90,57369.65,1887.81,0,0,0,0.00,0,F1,30,,,,,
2026-09-04,2026-09-04,FO,NSE,IDO,62263,,BANKNIFTY,,2026-11-23,2026-11-23,58400.00,PE,BANKNIFTY26NOV58400PE,0.00,0.00,0.00,2307.60,0.00,2307.60,57369.65,2238.56,0,0,0,0.00,0,F1,30,,,,,
2026-09-04,2026-09-04,FO,NSE,IDO,76434,,BANKNIFTY,,2027-03-30,2027-03-30,66000.00,PE,BANKNIFTY27MAR66000PE,0.00,0.00,0.00,12012.15,0.00,12012.15,57369.65,7571.83,0,0,0,0.00,0,F1,30,,,,,
2026-09-04,2026-09-04,FO,NSE,IDO,49396,,BANKNIFTY,,2026-10-27,2026-10-27,53300.00,PE,BANKNIFTY26OCT53300PE,0.00,0.00,0.00,753.35,0.00,753.35,57369.65,288.92,0,0,0,0.00,0,F1,30,,,,,
2026-09-04,2026-09-04,FO,NSE,IDO,49370,,BANKNIFTY,,2026-10-27,2026-10-27,52100.00,PE,BANKNIFTY26OCT52100PE,0.00,0.00,0.00,503.35,0.00,503.35,57369.65,152.65,0,0,0,0.00,0,F1,30,,,,,
2026-09-04,2026-09-04,FO,NSE,IDO,70011,,BANKNIFTY,,2026-09-29,2026-09-29,60100.00,CE,BANKNIFTY26SEP60100CE,53.50,65.15,49.85,51.30,52.50,60.50,57369.65,51.30,47580,9780,2695,4863594723.00,1294,F1,30,,,,,
2026-09-04,2026-09-04,FO,NSE,IDO,69799,,BANKNIFTY,,2026-09-29,2026-09-29,56400.00,CE,BANKNIFTY26SEP56400CE,1572.70,1714.20,1523.10,1574.55,1560.15,1555.70,57369.65,1574.55,4140,900,75,130580838.00,57,F1,30,,,,,
2026-09-04,2026-09-04,FO,NSE,IDO,69698,,BANKNIFTY,,2026-09-29,2026-09-29,53700.00,CE,BANKNIFTY26SEP53700CE,0.00,0.00,0.00,5369.65,0.00,5369.65,57369.65,4005.21,0,0,0,0.00,0,F1,30,,,,,
2026-09-04,2026-09-04,FO,NSE,IDO,69686,,BANKNIFTY,,2026-09-29,2026-09-29,53100.00,CE,BANKNIFTY26SEP53100CE,0.00,0.00,0.00,5835.15,0.00,5835.15,57369.65,4556.92,0,0,0,0.00,0,F1,30,,,,,
2026-09-04,2026-09-04,FO,NSE,IDF,61466,,BANKNIFTY,,2026-11-23,2026-11-23,,,BANKNIFTY26NOVFUT,58450.00,58550.00,58314.00,58406.40,58408.00,58327.60,57369.65,58406.40,29220,5850,348,610110294.00,217,F1,30,,,,,
2026-09-04,2026-09-04,FO,NSE,IDO,62233,,BANKNIFTY,,2026-11-23,2026-11-23,57900.00,CE,BANKNIFTY26NOV57900CE,0.00,0.00,0.00,2533.85,0.00,2533.85,57369.65,2265.62,0,0,0,0.00,0,F1,30,,,,,
2026-09-04,2026-09-04,FO,NSE,IDO,62250,,BANKNIFTY,,2026-11-23,2026-11-23,58200.00,CE,BANKNIFTY26NOV58200CE,0.00,0.00,0.00,2385.05,0.00,2385.05,57369.65,2120.02,0,0,0,0.00,0,F1,30,,,,,
2026-09-04,2026-09-04,FO,NSE,IDO,62461,,BANKNIFTY,,2026-11-23,2026-11-23,62100.00,CE,BANKNIFTY26NOV62100CE,0.00,0.00,0.00,978.20,0.00,978.20,57369.65,789.58,0,0,0,0.00,0,F1,30,,,,,
2026-09-04,2026-09-04,FO,NSE,IDO,62517,,BANKNIFTY,,2026-11-23,2026-11-23,62900.00,CE,BANKNIFTY26NOV62900CE,0.00,0.00,0.00,793.40,0.00,793.40,57369.65,623.79,0,0,0,0.00,0,F1,30,,,,,
2026-09-04,2026-09-04,FO,NSE,IDO,62650,,BANKNIFTY,,2026-11-23,2026-11-23,64000.00,CE,BANKNIFTY26NOV64000CE,0.00,0.00,0.00,588.20,0.00,588.20,57369.65,445.54,0,0,0,0.00,0,F1,30,,,,,
2026-09-04,2026-09-04,FO,NSE,IDO,53250,,BANKNIFTY,,2026-12-29,2026-12-29,66000.00,CE,BANKNIFTY26DEC66000CE,0.00,0.00,0.00,2499.10,0.00,2499.10,57369.65,498.20,0,0,0,0.00,0,F1,30,,,,,
2026-09-04,2026-09-04,FO,NSE,IDO,69764,,BANKNIFTY,,2026-09-29,2026-09-29,54800.00,PE,BANKNIFTY26SEP54800PE,62.05,67.90,51.00,54.95,57.00,67.10,57369.65,54.95,48900,1140,1456,2396135077.50,642,F1,30,,,,,
2026-09-04,2026-09-04,FO,NSE,IDO,69766,,BANKNIFTY,,2026-09-29,2026-09-29,54900.00,PE,BANKNIFTY26SEP54900PE,51.30,73.25,51.30,59.90,58.60,72.15,57369.65,59.90,19590,17970,1118,1843348272.00,457,F1,30,,,,,
2026-09-04,2026-09-04,FO,NSE,IDO,70030,,BANKNIFTY,,2026-09-29,2026-09-29,61000.00,PE,BANKNIFTY26SEP61000PE,3220.00,3251.60,3072.00,3227.90,3240.00,3324.40,57369.65,3227.90,62970,540,105,202092984.00,75,F1,30,,,,,
2026-09-04,2026-09-04,FO,NSE,IDO,70046,,BANKNIFTY,,2026-09-29,2026-09-29,61800.00,PE,BANKNIFTY26SEP61800PE,0.00,0.00,0.00,4492.50,0.00,4492.50,57369.65,4306.12,0,0,0,0.00,0,F1,30,,,,,
2026-09-04,2026-09-04,FO,NSE,IDO,49412,,BANKNIFTY,,2026-10-27,2026-10-27,53800.00,PE,BANKNIFTY26OCT53800PE,0.00,0.00,0.00,882.10,0.00,882.10,57369.65,368.09,0,0,0,0.00,0,F1,30,,,,,
2026-09-04,2026-09-04,FO,NSE,IDO,49478,,BANKNIFTY,,2026-10-27,2026-10-27,56400.00,PE,BANKNIFTY26OCT56400PE,0.00,0.00,0.00,1786.70,0.00,1786.70,57369.65,1064.70,0,0,0,0.00,0,F1,30,,,,,
2026-09-04,2026-09-04,FO,NSE,IDO,62040,,BANKNIFTY,,2026-11-23,2026-11-23,51000.00,PE,BANKNIFTY26NOV51000PE,0.00,0.00,0.00,221.50,0.00,221.50,57369.65,176.74,0,0,0,0.00,0,F1,30,,,,,
2026-09-04,2026-09-04,FO,NSE,IDO,62076,,BANKNIFTY,,2026-11-23,2026-11-23,51900.00,PE,BANKNIFTY26NOV51900PE,0.00,0.00,0.00,322.05,0.00,322.05,57369.65,266.73,0,0,0,0.00,0,F1,30,,,,,
2026-09-04,2026-09-04,FO,NSE,IDO,62082,,BANKNIFTY,,2026-11-23,2026-11-23,52200.00,PE,BANKNIFTY26NOV52200PE,0.00,0.00,0.00,362.50,0.00,362.50,57369.65,303.67,0,0,0,0.00,0,F1,30,,,,,
2026-09-04,2026-09-04,FO,NSE,IDO,62175,,BANKNIFTY,,2026-11-23,2026-11-23,55700.00,PE,BANKNIFTY26NOV55700PE,0.00,0.00,0.00,1167.25,0.00,1167.25,57369.65,1081.77,0,0,0,0.00,0,F1,30,,,,,
2026-09-04,2026-09-04,FO,NSE,IDO,62192,,BANKNIFTY,,2026-11-23,2026-11-23,56400.00,PE,BANKNIFTY26NOV56400PE,0.00,0.00,0.00,1416.00,0.00,1416.00,57369.65,1331.03,0,0,0,0.00,0,F1,30,,,,,
2026-09-04,2026-09-04,FO,NSE,IDO,62239,,BANKNIFTY,,2026-11-23,2026-11-23,57900.00,PE,BANKNIFTY26NOV57900PE,0.00,0.00,0.00,2059.50,0.00,2059.50,57369.65,1984.44,0,0,0,0.00,0,F1,30,,,,,
2026-09-04,2026-09-04,FO,NSE,IDO,62268,,BANKNIFTY,,2026-11-23,2026-11-23,58600.00,PE,BANKNIFTY26NOV58600PE,0.00,0.00,0.00,2411.65,0.00,2411.65,57369.65,2345.37,0,0,0,0.00,0,F1,30,,,,,
2026-09-04,2026-09-04,FO,NSE,IDO,62290,,BANKNIFTY,,2026-11-23,2026-11-23,59400.00,PE,BANKNIFTY26NOV59400PE,0.00,0.00,0.00,2854.30,0.00,2854.30,57369.65,2800.99,0,0,0,0.00,0,F1,30,,,,,
2026-09-04,2026-09-04,FO,NSE,IDO,62296,,BANKNIFTY,,2026-11-23,2026-11-23,59700.00,PE,BANKNIFTY26NOV59700PE,0.00,0.00,0.00,3031.00,0.00,3031.00,57369.65,2983.30,0,0,0,0.00,0,F1,30,,,,,
2026-09-04,2026-09-04,FO,NSE,IDO,62300,,BANKNIFTY,,2026-11-23,2026-11-23,59900.00,PE,BANKNIFTY26NOV59900PE,0.00,0.00,0.00,3151.95,0.00,3151.95,57369.65,3108.20,0,0,0,0.00,0,F1,30,,,,,
2026-09-04,2026-09-04,FO,NSE,IDO,62347,,BANKNIFTY,,2026-11-23,2026-11-23,61300.00,PE,BANKNIFTY26NOV61300PE,0.00,0.00,0.00,4066.60,0.00,4066.60,57369.65,4054.10,0,0,0,0.00,0,F1,30,,,,,
2026-09-04,2026-09-04,FO,NSE,IDO,53227,,BANKNIFTY,,2026-12-29,2026-12-29,55500.00,PE,BANKNIFTY26DEC55500PE,495.00,502.95,453.20,472.45,469.15,497.85,57369.65,472.45,21540,1260,107,179651742.00,71,F1,30,,,,,
2026-09-04,2026-09-04,FO,NSE,IDO,70795,,BANKNIFTY,,2027-06-29,2027-06-29,58500.00,PE,BANKNIFTY27JUN58500PE,0.00,0.00,0.00,3574.05,0.00,3574.05,57369.65,3170.00,0,0,0,0.00,0,F1,30,,,,,
2026-09-04,2026-09-04,FO,NSE,IDO,62169,,BANKNIFTY,,2026-11-23,2026-11-23,55600.00,CE,BANKNIFTY26NOV55600CE,0.00,0.00,0.00,3874.50,0.00,3874.50,57369.65,3597.91,0,0,0,0.00,0,F1,30,,,,,
2026-09-04,2026-09-04,FO,NSE,IDO,62115,,BANKNIFTY,,2026-11-23,2026-11-23,53700.00,CE,BANKNIFTY26NOV53700CE,0.00,0.00,0.00,5238.10,0.00,5238.10,57369.65,4973.79,0,0,0,0.00,0,F1,30,,,,,
2026-09-04,2026-09-04,FO,NSE,IDO,62113,,BANKNIFTY,,2026-11-23,2026-11-23,53600.00,CE,BANKNIFTY26NOV53600CE,0.00,0.00,0.00,5315.55,0.00,5315.55,57369.65,5052.25,0,0,0,0.00,0,F1,30,,,,,
2026-09-04,2026-09-04,FO,NSE,IDO,49353,,BANKNIFTY,,2026-10-27,2026-10-27,51400.00,CE,BANKNIFTY26OCT51400CE,0.00,0.00,0.00,6517.45,0.00,6517.45,57369.65,6549.18,0,0,0,0.00,0,F1,30,,,,,
2026-09-04,2026-09-04,FO,NSE,IDO,69774,,BANKNIFTY,,2026-09-29,2026-09-29,55200.00,PE,BANKNIFTY26SEP55200PE,88.60,93.75,69.95,75.65,75.60,92.80,57369.65,75.65,119400,-3000,1663,2757846855.00,845,F1,30,,,,,
2026-09-04,2026-09-04,FO,NSE,IDO,69659,,BANKNIFTY,,2026-09-29,2026-09-29,51600.00,PE,BANKNIFTY26SEP51600PE,17.00,17.80,13.05,13.25,13.80,15.35,57369.65,13.25,3030,720,73,113038098.00,48,F1,30,,,,,
2026-09-04,2026-09-04,FO,NSE,IDO,70804,,BANKNIFTY,,2027-06-29,2027-06-29,66000.00,CE,BANKNIFTY27JUN66000CE,0.00,0.00,0.00,3102.40,0.00,3102.40,57369.65,2163.12,0,0,0,0.00,0,F1,30,,,,,
2026-09-04,2026-09-04,FO,NSE,IDO,70761,,BANKNIFTY,,2027-06-29,2027-06-29,49500.00,CE,BANKNIFTY27JUN49500CE,0.00,0.00,0.00,11915.80,0.00,11915.80,57369.65,11025.48,0,0,0,0.00,0,F1,30,,,,,
2026-09-04,2026-09-04,FO,NSE,IDO,62708,,BANKNIFTY,,2026-11-23,2026-11-23,65500.00,CE,BANKNIFTY26NOV65500CE,0.00,0.00,0.00,381.35,0.00,381.35,57369.65,273.15,0,0,0,0.00,0,F1,30,,,,,
2026-09-04,2026-09-04,FO,NSE,IDO,62420,,BANKNIFTY,,2026-11-23,2026-11-23,61800.00,CE,BANKNIFTY26NOV61800CE,0.00,0.00,0.00,1052.65,0.00,1052.65,57369.65,858.75,0,0,0,0.00,0,F1,30,,,,,
2026-09-04,2026-09-04,FO,NSE,IDO,62275,,BANKNIFTY,,2026-11-23,2026-11-23,59000.00,CE,BANKNIFTY26NOV59000CE,925.00,979.90,902.00,915.75,913.35,906.95,57369.65,915.75,7470,960,122,219341091.00,80,F1,30,,,,,
2026-09-04,2026-09-04,FO,NSE,IDO,49418,,BANKNIFTY,,2026-10-27,2026-10-27,54100.00,PE,BANKNIFTY26OCT54100PE,0.00,0.00,0.00,962.60,0.00,962.60,57369.65,422.98,0,0,0,0.00,0,F1,30,,,,,
2026-09-04,2026-09-04,FO,NSE,IDO,52440,,BANKNIFTY,,2026-09-29,2026-09-29,69000.00,PE,BANKNIFTY26SEP69000PE,11170.00,11180.00,11155.00,11155.00,11155.00,10900.00,57369.65,11351.35,3150,90,3,7215150.00,3,F1,30,,,,,
2026-09-04,2026-09-04,FO,NSE,IDO,70096,,BANKNIFTY,,2026-09-29,2026-09-29,62900.00,PE,BANKNIFTY26SEP62900PE,0.00,0.00,0.00,5304.65,0.00,5304.65,57369.65,5334.06,0,0,0,0.00,0,F1,30,,,,,
2026-09-04,2026-09-04,FO,NSE,IDO,69945,,BANKNIFTY,,2026-09-29,2026-09-29,59500.00,PE,BANKNIFTY26SEP59500PE,1905.00,1910.00,1701.30,1821.00,1826.90,1916.25,57369.65,1821.00,37230,120,236,434122549.50,163,F1,30,,,,,
2026-09-04,2026-09-04,FO,NSE,IDO,52335,,BANKNIFTY,,2026-09-29,2026-09-29,57000.00,PE,BANKNIFTY26SEP57000PE,430.00,430.00,322.65,360.15,357.00,414.95,57369.65,360.15,829980,29280,53493,92059231900.50,35743,F1,30,,,,,
2026-09-04,2026-09-04,FO,NSE,IDO,53235,,BANKNIFTY,,2026-12-29,2026-12-29,58500.00,CE,BANKNIFTY26DEC58500CE,1709.85,1775.50,1652.15,1680.05,1679.25,1672.20,57369.65,1680.05,37140,960,133,240247081.50,64,F1,30,,,,,
2026-09-04,2026-09-04,FO,NSE,IDO,62313,,BANKNIFTY,,2026-11-23,2026-11-23,60500.00,CE,BANKNIFTY26NOV60500CE,0.00,0.00,0.00,1442.65,0.00,1442.65,57369.65,1216.25,0,0,0,0.00,0,F1,30,,,,,
2026-09-04,2026-09-04,FO,NSE,IDO,62307,,BANKNIFTY,,2026-11-23,2026-11-23,60200.00,CE,BANKNIFTY26NOV60200CE,0.00,0.00,0.00,1546.60,0.00,1546.60,57369.65,1313.93,0,0,0,0.00,0,F1,30,,,,,
2026-09-04,2026-09-04,FO,NSE,IDO,62057,,BANKNIFTY,,2026-11-23,2026-11-23,51400.00,CE,BANKNIFTY26NOV51400CE,0.00,0.00,0.00,7140.35,0.00,7140.35,57369.65,6903.18,0,0,0,0.00,0,F1,30,,,,,
2026-09-04,2026-09-04,FO,NSE,IDO,49385,,BANKNIFTY,,2026-10-27,2026-10-27,52900.00,CE,BANKNIFTY26OCT52900CE,0.00,0.00,0.00,5311.85,0.00,5311.85,57369.65,5197.74,0,0,0,0.00,0,F1,30,,,,,
2026-09-04,2026-09-04,FO,NSE,IDO,70082,,BANKNIFTY,,2026-09-29,2026-09-29,62300.00,CE,BANKNIFTY26SEP62300CE,0.00,0.00,0.00,1051.50,0.00,1051.50,57369.65,89.51,0,0,0,0.00,0,F1,30,,,,,
2026-09-04,2026-09-04,FO,NSE,IDO,69817,,BANKNIFTY,,2026-09-29,2026-09-29,57300.00,CE,BANKNIFTY26SEP57300CE,970.00,1048.70,892.70,918.95,926.15,915.15,57369.65,918.95,102330,-4980,18400,32152959427.50,12738,F1,30,,,,,
2026-09-04,2026-09-04,FO,NSE,IDO,62177,,BANKNIFTY,,2026-11-23,2026-11-23,55800.00,CE,BANKNIFTY26NOV55800CE,0.00,0.00,0.00,3743.95,0.00,3743.95,57369.65,3467.00,0,0,0,0.00,0,F1,30,,,,,
2026-09-04,2026-09-04,FO,NSE,IDO,49501,,BANKNIFTY,,2026-10-27,2026-10-27,57300.00,CE,BANKNIFTY26OCT57300CE,1411.90,1510.00,1356.00,1423.65,1410.85,1526.75,57369.65,1423.65,4050,210,30,52854916.50,28,F1,30,,,,,
2026-09-04,2026-09-04,FO,NSE,IDO,49561,,BANKNIFTY,,2026-10-27,2026-10-27,59500.00,CE,BANKNIFTY26OCT59500CE,422.40,454.00,398.00,402.20,400.90,406.50,57369.65,402.20,18930,3750,565,1015683105.00,399,F1,30,,,,,
2026-09-04,2026-09-04,FO,NSE,IDO,49599,,BANKNIFTY,,2026-10-27,2026-10-27,61200.00,CE,BANKNIFTY26OCT61200CE,0.00,0.00,0.00,1068.95,0.00,1068.95,57369.65,605.92,0,0,0,0.00,0,F1,30,,,,,
2026-09-04,2026-09-04,FO,NSE,IDO,49649,,BANKNIFTY,,2026-10-27,2026-10-27,63100.00,CE,BANKNIFTY26OCT63100CE,0.00,0.00,0.00,659.25,0.00,659.25,57369.65,291.04,0,0,0,0.00,0,F1,30,,,,,
2026-09-04,2026-09-04,FO,NSE,IDO,61991,,BANKNIFTY,,2026-11-23,2026-11-23,49500.00,CE,BANKNIFTY26NOV49500CE,0.00,0.00,0.00,8860.35,0.00,8860.35,57369.65,8645.60,0,0,0,0.00,0,F1,30,,,,,
2026-09-04,2026-09-04,FO,NSE,IDO,62159,,BANKNIFTY,,2026-11-23,2026-11-23,55200.00,CE,BANKNIFTY26NOV55200CE,0.00,0.00,0.00,4143.20,0.00,4143.20,57369.65,3867.96,0,0,0,0.00,0,F1,30,,,,,
2026-09-04,2026-09-04,FO,NSE,IDO,62211,,BANKNIFTY,,2026-11-23,2026-11-23,57200.00,CE,BANKNIFTY26NOV57200CE,0.00,0.00,0.00,2904.20,0.00,2904.20,57369.65,2630.40,0,0,0,0.00,0,F1,30,,,,,
2026-09-04,2026-09-04,FO,NSE,IDO,62422,,BANKNIFTY,,2026-11-23,2026-11-23,61900.00,CE,BANKNIFTY26NOV61900CE,0.00,0.00,0.00,1026.45,0.00,1026.45,57369.65,835.16,0,0,0,0.00,0,F1,30,,,,,
2026-09-04,2026-09-04,FO,NSE,IDO,76388,,BANKNIFTY,,2027-03-30,2027-03-30,49500.00,CE,BANKNIFTY27MAR49500CE,0.00,0.00,0.00,6266.75,0.00,6266.75,57369.65,10057.75,0,0,0,0.00,0,F1,30,,,,,
2026-09-04,2026-09-04,FO,NSE,IDO,69689,,BANKNIFTY,,2026-09-29,2026-09-29,53200.00,PE,BANKNIFTY26SEP53200PE,0.00,0.00,0.00,597.40,0.00,597.40,57369.65,78.79,0,0,0,0.00,0,F1,30,,,,,
2026-09-04,2026-09-04,FO,NSE,IDO,69825,,BANKNIFTY,,2026-09-29,2026-09-29,57600.00,PE,BANKNIFTY26SEP57600PE,538.50,655.00,511.30,574.50,570.00,638.45,57369.65,574.50,116220,-4320,49552,86461309804.50,33939,F1,30,,,,,
2026-09-04,2026-09-04,FO,NSE,IDO,70018,,BANKNIFTY,,2026-09-29,2026-09-29,60400.00,PE,BANKNIFTY26SEP60400PE,0.00,0.00,0.00,3552.70,0.00,3552.70,57369.65,3086.22,0,0,0,0.00,0,F1,30,,,,,
2026-09-04,2026-09-04,FO,NSE,IDO,49358,,BANKNIFTY,,2026-10-27,2026-10-27,51600.00,PE,BANKNIFTY26OCT51600PE,0.00,0.00,0.00,420.05,0.00,420.05,57369.65,114.10,0,0,0,0.00,0,F1,30,,,,,
2026-09-04,2026-09-04,FO,NSE,IDO,49637,,BANKNIFTY,,2026-10-27,2026-10-27,62600.00,PE,BANKNIFTY26OCT62600PE,0.00,0.00,0.00,5656.20,0.00,5656.20,57369.65,5003.91,0,0,0,0.00,0,F1,30,,,,,
2026-09-04,2026-09-04,FO,NSE,IDO,62132,,BANKNIFTY,,2026-11-23,2026-11-23,53900.00,PE,BANKNIFTY26NOV53900PE,0.00,0.00,0.00,669.85,0.00,669.85,57369.65,593.46,0,0,0,0.00,0,F1,30,,,,,
2026-09-04,2026-09-04,FO,NSE,IDO,62282,,BANKNIFTY,,2026-11-23,2026-11-23,59200.00,PE,BANKNIFTY26NOV59200PE,0.00,0.00,0.00,2739.70,0.00,2739.70,57369.65,2682.88,0,0,0,0.00,0,F1,30,,,,,
2026-09-04,2026-09-04,FO,NSE,IDO,76389,,BANKNIFTY,,2027-03-30,2027-03-30,49500.00,PE,BANKNIFTY27MAR49500PE,0.00,0.00,0.00,2038.80,0.00,2038.80,57369.65,412.84,0,0,0,0.00,0,F1,30,,,,,
2026-09-04,2026-09-04,FO,NSE,IDO,76418,,BANKNIFTY,,2027-03-30,2027-03-30,60000.00,PE,BANKNIFTY27MAR60000PE,0.00,0.00,0.00,7507.95,0.00,7507.95,57369.65,3678.63,0,0,0,0.00,0,F1,30,,,,,
2026-09-04,2026-09-04,FO,NSE,IDO,69670,,BANKNIFTY,,2026-09-29,2026-09-29,52200.00,CE,BANKNIFTY26SEP52200CE,0.00,0.00,0.00,6565.65,0.00,6565.65,57369.65,5412.84,0,0,0,0.00,0,F1,30,,,,,
2026-09-04,2026-09-04,FO,NSE,IDO,69656,,BANKNIFTY,,2026-09-29,2026-09-29,51500.00,CE,BANKNIFTY26SEP51500CE,0.00,0.00,0.00,7157.85,0.00,7157.85,57369.65,6093.79,0,0,0,0.00,0,F1,30,,,,,
2026-09-04,2026-09-04,FO,NSE,IDO,76425,,BANKNIFTY,,2027-03-30,2027-03-30,63000.00,CE,BANKNIFTY27MAR63000CE,855.90,890.00,820.50,845.95,830.00,852.20,57369.65,845.95,7530,300,20,38321107.50,18,F1,30,,,,,
2026-09-04,2026-09-04,FO,NSE,IDO,70078,,BANKNIFTY,,2026-09-29,2026-09-29,62100.00,CE,BANKNIFTY26SEP62100CE,0.00,0.00,0.00,1102.75,0.00,1102.75,57369.65,102.78,0,0,0,0.00,0,F1,30,,,,,
2026-09-04,2026-09-04,FO,NSE,IDO,49433,,BANKNIFTY,,2026-10-27,2026-10-27,54800.00,CE,BANKNIFTY26OCT54800CE,0.00,0.00,0.00,3956.60,0.00,3956.60,57369.65,3654.59,0,0,0,0.00,0,F1,30,,,,,
2026-09-04,2026-09-04,FO,NSE,IDO,62189,,BANKNIFTY,,2026-11-23,2026-11-23,56300.00,CE,BANKNIFTY26NOV56300CE,0.00,0.00,0.00,3429.05,0.00,3429.05,57369.65,3152.03,0,0,0,0.00,0,F1,30,,,,,
2026-09-04,2026-09-04,FO,NSE,IDO,62298,,BANKNIFTY,,2026-11-23,2026-11-23,59800.00,PE,BANKNIFTY26NOV59800PE,0.00,0.00,0.00,3091.15,0.00,3091.15,57369.65,3045.42,0,0,0,0.00,0,F1,30,,,,,
2026-09-04,2026-09-04,FO,NSE,IDO,62292,,BANKNIFTY,,2026-11-23,2026-11-23,59500.00,PE,BANKNIFTY26NOV59500PE,0.00,0.00,0.00,2912.55,0.00,2912.55,57369.65,2861.08,0,0,0,0.00,0,F1,30,,,,,
2026-09-04,2026-09-04,FO,NSE,IDO,62206,,BANKNIFTY,,2026-11-23,2026-11-23,56900.00,PE,BANKNIFTY26NOV56900PE,0.00,0.00,0.00,1613.65,0.00,1613.65,57369.65,1530.57,0,0,0,0.00,0,F1,30,,,,,
2026-09-04,2026-09-04,FO,NSE,IDO,62190,,BANKNIFTY,,2026-11-23,2026-11-23,56300.00,PE,BANKNIFTY26NOV56300PE,0.00,0.00,0.00,1378.50,0.00,1378.50,57369.65,1293.28,0,0,0,0.00,0,F1,30,,,,,
2026-09-04,2026-09-04,FO,NSE,IDO,62152,,BANKNIFTY,,2026-11-23,2026-11-23,54800.00,PE,BANKNIFTY26NOV54800PE,0.00,0.00,0.00,896.10,0.00,896.10,57369.65,813.60,0,0,0,0.00,0,F1,30,,,,,
2026-09-04,2026-09-04,FO,NSE,IDO,49382,,BANKNIFTY,,2026-10-27,2026-10-27,52700.00,PE,BANKNIFTY26OCT52700PE,0.00,0.00,0.00,619.10,0.00,619.10,57369.65,212.19,0,0,0,0.00,0,F1,30,,,,,
2026-09-04,2026-09-04,FO,NSE,IDO,69671,,BANKNIFTY,,2026-09-29,2026-09-29,52200.00,PE,BANKNIFTY26SEP52200PE,18.40,18.40,14.95,15.30,15.05,17.55,57369.65,15.30,2010,-1650,151,236538976.50,87,F1,30,,,,,
2026-09-04,2026-09-04,FO,NSE,IDO,69669,,BANKNIFTY,,2026-09-29,2026-09-29,52100.00,PE,BANKNIFTY26SEP52100PE,18.00,18.05,14.60,15.15,16.25,18.00,57369.65,15.15,13290,-1800,612,956843899.50,341,F1,30,,,,,
2026-09-04,2026-09-04,FO,NSE,IDO,76400,,BANKNIFTY,,2027-03-30,2027-03-30,58500.00,CE,BANKNIFTY27MAR58500CE,0.00,0.00,0.00,2367.80,0.00,2367.80,57369.65,3896.91,0,0,0,0.00,0,F1,30,,,,,
2026-09-04,2026-09-04,FO,NSE,IDO,62483,,BANKNIFTY,,2026-11-23,2026-11-23,62300.00,CE,BANKNIFTY26NOV62300CE,0.00,0.00,0.00,929.75,0.00,929.75,57369.65,743.50,0,0,0,0.00,0,F1,30,,,,,
2026-09-04,2026-09-04,FO,NSE,IDO,62199,,BANKNIFTY,,2026-11-23,2026-11-23,56600.00,CE,BANKNIFTY26NOV56600CE,0.00,0.00,0.00,3248.10,0.00,3248.10,57369.65,2971.62,0,0,0,0.00,0,F1,30,,,,,
2026-09-04,2026-09-04,FO,NSE,IDO,62181,,BANKNIFTY,,2026-11-23,2026-11-23,55900.00,CE,BANKNIFTY26NOV55900CE,0.00,0.00,0.00,3679.65,0.00,3679.65,57369.65,3402.59,0,0,0,0.00,0,F1,30,,,,,
2026-09-04,2026-09-04,FO,NSE,IDO,62149,,BANKNIFTY,,2026-11-23,2026-11-23,54700.00,CE,BANKNIFTY26NOV54700CE,0.00,0.00,0.00,4495.70,0.00,4495.70,57369.65,4223.31,0,0,0,0.00,0,F1,30,,,,,
2026-09-04,2026-09-04,FO,NSE,IDO,49611,,BANKNIFTY,,2026-10-27,2026-10-27,61700.00,CE,BANKNIFTY26OCT61700CE,0.00,0.00,0.00,947.70,0.00,947.70,57369.65,504.16,0,0,0,0.00,0,F1,30,,,,,
2026-09-04,2026-09-04,FO,NSE,IDO,49427,,BANKNIFTY,,2026-10-27,2026-10-27,54600.00,CE,BANKNIFTY26OCT54600CE,0.00,0.00,0.00,4089.00,0.00,4089.00,57369.65,3805.76,0,0,0,0.00,0,F1,30,,,,,
2026-09-04,2026-09-04,FO,NSE,IDO,69704,,BANKNIFTY,,2026-09-29,2026-09-29,54100.00,CE,BANKNIFTY26SEP54100CE,0.00,0.00,0.00,5069.65,0.00,5069.65,57369.65,3648.92,0,0,0,0.00,0,F1,30,,,,,
2026-09-04,2026-09-04,FO,NSE,IDO,69702,,BANKNIFTY,,2026-09-29,2026-09-29,53900.00,CE,BANKNIFTY26SEP53900CE,0.00,0.00,0.00,5218.60,0.00,5218.60,57369.65,3825.77,0,0,0,0.00,0,F1,30,,,,,
2026-09-04,2026-09-04,FO,NSE,IDO,69694,,BANKNIFTY,,2026-09-29,2026-09-29,53500.00,CE,BANKNIFTY26SEP53500CE,0.00,0.00,0.00,4675.00,4675.00,4675.00,57369.65,4187.02,5100,0,0,0.00,0,F1,30,,,,,
2026-09-04,2026-09-04,FO,NSE,IDO,70791,,BANKNIFTY,,2027-06-29,2027-06-29,55500.00,PE,BANKNIFTY27JUN55500PE,0.00,0.00,0.00,2421.75,0.00,2421.75,57369.65,2015.75,0,0,0,0.00,0,F1,30,,,,,
2026-09-04,2026-09-04,FO,NSE,IDO,49487,,BANKNIFTY,,2026-10-27,2026-10-27,56700.00,CE,BANKNIFTY26OCT56700CE,0.00,0.00,0.00,2826.70,0.00,2826.70,57369.65,2378.41,0,0,0,0.00,0,F1,30,,,,,
2026-09-04,2026-09-04,FO,NSE,IDO,49625,,BANKNIFTY,,2026-10-27,2026-10-27,62300.00,CE,BANKNIFTY26OCT62300CE,0.00,0.00,0.00,812.65,0.00,812.65,57369.65,400.88,0,0,0,0.00,0,F1,30,,,,,
2026-09-04,2026-09-04,FO,NSE,IDO,62087,,BANKNIFTY,,2026-11-23,2026-11-23,52500.00,CE,BANKNIFTY26NOV52500CE,0.00,0.00,0.00,6200.90,0.00,6200.90,57369.65,5949.99,0,0,0,0.00,0,F1,30,,,,,
2026-09-04,2026-09-04,FO,NSE,IDO,52334,,BANKNIFTY,,2026-09-29,2026-09-29,57000.00,CE,BANKNIFTY26SEP57000CE,1150.00,1256.25,1081.95,1121.20,1125.00,1103.25,57369.65,1121.20,301980,-6960,12151,21201445405.50,8423,F1,30,,,,,
2026-09-04,2026-09-04,FO,NSE,IDO,76433,,BANKNIFTY,,2027-03-30,2027-03-30,66000.00,CE,BANKNIFTY27MAR66000CE,0.00,0.00,0.00,890.95,0.00,890.95,57369.65,1308.50,0,0,0,0.00,0,F1,30,,,,,
2026-09-04,2026-09-04,FO,NSE,IDO,69657,,BANKNIFTY,,2026-09-29,2026-09-29,51500.00,PE,BANKNIFTY26SEP51500PE,14.90,15.25,13.05,13.45,14.00,16.70,57369.65,13.45,66270,-2730,1648,2546853883.50,789,F1,30,,,,,
2026-09-04,2026-09-04,FO,NSE,IDO,70118,,BANKNIFTY,,2026-09-29,2026-09-29,64100.00,PE,BANKNIFTY26SEP64100PE,0.00,0.00,0.00,6246.30,0.00,6246.30,57369.65,6493.99,0,0,0,0.00,0,F1,30,,,,,
2026-09-04,2026-09-04,FO,NSE,IDO,49410,,BANKNIFTY,,2026-10-27,2026-10-27,53700.00,PE,BANKNIFTY26OCT53700PE,0.00,0.00,0.00,855.70,0.00,855.70,57369.65,351.06,0,0,0,0.00,0,F1,30,,,,,
2026-09-04,2026-09-04,FO,NSE,IDO,49460,,BANKNIFTY,,2026-10-27,2026-10-27,55600.00,PE,BANKNIFTY26OCT55600PE,0.00,0.00,0.00,1461.60,0.00,1461.60,57369.65,792.93,0,0,0,0.00,0,F1,30,,,,,
2026-09-04,2026-09-04,FO,NSE,IDO,49688,,BANKNIFTY,,2026-10-27,2026-10-27,64500.00,PE,BANKNIFTY26OCT64500PE,0.00,0.00,0.00,7224.45,0.00,7224.45,57369.65,6689.68,0,0,0,0.00,0,F1,30,,,,,
2026-09-04,2026-09-04,FO,NSE,IDO,62090,,BANKNIFTY,,2026-11-23,2026-11-23,52600.00,PE,BANKNIFTY26NOV52600PE,0.00,0.00,0.00,422.40,0.00,422.40,57369.65,359.02,0,0,0,0.00,0,F1,30,,,,,
2026-09-04,2026-09-04,FO,NSE,IDO,62134,,BANKNIFTY,,2026-11-23,2026-11-23,54000.00,PE,BANKNIFTY26NOV54000PE,185.00,185.50,185.00,185.50,185.50,182.00,57369.65,615.31,1260,30,2,3251115.00,2,F1,30,,,,,
2026-09-04,2026-09-04,FO,NSE,IDO,62210,,BANKNIFTY,,2026-11-23,2026-11-23,57100.00,PE,BANKNIFTY26NOV57100PE,0.00,0.00,0.00,1051.45,1051.45,1051.45,57369.65,1615.49,30,0,0,0.00,0,F1,30,,,,,
2026-09-04,2026-09-04,FO,NSE,IDO,69722,,BANKNIFTY,,2026-09-29,2026-09-29,54500.00,CE,BANKNIFTY26SEP54500CE,3252.00,3403.80,3252.00,3385.00,3385.00,3400.00,57369.65,3303.86,4110,-60,6,10416435.00,5,F1,30,,,,,
2026-09-04,2026-09-04,FO,NSE,IDO,69700,,BANKNIFTY,,2026-09-29,2026-09-29,53800.00,CE,BANKNIFTY26SEP53800CE,0.00,0.00,0.00,5293.85,0.00,5293.85,57369.65,3915.18,0,0,0,0.00,0,F1,30,,,,,
2026-09-04,2026-09-04,FO,NSE,IDO,69678,,BANKNIFTY,,2026-09-29,2026-09-29,52700.00,CE,BANKNIFTY26SEP52700CE,0.00,0.00,0.00,6155.30,0.00,6155.30,57369.65,4933.87,0,0,0,0.00,0,F1,30,,,,,
2026-09-04,2026-09-04,FO,NSE,IDO,52280,,BANKNIFTY,,2026-09-29,2026-09-29,49500.00,CE,BANKNIFTY26SEP49500CE,0.00,0.00,0.00,8160.00,8160.00,8160.00,57369.65,8071.37,90,0,0,0.00,0,F1,30,,,,,
2026-09-04,2026-09-04,FO,NSE,IDO,53224,,BANKNIFTY,,2026-12-29,2026-12-29,54000.00,CE,BANKNIFTY26DEC54000CE,0.00,0.00,0.00,9099.90,0.00,9099.90,57369.65,5310.87,0,0,0,0.00,0,F1,30,,,,,
2026-09-04,2026-09-04,FO,NSE,IDO,52358,,BANKNIFTY,,2026-09-29,2026-09-29,58500.00,CE,BANKNIFTY26SEP58500CE,359.80,404.00,323.60,332.25,332.60,345.15,57369.65,332.25,663480,-6480,37390,66021677005.50,23949,F1,30,,,,,
2026-09-04,2026-09-04,FO,NSE,IDO,62308,,BANKNIFTY,,2026-11-23,2026-11-23,60200.00,PE,BANKNIFTY26NOV60200PE,0.00,0.00,0.00,3338.10,0.00,3338.10,57369.65,3300.52,0,0,0,0.00,0,F1,30,,,,,
2026-09-04,2026-09-04,FO,NSE,IDO,76399,,BANKNIFTY,,2027-03-30,2027-03-30,57000.00,PE,BANKNIFTY27MAR57000PE,980.00,1003.45,980.00,999.00,999.00,992.50,57369.65,2278.20,5220,210,11,19137382.50,9,F1,30,,,,,
2026-09-04,2026-09-04,FO,NSE,IDO,69661,,BANKNIFTY,,2026-09-29,2026-09-29,51700.00,PE,BANKNIFTY26SEP51700PE,16.50,17.00,13.00,14.70,14.70,15.85,57369.65,14.70,2070,-150,77,119460706.50,32,F1,30,,,,,
2026-09-04,2026-09-04,FO,NSE,IDO,52264,,BANKNIFTY,,2026-09-29,2026-09-29,43500.00,CE,BANKNIFTY26SEP43500CE,0.00,0.00,0.00,13878.45,0.00,13878.45,57369.65,14045.68,0,0,0,0.00,0,F1,30,,,,,
2026-09-04,2026-09-04,FO,NSE,IDO,69767,,BANKNIFTY,,2026-09-29,2026-09-29,55000.00,CE,BANKNIFTY26SEP55000CE,2790.00,2993.45,2746.90,2821.70,2817.70,2788.80,57369.65,2821.70,93300,3600,453,786625983.00,386,F1,30,,,,,
2026-09-04,2026-09-04,FO,NSE,IDO,69797,,BANKNIFTY,,2026-09-29,2026-09-29,56300.00,CE,BANKNIFTY26SEP56300CE,1649.60,1812.10,1620.00,1670.05,1670.05,1607.10,57369.65,1670.05,2940,390,36,62689359.00,32,F1,30,,,,,
2026-09-04,2026-09-04,FO,NSE,IDO,49477,,BANKNIFTY,,2026-10-27,2026-10-27,56400.00,CE,BANKNIFTY26OCT56400CE,0.00,0.00,0.00,2411.65,2411.65,2411.65,57369.65,2559.30,30,0,0,0.00,0,F1,30,,,,,
2026-09-04,2026-09-04,FO,NSE,IDO,49495,,BANKNIFTY,,2026-10-27,2026-10-27,57000.00,CE,BANKNIFTY26OCT57000CE,1625.20,1732.90,1578.00,1609.50,1609.00,1585.35,57369.65,1609.50,33630,2730,340,598196464.50,287,F1,30,,,,,
2026-09-04,2026-09-04,FO,NSE,IDO,49539,,BANKNIFTY,,2026-10-27,2026-10-27,58700.00,CE,BANKNIFTY26OCT58700CE,0.00,0.00,0.00,1892.20,0.00,1892.20,57369.65,1379.25,0,0,0,0.00,0,F1,30,,,,,
2026-09-04,2026-09-04,FO,NSE,IDO,49563,,BANKNIFTY,,2026-10-27,2026-10-27,59600.00,CE,BANKNIFTY26OCT59600CE,0.00,0.00,0.00,1554.35,0.00,1554.35,57369.65,1044.50,0,0,0,0.00,0,F1,30,,,,,
2026-09-04,2026-09-04,FO,NSE,IDO,49585,,BANKNIFTY,,2026-10-27,2026-10-27,60600.00,CE,BANKNIFTY26OCT60600CE,0.00,0.00,0.00,1234.65,0.00,1234.65,57369.65,748.36,0,0,0,0.00,0,F1,30,,,,,
2026-09-04,2026-09-04,FO,NSE,IDO,62131,,BANKNIFTY,,2026-11-23,2026-11-23,53900.00,CE,BANKNIFTY26NOV53900CE,0.00,0.00,0.00,5084.80,0.00,5084.80,57369.65,4818.57,0,0,0,0.00,0,F1,30,,,,,
2026-09-04,2026-09-04,FO,NSE,IDO,62183,,BANKNIFTY,,2026-11-23,2026-11-23,56000.00,CE,BANKNIFTY26NOV56000CE,0.00,0.00,0.00,2585.00,2585.00,2585.00,57369.65,3338.89,90,0,0,0.00,0,F1,30,,,,,
2026-09-04,2026-09-04,FO,NSE,IDO,52265,,BANKNIFTY,,2026-09-29,2026-09-29,43500.00,PE,BANKNIFTY26SEP43500PE,3.15,3.50,2.65,2.80,2.70,3.70,57369.65,2.80,172860,0,668,871800540.00,309,F1,30,,,,,
2026-09-04,2026-09-04,FO,NSE,IDO,69794,,BANKNIFTY,,2026-09-29,2026-09-29,56100.00,PE,BANKNIFTY26SEP56100PE,182.45,201.95,151.25,167.45,168.60,199.35,57369.65,167.45,25890,-2490,2739,4623352837.50,1508,F1,30,,,,,
2026-09-04,2026-09-04,FO,NSE,IDO,69810,,BANKNIFTY,,2026-09-29,2026-09-29,56800.00,PE,BANKNIFTY26SEP56800PE,311.05,359.65,273.20,304.90,306.35,354.05,57369.65,304.90,91860,9150,6800,11650160082.00,4572,F1,30,,,,,
2026-09-04,2026-09-04,FO,NSE,IDO,70032,,BANKNIFTY,,2026-09-29,2026-09-29,61100.00,PE,BANKNIFTY26SEP61100PE,0.00,0.00,0.00,4009.30,0.00,4009.30,57369.65,3680.54,0,0,0,0.00,0,F1,30,,,,,
2026-09-04,2026-09-04,FO,NSE,IDO,70038,,BANKNIFTY,,2026-09-29,2026-09-29,61400.00,PE,BANKNIFTY26SEP61400PE,0.00,0.00,0.00,4213.25,0.00,4213.25,57369.65,3945.29,0,0,0,0.00,0,F1,30,,,,,
2026-09-04,2026-09-04,FO,NSE,IDO,70049,,BANKNIFTY,,2026-09-29,2026-09-29,61900.00,PE,BANKNIFTY26SEP61900PE,0.00,0.00,0.00,4563.60,0.00,4563.60,57369.65,4397.57,0,0,0,0.00,0,F1,30,,,,,
2026-09-04,2026-09-04,FO,NSE,IDO,70114,,BANKNIFTY,,2026-09-29,2026-09-29,63900.00,PE,BANKNIFTY26SEP63900PE,0.00,0.00,0.00,6084.95,0.00,6084.95,57369.65,6298.82,0,0,0,0.00,0,F1,30,,,,,
2026-09-04,2026-09-04,FO,NSE,IDO,70120,,BANKNIFTY,,2026-09-29,2026-09-29,64200.00,PE,BANKNIFTY26SEP64200PE,0.00,0.00,0.00,6327.50,0.00,6327.50,57369.65,6591.79,0,0,0,0.00,0,F1,30,,,,,
2026-09-04,2026-09-04,FO,NSE,IDO,49498,,BANKNIFTY,,2026-10-27,2026-10-27,57100.00,PE,BANKNIFTY26OCT57100PE,0.00,0.00,0.00,2105.75,0.00,2105.75,57369.65,1348.63,0,0,0,0.00,0,F1,30,,,,,
2026-09-04,2026-09-04,FO,NSE,IDO,49549,,BANKNIFTY,,2026-10-27,2026-10-27,59100.00,PE,BANKNIFTY26OCT59100PE,1450.00,1490.00,1450.00,1490.00,1490.00,1485.25,57369.65,2402.34,480,0,4,7268400.00,2,F1,30,,,,,
2026-09-04,2026-09-04,FO,NSE,IDO,49588,,BANKNIFTY,,2026-10-27,2026-10-27,60700.00,PE,BANKNIFTY26OCT60700PE,0.00,0.00,0.00,4238.45,0.00,4238.45,57369.65,3488.16,0,0,0,0.00,0,F1,30,,,,,
2026-09-04,2026-09-04,FO,NSE,IDO,49567,,BANKNIFTY,,2026-10-27,2026-10-27,59800.00,CE,BANKNIFTY26OCT59800CE,0.00,0.00,0.00,1485.85,0.00,1485.85,57369.65,979.15,0,0,0,0.00,0,F1,30,,,,,
2026-09-04,2026-09-04,FO,NSE,IDO,49362,,BANKNIFTY,,2026-10-27,2026-10-27,51700.00,PE,BANKNIFTY26OCT51700PE,0.00,0.00,0.00,435.80,0.00,435.80,57369.65,121.09,0,0,0,0.00,0,F1,30,,,,,
2026-09-04,2026-09-04,FO,NSE,IDO,70110,,BANKNIFTY,,2026-09-29,2026-09-29,63700.00,PE,BANKNIFTY26SEP63700PE,0.00,0.00,0.00,5925.20,0.00,5925.20,57369.65,6104.27,0,0,0,0.00,0,F1,30,,,,,
2026-09-04,2026-09-04,FO,NSE,IDO,69841,,BANKNIFTY,,2026-09-29,2026-09-29,58100.00,PE,BANKNIFTY26SEP58100PE,862.00,906.55,736.45,821.65,825.00,899.10,57369.65,821.65,57480,-13980,4711,8325234223.50,3498,F1,30,,,,,
2026-09-04,2026-09-04,FO,NSE,IDO,69756,,BANKNIFTY,,2026-09-29,2026-09-29,54500.00,PE,BANKNIFTY26SEP54500PE,52.85,53.35,41.70,44.75,45.60,53.95,57369.65,44.75,258510,35130,13143,21506846881.50,6031,F1,30,,,,,
2026-09-04,2026-09-04,FO,NSE,IDO,52273,,BANKNIFTY,,2026-09-29,2026-09-29,48000.00,PE,BANKNIFTY26SEP48000PE,9.15,9.20,7.15,7.70,8.95,9.40,57369.65,7.70,91530,3870,1040,1497854967.00,695,F1,30,,,,,
2026-09-04,2026-09-04,FO,NSE,IDO,62293,,BANKNIFTY,,2026-11-23,2026-11-23,59600.00,CE,BANKNIFTY26NOV59600CE,0.00,0.00,0.00,677.10,677.10,677.10,57369.65,1526.85,30,0,0,0.00,0,F1,30,,,,,
2026-09-04,2026-09-04,FO,NSE,IDO,62252,,BANKNIFTY,,2026-11-23,2026-11-23,58300.00,CE,BANKNIFTY26NOV58300CE,0.00,0.00,0.00,2336.90,0.00,2336.90,57369.65,2073.02,0,0,0,0.00,0,F1,30,,,,,
2026-09-04,2026-09-04,FO,NSE,IDO,62240,,BANKNIFTY,,2026-11-23,2026-11-23,58000.00,CE,BANKNIFTY26NOV58000CE,1400.40,1500.00,1381.50,1401.60,1401.60,1409.65,57369.65,1401.60,8250,1230,77,137247072.00,75,F1,30,,,,,
2026-09-04,2026-09-04,FO,NSE,IDO,62089,,BANKNIFTY,,2026-11-23,2026-11-23,52600.00,CE,BANKNIFTY26NOV52600CE,0.00,0.00,0.00,6118.05,0.00,6118.05,57369.65,5865.91,0,0,0,0.00,0,F1,30,,,,,
2026-09-04,2026-09-04,FO,NSE,IDO,62081,,BANKNIFTY,,2026-11-23,2026-11-23,52200.00,CE,BANKNIFTY26NOV52200CE,0.00,0.00,0.00,6452.20,0.00,6452.20,57369.65,6204.95,0,0,0,0.00,0,F1,30,,,,,
2026-09-04,2026-09-04,FO,NSE,IDO,49617,,BANKNIFTY,,2026-10-27,2026-10-27,61900.00,CE,BANKNIFTY26OCT61900CE,0.00,0.00,0.00,901.70,0.00,901.70,57369.65,467.56,0,0,0,0.00,0,F1,30,,,,,
2026-09-04,2026-09-04,FO,NSE,IDO,49577,,BANKNIFTY,,2026-10-27,2026-10-27,60200.00,CE,BANKNIFTY26OCT60200CE,0.00,0.00,0.00,1355.75,0.00,1355.75,57369.65,857.79,0,0,0,0.00,0,F1,30,,,,,
2026-09-04,2026-09-04,FO,NSE,IDO,49443,,BANKNIFTY,,2026-10-27,2026-10-27,55100.00,CE,BANKNIFTY26OCT55100CE,0.00,0.00,0.00,3762.70,0.00,3762.70,57369.65,3435.36,0,0,0,0.00,0,F1,30,,,,,
2026-09-04,2026-09-04,FO,NSE,IDO,49423,,BANKNIFTY,,2026-10-27,2026-10-27,54400.00,CE,BANKNIFTY26OCT54400CE,0.00,0.00,0.00,4223.85,0.00,4223.85,57369.65,3959.84,0,0,0,0.00,0,F1,30,,,,,
2026-09-04,2026-09-04,FO,NSE,IDO,49413,,BANKNIFTY,,2026-10-27,2026-10-27,53900.00,CE,BANKNIFTY26OCT53900CE,0.00,0.00,0.00,4574.25,0.00,4574.25,57369.65,4357.08,0,0,0,0.00,0,F1,30,,,,,
2026-09-04,2026-09-04,FO,NSE,IDO,52360,,BANKNIFTY,,2026-09-29,2026-09-29,60000.00,CE,BANKNIFTY26SEP60000CE,72.00,74.90,56.75,58.80,60.45,68.80,57369.65,58.80,1014270,68430,34781,62672874412.50,17246,F1,30,,,,,
2026-09-04,2026-09-04,FO,NSE,IDO,69872,,BANKNIFTY,,2026-09-29,2026-09-29,58900.00,CE,BANKNIFTY26SEP58900CE,249.75,270.00,215.00,218.10,220.25,233.50,57369.65,218.10,61410,7710,3806,6752509381.50,2598,F1,30,,,,,
2026-09-04,2026-09-04,FO,NSE,IDO,69795,,BANKNIFTY,,2026-09-29,2026-09-29,56200.00,CE,BANKNIFTY26SEP56200CE,1731.25,1899.00,1695.00,1747.45,1761.20,1721.55,57369.65,1747.45,4890,1470,65,113120730.00,52,F1,30,,,,,
2026-09-04,2026-09-04,FO,NSE,IDO,52286,,BANKNIFTY,,2026-09-29,2026-09-29,54000.00,CE,BANKNIFTY26SEP54000CE,3711.45,3938.30,3711.45,3764.10,3778.50,3711.45,57369.65,3764.10,60150,-960,105,182052945.00,67,F1,30,,,,,
2026-09-04,2026-09-04,FO,NSE,IDO,62441,,BANKNIFTY,,2026-11-23,2026-11-23,62000.00,CE,BANKNIFTY26NOV62000CE,0.00,0.00,0.00,1000.80,0.00,1000.80,57369.65,812.11,0,0,0,0.00,0,F1,30,,,,,
2026-09-04,2026-09-04,FO,NSE,IDO,62201,,BANKNIFTY,,2026-11-23,2026-11-23,56700.00,CE,BANKNIFTY26NOV56700CE,0.00,0.00,0.00,3189.10,0.00,3189.10,57369.65,2912.93,0,0,0,0.00,0,F1,30,,,,,
2026-09-04,2026-09-04,FO,NSE,IDO,62153,,BANKNIFTY,,2026-11-23,2026-11-23,54900.00,CE,BANKNIFTY26NOV54900CE,0.00,0.00,0.00,4353.65,0.00,4353.65,57369.65,4079.98,0,0,0,0.00,0,F1,30,,,,,
2026-09-04,2026-09-04,FO,NSE,IDO,62065,,BANKNIFTY,,2026-11-23,2026-11-23,51600.00,CE,BANKNIFTY26NOV51600CE,0.00,0.00,0.00,6965.95,0.00,6965.95,57369.65,6726.29,0,0,0,0.00,0,F1,30,,,,,
2026-09-04,2026-09-04,FO,NSE,IDO,49651,,BANKNIFTY,,2026-10-27,2026-10-27,63200.00,CE,BANKNIFTY26OCT63200CE,0.00,0.00,0.00,641.90,0.00,641.90,57369.65,279.29,0,0,0,0.00,0,F1,30,,,,,
2026-09-04,2026-09-04,FO,NSE,IDO,49645,,BANKNIFTY,,2026-10-27,2026-10-27,62900.00,CE,BANKNIFTY26OCT62900CE,0.00,0.00,0.00,695.15,0.00,695.15,57369.65,315.79,0,0,0,0.00,0,F1,30,,,,,
2026-09-04,2026-09-04,FO,NSE,IDO,49587,,BANKNIFTY,,2026-10-27,2026-10-27,60700.00,CE,BANKNIFTY26OCT60700CE,0.00,0.00,0.00,1205.70,0.00,1205.70,57369.65,722.78,0,0,0,0.00,0,F1,30,,,,,
2026-09-04,2026-09-04,FO,NSE,IDO,49481,,BANKNIFTY,,2026-10-27,2026-10-27,56600.00,CE,BANKNIFTY26OCT56600CE,0.00,0.00,0.00,2880.25,0.00,2880.25,57369.65,2437.82,0,0,0,0.00,0,F1,30,,,,,
2026-09-04,2026-09-04,FO,NSE,IDO,70045,,BANKNIFTY,,2026-09-29,2026-09-29,61800.00,CE,BANKNIFTY26SEP61800CE,0.00,0.00,0.00,1183.35,0.00,1183.35,57369.65,125.85,0,0,0,0.00,0,F1,30,,,,,
2026-09-04,2026-09-04,FO,NSE,IDO,70010,,BANKNIFTY,,2026-09-29,2026-09-29,59900.00,PE,BANKNIFTY26SEP59900PE,0.00,0.00,0.00,2464.80,2464.80,2464.80,57369.65,2685.57,510,0,0,0.00,0,F1,30,,,,,
2026-09-04,2026-09-04,FO,NSE,IDO,70108,,BANKNIFTY,,2026-09-29,2026-09-29,63600.00,PE,BANKNIFTY26SEP63600PE,0.00,0.00,0.00,5845.90,0.00,5845.90,57369.65,6007.26,0,0,0,0.00,0,F1,30,,,,,
2026-09-04,2026-09-04,FO,NSE,IDO,49368,,BANKNIFTY,,2026-10-27,2026-10-27,52000.00,PE,BANKNIFTY26OCT52000PE,0.00,0.00,0.00,485.80,0.00,485.80,57369.65,144.19,0,0,0,0.00,0,F1,30,,,,,
2026-09-04,2026-09-04,FO,NSE,IDO,49576,,BANKNIFTY,,2026-10-27,2026-10-27,60100.00,PE,BANKNIFTY26OCT60100PE,0.00,0.00,0.00,2234.15,2234.15,2234.15,57369.65,3057.94,150,0,0,0.00,0,F1,30,,,,,
2026-09-04,2026-09-04,FO,NSE,IDO,62060,,BANKNIFTY,,2026-11-23,2026-11-23,51400.00,PE,BANKNIFTY26NOV51400PE,0.00,0.00,0.00,262.55,0.00,262.55,57369.65,213.11,0,0,0,0.00,0,F1,30,,,,,
2026-09-04,2026-09-04,FO,NSE,IDO,62098,,BANKNIFTY,,2026-11-23,2026-11-23,53000.00,PE,BANKNIFTY26NOV53000PE,0.00,0.00,0.00,489.60,0.00,489.60,57369.65,421.84,0,0,0,0.00,0,F1,30,,,,,
2026-09-04,2026-09-04,FO,NSE,IDO,62178,,BANKNIFTY,,2026-11-23,2026-11-23,55800.00,PE,BANKNIFTY26NOV55800PE,0.00,0.00,0.00,1200.80,0.00,1200.80,57369.65,1115.26,0,0,0,0.00,0,F1,30,,,,,
2026-09-04,2026-09-04,FO,NSE,IDO,62514,,BANKNIFTY,,2026-11-23,2026-11-23,62800.00,PE,BANKNIFTY26NOV62800PE,0.00,0.00,0.00,5167.55,0.00,5167.55,57369.65,5192.72,0,0,0,0.00,0,F1,30,,,,,
2026-09-04,2026-09-04,FO,NSE,IDO,70043,,BANKNIFTY,,2026-09-29,2026-09-29,61700.00,CE,BANKNIFTY26SEP61700CE,0.00,0.00,0.00,1211.20,0.00,1211.20,57369.65,134.47,0,0,0,0.00,0,F1,30,,,,,
2026-09-04,2026-09-04,FO,NSE,IDO,70004,,BANKNIFTY,,2026-09-29,2026-09-29,59900.00,CE,BANKNIFTY26SEP59900CE,67.00,83.35,64.20,65.65,66.55,77.30,57369.65,65.65,46140,1890,4309,7752580389.00,2477,F1,30,,,,,
2026-09-04,2026-09-04,FO,NSE,IDO,69832,,BANKNIFTY,,2026-09-29,2026-09-29,57900.00,CE,BANKNIFTY26SEP57900CE,630.00,685.00,568.35,580.95,580.00,587.65,57369.65,580.95,197580,-7260,19343,33957285745.50,14427,F1,30,,,,,
2026-09-04,2026-09-04,FO,NSE,IDO,69826,,BANKNIFTY,,2026-09-29,2026-09-29,57700.00,CE,BANKNIFTY26SEP57700CE,778.00,810.00,667.00,683.90,682.70,687.45,57369.65,683.90,290790,-22680,27726,48599229967.50,19918,F1,30,,,,,
2026-09-04,2026-09-04,FO,NSE,IDO,69781,,BANKNIFTY,,2026-09-29,2026-09-29,55700.00,CE,BANKNIFTY26SEP55700CE,0.00,0.00,0.00,2092.05,2092.05,2092.05,57369.65,2355.88,420,0,0,0.00,0,F1,30,,,,,
2026-09-04,2026-09-04,FO,NSE,IDO,69775,,BANKNIFTY,,2026-09-29,2026-09-29,55300.00,CE,BANKNIFTY26SEP55300CE,0.00,0.00,0.00,4222.45,0.00,4222.45,57369.65,2654.64,0,0,0,0.00,0,F1,30,,,,,
2026-09-04,2026-09-04,FO,NSE,IDF,48699,,BANKNIFTY,,2026-10-27,2026-10-27,,,BANKNIFTY26OCTFUT,58063.20,58240.00,58003.40,58090.60,58111.00,58025.60,57369.65,58090.60,171570,1920,439,765584082.00,362,F1,30,,,,,
2026-09-04,2026-09-04,FO,NSE,IDO,53213,,BANKNIFTY,,2026-12-29,2026-12-29,45000.00,PE,BANKNIFTY26DEC45000PE,40.55,42.95,40.20,40.50,40.50,45.00,57369.65,17.74,28500,-300,36,48644521.50,9,F1,30,,,,,
2026-09-04,2026-09-04,FO,NSE,IDO,76393,,BANKNIFTY,,2027-03-30,2027-03-30,52500.00,PE,BANKNIFTY27MAR52500PE,0.00,0.00,0.00,3218.25,0.00,3218.25,57369.65,907.05,0,0,0,0.00,0,F1,30,,,,,
2026-09-04,2026-09-04,FO,NSE,IDO,49619,,BANKNIFTY,,2026-10-27,2026-10-27,62000.00,CE,BANKNIFTY26OCT62000CE,0.00,0.00,0.00,879.40,0.00,879.40,57369.65,450.09,0,0,0,0.00,0,F1,30,,,,,
2026-09-04,2026-09-04,FO,NSE,IDO,69800,,BANKNIFTY,,2026-09-29,2026-09-29,56400.00,PE,BANKNIFTY26SEP56400PE,235.90,262.35,196.05,215.60,217.75,256.70,57369.65,215.60,55230,840,6225,10573568313.00,3795,F1,30,,,,,
2026-09-04,2026-09-04,FO,NSE,IDO,69675,,BANKNIFTY,,2026-09-29,2026-09-29,52400.00,PE,BANKNIFTY26SEP52400PE,21.40,21.45,15.60,17.10,17.30,18.85,57369.65,17.10,2160,300,28,44031082.50,19,F1,30,,,,,
2026-09-04,2026-09-04,FO,NSE,IDO,49310,,BANKNIFTY,,2026-10-27,2026-10-27,50000.00,CE,BANKNIFTY26OCT50000CE,8120.00,8120.00,8120.00,8120.00,8120.00,8080.00,57369.65,7875.34,330,30,1,1743600.00,1,F1,30,,,,,
2026-09-04,2026-09-04,FO,NSE,IDO,53225,,BANKNIFTY,,2026-12-29,2026-12-29,54000.00,PE,BANKNIFTY26DEC54000PE,286.75,299.90,267.00,279.60,275.25,298.20,57369.65,279.60,42930,570,152,247517932.50,92,F1,30,,,,,
2026-09-04,2026-09-04,FO,NSE,IDO,62488,,BANKNIFTY,,2026-11-23,2026-11-23,62500.00,PE,BANKNIFTY26NOV62500PE,0.00,0.00,0.00,4940.60,0.00,4940.60,57369.65,4956.04,0,0,0,0.00,0,F1,30,,,,,
2026-09-04,2026-09-04,FO,NSE,IDO,52426,,BANKNIFTY,,2026-09-29,2026-09-29,67500.00,CE,BANKNIFTY26SEP67500CE,1.90,2.10,1.55,1.65,1.55,2.00,57369.65,1.65,69270,4950,1776,3596490276.00,566,F1,30,,,,,
2026-09-04,2026-09-04,FO,NSE,IDO,62304,,BANKNIFTY,,2026-11-23,2026-11-23,60000.00,PE,BANKNIFTY26NOV60000PE,0.00,0.00,0.00,3213.35,0.00,3213.35,57369.65,3171.65,0,0,0,0.00,0,F1,30,,,,,
2026-09-04,2026-09-04,FO,NSE,IDO,62294,,BANKNIFTY,,2026-11-23,2026-11-23,59600.00,PE,BANKNIFTY26NOV59600PE,0.00,0.00,0.00,2971.45,0.00,2971.45,57369.65,2921.85,0,0,0,0.00,0,F1,30,,,,,
2026-09-04,2026-09-04,FO,NSE,IDO,49626,,BANKNIFTY,,2026-10-27,2026-10-27,62300.00,PE,BANKNIFTY26OCT62300PE,0.00,0.00,0.00,5421.35,0.00,5421.35,57369.65,4751.36,0,0,0,0.00,0,F1,30,,,,,
2026-09-04,2026-09-04,FO,NSE,IDO,49524,,BANKNIFTY,,2026-10-27,2026-10-27,58100.00,PE,BANKNIFTY26OCT58100PE,1004.00,1004.00,912.20,961.25,955.75,1025.70,57369.65,961.25,1890,120,14,24794665.50,13,F1,30,,,,,
2026-09-04,2026-09-04,FO,NSE,IDO,70099,,BANKNIFTY,,2026-09-29,2026-09-29,63200.00,CE,BANKNIFTY26SEP63200CE,0.00,0.00,0.00,845.10,0.00,845.10,57369.65,46.58,0,0,0,0.00,0,F1,30,,,,,
2026-09-04,2026-09-04,FO,NSE,IDO,70021,,BANKNIFTY,,2026-09-29,2026-09-29,60600.00,CE,BANKNIFTY26SEP60600CE,0.00,0.00,0.00,1552.75,0.00,1552.75,57369.65,267.22,0,0,0,0.00,0,F1,30,,,,,
2026-09-04,2026-09-04,FO,NSE,IDO,69783,,BANKNIFTY,,2026-09-29,2026-09-29,55800.00,CE,BANKNIFTY26SEP55800CE,0.00,0.00,0.00,2043.95,2043.95,2043.95,57369.65,2281.07,720,0,0,0.00,0,F1,30,,,,,
2026-09-04,2026-09-04,FO,NSE,IDO,53236,,BANKNIFTY,,2026-12-29,2026-12-29,58500.00,PE,BANKNIFTY26DEC58500PE,1380.00,1410.70,1302.75,1360.25,1357.90,1418.70,57369.65,1360.25,25860,120,192,344700511.50,108,F1,30,,,,,
2026-09-04,2026-09-04,FO,NSE,IDO,49428,,BANKNIFTY,,2026-10-27,2026-10-27,54600.00,PE,BANKNIFTY26OCT54600PE,0.00,0.00,0.00,1113.35,0.00,1113.35,57369.65,527.92,0,0,0,0.00,0,F1,30,,,,,
2026-09-04,2026-09-04,FO,NSE,IDO,49426,,BANKNIFTY,,2026-10-27,2026-10-27,54500.00,PE,BANKNIFTY26OCT54500PE,0.00,0.00,0.00,1081.95,0.00,1081.95,57369.65,505.53,0,0,0,0.00,0,F1,30,,,,,
2026-09-04,2026-09-04,FO,NSE,IDO,52421,,BANKNIFTY,,2026-09-29,2026-09-29,66000.00,PE,BANKNIFTY26SEP66000PE,8280.15,8280.15,8074.50,8074.50,8074.50,8150.00,57369.65,8367.69,13650,-30,3,6673959.00,3,F1,30,,,,,
2026-09-04,2026-09-04,FO,NSE,IDO,70085,,BANKNIFTY,,2026-09-29,2026-09-29,62400.00,PE,BANKNIFTY26SEP62400PE,0.00,0.00,0.00,4929.15,0.00,4929.15,57369.65,4861.30,0,0,0,0.00,0,F1,30,,,,,
2026-09-04,2026-09-04,FO,NSE,IDO,70083,,BANKNIFTY,,2026-09-29,2026-09-29,62300.00,PE,BANKNIFTY26SEP62300PE,0.00,0.00,0.00,4853.00,0.00,4853.00,57369.65,4767.76,0,0,0,0.00,0,F1,30,,,,,
2026-09-04,2026-09-04,FO,NSE,IDO,70014,,BANKNIFTY,,2026-09-29,2026-09-29,60200.00,PE,BANKNIFTY26SEP60200PE,0.00,0.00,0.00,2550.00,2550.00,2550.00,57369.65,2923.35,180,0,0,0.00,0,F1,30,,,,,
2026-09-04,2026-09-04,FO,NSE,IDO,69916,,BANKNIFTY,,2026-09-29,2026-09-29,59300.00,PE,BANKNIFTY26SEP59300PE,1600.00,1660.00,1570.00,1660.00,1660.00,1919.05,57369.65,2235.62,1590,450,42,76752600.00,6,F1,30,,,,,
2026-09-04,2026-09-04,FO,NSE,IDO,69679,,BANKNIFTY,,2026-09-29,2026-09-29,52700.00,PE,BANKNIFTY26SEP52700PE,21.10,21.10,17.55,18.35,18.00,20.10,57369.65,18.35,5760,1470,317,501357925.50,223,F1,30,,,,,
2026-09-04,2026-09-04,FO,NSE,IDO,76398,,BANKNIFTY,,2027-03-30,2027-03-30,57000.00,CE,BANKNIFTY27MAR57000CE,0.00,0.00,0.00,2831.15,0.00,2831.15,57369.65,4692.09,0,0,0,0.00,0,F1,30,,,,,
2026-09-04,2026-09-04,FO,NSE,IDO,53240,,BANKNIFTY,,2026-12-29,2026-12-29,60000.00,CE,BANKNIFTY26DEC60000CE,1013.00,1071.00,984.35,997.95,999.90,991.60,57369.65,997.95,63150,-2310,388,710362167.00,247,F1,30,,,,,
2026-09-04,2026-09-04,FO,NSE,IDO,62309,,BANKNIFTY,,2026-11-23,2026-11-23,60300.00,CE,BANKNIFTY26NOV60300CE,0.00,0.00,0.00,1511.35,0.00,1511.35,57369.65,1280.73,0,0,0,0.00,0,F1,30,,,,,
2026-09-04,2026-09-04,FO,NSE,IDO,62301,,BANKNIFTY,,2026-11-23,2026-11-23,60000.00,CE,BANKNIFTY26NOV60000CE,564.40,605.00,546.00,551.65,546.00,559.25,57369.65,551.65,11040,930,146,265333795.50,101,F1,30,,,,,
2026-09-04,2026-09-04,FO,NSE,IDO,62285,,BANKNIFTY,,2026-11-23,2026-11-23,59300.00,CE,BANKNIFTY26NOV59300CE,0.00,0.00,0.00,1891.80,0.00,1891.80,57369.65,1642.39,0,0,0,0.00,0,F1,30,,,,,
2026-09-04,2026-09-04,FO,NSE,IDO,62277,,BANKNIFTY,,2026-11-23,2026-11-23,59100.00,CE,BANKNIFTY26NOV59100CE,0.00,0.00,0.00,1975.55,0.00,1975.55,57369.65,1722.86,0,0,0,0.00,0,F1,30,,,,,
2026-09-04,2026-09-04,FO,NSE,IDO,62099,,BANKNIFTY,,2026-11-23,2026-11-23,53100.00,CE,BANKNIFTY26NOV53100CE,0.00,0.00,0.00,5710.65,0.00,5710.65,57369.65,5452.68,0,0,0,0.00,0,F1,30,,,,,
2026-09-04,2026-09-04,FO,NSE,IDO,49663,,BANKNIFTY,,2026-10-27,2026-10-27,63700.00,CE,BANKNIFTY26OCT63700CE,0.00,0.00,0.00,560.70,0.00,560.70,57369.65,226.42,0,0,0,0.00,0,F1,30,,,,,
2026-09-04,2026-09-04,FO,NSE,IDO,49653,,BANKNIFTY,,2026-10-27,2026-10-27,63300.00,CE,BANKNIFTY26OCT63300CE,0.00,0.00,0.00,624.90,0.00,624.90,57369.65,267.95,0,0,0,0.00,0,F1,30,,,,,
2026-09-04,2026-09-04,FO,NSE,IDO,49597,,BANKNIFTY,,2026-10-27,2026-10-27,61100.00,CE,BANKNIFTY26OCT61100CE,120.00,139.00,120.00,122.00,120.10,127.95,57369.65,122.00,5370,-60,78,143272558.50,65,F1,30,,,,,
2026-09-04,2026-09-04,FO,NSE,IDO,49550,,BANKNIFTY,,2026-10-27,2026-10-27,59200.00,CE,BANKNIFTY26OCT59200CE,0.00,0.00,0.00,1698.45,0.00,1698.45,57369.65,1184.90,0,0,0,0.00,0,F1,30,,,,,
2026-09-04,2026-09-04,FO,NSE,IDO,49403,,BANKNIFTY,,2026-10-27,2026-10-27,53500.00,CE,BANKNIFTY26OCT53500CE,0.00,0.00,0.00,4399.00,4399.00,4399.00,57369.65,4686.43,90,0,0,0.00,0,F1,30,,,,,
2026-09-04,2026-09-04,FO,NSE,IDO,49381,,BANKNIFTY,,2026-10-27,2026-10-27,52700.00,CE,BANKNIFTY26OCT52700CE,0.00,0.00,0.00,5466.20,0.00,5466.20,57369.65,5372.35,0,0,0,0.00,0,F1,30,,,,,
2026-09-04,2026-09-04,FO,NSE,IDO,49373,,BANKNIFTY,,2026-10-27,2026-10-27,52300.00,CE,BANKNIFTY26OCT52300CE,0.00,0.00,0.00,5781.10,0.00,5781.10,57369.65,5727.20,0,0,0,0.00,0,F1,30,,,,,
2026-09-04,2026-09-04,FO,NSE,IDO,49713,,BANKNIFTY,,2026-10-27,2026-10-27,65500.00,CE,BANKNIFTY26OCT65500CE,0.00,0.00,0.00,336.25,0.00,336.25,57369.65,100.85,0,0,0,0.00,0,F1,30,,,,,
2026-09-04,2026-09-04,FO,NSE,IDO,69662,,BANKNIFTY,,2026-09-29,2026-09-29,51800.00,CE,BANKNIFTY26SEP51800CE,0.00,0.00,0.00,6901.65,0.00,6901.65,57369.65,5800.76,0,0,0,0.00,0,F1,30,,,,,
2026-09-04,2026-09-04,FO,NSE,IDO,69850,,BANKNIFTY,,2026-09-29,2026-09-29,58400.00,CE,BANKNIFTY26SEP58400CE,410.90,445.00,361.40,368.05,373.35,379.45,57369.65,368.05,120780,8220,9394,16571367940.50,6772,F1,30,,,,,
2026-09-04,2026-09-04,FO,NSE,IDO,69899,,BANKNIFTY,,2026-09-29,2026-09-29,59200.00,CE,BANKNIFTY26SEP59200CE,175.25,194.00,151.95,155.00,155.55,167.50,57369.65,155.00,82740,5160,4919,8761160829.00,3604,F1,30,,,,,
2026-09-04,2026-09-04,FO,NSE,IDO,70017,,BANKNIFTY,,2026-09-29,2026-09-29,60400.00,CE,BANKNIFTY26SEP60400CE,43.30,44.75,33.70,34.70,35.90,42.20,57369.65,34.70,71790,17640,4178,7575221884.50,1810,F1,30,,,,,
2026-09-04,2026-09-04,FO,NSE,IDO,70103,,BANKNIFTY,,2026-09-29,2026-09-29,63400.00,CE,BANKNIFTY26SEP63400CE,0.00,0.00,0.00,803.90,0.00,803.90,57369.65,40.00,0,0,0,0.00,0,F1,30,,,,,
2026-09-04,2026-09-04,FO,NSE,IDO,70787,,BANKNIFTY,,2027-06-29,2027-06-29,54000.00,PE,BANKNIFTY27JUN54000PE,0.00,0.00,0.00,1949.60,0.00,1949.60,57369.65,1561.02,0,0,0,0.00,0,F1,30,,,,,
2026-09-04,2026-09-04,FO,NSE,IDO,70764,,BANKNIFTY,,2027-06-29,2027-06-29,49500.00,PE,BANKNIFTY27JUN49500PE,0.00,0.00,0.00,905.05,0.00,905.05,57369.65,620.43,0,0,0,0.00,0,F1,30,,,,,
2026-09-04,2026-09-04,FO,NSE,IDO,62270,,BANKNIFTY,,2026-11-23,2026-11-23,58700.00,PE,BANKNIFTY26NOV58700PE,0.00,0.00,0.00,2464.70,0.00,2464.70,57369.65,2399.85,0,0,0,0.00,0,F1,30,,,,,
2026-09-04,2026-09-04,FO,NSE,IDO,62223,,BANKNIFTY,,2026-11-23,2026-11-23,57600.00,PE,BANKNIFTY26NOV57600PE,0.00,0.00,0.00,1918.65,0.00,1918.65,57369.65,1840.59,0,0,0,0.00,0,F1,30,,,,,
2026-09-04,2026-09-04,FO,NSE,IDO,62160,,BANKNIFTY,,2026-11-23,2026-11-23,55200.00,PE,BANKNIFTY26NOV55200PE,0.00,0.00,0.00,1008.95,0.00,1008.95,57369.65,924.63,0,0,0,0.00,0,F1,30,,,,,
2026-09-04,2026-09-04,FO,NSE,IDO,61992,,BANKNIFTY,,2026-11-23,2026-11-23,49500.00,PE,BANKNIFTY26NOV49500PE,0.00,0.00,0.00,110.80,0.00,110.80,57369.65,82.16,0,0,0,0.00,0,F1,30,,,,,
2026-09-04,2026-09-04,FO,NSE,IDO,49714,,BANKNIFTY,,2026-10-27,2026-10-27,65500.00,PE,BANKNIFTY26OCT65500PE,0.00,0.00,0.00,8096.85,0.00,8096.85,57369.65,7621.55,0,0,0,0.00,0,F1,30,,,,,
2026-09-04,2026-09-04,FO,NSE,IDO,49676,,BANKNIFTY,,2026-10-27,2026-10-27,63900.00,PE,BANKNIFTY26OCT63900PE,0.00,0.00,0.00,6715.40,0.00,6715.40,57369.65,6143.40,0,0,0,0.00,0,F1,30,,,,,
2026-09-04,2026-09-04,FO,NSE,IDO,49664,,BANKNIFTY,,2026-10-27,2026-10-27,63700.00,PE,BANKNIFTY26OCT63700PE,0.00,0.00,0.00,6548.35,0.00,6548.35,57369.65,5963.87,0,0,0,0.00,0,F1,30,,,,,
2026-09-04,2026-09-04,FO,NSE,IDO,49650,,BANKNIFTY,,2026-10-27,2026-10-27,63100.00,PE,BANKNIFTY26OCT63100PE,0.00,0.00,0.00,6055.95,0.00,6055.95,57369.65,5434.07,0,0,0,0.00,0,F1,30,,,,,
2026-09-04,2026-09-04,FO,NSE,IDO,49640,,BANKNIFTY,,2026-10-27,2026-10-27,62700.00,PE,BANKNIFTY26OCT62700PE,0.00,0.00,0.00,5735.35,0.00,5735.35,57369.65,5089.04,0,0,0,0.00,0,F1,30,,,,,
2026-09-04,2026-09-04,FO,NSE,IDO,49506,,BANKNIFTY,,2026-10-27,2026-10-27,57500.00,PE,BANKNIFTY26OCT57500PE,717.80,756.00,651.50,699.85,697.80,755.65,57369.65,699.85,110910,4500,1111,1939552518.00,735,F1,30,,,,,
2026-09-04,2026-09-04,FO,NSE,IDO,49464,,BANKNIFTY,,2026-10-27,2026-10-27,55800.00,PE,BANKNIFTY26OCT55800PE,301.75,301.75,262.80,265.30,265.30,300.55,57369.65,855.75,5310,30,6,10094005.50,6,F1,30,,,,,
2026-09-04,2026-09-04,FO,NSE,IDO,49378,,BANKNIFTY,,2026-10-27,2026-10-27,52500.00,PE,BANKNIFTY26OCT52500PE,0.00,0.00,0.00,578.50,0.00,578.50,57369.65,190.58,0,0,0,0.00,0,F1,30,,,,,
2026-09-04,2026-09-04,FO,NSE,IDO,70094,,BANKNIFTY,,2026-09-29,2026-09-29,62800.00,PE,BANKNIFTY26SEP62800PE,0.00,0.00,0.00,5228.65,0.00,5228.65,57369.65,5238.89,0,0,0,0.00,0,F1,30,,,,,
2026-09-04,2026-09-04,FO,NSE,IDO,49379,,BANKNIFTY,,2026-10-27,2026-10-27,52600.00,CE,BANKNIFTY26OCT52600CE,0.00,0.00,0.00,5544.15,0.00,5544.15,57369.65,5460.38,0,0,0,0.00,0,F1,30,,,,,
2026-09-04,2026-09-04,FO,NSE,IDO,49401,,BANKNIFTY,,2026-10-27,2026-10-27,53400.00,CE,BANKNIFTY26OCT53400CE,0.00,0.00,0.00,4935.25,0.00,4935.25,57369.65,4770.26,0,0,0,0.00,0,F1,30,,,,,
2026-09-04,2026-09-04,FO,NSE,IDO,49465,,BANKNIFTY,,2026-10-27,2026-10-27,55900.00,CE,BANKNIFTY26OCT55900CE,0.00,0.00,0.00,3273.80,0.00,3273.80,57369.65,2878.37,0,0,0,0.00,0,F1,30,,,,,
2026-09-04,2026-09-04,FO,NSE,IDO,49603,,BANKNIFTY,,2026-10-27,2026-10-27,61400.00,CE,BANKNIFTY26OCT61400CE,0.00,0.00,0.00,824.05,824.05,824.05,57369.65,563.39,90,0,0,0.00,0,F1,30,,,,,
2026-09-04,2026-09-04,FO,NSE,IDO,70024,,BANKNIFTY,,2026-09-29,2026-09-29,60700.00,PE,BANKNIFTY26SEP60700PE,0.00,0.00,0.00,3745.00,0.00,3745.00,57369.65,3336.56,0,0,0,0.00,0,F1,30,,,,,
2026-09-04,2026-09-04,FO,NSE,IDO,52439,,BANKNIFTY,,2026-09-29,2026-09-29,69000.00,CE,BANKNIFTY26SEP69000CE,1.95,2.30,1.50,1.60,1.50,2.00,57369.65,1.60,38850,5040,1917,3968284768.50,549,F1,30,,,,,
2026-09-04,2026-09-04,FO,NSE,IDO,69776,,BANKNIFTY,,2026-09-29,2026-09-29,55300.00,PE,BANKNIFTY26SEP55300PE,95.85,102.25,76.35,83.15,82.80,101.65,57369.65,83.15,22080,4260,1206,2003937819.00,819,F1,30,,,,,
2026-09-04,2026-09-04,FO,NSE,IDO,69695,,BANKNIFTY,,2026-09-29,2026-09-29,53500.00,PE,BANKNIFTY26SEP53500PE,28.85,29.50,23.65,25.00,25.10,30.00,57369.65,25.00,222150,-23070,8096,13000254310.50,4603,F1,30,,,,,
2026-09-04,2026-09-04,FO,NSE,IDO,70796,,BANKNIFTY,,2027-06-29,2027-06-29,60000.00,CE,BANKNIFTY27JUN60000CE,0.00,0.00,0.00,5392.05,0.00,5392.05,57369.65,4310.77,0,0,0,0.00,0,F1,30,,,,,
2026-09-04,2026-09-04,FO,NSE,IDO,53246,,BANKNIFTY,,2026-12-29,2026-12-29,63000.00,CE,BANKNIFTY26DEC63000CE,275.05,295.35,269.95,276.45,278.05,270.00,57369.65,276.45,44310,-1950,295,560052595.50,167,F1,30,,,,,
2026-09-04,2026-09-04,FO,NSE,IDO,53218,,BANKNIFTY,,2026-12-29,2026-12-29,49500.00,CE,BANKNIFTY26DEC49500CE,0.00,0.00,0.00,12801.50,0.00,12801.50,57369.65,9045.84,0,0,0,0.00,0,F1,30,,,,,
2026-09-04,2026-09-04,FO,NSE,IDO,62350,,BANKNIFTY,,2026-11-23,2026-11-23,61400.00,CE,BANKNIFTY26NOV61400CE,0.00,0.00,0.00,1162.60,0.00,1162.60,57369.65,956.41,0,0,0,0.00,0,F1,30,,,,,
2026-09-04,2026-09-04,FO,NSE,IDO,62271,,BANKNIFTY,,2026-11-23,2026-11-23,58800.00,CE,BANKNIFTY26NOV58800CE,0.00,0.00,0.00,2106.10,0.00,2106.10,57369.65,1848.83,0,0,0,0.00,0,F1,30,,,,,
2026-09-04,2026-09-04,FO,NSE,IDO,62093,,BANKNIFTY,,2026-11-23,2026-11-23,52800.00,CE,BANKNIFTY26NOV52800CE,0.00,0.00,0.00,5953.65,0.00,5953.65,57369.65,5699.15,0,0,0,0.00,0,F1,30,,,,,
2026-09-04,2026-09-04,FO,NSE,IDO,49615,,BANKNIFTY,,2026-10-27,2026-10-27,61800.00,CE,BANKNIFTY26OCT61800CE,0.00,0.00,0.00,924.50,0.00,924.50,57369.65,485.57,0,0,0,0.00,0,F1,30,,,,,
2026-09-04,2026-09-04,FO,NSE,IDO,69757,,BANKNIFTY,,2026-09-29,2026-09-29,54600.00,CE,BANKNIFTY26SEP54600CE,0.00,0.00,0.00,2970.00,2970.00,2970.00,57369.65,3219.57,30,0,0,0.00,0,F1,30,,,,,
2026-09-04,2026-09-04,FO,NSE,IDO,76424,,BANKNIFTY,,2027-03-30,2027-03-30,61500.00,PE,BANKNIFTY27MAR61500PE,0.00,0.00,0.00,8564.80,0.00,8564.80,57369.65,4523.68,0,0,0,0.00,0,F1,30,,,,,
2026-09-04,2026-09-04,FO,NSE,IDO,76397,,BANKNIFTY,,2027-03-30,2027-03-30,55500.00,PE,BANKNIFTY27MAR55500PE,0.00,0.00,0.00,4717.35,0.00,4717.35,57369.65,1726.16,0,0,0,0.00,0,F1,30,,,,,
2026-09-04,2026-09-04,FO,NSE,IDO,62518,,BANKNIFTY,,2026-11-23,2026-11-23,62900.00,PE,BANKNIFTY26NOV62900PE,0.00,0.00,0.00,5244.80,0.00,5244.80,57369.65,5272.54,0,0,0,0.00,0,F1,30,,,,,
2026-09-04,2026-09-04,FO,NSE,IDO,62322,,BANKNIFTY,,2026-11-23,2026-11-23,60700.00,PE,BANKNIFTY26NOV60700PE,0.00,0.00,0.00,3660.45,0.00,3660.45,57369.65,3633.87,0,0,0,0.00,0,F1,30,,,,,
2026-09-04,2026-09-04,FO,NSE,IDO,62306,,BANKNIFTY,,2026-11-23,2026-11-23,60100.00,PE,BANKNIFTY26NOV60100PE,0.00,0.00,0.00,3275.40,0.00,3275.40,57369.65,3235.76,0,0,0,0.00,0,F1,30,,,,,
2026-09-04,2026-09-04,FO,NSE,IDO,62251,,BANKNIFTY,,2026-11-23,2026-11-23,58200.00,PE,BANKNIFTY26NOV58200PE,0.00,0.00,0.00,2206.25,0.00,2206.25,57369.65,2134.65,0,0,0,0.00,0,F1,30,,,,,
2026-09-04,2026-09-04,FO,NSE,IDO,62156,,BANKNIFTY,,2026-11-23,2026-11-23,55000.00,PE,BANKNIFTY26NOV55000PE,0.00,0.00,0.00,950.05,0.00,950.05,57369.65,866.51,0,0,0,0.00,0,F1,30,,,,,
2026-09-04,2026-09-04,FO,NSE,IDO,62138,,BANKNIFTY,,2026-11-23,2026-11-23,54100.00,PE,BANKNIFTY26NOV54100PE,0.00,0.00,0.00,715.75,0.00,715.75,57369.65,637.75,0,0,0,0.00,0,F1,30,,,,,
2026-09-04,2026-09-04,FO,NSE,IDO,49654,,BANKNIFTY,,2026-10-27,2026-10-27,63300.00,PE,BANKNIFTY26OCT63300PE,0.00,0.00,0.00,6218.60,0.00,6218.60,57369.65,5609.12,0,0,0,0.00,0,F1,30,,,,,
2026-09-04,2026-09-04,FO,NSE,IDO,49598,,BANKNIFTY,,2026-10-27,2026-10-27,61100.00,PE,BANKNIFTY26OCT61100PE,0.00,0.00,0.00,4522.00,0.00,4522.00,57369.65,3789.77,0,0,0,0.00,0,F1,30,,,,,
2026-09-04,2026-09-04,FO,NSE,IDO,49538,,BANKNIFTY,,2026-10-27,2026-10-27,58600.00,PE,BANKNIFTY26OCT58600PE,1260.70,1272.25,1143.65,1218.50,1218.50,1243.75,57369.65,2105.63,1920,-120,9,16144047.00,9,F1,30,,,,,
2026-09-04,2026-09-04,FO,NSE,IDO,49432,,BANKNIFTY,,2026-10-27,2026-10-27,54700.00,PE,BANKNIFTY26OCT54700PE,0.00,0.00,0.00,1145.30,0.00,1145.30,57369.65,551.03,0,0,0,0.00,0,F1,30,,,,,
2026-09-04,2026-09-04,FO,NSE,IDO,49404,,BANKNIFTY,,2026-10-27,2026-10-27,53500.00,PE,BANKNIFTY26OCT53500PE,0.00,0.00,0.00,804.60,0.00,804.60,57369.65,318.82,0,0,0,0.00,0,F1,30,,,,,
2026-09-04,2026-09-04,FO,NSE,IDO,49376,,BANKNIFTY,,2026-10-27,2026-10-27,52400.00,PE,BANKNIFTY26OCT52400PE,0.00,0.00,0.00,559.00,0.00,559.00,57369.65,180.45,0,0,0,0.00,0,F1,30,,,,,
2026-09-04,2026-09-04,FO,NSE,IDO,70116,,BANKNIFTY,,2026-09-29,2026-09-29,64000.00,PE,BANKNIFTY26SEP64000PE,0.00,0.00,0.00,6160.00,6160.00,6160.00,57369.65,6396.34,4230,0,0,0.00,0,F1,30,,,,,
2026-09-04,2026-09-04,FO,NSE,IDO,52359,,BANKNIFTY,,2026-09-29,2026-09-29,58500.00,PE,BANKNIFTY26SEP58500PE,1071.95,1157.45,957.00,1059.95,1060.00,1138.45,57369.65,1059.95,259020,20910,5360,9572900707.50,3842,F1,30,,,,,
2026-09-04,2026-09-04,FO,NSE,IDO,69816,,BANKNIFTY,,2026-09-29,2026-09-29,57200.00,PE,BANKNIFTY26SEP57200PE,420.00,490.00,378.45,423.50,420.10,485.95,57369.65,423.50,195600,17490,33989,58775467440.00,21667,F1,30,,,,,
2026-09-04,2026-09-04,FO,NSE,IDO,69701,,BANKNIFTY,,2026-09-29,2026-09-29,53800.00,PE,BANKNIFTY26SEP53800PE,42.95,42.95,25.85,28.20,26.80,34.05,57369.65,28.20,3600,2280,230,371419377.00,131,F1,30,,,,,
2026-09-04,2026-09-04,FO,NSE,IDO,76419,,BANKNIFTY,,2027-03-30,2027-03-30,61500.00,CE,BANKNIFTY27MAR61500CE,1965.00,1965.00,1965.00,1965.00,1965.00,1629.75,57369.65,2598.95,120,120,4,7615800.00,2,F1,30,,,,,
2026-09-04,2026-09-04,FO,NSE,IDO,62523,,BANKNIFTY,,2026-11-23,2026-11-23,63000.00,CE,BANKNIFTY26NOV63000CE,0.00,0.00,0.00,772.60,0.00,772.60,57369.65,605.47,0,0,0,0.00,0,F1,30,,,,,
2026-09-04,2026-09-04,FO,NSE,IDO,62489,,BANKNIFTY,,2026-11-23,2026-11-23,62600.00,CE,BANKNIFTY26NOV62600CE,0.00,0.00,0.00,860.75,0.00,860.75,57369.65,681.50,0,0,0,0.00,0,F1,30,,,,,
2026-09-04,2026-09-04,FO,NSE,IDO,62315,,BANKNIFTY,,2026-11-23,2026-11-23,60600.00,CE,BANKNIFTY26NOV60600CE,0.00,0.00,0.00,1409.25,0.00,1409.25,57369.65,1184.96,0,0,0,0.00,0,F1,30,,,,,
2026-09-04,2026-09-04,FO,NSE,IDO,62311,,BANKNIFTY,,2026-11-23,2026-11-23,60400.00,CE,BANKNIFTY26NOV60400CE,0.00,0.00,0.00,1476.70,0.00,1476.70,57369.65,1248.18,0,0,0,0.00,0,F1,30,,,,,
2026-09-04,2026-09-04,FO,NSE,IDO,62207,,BANKNIFTY,,2026-11-23,2026-11-23,57000.00,CE,BANKNIFTY26NOV57000CE,2020.00,2080.00,2020.00,2057.85,2057.85,1990.05,57369.65,2057.85,3300,120,8,14173315.50,6,F1,30,,,,,
2026-09-04,2026-09-04,FO,NSE,IDO,62185,,BANKNIFTY,,2026-11-23,2026-11-23,56100.00,CE,BANKNIFTY26NOV56100CE,0.00,0.00,0.00,3553.05,0.00,3553.05,57369.65,3275.89,0,0,0,0.00,0,F1,30,,,,,
2026-09-04,2026-09-04,FO,NSE,IDO,62123,,BANKNIFTY,,2026-11-23,2026-11-23,53800.00,CE,BANKNIFTY26NOV53800CE,0.00,0.00,0.00,5161.15,0.00,5161.15,57369.65,4895.89,0,0,0,0.00,0,F1,30,,,,,
2026-09-04,2026-09-04,FO,NSE,IDO,62011,,BANKNIFTY,,2026-11-23,2026-11-23,50000.00,CE,BANKNIFTY26NOV50000CE,0.00,0.00,0.00,8397.95,0.00,8397.95,57369.65,8177.75,0,0,0,0.00,0,F1,30,,,,,
2026-09-04,2026-09-04,FO,NSE,IDO,49589,,BANKNIFTY,,2026-10-27,2026-10-27,60800.00,CE,BANKNIFTY26OCT60800CE,0.00,0.00,0.00,1177.30,0.00,1177.30,57369.65,700.53,0,0,0,0.00,0,F1,30,,,,,
2026-09-04,2026-09-04,FO,NSE,IDO,49554,,BANKNIFTY,,2026-10-27,2026-10-27,59300.00,CE,BANKNIFTY26OCT59300CE,0.00,0.00,0.00,1661.50,0.00,1661.50,57369.65,1148.56,0,0,0,0.00,0,F1,30,,,,,
2026-09-04,2026-09-04,FO,NSE,IDO,49545,,BANKNIFTY,,2026-10-27,2026-10-27,59000.00,CE,BANKNIFTY26OCT59000CE,584.25,625.00,548.00,554.30,555.20,560.00,57369.65,554.30,76230,9420,774,1383221580.00,555,F1,30,,,,,
2026-09-04,2026-09-04,FO,NSE,IDO,49519,,BANKNIFTY,,2026-10-27,2026-10-27,58000.00,CE,BANKNIFTY26OCT58000CE,1027.15,1100.00,974.70,997.60,995.25,991.10,57369.65,997.60,114780,2550,979,1733748238.50,725,F1,30,,,,,
2026-09-04,2026-09-04,FO,NSE,IDO,49357,,BANKNIFTY,,2026-10-27,2026-10-27,51600.00,CE,BANKNIFTY26OCT51600CE,0.00,0.00,0.00,6350.65,0.00,6350.65,57369.65,6364.02,0,0,0,0.00,0,F1,30,,,,,
2026-09-04,2026-09-04,FO,NSE,IDO,70025,,BANKNIFTY,,2026-09-29,2026-09-29,60800.00,CE,BANKNIFTY26SEP60800CE,0.00,0.00,0.00,1485.75,0.00,1485.75,57369.65,237.20,0,0,0,0.00,0,F1,30,,,,,
2026-09-04,2026-09-04,FO,NSE,IDO,70015,,BANKNIFTY,,2026-09-29,2026-09-29,60300.00,CE,BANKNIFTY26SEP60300CE,47.30,50.30,38.30,39.95,42.40,47.25,57369.65,39.95,20700,-12720,2369,4288664496.00,1101,F1,30,,,,,
2026-09-04,2026-09-04,FO,NSE,IDO,69853,,BANKNIFTY,,2026-09-29,2026-09-29,58600.00,CE,BANKNIFTY26SEP58600CE,340.55,366.30,295.40,301.05,302.70,314.90,57369.65,301.05,85320,-870,5835,10314802105.50,4472,F1,30,,,,,
2026-09-04,2026-09-04,FO,NSE,IDO,69845,,BANKNIFTY,,2026-09-29,2026-09-29,58200.00,CE,BANKNIFTY26SEP58200CE,470.00,532.30,438.10,446.85,445.45,455.50,57369.65,446.85,146370,16170,16052,28259824425.00,11420,F1,30,,,,,
2026-09-04,2026-09-04,FO,NSE,IDO,69793,,BANKNIFTY,,2026-09-29,2026-09-29,56100.00,CE,BANKNIFTY26SEP56100CE,1850.00,1967.50,1833.30,1833.30,1833.30,1771.90,57369.65,2070.94,3000,1320,77,134003208.00,54,F1,30,,,,,
2026-09-04,2026-09-04,FO,NSE,IDO,69674,,BANKNIFTY,,2026-09-29,2026-09-29,52400.00,CE,BANKNIFTY26SEP52400CE,0.00,0.00,0.00,6400.20,0.00,6400.20,57369.65,5220.36,0,0,0,0.00,0,F1,30,,,,,
2026-09-04,2026-09-04,FO,NSE,IDO,62351,,BANKNIFTY,,2026-11-23,2026-11-23,61400.00,PE,BANKNIFTY26NOV61400PE,0.00,0.00,0.00,4136.30,0.00,4136.30,57369.65,4126.19,0,0,0,0.00,0,F1,30,,,,,
2026-09-04,2026-09-04,FO,NSE,IDO,62336,,BANKNIFTY,,2026-11-23,2026-11-23,61000.00,PE,BANKNIFTY26NOV61000PE,0.00,0.00,0.00,3860.95,0.00,3860.95,57369.65,3841.31,0,0,0,0.00,0,F1,30,,,,,
2026-09-04,2026-09-04,FO,NSE,IDO,62316,,BANKNIFTY,,2026-11-23,2026-11-23,60600.00,PE,BANKNIFTY26NOV60600PE,0.00,0.00,0.00,3594.80,0.00,3594.80,57369.65,3565.94,0,0,0,0.00,0,F1,30,,,,,
2026-09-04,2026-09-04,FO,NSE,IDO,62272,,BANKNIFTY,,2026-11-23,2026-11-23,58800.00,PE,BANKNIFTY26NOV58800PE,0.00,0.00,0.00,2518.35,0.00,2518.35,57369.65,2455.04,0,0,0,0.00,0,F1,30,,,,,
2026-09-04,2026-09-04,FO,NSE,IDO,62243,,BANKNIFTY,,2026-11-23,2026-11-23,58000.00,PE,BANKNIFTY26NOV58000PE,1060.00,1063.00,950.00,999.65,1003.15,1098.85,57369.65,999.65,5100,1590,102,180544149.00,72,F1,30,,,,,
2026-09-04,2026-09-04,FO,NSE,IDO,62218,,BANKNIFTY,,2026-11-23,2026-11-23,57500.00,PE,BANKNIFTY26NOV57500PE,879.00,879.00,762.55,812.60,817.70,873.00,57369.65,812.60,690,510,29,50742004.50,19,F1,30,,,,,
2026-09-04,2026-09-04,FO,NSE,IDO,62212,,BANKNIFTY,,2026-11-23,2026-11-23,57200.00,PE,BANKNIFTY26NOV57200PE,0.00,0.00,0.00,1740.30,0.00,1740.30,57369.65,1659.04,0,0,0,0.00,0,F1,30,,,,,
2026-09-04,2026-09-04,FO,NSE,IDO,62162,,BANKNIFTY,,2026-11-23,2026-11-23,55300.00,PE,BANKNIFTY26NOV55300PE,0.00,0.00,0.00,1039.35,0.00,1039.35,57369.65,954.70,0,0,0,0.00,0,F1,30,,,,,
2026-09-04,2026-09-04,FO,NSE,IDO,62092,,BANKNIFTY,,2026-11-23,2026-11-23,52700.00,PE,BANKNIFTY26NOV52700PE,0.00,0.00,0.00,438.50,0.00,438.50,57369.65,374.00,0,0,0,0.00,0,F1,30,,,,,
2026-09-04,2026-09-04,FO,NSE,IDO,62086,,BANKNIFTY,,2026-11-23,2026-11-23,52400.00,PE,BANKNIFTY26NOV52400PE,0.00,0.00,0.00,391.60,0.00,391.60,57369.65,330.45,0,0,0,0.00,0,F1,30,,,,,
2026-09-04,2026-09-04,FO,NSE,IDO,49562,,BANKNIFTY,,2026-10-27,2026-10-27,59500.00,PE,BANKNIFTY26OCT59500PE,1819.05,1840.00,1709.00,1745.00,1745.00,1865.95,57369.65,2654.92,4890,240,21,38595934.50,20,F1,30,,,,,
2026-09-04,2026-09-04,FO,NSE,IDO,49516,,BANKNIFTY,,2026-10-27,2026-10-27,57800.00,PE,BANKNIFTY26OCT57800PE,876.60,887.50,774.90,823.15,818.35,891.65,57369.65,823.15,6330,-240,107,188228476.50,86,F1,30,,,,,
2026-09-04,2026-09-04,FO,NSE,IDO,49490,,BANKNIFTY,,2026-10-27,2026-10-27,56700.00,PE,BANKNIFTY26OCT56700PE,0.00,0.00,0.00,1919.45,0.00,1919.45,57369.65,1181.01,0,0,0,0.00,0,F1,30,,,,,
2026-09-04,2026-09-04,FO,NSE,IDO,49390,,BANKNIFTY,,2026-10-27,2026-10-27,53100.00,PE,BANKNIFTY26OCT53100PE,0.00,0.00,0.00,706.45,0.00,706.45,57369.65,261.25,0,0,0,0.00,0,F1,30,,,,,
2026-09-04,2026-09-04,FO,NSE,IDO,70026,,BANKNIFTY,,2026-09-29,2026-09-29,60800.00,PE,BANKNIFTY26SEP60800PE,0.00,0.00,0.00,3810.25,0.00,3810.25,57369.65,3421.52,0,0,0,0.00,0,F1,30,,,,,
2026-09-04,2026-09-04,FO,NSE,IDO,69846,,BANKNIFTY,,2026-09-29,2026-09-29,58200.00,PE,BANKNIFTY26SEP58200PE,899.15,965.15,788.65,875.00,883.70,951.75,57369.65,875.00,77640,-12750,4453,7891144230.00,3074,F1,30,,,,,
2026-09-04,2026-09-04,FO,NSE,IDO,69792,,BANKNIFTY,,2026-09-29,2026-09-29,56000.00,PE,BANKNIFTY26SEP56000PE,189.95,189.95,138.00,152.60,155.00,182.15,57369.65,152.60,706740,-2580,24460,41207977269.00,15196,F1,30,,,,,
2026-09-04,2026-09-04,FO,NSE,IDO,69768,,BANKNIFTY,,2026-09-29,2026-09-29,55000.00,PE,BANKNIFTY26SEP55000PE,84.00,84.00,60.40,65.25,66.95,79.20,57369.65,65.25,559560,-6750,18030,29785467960.00,9287,F1,30,,,,,
2026-09-04,2026-09-04,FO,NSE,IDO,69760,,BANKNIFTY,,2026-09-29,2026-09-29,54600.00,PE,BANKNIFTY26SEP54600PE,47.35,57.60,43.95,46.70,47.20,57.05,57369.65,46.70,28290,9630,1216,1993536475.50,512,F1,30,,,,,
2026-09-04,2026-09-04,FO,NSE,IDO,70769,,BANKNIFTY,,2027-06-29,2027-06-29,52500.00,CE,BANKNIFTY27JUN52500CE,0.00,0.00,0.00,9732.10,0.00,9732.10,57369.65,8737.03,0,0,0,0.00,0,F1,30,,,,,
2026-09-04,2026-09-04,FO,NSE,IDO,76390,,BANKNIFTY,,2027-03-30,2027-03-30,51000.00,CE,BANKNIFTY27MAR51000CE,0.00,0.00,0.00,5420.45,0.00,5420.45,57369.65,8822.91,0,0,0,0.00,0,F1,30,,,,,
2026-09-04,2026-09-04,FO,NSE,IDO,62485,,BANKNIFTY,,2026-11-23,2026-11-23,62400.00,CE,BANKNIFTY26NOV62400CE,0.00,0.00,0.00,906.25,0.00,906.25,57369.65,722.34,0,0,0,0.00,0,F1,30,,,,,
2026-09-04,2026-09-04,FO,NSE,IDO,62231,,BANKNIFTY,,2026-11-23,2026-11-23,57800.00,CE,BANKNIFTY26NOV57800CE,0.00,0.00,0.00,2584.75,0.00,2584.75,57369.65,2315.53,0,0,0,0.00,0,F1,30,,,,,
2026-09-04,2026-09-04,FO,NSE,IDO,62224,,BANKNIFTY,,2026-11-23,2026-11-23,57700.00,CE,BANKNIFTY26NOV57700CE,0.00,0.00,0.00,2636.30,0.00,2636.30,57369.65,2366.18,0,0,0,0.00,0,F1,30,,,,,
2026-09-04,2026-09-04,FO,NSE,IDO,62021,,BANKNIFTY,,2026-11-23,2026-11-23,50500.00,CE,BANKNIFTY26NOV50500CE,0.00,0.00,0.00,7942.00,0.00,7942.00,57369.65,7715.95,0,0,0,0.00,0,F1,30,,,,,
2026-09-04,2026-09-04,FO,NSE,IDO,49661,,BANKNIFTY,,2026-10-27,2026-10-27,63600.00,CE,BANKNIFTY26OCT63600CE,0.00,0.00,0.00,576.20,0.00,576.20,57369.65,236.24,0,0,0,0.00,0,F1,30,,,,,
2026-09-04,2026-09-04,FO,NSE,IDO,49601,,BANKNIFTY,,2026-10-27,2026-10-27,61300.00,CE,BANKNIFTY26OCT61300CE,0.00,0.00,0.00,1043.15,0.00,1043.15,57369.65,584.34,0,0,0,0.00,0,F1,30,,,,,
2026-09-04,2026-09-04,FO,NSE,IDO,49505,,BANKNIFTY,,2026-10-27,2026-10-27,57500.00,CE,BANKNIFTY26OCT57500CE,1315.75,1397.00,1249.05,1277.85,1277.00,1267.65,57369.65,1277.85,33360,1050,594,1048019379.00,428,F1,30,,,,,
2026-09-04,2026-09-04,FO,NSE,IDO,49497,,BANKNIFTY,,2026-10-27,2026-10-27,57100.00,CE,BANKNIFTY26OCT57100CE,1631.30,1631.30,1609.25,1609.25,1609.25,1558.25,57369.65,2149.74,870,0,2,3523216.50,2,F1,30,,,,,
2026-09-04,2026-09-04,FO,NSE,IDO,69796,,BANKNIFTY,,2026-09-29,2026-09-29,56200.00,PE,BANKNIFTY26SEP56200PE,199.90,220.90,165.55,182.55,183.65,216.55,57369.65,182.55,55320,-7770,3443,5824273710.00,2154,F1,30,,,,,
2026-09-04,2026-09-04,FO,NSE,IDO,69833,,BANKNIFTY,,2026-09-29,2026-09-29,57900.00,PE,BANKNIFTY26SEP57900PE,725.70,799.90,638.85,714.10,715.00,789.65,57369.65,714.10,174960,-12240,13756,24187612135.50,10081,F1,30,,,,,
2026-09-04,2026-09-04,FO,NSE,IDO,70793,,BANKNIFTY,,2027-06-29,2027-06-29,57000.00,PE,BANKNIFTY27JUN57000PE,0.00,0.00,0.00,2963.90,0.00,2963.90,57369.65,2552.49,0,0,0,0.00,0,F1,30,,,,,
2026-09-04,2026-09-04,FO,NSE,IDO,76426,,BANKNIFTY,,2027-03-30,2027-03-30,63000.00,PE,BANKNIFTY27MAR63000PE,0.00,0.00,0.00,9669.30,0.00,9669.30,57369.65,5458.66,0,0,0,0.00,0,F1,30,,,,,
2026-09-04,2026-09-04,FO,NSE,IDO,53229,,BANKNIFTY,,2026-12-29,2026-12-29,57000.00,PE,BANKNIFTY26DEC57000PE,831.95,857.00,763.80,812.80,814.00,853.05,57369.65,812.80,94890,3420,551,955482187.50,312,F1,30,,,,,
2026-09-04,2026-09-04,FO,NSE,IDO,62482,,BANKNIFTY,,2026-11-23,2026-11-23,62200.00,PE,BANKNIFTY26NOV62200PE,0.00,0.00,0.00,4715.50,0.00,4715.50,57369.65,4723.71,0,0,0,0.00,0,F1,30,,,,,
2026-09-04,2026-09-04,FO,NSE,IDO,62194,,BANKNIFTY,,2026-11-23,2026-11-23,56500.00,PE,BANKNIFTY26NOV56500PE,0.00,0.00,0.00,1454.20,0.00,1454.20,57369.65,1369.49,0,0,0,0.00,0,F1,30,,,,,
2026-09-04,2026-09-04,FO,NSE,IDO,62154,,BANKNIFTY,,2026-11-23,2026-11-23,54900.00,PE,BANKNIFTY26NOV54900PE,0.00,0.00,0.00,923.85,0.00,923.85,57369.65,840.85,0,0,0,0.00,0,F1,30,,,,,
2026-09-04,2026-09-04,FO,NSE,IDO,49614,,BANKNIFTY,,2026-10-27,2026-10-27,61700.00,PE,BANKNIFTY26OCT61700PE,0.00,0.00,0.00,4965.40,0.00,4965.40,57369.65,4260.22,0,0,0,0.00,0,F1,30,,,,,
2026-09-04,2026-09-04,FO,NSE,IDO,49596,,BANKNIFTY,,2026-10-27,2026-10-27,61000.00,PE,BANKNIFTY26OCT61000PE,3033.10,3033.10,2912.55,2989.50,2988.00,2885.80,57369.65,2989.50,480,0,6,11517108.00,5,F1,30,,,,,
2026-09-04,2026-09-04,FO,NSE,IDO,49532,,BANKNIFTY,,2026-10-27,2026-10-27,58500.00,PE,BANKNIFTY26OCT58500PE,1185.20,1237.95,1084.00,1164.05,1163.05,1248.85,57369.65,1164.05,31350,-1290,255,456201747.00,169,F1,30,,,,,
2026-09-04,2026-09-04,FO,NSE,IDO,49530,,BANKNIFTY,,2026-10-27,2026-10-27,58400.00,PE,BANKNIFTY26OCT58400PE,1150.00,1150.00,1091.00,1105.40,1105.40,1075.00,57369.65,1105.40,1860,-30,4,7142892.00,3,F1,30,,,,,
2026-09-04,2026-09-04,FO,NSE,IDO,70208,,BANKNIFTY,,2026-09-29,2026-09-29,65000.00,PE,BANKNIFTY26SEP65000PE,7090.00,7184.75,7040.00,7168.20,7163.75,7222.55,57369.65,7168.20,66480,1200,42,90870846.00,30,F1,30,,,,,
2026-09-04,2026-09-04,FO,NSE,IDO,52405,,BANKNIFTY,,2026-09-29,2026-09-29,63000.00,PE,BANKNIFTY26SEP63000PE,5110.00,5186.10,5046.85,5186.10,5186.10,5182.30,57369.65,5186.10,55740,210,71,145089915.00,31,F1,30,,,,,
2026-09-04,2026-09-04,FO,NSE,IDO,69918,,BANKNIFTY,,2026-09-29,2026-09-29,59400.00,PE,BANKNIFTY26SEP59400PE,0.00,0.00,0.00,1735.50,1735.50,1735.50,57369.65,2307.93,3570,0,0,0.00,0,F1,30,,,,,
2026-09-04,2026-09-04,FO,NSE,IDO,69900,,BANKNIFTY,,2026-09-29,2026-09-29,59200.00,PE,BANKNIFTY26SEP59200PE,0.00,0.00,0.00,1617.85,1617.85,1617.85,57369.65,2164.39,1590,0,0,0.00,0,F1,30,,,,,
2026-09-04,2026-09-04,FO,NSE,IDO,52270,,BANKNIFTY,,2026-09-29,2026-09-29,46500.00,CE,BANKNIFTY26SEP46500CE,0.00,0.00,0.00,11380.00,11380.00,11380.00,57369.65,11057.83,30,0,0,0.00,0,F1,30,,,,,
2026-09-04,2026-09-04,FO,NSE,IDO,69546,,BANKNIFTY,,2026-09-29,2026-09-29,49000.00,CE,BANKNIFTY26SEP49000CE,8635.00,8758.50,8630.00,8690.00,8690.00,8880.00,57369.65,8568.64,2280,60,4,6921405.00,4,F1,30,,,,,
2026-09-04,2026-09-04,FO,NSE,IDO,69591,,BANKNIFTY,,2026-09-29,2026-09-29,50500.00,CE,BANKNIFTY26SEP50500CE,0.00,0.00,0.00,6800.00,6800.00,6800.00,57369.65,7079.09,90,0,0,0.00,0,F1,30,,,,,
2026-09-04,2026-09-04,FO,NSE,IDO,69838,,BANKNIFTY,,2026-09-29,2026-09-29,58000.00,CE,BANKNIFTY26SEP58000CE,560.00,631.85,520.00,532.35,532.65,540.40,57369.65,532.35,1325880,-32430,84961,149283723271.50,56789,F1,30,,,,,
2026-09-04,2026-09-04,FO,NSE,IDO,70101,,BANKNIFTY,,2026-09-29,2026-09-29,63300.00,CE,BANKNIFTY26SEP63300CE,0.00,0.00,0.00,824.30,0.00,824.30,57369.65,43.18,0,0,0,0.00,0,F1,30,,,,,
2026-09-04,2026-09-04,FO,NSE,IDO,70119,,BANKNIFTY,,2026-09-29,2026-09-29,64200.00,CE,BANKNIFTY26SEP64200CE,5.00,6.00,4.00,4.15,4.30,5.50,57369.65,4.15,4620,420,104,200318509.50,61,F1,30,,,,,
2026-09-04,2026-09-04,FO,NSE,IDO,49441,,BANKNIFTY,,2026-10-27,2026-10-27,55000.00,CE,BANKNIFTY26OCT55000CE,3209.50,3322.20,3158.90,3285.00,3285.00,3209.50,57369.65,3508.48,3690,60,17,29711404.50,16,F1,30,,,,,
2026-09-04,2026-09-04,FO,NSE,IDO,49547,,BANKNIFTY,,2026-10-27,2026-10-27,59100.00,CE,BANKNIFTY26OCT59100CE,0.00,0.00,0.00,1735.95,0.00,1735.95,57369.65,1222.07,0,0,0,0.00,0,F1,30,,,,,
2026-09-04,2026-09-04,FO,NSE,IDO,49583,,BANKNIFTY,,2026-10-27,2026-10-27,60500.00,CE,BANKNIFTY26OCT60500CE,0.00,0.00,0.00,626.15,626.15,626.15,57369.65,774.63,30,0,0,0.00,0,F1,30,,,,,
2026-09-04,2026-09-04,FO,NSE,IDO,62133,,BANKNIFTY,,2026-11-23,2026-11-23,54000.00,CE,BANKNIFTY26NOV54000CE,0.00,0.00,0.00,4500.00,4500.00,4500.00,57369.65,4741.82,270,0,0,0.00,0,F1,30,,,,,
2026-09-04,2026-09-04,FO,NSE,IDO,70765,,BANKNIFTY,,2027-06-29,2027-06-29,51000.00,CE,BANKNIFTY27JUN51000CE,0.00,0.00,0.00,10793.90,0.00,10793.90,57369.65,9849.24,0,0,0,0.00,0,F1,30,,,,,
2026-09-04,2026-09-04,FO,NSE,IDO,49422,,BANKNIFTY,,2026-10-27,2026-10-27,54300.00,PE,BANKNIFTY26OCT54300PE,0.00,0.00,0.00,1021.05,0.00,1021.05,57369.65,462.88,0,0,0,0.00,0,F1,30,,,,,
2026-09-04,2026-09-04,FO,NSE,IDO,49580,,BANKNIFTY,,2026-10-27,2026-10-27,60300.00,PE,BANKNIFTY26OCT60300PE,0.00,0.00,0.00,2393.10,2393.10,2393.10,57369.65,3198.43,90,0,0,0.00,0,F1,30,,,,,
2026-09-04,2026-09-04,FO,NSE,IDO,62024,,BANKNIFTY,,2026-11-23,2026-11-23,50500.00,PE,BANKNIFTY26NOV50500PE,0.00,0.00,0.00,177.60,0.00,177.60,57369.65,138.50,0,0,0,0.00,0,F1,30,,,,,
2026-09-04,2026-09-04,FO,NSE,IDO,62067,,BANKNIFTY,,2026-11-23,2026-11-23,51600.00,PE,BANKNIFTY26NOV51600PE,0.00,0.00,0.00,285.20,0.00,285.20,57369.65,233.42,0,0,0,0.00,0,F1,30,,,,,
2026-09-04,2026-09-04,FO,NSE,IDO,62312,,BANKNIFTY,,2026-11-23,2026-11-23,60400.00,PE,BANKNIFTY26NOV60400PE,0.00,0.00,0.00,3465.25,0.00,3465.25,57369.65,3431.96,0,0,0,0.00,0,F1,30,,,,,
2026-09-04,2026-09-04,FO,NSE,IDO,62691,,BANKNIFTY,,2026-11-23,2026-11-23,65000.00,PE,BANKNIFTY26NOV65000PE,0.00,0.00,0.00,6962.20,0.00,6962.20,57369.65,7042.09,0,0,0,0.00,0,F1,30,,,,,
2026-09-04,2026-09-04,FO,NSE,IDO,53221,,BANKNIFTY,,2026-12-29,2026-12-29,51000.00,PE,BANKNIFTY26DEC51000PE,0.00,0.00,0.00,101.75,101.75,101.75,57369.65,314.28,5580,0,0,0.00,0,F1,30,,,,,
2026-09-04,2026-09-04,FO,NSE,IDO,53223,,BANKNIFTY,,2026-12-29,2026-12-29,52500.00,PE,BANKNIFTY26DEC52500PE,172.00,193.00,161.30,164.95,168.55,187.35,57369.65,164.95,17970,-420,26,41084233.50,17,F1,30,,,,,
2026-09-04,2026-09-04,FO,NSE,IDO,62276,,BANKNIFTY,,2026-11-23,2026-11-23,59000.00,PE,BANKNIFTY26NOV59000PE,1403.15,1403.15,1403.15,1403.15,1403.15,1475.00,57369.65,2567.56,90,30,1,1812094.50,1,F1,30,,,,,
2026-09-04,2026-09-04,FO,NSE,IDO,62188,,BANKNIFTY,,2026-11-23,2026-11-23,56200.00,PE,BANKNIFTY26NOV56200PE,0.00,0.00,0.00,1341.65,0.00,1341.65,57369.65,1256.26,0,0,0,0.00,0,F1,30,,,,,
2026-09-04,2026-09-04,FO,NSE,IDO,62088,,BANKNIFTY,,2026-11-23,2026-11-23,52500.00,PE,BANKNIFTY26NOV52500PE,0.00,0.00,0.00,406.80,0.00,406.80,57369.65,344.50,0,0,0,0.00,0,F1,30,,,,,
2026-09-04,2026-09-04,FO,NSE,IDO,49586,,BANKNIFTY,,2026-10-27,2026-10-27,60600.00,PE,BANKNIFTY26OCT60600PE,0.00,0.00,0.00,4168.85,0.00,4168.85,57369.65,3414.66,0,0,0,0.00,0,F1,30,,,,,
2026-09-04,2026-09-04,FO,NSE,IDO,70112,,BANKNIFTY,,2026-09-29,2026-09-29,63800.00,PE,BANKNIFTY26SEP63800PE,0.00,0.00,0.00,6004.90,0.00,6004.90,57369.65,6201.47,0,0,0,0.00,0,F1,30,,,,,
2026-09-04,2026-09-04,FO,NSE,IDO,70100,,BANKNIFTY,,2026-09-29,2026-09-29,63200.00,PE,BANKNIFTY26SEP63200PE,0.00,0.00,0.00,5532.80,0.00,5532.80,57369.65,5621.18,0,0,0,0.00,0,F1,30,,,,,
2026-09-04,2026-09-04,FO,NSE,IDO,70087,,BANKNIFTY,,2026-09-29,2026-09-29,62500.00,PE,BANKNIFTY26SEP62500PE,0.00,0.00,0.00,4689.20,4689.20,4689.20,57369.65,4955.20,3180,0,0,0.00,0,F1,30,,,,,
2026-09-04,2026-09-04,FO,NSE,IDO,69869,,BANKNIFTY,,2026-09-29,2026-09-29,58700.00,PE,BANKNIFTY26SEP58700PE,1236.55,1297.00,1092.05,1203.80,1199.00,1287.45,57369.65,1203.80,10770,420,146,262287480.00,117,F1,30,,,,,
2026-09-04,2026-09-04,FO,NSE,IDO,69812,,BANKNIFTY,,2026-09-29,2026-09-29,56900.00,PE,BANKNIFTY26SEP56900PE,409.75,409.75,297.00,331.40,334.90,384.75,57369.65,331.40,98130,2550,6688,11484942015.00,5065,F1,30,,,,,
2026-09-04,2026-09-04,FO,NSE,IDO,69655,,BANKNIFTY,,2026-09-29,2026-09-29,51400.00,PE,BANKNIFTY26SEP51400PE,0.00,0.00,0.00,312.65,0.00,312.65,57369.65,14.15,0,0,0,0.00,0,F1,30,,,,,
2026-09-04,2026-09-04,FO,NSE,IDO,52281,,BANKNIFTY,,2026-09-29,2026-09-29,49500.00,PE,BANKNIFTY26SEP49500PE,11.35,11.80,9.70,10.50,10.90,12.75,57369.65,10.50,33990,-1890,323,479760433.50,274,F1,30,,,,,
2026-09-04,2026-09-04,FO,NSE,IDO,76402,,BANKNIFTY,,2027-03-30,2027-03-30,60000.00,CE,BANKNIFTY27MAR60000CE,0.00,0.00,0.00,1968.25,0.00,1968.25,57369.65,3200.11,0,0,0,0.00,0,F1,30,,,,,
2026-09-04,2026-09-04,FO,NSE,IDO,49665,,BANKNIFTY,,2026-10-27,2026-10-27,63800.00,CE,BANKNIFTY26OCT63800CE,0.00,0.00,0.00,545.55,0.00,545.55,57369.65,216.94,0,0,0,0.00,0,F1,30,,,,,
2026-09-04,2026-09-04,FO,NSE,IDO,49623,,BANKNIFTY,,2026-10-27,2026-10-27,62200.00,CE,BANKNIFTY26OCT62200CE,0.00,0.00,0.00,833.75,0.00,833.75,57369.65,416.76,0,0,0,0.00,0,F1,30,,,,,
2026-09-04,2026-09-04,FO,NSE,IDO,49391,,BANKNIFTY,,2026-10-27,2026-10-27,53200.00,CE,BANKNIFTY26OCT53200CE,0.00,0.00,0.00,5084.25,0.00,5084.25,57369.65,4939.63,0,0,0,0.00,0,F1,30,,,,,
2026-09-04,2026-09-04,FO,NSE,IDO,70093,,BANKNIFTY,,2026-09-29,2026-09-29,62800.00,CE,BANKNIFTY26SEP62800CE,0.00,0.00,0.00,934.80,0.00,934.80,57369.65,62.66,0,0,0,0.00,0,F1,30,,,,,
2026-09-04,2026-09-04,FO,NSE,IDO,70091,,BANKNIFTY,,2026-09-29,2026-09-29,62700.00,CE,BANKNIFTY26SEP62700CE,0.00,0.00,0.00,957.70,0.00,957.70,57369.65,67.38,0,0,0,0.00,0,F1,30,,,,,
2026-09-04,2026-09-04,FO,NSE,IDO,52388,,BANKNIFTY,,2026-09-29,2026-09-29,61500.00,CE,BANKNIFTY26SEP61500CE,14.50,15.40,12.00,12.35,12.15,14.45,57369.65,12.35,325980,9030,8563,15802087755.00,4673,F1,30,,,,,
2026-09-04,2026-09-04,FO,NSE,IDO,69982,,BANKNIFTY,,2026-09-29,2026-09-29,59600.00,CE,BANKNIFTY26SEP59600CE,98.30,121.35,93.35,95.45,98.00,108.15,57369.65,95.45,55440,2040,3273,5862419208.00,2110,F1,30,,,,,
2026-09-04,2026-09-04,FO,NSE,IDO,69944,,BANKNIFTY,,2026-09-29,2026-09-29,59500.00,CE,BANKNIFTY26SEP59500CE,123.40,136.25,105.40,107.85,110.00,120.50,57369.65,107.85,508770,27390,20886,37355457687.00,14053,F1,30,,,,,
2026-09-04,2026-09-04,FO,NSE,IDO,52284,,BANKNIFTY,,2026-09-29,2026-09-29,52500.00,CE,BANKNIFTY26SEP52500CE,0.00,0.00,0.00,5416.60,5416.60,5416.60,57369.65,5124.54,390,0,0,0.00,0,F1,30,,,,,
2026-09-04,2026-09-04,FO,NSE,IDO,76401,,BANKNIFTY,,2027-03-30,2027-03-30,58500.00,PE,BANKNIFTY27MAR58500PE,0.00,0.00,0.00,6512.10,0.00,6512.10,57369.65,2929.23,0,0,0,0.00,0,F1,30,,,,,
2026-09-04,2026-09-04,FO,NSE,IDO,70800,,BANKNIFTY,,2027-06-29,2027-06-29,63000.00,CE,BANKNIFTY27JUN63000CE,0.00,0.00,0.00,4124.65,0.00,4124.65,57369.65,3094.28,0,0,0,0.00,0,F1,30,,,,,
2026-09-04,2026-09-04,FO,NSE,IDO,62551,,BANKNIFTY,,2026-11-23,2026-11-23,63500.00,CE,BANKNIFTY26NOV63500CE,0.00,0.00,0.00,675.20,0.00,675.20,57369.65,520.40,0,0,0,0.00,0,F1,30,,,,,
2026-09-04,2026-09-04,FO,NSE,IDO,70111,,BANKNIFTY,,2026-09-29,2026-09-29,63800.00,CE,BANKNIFTY26SEP63800CE,0.00,0.00,0.00,726.40,0.00,726.40,57369.65,29.29,0,0,0,0.00,0,F1,30,,,,,
2026-09-04,2026-09-04,FO,NSE,IDO,70154,,BANKNIFTY,,2026-09-29,2026-09-29,65000.00,CE,BANKNIFTY26SEP65000CE,3.50,4.10,2.80,2.95,2.85,3.50,57369.65,2.95,125790,15660,3146,6135009451.50,1367,F1,30,,,,,
2026-09-04,2026-09-04,FO,NSE,IDO,49425,,BANKNIFTY,,2026-10-27,2026-10-27,54500.00,CE,BANKNIFTY26OCT54500CE,0.00,0.00,0.00,3810.00,3810.00,3810.00,57369.65,3882.44,60,0,0,0.00,0,F1,30,,,,,
2026-09-04,2026-09-04,FO,NSE,IDO,49451,,BANKNIFTY,,2026-10-27,2026-10-27,55400.00,CE,BANKNIFTY26OCT55400CE,0.00,0.00,0.00,3574.50,0.00,3574.50,57369.65,3218.72,0,0,0,0.00,0,F1,30,,,,,
2026-09-04,2026-09-04,FO,NSE,IDO,49467,,BANKNIFTY,,2026-10-27,2026-10-27,56000.00,CE,BANKNIFTY26OCT56000CE,2345.80,2499.95,2300.00,2349.45,2341.35,2326.20,57369.65,2349.45,10260,4590,219,383582644.50,120,F1,30,,,,,
2026-09-04,2026-09-04,FO,NSE,IDO,49469,,BANKNIFTY,,2026-10-27,2026-10-27,56100.00,CE,BANKNIFTY26OCT56100CE,0.00,0.00,0.00,3158.05,0.00,3158.05,57369.65,2748.14,0,0,0,0.00,0,F1,30,,,,,
2026-09-04,2026-09-04,FO,NSE,IDO,62079,,BANKNIFTY,,2026-11-23,2026-11-23,52100.00,CE,BANKNIFTY26NOV52100CE,0.00,0.00,0.00,6536.80,0.00,6536.80,57369.65,6290.82,0,0,0,0.00,0,F1,30,,,,,
2026-09-04,2026-09-04,FO,NSE,IDO,62085,,BANKNIFTY,,2026-11-23,2026-11-23,52400.00,CE,BANKNIFTY26NOV52400CE,0.00,0.00,0.00,6284.20,0.00,6284.20,57369.65,6034.53,0,0,0,0.00,0,F1,30,,,,,
2026-09-04,2026-09-04,FO,NSE,IDO,62137,,BANKNIFTY,,2026-11-23,2026-11-23,54100.00,CE,BANKNIFTY26NOV54100CE,0.00,0.00,0.00,4933.65,0.00,4933.65,57369.65,4665.67,0,0,0,0.00,0,F1,30,,,,,
2026-09-04,2026-09-04,FO,NSE,IDO,62513,,BANKNIFTY,,2026-11-23,2026-11-23,62800.00,CE,BANKNIFTY26NOV62800CE,0.00,0.00,0.00,814.65,0.00,814.65,57369.65,642.56,0,0,0,0.00,0,F1,30,,,,,
2026-09-04,2026-09-04,FO,NSE,IDO,69654,,BANKNIFTY,,2026-09-29,2026-09-29,51400.00,CE,BANKNIFTY26SEP51400CE,0.00,0.00,0.00,7244.00,0.00,7244.00,57369.65,6191.80,0,0,0,0.00,0,F1,30,,,,,
2026-09-04,2026-09-04,FO,NSE,IDO,70771,,BANKNIFTY,,2027-06-29,2027-06-29,52500.00,PE,BANKNIFTY27JUN52500PE,0.00,0.00,0.00,1541.40,0.00,1541.40,57369.65,1178.31,0,0,0,0.00,0,F1,30,,,,,
2026-09-04,2026-09-04,FO,NSE,IDO,62486,,BANKNIFTY,,2026-11-23,2026-11-23,62400.00,PE,BANKNIFTY26NOV62400PE,0.00,0.00,0.00,4865.10,0.00,4865.10,57369.65,4878.10,0,0,0,0.00,0,F1,30,,,,,
2026-09-04,2026-09-04,FO,NSE,IDO,62074,,BANKNIFTY,,2026-11-23,2026-11-23,51800.00,PE,BANKNIFTY26NOV51800PE,0.00,0.00,0.00,309.40,0.00,309.40,57369.65,255.23,0,0,0,0.00,0,F1,30,,,,,
2026-09-04,2026-09-04,FO,NSE,IDO,49584,,BANKNIFTY,,2026-10-27,2026-10-27,60500.00,PE,BANKNIFTY26OCT60500PE,0.00,0.00,0.00,2854.65,2854.65,2854.65,57369.65,3341.87,450,0,0,0.00,0,F1,30,,,,,
2026-09-04,2026-09-04,FO,NSE,IDO,49518,,BANKNIFTY,,2026-10-27,2026-10-27,57900.00,PE,BANKNIFTY26OCT57900PE,883.20,928.00,832.00,852.50,852.50,945.90,57369.65,1727.05,6450,-90,31,54638983.50,20,F1,30,,,,,
2026-09-04,2026-09-04,FO,NSE,IDO,49424,,BANKNIFTY,,2026-10-27,2026-10-27,54400.00,PE,BANKNIFTY26OCT54400PE,0.00,0.00,0.00,1051.20,0.00,1051.20,57369.65,483.85,0,0,0,0.00,0,F1,30,,,,,
2026-09-04,2026-09-04,FO,NSE,IDO,52413,,BANKNIFTY,,2026-09-29,2026-09-29,64500.00,PE,BANKNIFTY26SEP64500PE,0.00,0.00,0.00,6700.00,6700.00,6700.00,57369.65,6885.91,840,0,0,0.00,0,F1,30,,,,,
2026-09-04,2026-09-04,FO,NSE,IDO,70098,,BANKNIFTY,,2026-09-29,2026-09-29,63100.00,PE,BANKNIFTY26SEP63100PE,0.00,0.00,0.00,5455.60,0.00,5455.60,57369.65,5525.22,0,0,0,0.00,0,F1,30,,,,,
2026-09-04,2026-09-04,FO,NSE,IDO,69871,,BANKNIFTY,,2026-09-29,2026-09-29,58800.00,PE,BANKNIFTY26SEP58800PE,1340.05,1368.45,1162.85,1271.80,1269.55,1351.20,57369.65,1271.80,14970,-330,164,295374622.50,128,F1,30,,,,,
2026-09-04,2026-09-04,FO,NSE,IDO,69782,,BANKNIFTY,,2026-09-29,2026-09-29,55700.00,PE,BANKNIFTY26SEP55700PE,132.00,144.05,107.20,117.55,118.40,142.15,57369.65,117.55,30600,2520,1424,2384674440.00,923,F1,30,,,,,
2026-09-04,2026-09-04,FO,NSE,IDO,52285,,BANKNIFTY,,2026-09-29,2026-09-29,52500.00,PE,BANKNIFTY26SEP52500PE,19.05,19.30,16.60,17.10,17.30,20.65,57369.65,17.10,126810,17700,5182,8164362004.50,2698,F1,30,,,,,
2026-09-04,2026-09-04,FO,NSE,IDO,70794,,BANKNIFTY,,2027-06-29,2027-06-29,58500.00,CE,BANKNIFTY27JUN58500CE,0.00,0.00,0.00,6124.45,0.00,6124.45,57369.65,5036.03,0,0,0,0.00,0,F1,30,,,,,
2026-09-04,2026-09-04,FO,NSE,IDO,49479,,BANKNIFTY,,2026-10-27,2026-10-27,56500.00,CE,BANKNIFTY26OCT56500CE,1971.00,2070.85,1950.05,1965.40,1950.05,1939.10,57369.65,1965.40,1800,60,28,49162491.00,21,F1,30,,,,,
2026-09-04,2026-09-04,FO,NSE,IDO,49463,,BANKNIFTY,,2026-10-27,2026-10-27,55800.00,CE,BANKNIFTY26OCT55800CE,0.00,0.00,0.00,3332.60,0.00,3332.60,57369.65,2944.76,0,0,0,0.00,0,F1,30,,,,,
2026-09-04,2026-09-04,FO,NSE,IDF,68390,,BANKNIFTY,,2026-09-29,2026-09-29,,,BANKNIFTY26SEPFUT,57795.00,57953.40,57685.00,57774.80,57775.00,57713.40,57369.65,57774.80,2015670,10260,9706,16837793286.00,6064,F1,30,,,,,
2026-09-04,2026-09-04,FO,NSE,IDO,52282,,BANKNIFTY,,2026-09-29,2026-09-29,51000.00,CE,BANKNIFTY26SEP51000CE,6667.65,6843.60,6667.65,6782.95,6782.95,6671.25,57369.65,6782.95,8550,-30,7,12126618.00,5,F1,30,,,,,
2026-09-04,2026-09-04,FO,NSE,IDO,70084,,BANKNIFTY,,2026-09-29,2026-09-29,62400.00,CE,BANKNIFTY26SEP62400CE,0.00,0.00,0.00,1029.20,0.00,1029.20,57369.65,83.45,0,0,0,0.00,0,F1,30,,,,,
2026-09-04,2026-09-04,FO,NSE,IDO,70115,,BANKNIFTY,,2026-09-29,2026-09-29,64000.00,CE,BANKNIFTY26SEP64000CE,5.55,5.65,4.50,4.75,4.75,5.45,57369.65,4.75,130680,-990,711,1365225573.00,403,F1,30,,,,,
2026-09-04,2026-09-04,FO,NSE,IDO,49367,,BANKNIFTY,,2026-10-27,2026-10-27,52000.00,CE,BANKNIFTY26OCT52000CE,0.00,0.00,0.00,6025.00,6025.00,6025.00,57369.65,5997.84,240,0,0,0.00,0,F1,30,,,,,
2026-09-04,2026-09-04,FO,NSE,IDO,70788,,BANKNIFTY,,2027-06-29,2027-06-29,55500.00,CE,BANKNIFTY27JUN55500CE,0.00,0.00,0.00,7792.30,0.00,7792.30,57369.65,6728.12,0,0,0,0.00,0,F1,30,,,,,
2026-09-04,2026-09-04,FO,NSE,IDO,62429,,BANKNIFTY,,2026-11-23,2026-11-23,61900.00,PE,BANKNIFTY26NOV61900PE,0.00,0.00,0.00,4492.70,0.00,4492.70,57369.65,4497.93,0,0,0,0.00,0,F1,30,,,,,
2026-09-04,2026-09-04,FO,NSE,IDO,62389,,BANKNIFTY,,2026-11-23,2026-11-23,61600.00,PE,BANKNIFTY26NOV61600PE,0.00,0.00,0.00,4277.25,0.00,4277.25,57369.65,4272.06,0,0,0,0.00,0,F1,30,,,,,
2026-09-04,2026-09-04,FO,NSE,IDO,49652,,BANKNIFTY,,2026-10-27,2026-10-27,63200.00,PE,BANKNIFTY26OCT63200PE,0.00,0.00,0.00,6137.05,0.00,6137.05,57369.65,5521.40,0,0,0,0.00,0,F1,30,,,,,
2026-09-04,2026-09-04,FO,NSE,IDO,49496,,BANKNIFTY,,2026-10-27,2026-10-27,57000.00,PE,BANKNIFTY26OCT57000PE,591.70,596.20,495.00,530.60,529.00,580.70,57369.65,530.60,141390,3780,855,1475708802.00,627,F1,30,,,,,
2026-09-04,2026-09-04,FO,NSE,IDO,49472,,BANKNIFTY,,2026-10-27,2026-10-27,56200.00,PE,BANKNIFTY26OCT56200PE,0.00,0.00,0.00,1701.50,0.00,1701.50,57369.65,991.58,0,0,0,0.00,0,F1,30,,,,,
2026-09-04,2026-09-04,FO,NSE,IDO,70247,,BANKNIFTY,,2026-09-29,2026-09-29,65500.00,PE,BANKNIFTY26SEP65500PE,0.00,0.00,0.00,7415.10,0.00,7415.10,57369.65,7872.27,0,0,0,0.00,0,F1,30,,,,,
2026-09-04,2026-09-04,FO,NSE,IDO,70090,,BANKNIFTY,,2026-09-29,2026-09-29,62600.00,PE,BANKNIFTY26SEP62600PE,0.00,0.00,0.00,5077.95,0.00,5077.95,57369.65,5049.44,0,0,0,0.00,0,F1,30,,,,,
2026-09-04,2026-09-04,FO,NSE,IDO,70036,,BANKNIFTY,,2026-09-29,2026-09-29,61300.00,PE,BANKNIFTY26SEP61300PE,0.00,0.00,0.00,4144.70,0.00,4144.70,57369.65,3856.44,0,0,0,0.00,0,F1,30,,,,,
2026-09-04,2026-09-04,FO,NSE,IDO,69685,,BANKNIFTY,,2026-09-29,2026-09-29,53000.00,PE,BANKNIFTY26SEP53000PE,22.75,25.05,19.70,20.45,20.25,24.50,57369.65,20.45,289200,5040,11639,18513332241.00,5464,F1,30,,,,,
2026-09-04,2026-09-04,FO,NSE,IDO,69604,,BANKNIFTY,,2026-09-29,2026-09-29,50500.00,PE,BANKNIFTY26SEP50500PE,12.45,13.55,11.10,12.00,11.40,13.80,57369.65,12.00,14040,-3840,553,838000899.00,377,F1,30,,,,,
2026-09-04,2026-09-04,FO,NSE,IDO,52271,,BANKNIFTY,,2026-09-29,2026-09-29,46500.00,PE,BANKNIFTY26SEP46500PE,8.45,8.45,6.45,6.80,6.50,8.60,57369.65,6.80,20100,0,241,336248715.00,192,F1,30,,,,,
2026-09-04,2026-09-04,FO,NSE,IDO,62219,,BANKNIFTY,,2026-11-23,2026-11-23,57600.00,CE,BANKNIFTY26NOV57600CE,0.00,0.00,0.00,2688.50,0.00,2688.50,57369.65,2417.56,0,0,0,0.00,0,F1,30,,,,,
2026-09-04,2026-09-04,FO,NSE,IDO,70802,,BANKNIFTY,,2027-06-29,2027-06-29,64500.00,CE,BANKNIFTY27JUN64500CE,0.00,0.00,0.00,3584.50,0.00,3584.50,57369.65,2595.47,0,0,0,0.00,0,F1,30,,,,,
2026-09-04,2026-09-04,FO,NSE,IDO,53217,,BANKNIFTY,,2026-12-29,2026-12-29,48000.00,PE,BANKNIFTY26DEC48000PE,0.00,0.00,0.00,77.00,77.00,77.00,57369.65,88.60,1230,0,0,0.00,0,F1,30,,,,,
2026-09-04,2026-09-04,FO,NSE,IDO,62338,,BANKNIFTY,,2026-11-23,2026-11-23,61100.00,PE,BANKNIFTY26NOV61100PE,0.00,0.00,0.00,3928.95,0.00,3928.95,57369.65,3911.65,0,0,0,0.00,0,F1,30,,,,,
2026-09-04,2026-09-04,FO,NSE,IDO,62124,,BANKNIFTY,,2026-11-23,2026-11-23,53800.00,PE,BANKNIFTY26NOV53800PE,0.00,0.00,0.00,647.75,0.00,647.75,57369.65,572.19,0,0,0,0.00,0,F1,30,,,,,
2026-09-04,2026-09-04,FO,NSE,IDO,49662,,BANKNIFTY,,2026-10-27,2026-10-27,63600.00,PE,BANKNIFTY26OCT63600PE,0.00,0.00,0.00,6465.40,0.00,6465.40,57369.65,5874.63,0,0,0,0.00,0,F1,30,,,,,
2026-09-04,2026-09-04,FO,NSE,IDO,49646,,BANKNIFTY,,2026-10-27,2026-10-27,62900.00,PE,BANKNIFTY26OCT62900PE,0.00,0.00,0.00,5894.85,0.00,5894.85,57369.65,5260.68,0,0,0,0.00,0,F1,30,,,,,
2026-09-04,2026-09-04,FO,NSE,IDO,49610,,BANKNIFTY,,2026-10-27,2026-10-27,61600.00,PE,BANKNIFTY26OCT61600PE,0.00,0.00,0.00,4890.60,0.00,4890.60,57369.65,4180.31,0,0,0,0.00,0,F1,30,,,,,
2026-09-04,2026-09-04,FO,NSE,IDO,49582,,BANKNIFTY,,2026-10-27,2026-10-27,60400.00,PE,BANKNIFTY26OCT60400PE,0.00,0.00,0.00,4031.35,0.00,4031.35,57369.65,3269.79,0,0,0,0.00,0,F1,30,,,,,
2026-09-04,2026-09-04,FO,NSE,IDO,49578,,BANKNIFTY,,2026-10-27,2026-10-27,60200.00,PE,BANKNIFTY26OCT60200PE,0.00,0.00,0.00,2298.30,2298.30,2298.30,57369.65,3127.82,90,0,0,0.00,0,F1,30,,,,,
2026-09-04,2026-09-04,FO,NSE,IDO,49480,,BANKNIFTY,,2026-10-27,2026-10-27,56500.00,PE,BANKNIFTY26OCT56500PE,417.95,440.85,375.00,398.50,398.40,443.75,57369.65,398.50,105840,4290,595,1015624419.00,360,F1,30,,,,,
2026-09-04,2026-09-04,FO,NSE,IDO,49447,,BANKNIFTY,,2026-10-27,2026-10-27,55200.00,PE,BANKNIFTY26OCT55200PE,0.00,0.00,0.00,1314.65,0.00,1314.65,57369.65,679.59,0,0,0,0.00,0,F1,30,,,,,
2026-09-04,2026-09-04,FO,NSE,IDO,49442,,BANKNIFTY,,2026-10-27,2026-10-27,55000.00,PE,BANKNIFTY26OCT55000PE,181.25,193.00,165.00,173.70,172.00,193.95,57369.65,173.70,105750,2460,1129,1868815737.00,582,F1,30,,,,,
2026-09-04,2026-09-04,FO,NSE,IDO,49364,,BANKNIFTY,,2026-10-27,2026-10-27,51800.00,PE,BANKNIFTY26OCT51800PE,0.00,0.00,0.00,452.00,0.00,452.00,57369.65,128.42,0,0,0,0.00,0,F1,30,,,,,
2026-09-04,2026-09-04,FO,NSE,IDO,70034,,BANKNIFTY,,2026-09-29,2026-09-29,61200.00,PE,BANKNIFTY26SEP61200PE,0.00,0.00,0.00,4076.75,0.00,4076.75,57369.65,3768.18,0,0,0,0.00,0,F1,30,,,,,
2026-09-04,2026-09-04,FO,NSE,IDO,69896,,BANKNIFTY,,2026-09-29,2026-09-29,59000.00,PE,BANKNIFTY26SEP59000PE,1455.85,1520.00,1299.25,1424.35,1424.60,1496.95,57369.65,1424.35,268290,-3840,1809,3277616839.50,1358,F1,30,,,,,
2026-09-04,2026-09-04,FO,NSE,IDO,69821,,BANKNIFTY,,2026-09-29,2026-09-29,57400.00,PE,BANKNIFTY26SEP57400PE,589.00,589.00,425.00,493.40,493.00,558.50,57369.65,493.40,298830,21840,49229,85518005823.00,34646,F1,30,,,,,
2026-09-04,2026-09-04,FO,NSE,IDO,69721,,BANKNIFTY,,2026-09-29,2026-09-29,54400.00,PE,BANKNIFTY26SEP54400PE,53.90,53.90,38.55,41.15,42.95,49.70,57369.65,41.15,46320,-10050,2498,4079894008.50,1042,F1,30,,,,,
2026-09-04,2026-09-04,FO,NSE,IDO,52330,,NIFTYNXT50,,2026-10-27,2026-10-27,80600.00,CE,NIFTYNXT5026OCT80600CE,0.00,0.00,0.00,873.15,0.00,873.15,72880.90,377.84,0,0,0,0.00,0,F1,25,,,,,
2026-09-04,2026-09-04,FO,NSE,IDO,76069,,NIFTYNXT50,,2026-09-29,2026-09-29,79300.00,CE,NIFTYNXT5026SEP79300CE,0.00,0.00,0.00,1081.10,0.00,1081.10,72880.90,129.54,0,0,0,0.00,0,F1,25,,,,,
2026-09-04,2026-09-04,FO,NSE,IDO,75869,,NIFTYNXT50,,2026-09-29,2026-09-29,76700.00,CE,NIFTYNXT5026SEP76700CE,600.00,600.00,120.00,120.00,120.00,1722.00,72880.90,120.00,350,350,19,36529831.25,10,F1,25,,,,,
2026-09-04,2026-09-04,FO,NSE,IDO,65429,,NIFTYNXT50,,2026-11-23,2026-11-23,65500.00,PE,NIFTYNXT5026NOV65500PE,0.00,0.00,0.00,290.75,0.00,290.75,72880.90,348.03,0,0,0,0.00,0,F1,25,,,,,
2026-09-04,2026-09-04,FO,NSE,IDO,65475,,NIFTYNXT50,,2026-11-23,2026-11-23,67200.00,PE,NIFTYNXT5026NOV67200PE,0.00,0.00,0.00,488.20,0.00,488.20,72880.90,592.59,0,0,0,0.00,0,F1,25,,,,,
2026-09-04,2026-09-04,FO,NSE,IDO,65485,,NIFTYNXT50,,2026-11-23,2026-11-23,67700.00,PE,NIFTYNXT5026NOV67700PE,0.00,0.00,0.00,562.50,0.00,562.50,72880.90,684.80,0,0,0,0.00,0,F1,25,,,,,
2026-09-04,2026-09-04,FO,NSE,IDO,65535,,NIFTYNXT50,,2026-11-23,2026-11-23,69400.00,PE,NIFTYNXT5026NOV69400PE,0.00,0.00,0.00,880.65,0.00,880.65,72880.90,1081.02,0,0,0,0.00,0,F1,25,,,,,
2026-09-04,2026-09-04,FO,NSE,IDO,52176,,NIFTYNXT50,,2026-10-27,2026-10-27,74700.00,PE,NIFTYNXT5026OCT74700PE,0.00,0.00,0.00,3996.10,0.00,3996.10,72880.90,2932.15,0,0,0,0.00,0,F1,25,,,,,
2026-09-04,2026-09-04,FO,NSE,IDO,52172,,NIFTYNXT50,,2026-10-27,2026-10-27,74500.00,PE,NIFTYNXT5026OCT74500PE,0.00,0.00,0.00,3879.75,0.00,3879.75,72880.90,2816.18,0,0,0,0.00,0,F1,25,,,,,
2026-09-04,2026-09-04,FO,NSE,IDO,51976,,NIFTYNXT50,,2026-10-27,2026-10-27,68600.00,PE,NIFTYNXT5026OCT68600PE,0.00,0.00,0.00,1319.70,0.00,1319.70,72880.90,583.95,0,0,0,0.00,0,F1,25,,,,,
2026-09-04,2026-09-04,FO,NSE,IDO,51962,,NIFTYNXT50,,2026-10-27,2026-10-27,68300.00,PE,NIFTYNXT5026OCT68300PE,0.00,0.00,0.00,1237.15,0.00,1237.15,72880.90,526.63,0,0,0,0.00,0,F1,25,,,,,
2026-09-04,2026-09-04,FO,NSE,IDO,51793,,NIFTYNXT50,,2026-10-27,2026-10-27,62500.00,PE,NIFTYNXT5026OCT62500PE,0.00,0.00,0.00,249.90,0.00,249.90,72880.90,39.60,0,0,0,0.00,0,F1,25,,,,,
2026-09-04,2026-09-04,FO,NSE,IDO,51960,,NIFTYNXT50,,2026-10-27,2026-10-27,68200.00,PE,NIFTYNXT5026OCT68200PE,0.00,0.00,0.00,1209.60,0.00,1209.60,72880.90,508.50,0,0,0,0.00,0,F1,25,,,,,
2026-09-04,2026-09-04,FO,NSE,IDO,65871,,NIFTYNXT50,,2026-11-23,2026-11-23,78200.00,CE,NIFTYNXT5026NOV78200CE,0.00,0.00,0.00,2078.85,0.00,2078.85,72880.90,1280.05,0,0,0,0.00,0,F1,25,,,,,
2026-09-04,2026-09-04,FO,NSE,IDO,65808,,NIFTYNXT50,,2026-11-23,2026-11-23,75600.00,CE,NIFTYNXT5026NOV75600CE,0.00,0.00,0.00,3147.50,0.00,3147.50,72880.90,2115.39,0,0,0,0.00,0,F1,25,,,,,
2026-09-04,2026-09-04,FO,NSE,IDO,65839,,NIFTYNXT50,,2026-11-23,2026-11-23,77100.00,PE,NIFTYNXT5026NOV77100PE,0.00,0.00,0.00,3937.75,0.00,3937.75,72880.90,4733.19,0,0,0,0.00,0,F1,25,,,,,
2026-09-04,2026-09-04,FO,NSE,IDO,51918,,NIFTYNXT50,,2026-10-27,2026-10-27,66500.00,PE,NIFTYNXT5026OCT66500PE,0.00,0.00,0.00,802.15,0.00,802.15,72880.90,267.48,0,0,0,0.00,0,F1,25,,,,,
2026-09-04,2026-09-04,FO,NSE,IDO,65686,,NIFTYNXT50,,2026-11-23,2026-11-23,72600.00,CE,NIFTYNXT5026NOV72600CE,0.00,0.00,0.00,4791.45,0.00,4791.45,72880.90,3508.66,0,0,0,0.00,0,F1,25,,,,,
2026-09-04,2026-09-04,FO,NSE,IDO,65819,,NIFTYNXT50,,2026-11-23,2026-11-23,76100.00,PE,NIFTYNXT5026NOV76100PE,0.00,0.00,0.00,3377.50,0.00,3377.50,72880.90,4081.99,0,0,0,0.00,0,F1,25,,,,,
2026-09-04,2026-09-04,FO,NSE,IDO,65548,,NIFTYNXT50,,2026-11-23,2026-11-23,70100.00,CE,NIFTYNXT5026NOV70100CE,0.00,0.00,0.00,6494.45,0.00,6494.45,72880.90,5043.14,0,0,0,0.00,0,F1,25,,,,,
2026-09-04,2026-09-04,FO,NSE,IDO,65440,,NIFTYNXT50,,2026-11-23,2026-11-23,66100.00,CE,NIFTYNXT5026NOV66100CE,0.00,0.00,0.00,9742.25,0.00,9742.25,72880.90,8130.41,0,0,0,0.00,0,F1,25,,,,,
2026-09-04,2026-09-04,FO,NSE,IDO,52414,,NIFTYNXT50,,2026-10-27,2026-10-27,84000.00,CE,NIFTYNXT5026OCT84000CE,0.00,0.00,0.00,428.95,0.00,428.95,72880.90,122.34,0,0,0,0.00,0,F1,25,,,,,
2026-09-04,2026-09-04,FO,NSE,IDO,65849,,NIFTYNXT50,,2026-11-23,2026-11-23,77500.00,PE,NIFTYNXT5026NOV77500PE,0.00,0.00,0.00,4175.15,0.00,4175.15,72880.90,5006.90,0,0,0,0.00,0,F1,25,,,,,
2026-09-04,2026-09-04,FO,NSE,IDO,65579,,NIFTYNXT50,,2026-11-23,2026-11-23,71500.00,PE,NIFTYNXT5026NOV71500PE,0.00,0.00,0.00,1433.55,0.00,1433.55,72880.90,1759.43,0,0,0,0.00,0,F1,25,,,,,
2026-09-04,2026-09-04,FO,NSE,IDO,52386,,NIFTYNXT50,,2026-10-27,2026-10-27,83000.00,CE,NIFTYNXT5026OCT83000CE,0.00,0.00,0.00,532.70,0.00,532.70,72880.90,173.35,0,0,0,0.00,0,F1,25,,,,,
2026-09-04,2026-09-04,FO,NSE,IDO,52336,,NIFTYNXT50,,2026-10-27,2026-10-27,80800.00,CE,NIFTYNXT5026OCT80800CE,0.00,0.00,0.00,839.10,0.00,839.10,72880.90,355.19,0,0,0,0.00,0,F1,25,,,,,
2026-09-04,2026-09-04,FO,NSE,IDO,52304,,NIFTYNXT50,,2026-10-27,2026-10-27,79400.00,CE,NIFTYNXT5026OCT79400CE,0.00,0.00,0.00,1102.30,0.00,1102.30,72880.90,540.95,0,0,0,0.00,0,F1,25,,,,,
2026-09-04,2026-09-04,FO,NSE,IDO,51955,,NIFTYNXT50,,2026-10-27,2026-10-27,68000.00,CE,NIFTYNXT5026OCT68000CE,0.00,0.00,0.00,6264.60,0.00,6264.60,72880.90,5987.49,0,0,0,0.00,0,F1,25,,,,,
2026-09-04,2026-09-04,FO,NSE,IDO,76061,,NIFTYNXT50,,2026-09-29,2026-09-29,78900.00,CE,NIFTYNXT5026SEP78900CE,0.00,0.00,0.00,1164.70,0.00,1164.70,72880.90,158.74,0,0,0,0.00,0,F1,25,,,,,
2026-09-04,2026-09-04,FO,NSE,IDO,75154,,NIFTYNXT50,,2026-09-29,2026-09-29,65700.00,CE,NIFTYNXT5026SEP65700CE,0.00,0.00,0.00,7706.75,0.00,7706.75,72880.90,7481.11,0,0,0,0.00,0,F1,25,,,,,
2026-09-04,2026-09-04,FO,NSE,IDO,75133,,NIFTYNXT50,,2026-09-29,2026-09-29,65600.00,CE,NIFTYNXT5026SEP65600CE,0.00,0.00,0.00,7785.85,0.00,7785.85,72880.90,7578.21,0,0,0,0.00,0,F1,25,,,,,
2026-09-04,2026-09-04,FO,NSE,IDO,75106,,NIFTYNXT50,,2026-09-29,2026-09-29,64900.00,CE,NIFTYNXT5026SEP64900CE,0.00,0.00,0.00,8349.40,0.00,8349.40,72880.90,8261.93,0,0,0,0.00,0,F1,25,,,,,
2026-09-04,2026-09-04,FO,NSE,IDO,65565,,NIFTYNXT50,,2026-11-23,2026-11-23,70900.00,PE,NIFTYNXT5026NOV70900PE,0.00,0.00,0.00,1258.40,0.00,1258.40,72880.90,1541.19,0,0,0,0.00,0,F1,25,,,,,
2026-09-04,2026-09-04,FO,NSE,IDO,51988,,NIFTYNXT50,,2026-10-27,2026-10-27,68900.00,PE,NIFTYNXT5026OCT68900PE,0.00,0.00,0.00,1409.50,0.00,1409.50,72880.90,645.85,0,0,0,0.00,0,F1,25,,,,,
2026-09-04,2026-09-04,FO,NSE,IDO,52331,,NIFTYNXT50,,2026-10-27,2026-10-27,80600.00,PE,NIFTYNXT5026OCT80600PE,0.00,0.00,0.00,8175.10,0.00,8175.10,72880.90,7346.75,0,0,0,0.00,0,F1,25,,,,,
2026-09-04,2026-09-04,FO,NSE,IDO,51924,,NIFTYNXT50,,2026-10-27,2026-10-27,66800.00,PE,NIFTYNXT5026OCT66800PE,0.00,0.00,0.00,865.15,0.00,865.15,72880.90,301.59,0,0,0,0.00,0,F1,25,,,,,
2026-09-04,2026-09-04,FO,NSE,IDO,52209,,NIFTYNXT50,,2026-10-27,2026-10-27,76200.00,PE,NIFTYNXT5026OCT76200PE,0.00,0.00,0.00,4926.55,0.00,4926.55,72880.90,3882.36,0,0,0,0.00,0,F1,25,,,,,
2026-09-04,2026-09-04,FO,NSE,IDO,75771,,NIFTYNXT50,,2026-09-29,2026-09-29,74300.00,PE,NIFTYNXT5026SEP74300PE,0.00,0.00,0.00,4081.10,0.00,4081.10,72880.90,2219.39,0,0,0,0.00,0,F1,25,,,,,
2026-09-04,2026-09-04,FO,NSE,IDO,76064,,NIFTYNXT50,,2026-09-29,2026-09-29,79000.00,PE,NIFTYNXT5026SEP79000PE,0.00,0.00,0.00,7302.10,0.00,7302.10,72880.90,5950.37,0,0,0,0.00,0,F1,25,,,,,
2026-09-04,2026-09-04,FO,NSE,IDO,75308,,NIFTYNXT50,,2026-09-29,2026-09-29,68200.00,PE,NIFTYNXT5026SEP68200PE,0.00,0.00,0.00,1381.95,0.00,1381.95,72880.90,178.88,0,0,0,0.00,0,F1,25,,,,,
2026-09-04,2026-09-04,FO,NSE,IDO,75229,,NIFTYNXT50,,2026-09-29,2026-09-29,66500.00,CE,NIFTYNXT5026SEP66500CE,0.00,0.00,0.00,7087.75,0.00,7087.75,72880.90,6711.08,0,0,0,0.00,0,F1,25,,,,,
2026-09-04,2026-09-04,FO,NSE,IDO,76047,,NIFTYNXT50,,2026-09-29,2026-09-29,78200.00,CE,NIFTYNXT5026SEP78200CE,0.00,0.00,0.00,1325.70,0.00,1325.70,72880.90,223.49,0,0,0,0.00,0,F1,25,,,,,
2026-09-04,2026-09-04,FO,NSE,IDO,76067,,NIFTYNXT50,,2026-09-29,2026-09-29,79200.00,CE,NIFTYNXT5026SEP79200CE,0.00,0.00,0.00,1101.55,0.00,1101.55,72880.90,136.37,0,0,0,0.00,0,F1,25,,,,,
2026-09-04,2026-09-04,FO,NSE,IDO,76077,,NIFTYNXT50,,2026-09-29,2026-09-29,79700.00,CE,NIFTYNXT5026SEP79700CE,0.00,0.00,0.00,1002.55,0.00,1002.55,72880.90,105.13,0,0,0,0.00,0,F1,25,,,,,
2026-09-04,2026-09-04,FO,NSE,IDO,51977,,NIFTYNXT50,,2026-10-27,2026-10-27,68700.00,CE,NIFTYNXT5026OCT68700CE,0.00,0.00,0.00,5768.50,0.00,5768.50,72880.90,5424.41,0,0,0,0.00,0,F1,25,,,,,
2026-09-04,2026-09-04,FO,NSE,IDO,52169,,NIFTYNXT50,,2026-10-27,2026-10-27,74400.00,CE,NIFTYNXT5026OCT74400CE,0.00,0.00,0.00,2627.20,0.00,2627.20,72880.90,1932.56,0,0,0,0.00,0,F1,25,,,,,
2026-09-04,2026-09-04,FO,NSE,IDO,52204,,NIFTYNXT50,,2026-10-27,2026-10-27,76100.00,CE,NIFTYNXT5026OCT76100CE,0.00,0.00,0.00,1991.85,0.00,1991.85,72880.90,1303.97,0,0,0,0.00,0,F1,25,,,,,
2026-09-04,2026-09-04,FO,NSE,IDO,65568,,NIFTYNXT50,,2026-11-23,2026-11-23,71100.00,CE,NIFTYNXT5026NOV71100CE,0.00,0.00,0.00,5778.05,0.00,5778.05,72880.90,4389.23,0,0,0,0.00,0,F1,25,,,,,
2026-09-04,2026-09-04,FO,NSE,IDO,65848,,NIFTYNXT50,,2026-11-23,2026-11-23,77500.00,CE,NIFTYNXT5026NOV77500CE,0.00,0.00,0.00,2335.35,0.00,2335.35,72880.90,1474.03,0,0,0,0.00,0,F1,25,,,,,
2026-09-04,2026-09-04,FO,NSE,IDO,66098,,NIFTYNXT50,,2026-11-23,2026-11-23,83000.00,CE,NIFTYNXT5026NOV83000CE,0.00,0.00,0.00,855.40,0.00,855.40,72880.90,435.08,0,0,0,0.00,0,F1,25,,,,,
2026-09-04,2026-09-04,FO,NSE,IDO,75155,,NIFTYNXT50,,2026-09-29,2026-09-29,65700.00,PE,NIFTYNXT5026SEP65700PE,0.00,0.00,0.00,769.55,0.00,769.55,72880.90,34.35,0,0,0,0.00,0,F1,25,,,,,
2026-09-04,2026-09-04,FO,NSE,IDO,75952,,NIFTYNXT50,,2026-09-29,2026-09-29,77300.00,PE,NIFTYNXT5026SEP77300PE,0.00,0.00,0.00,6036.85,0.00,6036.85,72880.90,4444.59,0,0,0,0.00,0,F1,25,,,,,
2026-09-04,2026-09-04,FO,NSE,IDO,76066,,NIFTYNXT50,,2026-09-29,2026-09-29,79100.00,PE,NIFTYNXT5026SEP79100PE,0.00,0.00,0.00,7379.55,0.00,7379.55,72880.90,6042.52,0,0,0,0.00,0,F1,25,,,,,
2026-09-04,2026-09-04,FO,NSE,IDO,51775,,NIFTYNXT50,,2026-10-27,2026-10-27,62000.00,PE,NIFTYNXT5026OCT62000PE,0.00,0.00,0.00,211.15,0.00,211.15,72880.90,29.83,0,0,0,0.00,0,F1,25,,,,,
2026-09-04,2026-09-04,FO,NSE,IDO,51887,,NIFTYNXT50,,2026-10-27,2026-10-27,65400.00,PE,NIFTYNXT5026OCT65400PE,0.00,0.00,0.00,599.90,0.00,599.90,72880.90,167.82,0,0,0,0.00,0,F1,25,,,,,
2026-09-04,2026-09-04,FO,NSE,IDO,51936,,NIFTYNXT50,,2026-10-27,2026-10-27,67400.00,PE,NIFTYNXT5026OCT67400PE,0.00,0.00,0.00,1001.90,0.00,1001.90,72880.90,380.10,0,0,0,0.00,0,F1,25,,,,,
2026-09-04,2026-09-04,FO,NSE,IDO,52154,,NIFTYNXT50,,2026-10-27,2026-10-27,73600.00,PE,NIFTYNXT5026OCT73600PE,0.00,0.00,0.00,3379.65,0.00,3379.65,72880.90,2327.03,0,0,0,0.00,0,F1,25,,,,,
2026-09-04,2026-09-04,FO,NSE,IDO,52249,,NIFTYNXT50,,2026-10-27,2026-10-27,78200.00,PE,NIFTYNXT5026OCT78200PE,0.00,0.00,0.00,6315.25,0.00,6315.25,72880.90,5349.85,0,0,0,0.00,0,F1,25,,,,,
2026-09-04,2026-09-04,FO,NSE,IDO,52303,,NIFTYNXT50,,2026-10-27,2026-10-27,79300.00,PE,NIFTYNXT5026OCT79300PE,0.00,0.00,0.00,7144.95,0.00,7144.95,72880.90,6237.85,0,0,0,0.00,0,F1,25,,,,,
2026-09-04,2026-09-04,FO,NSE,IDO,52309,,NIFTYNXT50,,2026-10-27,2026-10-27,79600.00,PE,NIFTYNXT5026OCT79600PE,0.00,0.00,0.00,7378.00,0.00,7378.00,72880.90,6488.49,0,0,0,0.00,0,F1,25,,,,,
2026-09-04,2026-09-04,FO,NSE,IDO,52341,,NIFTYNXT50,,2026-10-27,2026-10-27,81000.00,PE,NIFTYNXT5026OCT81000PE,0.00,0.00,0.00,8502.15,0.00,8502.15,72880.90,7698.89,0,0,0,0.00,0,F1,25,,,,,
2026-09-04,2026-09-04,FO,NSE,IDO,65729,,NIFTYNXT50,,2026-11-23,2026-11-23,73600.00,PE,NIFTYNXT5026NOV73600PE,0.00,0.00,0.00,2191.70,0.00,2191.70,72880.90,2677.33,0,0,0,0.00,0,F1,25,,,,,
2026-09-04,2026-09-04,FO,NSE,IDO,65741,,NIFTYNXT50,,2026-11-23,2026-11-23,74100.00,PE,NIFTYNXT5026NOV74100PE,0.00,0.00,0.00,2404.05,0.00,2404.05,72880.90,2931.60,0,0,0,0.00,0,F1,25,,,,,
2026-09-04,2026-09-04,FO,NSE,IDO,75328,,NIFTYNXT50,,2026-09-29,2026-09-29,69200.00,PE,NIFTYNXT5026SEP69200PE,0.00,0.00,0.00,1703.25,0.00,1703.25,72880.90,308.50,0,0,0,0.00,0,F1,25,,,,,
2026-09-04,2026-09-04,FO,NSE,IDO,75321,,NIFTYNXT50,,2026-09-29,2026-09-29,68900.00,CE,NIFTYNXT5026SEP68900CE,0.00,0.00,0.00,5388.30,0.00,5388.30,72880.90,4523.34,0,0,0,0.00,0,F1,25,,,,,
2026-09-04,2026-09-04,FO,NSE,IDO,75307,,NIFTYNXT50,,2026-09-29,2026-09-29,68200.00,CE,NIFTYNXT5026SEP68200CE,0.00,0.00,0.00,5857.50,0.00,5857.50,72880.90,5135.75,0,0,0,0.00,0,F1,25,,,,,
2026-09-04,2026-09-04,FO,NSE,IDO,75747,,NIFTYNXT50,,2026-09-29,2026-09-29,74000.00,CE,NIFTYNXT5026SEP74000CE,666.00,666.00,649.35,649.35,649.35,649.00,72880.90,1218.63,550,75,6,11199067.50,5,F1,25,,,,,
2026-09-04,2026-09-04,FO,NSE,IDO,75820,,NIFTYNXT50,,2026-09-29,2026-09-29,75600.00,CE,NIFTYNXT5026SEP75600CE,0.00,0.00,0.00,2071.10,0.00,2071.10,72880.90,684.87,0,0,0,0.00,0,F1,25,,,,,
2026-09-04,2026-09-04,FO,NSE,IDO,51931,,NIFTYNXT50,,2026-10-27,2026-10-27,67200.00,CE,NIFTYNXT5026OCT67200CE,0.00,0.00,0.00,6851.45,0.00,6851.45,72880.90,6658.71,0,0,0,0.00,0,F1,25,,,,,
2026-09-04,2026-09-04,FO,NSE,IDO,52005,,NIFTYNXT50,,2026-10-27,2026-10-27,69500.00,CE,NIFTYNXT5026OCT69500CE,0.00,0.00,0.00,5232.85,0.00,5232.85,72880.90,4811.88,0,0,0,0.00,0,F1,25,,,,,
2026-09-04,2026-09-04,FO,NSE,IDO,52124,,NIFTYNXT50,,2026-10-27,2026-10-27,72700.00,CE,NIFTYNXT5026OCT72700CE,0.00,0.00,0.00,3398.25,0.00,3398.25,72880.90,2750.32,0,0,0,0.00,0,F1,25,,,,,
2026-09-04,2026-09-04,FO,NSE,IDO,75514,,NIFTYNXT50,,2026-09-29,2026-09-29,71500.00,CE,NIFTYNXT5026SEP71500CE,0.00,0.00,0.00,3847.30,0.00,3847.30,72880.90,2542.78,0,0,0,0.00,0,F1,25,,,,,
2026-09-04,2026-09-04,FO,NSE,IDO,75498,,NIFTYNXT50,,2026-09-29,2026-09-29,70700.00,CE,NIFTYNXT5026SEP70700CE,0.00,0.00,0.00,4286.95,0.00,4286.95,72880.90,3093.60,0,0,0,0.00,0,F1,25,,,,,
2026-09-04,2026-09-04,FO,NSE,IDO,65380,,NIFTYNXT50,,2026-11-23,2026-11-23,64500.00,CE,NIFTYNXT5026NOV64500CE,0.00,0.00,0.00,11175.50,0.00,11175.50,72880.90,9531.56,0,0,0,0.00,0,F1,25,,,,,
2026-09-04,2026-09-04,FO,NSE,IDO,65472,,NIFTYNXT50,,2026-11-23,2026-11-23,67100.00,CE,NIFTYNXT5026NOV67100CE,0.00,0.00,0.00,8880.00,0.00,8880.00,72880.90,7296.70,0,0,0,0.00,0,F1,25,,,,,
2026-09-04,2026-09-04,FO,NSE,IDO,65558,,NIFTYNXT50,,2026-11-23,2026-11-23,70600.00,CE,NIFTYNXT5026NOV70600CE,0.00,0.00,0.00,6133.55,0.00,6133.55,72880.90,4709.66,0,0,0,0.00,0,F1,25,,,,,
2026-09-04,2026-09-04,FO,NSE,IDO,65680,,NIFTYNXT50,,2026-11-23,2026-11-23,72300.00,CE,NIFTYNXT5026NOV72300CE,0.00,0.00,0.00,4980.25,0.00,4980.25,72880.90,3674.95,0,0,0,0.00,0,F1,25,,,,,
2026-09-04,2026-09-04,FO,NSE,IDO,65731,,NIFTYNXT50,,2026-11-23,2026-11-23,73700.00,CE,NIFTYNXT5026NOV73700CE,0.00,0.00,0.00,4136.95,0.00,4136.95,72880.90,2940.97,0,0,0,0.00,0,F1,25,,,,,
2026-09-04,2026-09-04,FO,NSE,IDO,75501,,NIFTYNXT50,,2026-09-29,2026-09-29,70800.00,PE,NIFTYNXT5026SEP70800PE,0.00,0.00,0.00,2314.85,0.00,2314.85,72880.90,654.23,0,0,0,0.00,0,F1,25,,,,,
2026-09-04,2026-09-04,FO,NSE,IDO,75817,,NIFTYNXT50,,2026-09-29,2026-09-29,75500.00,PE,NIFTYNXT5026SEP75500PE,0.00,0.00,0.00,4817.80,0.00,4817.80,72880.90,3025.36,0,0,0,0.00,0,F1,25,,,,,
2026-09-04,2026-09-04,FO,NSE,IDO,52101,,NIFTYNXT50,,2026-10-27,2026-10-27,72400.00,PE,NIFTYNXT5026OCT72400PE,0.00,0.00,0.00,2774.05,0.00,2774.05,72880.90,1760.14,0,0,0,0.00,0,F1,25,,,,,
2026-09-04,2026-09-04,FO,NSE,IDO,52419,,NIFTYNXT50,,2026-10-27,2026-10-27,84500.00,PE,NIFTYNXT5026OCT84500PE,0.00,0.00,0.00,11527.40,0.00,11527.40,72880.90,10934.86,0,0,0,0.00,0,F1,25,,,,,
2026-09-04,2026-09-04,FO,NSE,IDO,65433,,NIFTYNXT50,,2026-11-23,2026-11-23,65700.00,PE,NIFTYNXT5026NOV65700PE,0.00,0.00,0.00,309.95,0.00,309.95,72880.90,371.77,0,0,0,0.00,0,F1,25,,,,,
2026-09-04,2026-09-04,FO,NSE,IDO,65539,,NIFTYNXT50,,2026-11-23,2026-11-23,69600.00,PE,NIFTYNXT5026NOV69600PE,0.00,0.00,0.00,925.30,0.00,925.30,72880.90,1135.94,0,0,0,0.00,0,F1,25,,,,,
2026-09-04,2026-09-04,FO,NSE,IDO,65677,,NIFTYNXT50,,2026-11-23,2026-11-23,72100.00,PE,NIFTYNXT5026NOV72100PE,0.00,0.00,0.00,1628.50,0.00,1628.50,72880.90,1997.11,0,0,0,0.00,0,F1,25,,,,,
2026-09-04,2026-09-04,FO,NSE,IDO,65691,,NIFTYNXT50,,2026-11-23,2026-11-23,72800.00,PE,NIFTYNXT5026NOV72800PE,0.00,0.00,0.00,1877.65,0.00,1877.65,72880.90,2299.29,0,0,0,0.00,0,F1,25,,,,,
2026-09-04,2026-09-04,FO,NSE,IDO,65757,,NIFTYNXT50,,2026-11-23,2026-11-23,74800.00,PE,NIFTYNXT5026NOV74800PE,0.00,0.00,0.00,2722.30,0.00,2722.30,72880.90,3310.29,0,0,0,0.00,0,F1,25,,,,,
2026-09-04,2026-09-04,FO,NSE,IDO,65892,,NIFTYNXT50,,2026-11-23,2026-11-23,78500.00,PE,NIFTYNXT5026NOV78500PE,0.00,0.00,0.00,4800.60,0.00,4800.60,72880.90,5725.40,0,0,0,0.00,0,F1,25,,,,,
2026-09-04,2026-09-04,FO,NSE,IDO,52161,,NIFTYNXT50,,2026-10-27,2026-10-27,74000.00,CE,NIFTYNXT5026OCT74000CE,0.00,0.00,0.00,2796.05,0.00,2796.05,72880.90,2107.43,0,0,0,0.00,0,F1,25,,,,,
2026-09-04,2026-09-04,FO,NSE,IDO,52215,,NIFTYNXT50,,2026-10-27,2026-10-27,76500.00,PE,NIFTYNXT5026OCT76500PE,0.00,0.00,0.00,5124.45,0.00,5124.45,72880.90,4088.63,0,0,0,0.00,0,F1,25,,,,,
2026-09-04,2026-09-04,FO,NSE,IDO,75772,,NIFTYNXT50,,2026-09-29,2026-09-29,74400.00,CE,NIFTYNXT5026SEP74400CE,0.00,0.00,0.00,2510.70,0.00,2510.70,72880.90,1063.61,0,0,0,0.00,0,F1,25,,,,,
2026-09-04,2026-09-04,FO,NSE,IDO,52423,,NIFTYNXT50,,2026-10-27,2026-10-27,85000.00,PE,NIFTYNXT5026OCT85000PE,0.00,0.00,0.00,11979.10,0.00,11979.10,72880.90,11413.12,0,0,0,0.00,0,F1,25,,,,,
2026-09-04,2026-09-04,FO,NSE,IDO,65451,,NIFTYNXT50,,2026-11-23,2026-11-23,66600.00,PE,NIFTYNXT5026NOV66600PE,0.00,0.00,0.00,409.25,0.00,409.25,72880.90,494.71,0,0,0,0.00,0,F1,25,,,,,
2026-09-04,2026-09-04,FO,NSE,IDO,65545,,NIFTYNXT50,,2026-11-23,2026-11-23,69900.00,PE,NIFTYNXT5026NOV69900PE,0.00,0.00,0.00,995.35,0.00,995.35,72880.90,1219.51,0,0,0,0.00,0,F1,25,,,,,
2026-09-04,2026-09-04,FO,NSE,IDO,65884,,NIFTYNXT50,,2026-11-23,2026-11-23,78400.00,PE,NIFTYNXT5026NOV78400PE,0.00,0.00,0.00,4736.05,0.00,4736.05,72880.90,5648.75,0,0,0,0.00,0,F1,25,,,,,
2026-09-04,2026-09-04,FO,NSE,IDO,52199,,NIFTYNXT50,,2026-10-27,2026-10-27,75800.00,PE,NIFTYNXT5026OCT75800PE,0.00,0.00,0.00,4668.65,0.00,4668.65,72880.90,3615.50,0,0,0,0.00,0,F1,25,,,,,
2026-09-04,2026-09-04,FO,NSE,IDO,52168,,NIFTYNXT50,,2026-10-27,2026-10-27,74300.00,PE,NIFTYNXT5026OCT74300PE,0.00,0.00,0.00,3765.30,0.00,3765.30,72880.90,2702.83,0,0,0,0.00,0,F1,25,,,,,
2026-09-04,2026-09-04,FO,NSE,IDO,52134,,NIFTYNXT50,,2026-10-27,2026-10-27,73000.00,PE,NIFTYNXT5026OCT73000PE,0.00,0.00,0.00,3067.90,0.00,3067.90,72880.90,2031.50,0,0,0,0.00,0,F1,25,,,,,
2026-09-04,2026-09-04,FO,NSE,IDO,51944,,NIFTYNXT50,,2026-10-27,2026-10-27,67600.00,PE,NIFTYNXT5026OCT67600PE,0.00,0.00,0.00,1050.75,0.00,1050.75,72880.90,409.53,0,0,0,0.00,0,F1,25,,,,,
2026-09-04,2026-09-04,FO,NSE,IDO,51926,,NIFTYNXT50,,2026-10-27,2026-10-27,66900.00,PE,NIFTYNXT5026OCT66900PE,0.00,0.00,0.00,886.90,0.00,886.90,72880.90,313.70,0,0,0,0.00,0,F1,25,,,,,
2026-09-04,2026-09-04,FO,NSE,IDO,65826,,NIFTYNXT50,,2026-11-23,2026-11-23,76500.00,CE,NIFTYNXT5026NOV76500CE,0.00,0.00,0.00,2741.20,0.00,2741.20,72880.90,1789.78,0,0,0,0.00,0,F1,25,,,,,
2026-09-04,2026-09-04,FO,NSE,IDO,51912,,NIFTYNXT50,,2026-10-27,2026-10-27,66200.00,PE,NIFTYNXT5026OCT66200PE,0.00,0.00,0.00,742.60,0.00,742.60,72880.90,236.51,0,0,0,0.00,0,F1,25,,,,,
2026-09-04,2026-09-04,FO,NSE,IDO,51884,,NIFTYNXT50,,2026-10-27,2026-10-27,65300.00,PE,NIFTYNXT5026OCT65300PE,0.00,0.00,0.00,583.60,0.00,583.60,72880.90,160.52,0,0,0,0.00,0,F1,25,,,,,
2026-09-04,2026-09-04,FO,NSE,IDO,75685,,NIFTYNXT50,,2026-09-29,2026-09-29,73600.00,PE,NIFTYNXT5026SEP73600PE,0.00,0.00,0.00,3681.35,0.00,3681.35,72880.90,1810.24,0,0,0,0.00,0,F1,25,,,,,
2026-09-04,2026-09-04,FO,NSE,IDO,75546,,NIFTYNXT50,,2026-09-29,2026-09-29,72500.00,PE,NIFTYNXT5026SEP72500PE,0.00,0.00,0.00,880.00,880.00,880.00,72880.90,1264.81,150,0,0,0.00,0,F1,25,,,,,
2026-09-04,2026-09-04,FO,NSE,IDO,75334,,NIFTYNXT50,,2026-09-29,2026-09-29,69500.00,PE,NIFTYNXT5026SEP69500PE,0.00,0.00,0.00,1808.65,0.00,1808.65,72880.90,359.11,0,0,0,0.00,0,F1,25,,,,,
2026-09-04,2026-09-04,FO,NSE,IDO,75330,,NIFTYNXT50,,2026-09-29,2026-09-29,69300.00,PE,NIFTYNXT5026SEP69300PE,0.00,0.00,0.00,1737.90,0.00,1737.90,72880.90,324.71,0,0,0,0.00,0,F1,25,,,,,
2026-09-04,2026-09-04,FO,NSE,IDO,74853,,NIFTYNXT50,,2026-09-29,2026-09-29,61000.00,CE,NIFTYNXT5026SEP61000CE,0.00,0.00,0.00,11754.90,0.00,11754.90,72880.90,12128.15,0,0,0,0.00,0,F1,25,,,,,
2026-09-04,2026-09-04,FO,NSE,IDO,75156,,NIFTYNXT50,,2026-09-29,2026-09-29,65800.00,CE,NIFTYNXT5026SEP65800CE,0.00,0.00,0.00,7628.05,0.00,7628.05,72880.90,7384.17,0,0,0,0.00,0,F1,25,,,,,
2026-09-04,2026-09-04,FO,NSE,IDO,75261,,NIFTYNXT50,,2026-09-29,2026-09-29,67500.00,CE,NIFTYNXT5026SEP67500CE,0.00,0.00,0.00,6352.05,0.00,6352.05,72880.90,5771.71,0,0,0,0.00,0,F1,25,,,,,
2026-09-04,2026-09-04,FO,NSE,IDO,75294,,NIFTYNXT50,,2026-09-29,2026-09-29,67600.00,CE,NIFTYNXT5026SEP67600CE,0.00,0.00,0.00,6280.45,0.00,6280.45,72880.90,5679.61,0,0,0,0.00,0,F1,25,,,,,
2026-09-04,2026-09-04,FO,NSE,IDO,75331,,NIFTYNXT50,,2026-09-29,2026-09-29,69400.00,CE,NIFTYNXT5026SEP69400CE,0.00,0.00,0.00,5067.00,0.00,5067.00,72880.90,4103.30,0,0,0,0.00,0,F1,25,,,,,
2026-09-04,2026-09-04,FO,NSE,IDO,75345,,NIFTYNXT50,,2026-09-29,2026-09-29,70100.00,CE,NIFTYNXT5026SEP70100CE,0.00,0.00,0.00,4636.95,0.00,4636.95,72880.90,3543.80,0,0,0,0.00,0,F1,25,,,,,
2026-09-04,2026-09-04,FO,NSE,IDO,75358,,NIFTYNXT50,,2026-09-29,2026-09-29,70300.00,CE,NIFTYNXT5026SEP70300CE,0.00,0.00,0.00,4518.35,0.00,4518.35,72880.90,3390.70,0,0,0,0.00,0,F1,25,,,,,
2026-09-04,2026-09-04,FO,NSE,IDO,75770,,NIFTYNXT50,,2026-09-29,2026-09-29,74300.00,CE,NIFTYNXT5026SEP74300CE,0.00,0.00,0.00,2550.20,0.00,2550.20,72880.90,1100.95,0,0,0,0.00,0,F1,25,,,,,
2026-09-04,2026-09-04,FO,NSE,IDO,75322,,NIFTYNXT50,,2026-09-29,2026-09-29,68900.00,PE,NIFTYNXT5026SEP68900PE,0.00,0.00,0.00,1602.05,0.00,1602.05,72880.90,263.63,0,0,0,0.00,0,F1,25,,,,,
2026-09-04,2026-09-04,FO,NSE,IDO,75953,,NIFTYNXT50,,2026-09-29,2026-09-29,77400.00,CE,NIFTYNXT5026SEP77400CE,0.00,0.00,0.00,1524.95,0.00,1524.95,72880.90,323.52,0,0,0,0.00,0,F1,25,,,,,
2026-09-04,2026-09-04,FO,NSE,IDO,75232,,NIFTYNXT50,,2026-09-29,2026-09-29,66500.00,PE,NIFTYNXT5026SEP66500PE,0.00,0.00,0.00,938.30,0.00,938.30,72880.90,61.09,0,0,0,0.00,0,F1,25,,,,,
2026-09-04,2026-09-04,FO,NSE,IDO,75103,,NIFTYNXT50,,2026-09-29,2026-09-29,64700.00,PE,NIFTYNXT5026SEP64700PE,0.00,0.00,0.00,591.65,0.00,591.65,72880.90,15.62,0,0,0,0.00,0,F1,25,,,,,
2026-09-04,2026-09-04,FO,NSE,IDO,74854,,NIFTYNXT50,,2026-09-29,2026-09-29,61000.00,PE,NIFTYNXT5026SEP61000PE,0.00,0.00,0.00,189.80,0.00,189.80,72880.90,0.40,0,0,0,0.00,0,F1,25,,,,,
2026-09-04,2026-09-04,FO,NSE,IDO,65852,,NIFTYNXT50,,2026-11-23,2026-11-23,77700.00,CE,NIFTYNXT5026NOV77700CE,0.00,0.00,0.00,2259.80,0.00,2259.80,72880.90,1416.41,0,0,0,0.00,0,F1,25,,,,,
2026-09-04,2026-09-04,FO,NSE,IDO,76073,,NIFTYNXT50,,2026-09-29,2026-09-29,79500.00,CE,NIFTYNXT5026SEP79500CE,0.00,0.00,0.00,1041.25,0.00,1041.25,72880.90,116.78,0,0,0,0.00,0,F1,25,,,,,
2026-09-04,2026-09-04,FO,NSE,IDO,51858,,NIFTYNXT50,,2026-10-27,2026-10-27,64500.00,CE,NIFTYNXT5026OCT64500CE,0.00,0.00,0.00,9021.50,0.00,9021.50,72880.90,9092.24,0,0,0,0.00,0,F1,25,,,,,
2026-09-04,2026-09-04,FO,NSE,IDO,51889,,NIFTYNXT50,,2026-10-27,2026-10-27,65500.00,CE,NIFTYNXT5026OCT65500CE,0.00,0.00,0.00,8187.70,0.00,8187.70,72880.90,8165.94,0,0,0,0.00,0,F1,25,,,,,
2026-09-04,2026-09-04,FO,NSE,IDO,51957,,NIFTYNXT50,,2026-10-27,2026-10-27,68100.00,CE,NIFTYNXT5026OCT68100CE,0.00,0.00,0.00,6192.80,0.00,6192.80,72880.90,5905.60,0,0,0,0.00,0,F1,25,,,,,
2026-09-04,2026-09-04,FO,NSE,IDO,51966,,NIFTYNXT50,,2026-10-27,2026-10-27,68400.00,CE,NIFTYNXT5026OCT68400CE,0.00,0.00,0.00,5979.90,0.00,5979.90,72880.90,5662.78,0,0,0,0.00,0,F1,25,,,,,
2026-09-04,2026-09-04,FO,NSE,IDO,52163,,NIFTYNXT50,,2026-10-27,2026-10-27,74100.00,CE,NIFTYNXT5026OCT74100CE,0.00,0.00,0.00,2753.15,0.00,2753.15,72880.90,2062.71,0,0,0,0.00,0,F1,25,,,,,
2026-09-04,2026-09-04,FO,NSE,IDO,52179,,NIFTYNXT50,,2026-10-27,2026-10-27,74900.00,CE,NIFTYNXT5026OCT74900CE,0.00,0.00,0.00,2426.70,0.00,2426.70,72880.90,1728.75,0,0,0,0.00,0,F1,25,,,,,
2026-09-04,2026-09-04,FO,NSE,IDO,52314,,NIFTYNXT50,,2026-10-27,2026-10-27,79900.00,CE,NIFTYNXT5026OCT79900CE,0.00,0.00,0.00,1001.45,0.00,1001.45,72880.90,466.99,0,0,0,0.00,0,F1,25,,,,,
2026-09-04,2026-09-04,FO,NSE,IDO,65424,,NIFTYNXT50,,2026-11-23,2026-11-23,65300.00,CE,NIFTYNXT5026NOV65300CE,0.00,0.00,0.00,10451.45,0.00,10451.45,72880.90,8821.63,0,0,0,0.00,0,F1,25,,,,,
2026-09-04,2026-09-04,FO,NSE,IDO,65564,,NIFTYNXT50,,2026-11-23,2026-11-23,70900.00,CE,NIFTYNXT5026NOV70900CE,0.00,0.00,0.00,5920.55,0.00,5920.55,72880.90,4515.82,0,0,0,0.00,0,F1,25,,,,,
2026-09-04,2026-09-04,FO,NSE,IDO,65678,,NIFTYNXT50,,2026-11-23,2026-11-23,72200.00,CE,NIFTYNXT5026NOV72200CE,0.00,0.00,0.00,5044.10,0.00,5044.10,72880.90,3731.48,0,0,0,0.00,0,F1,25,,,,,
2026-09-04,2026-09-04,FO,NSE,IDO,65746,,NIFTYNXT50,,2026-11-23,2026-11-23,74400.00,CE,NIFTYNXT5026NOV74400CE,0.00,0.00,0.00,3751.60,0.00,3751.60,72880.90,2614.35,0,0,0,0.00,0,F1,25,,,,,
2026-09-04,2026-09-04,FO,NSE,IDO,52339,,NIFTYNXT50,,2026-10-27,2026-10-27,80900.00,PE,NIFTYNXT5026OCT80900PE,0.00,0.00,0.00,8420.00,0.00,8420.00,72880.90,7610.42,0,0,0,0.00,0,F1,25,,,,,
2026-09-04,2026-09-04,FO,NSE,IDO,52321,,NIFTYNXT50,,2026-10-27,2026-10-27,80200.00,PE,NIFTYNXT5026OCT80200PE,0.00,0.00,0.00,7852.65,0.00,7852.65,72880.90,6999.46,0,0,0,0.00,0,F1,25,,,,,
2026-09-04,2026-09-04,FO,NSE,IDO,52243,,NIFTYNXT50,,2026-10-27,2026-10-27,77900.00,PE,NIFTYNXT5026OCT77900PE,0.00,0.00,0.00,6096.95,0.00,6096.95,72880.90,5116.90,0,0,0,0.00,0,F1,25,,,,,
2026-09-04,2026-09-04,FO,NSE,IDO,52007,,NIFTYNXT50,,2026-10-27,2026-10-27,69600.00,CE,NIFTYNXT5026OCT69600CE,0.00,0.00,0.00,5168.00,0.00,5168.00,72880.90,4740.57,0,0,0,0.00,0,F1,25,,,,,
2026-09-04,2026-09-04,FO,NSE,IDO,52083,,NIFTYNXT50,,2026-10-27,2026-10-27,72000.00,CE,NIFTYNXT5026OCT72000CE,0.00,0.00,0.00,3756.60,0.00,3756.60,72880.90,3143.85,0,0,0,0.00,0,F1,25,,,,,
2026-09-04,2026-09-04,FO,NSE,IDO,52222,,NIFTYNXT50,,2026-10-27,2026-10-27,76900.00,CE,NIFTYNXT5026OCT76900CE,0.00,0.00,0.00,1736.70,0.00,1736.70,72880.90,1068.19,0,0,0,0.00,0,F1,25,,,,,
2026-09-04,2026-09-04,FO,NSE,IDO,52240,,NIFTYNXT50,,2026-10-27,2026-10-27,77800.00,CE,NIFTYNXT5026OCT77800CE,0.00,0.00,0.00,1480.90,0.00,1480.90,72880.90,845.23,0,0,0,0.00,0,F1,25,,,,,
2026-09-04,2026-09-04,FO,NSE,IDO,52418,,NIFTYNXT50,,2026-10-27,2026-10-27,84500.00,CE,NIFTYNXT5026OCT84500CE,0.00,0.00,0.00,384.00,0.00,384.00,72880.90,102.25,0,0,0,0.00,0,F1,25,,,,,
2026-09-04,2026-09-04,FO,NSE,IDO,65552,,NIFTYNXT50,,2026-11-23,2026-11-23,70300.00,CE,NIFTYNXT5026NOV70300CE,0.00,0.00,0.00,6350.50,0.00,6350.50,72880.90,4908.20,0,0,0,0.00,0,F1,25,,,,,
2026-09-04,2026-09-04,FO,NSE,IDO,75337,,NIFTYNXT50,,2026-09-29,2026-09-29,69700.00,CE,NIFTYNXT5026SEP69700CE,0.00,0.00,0.00,4879.85,0.00,4879.85,72880.90,3859.19,0,0,0,0.00,0,F1,25,,,,,
2026-09-04,2026-09-04,FO,NSE,IDO,75239,,NIFTYNXT50,,2026-09-29,2026-09-29,66900.00,CE,NIFTYNXT5026SEP66900CE,0.00,0.00,0.00,6787.65,0.00,6787.65,72880.90,6331.68,0,0,0,0.00,0,F1,25,,,,,
2026-09-04,2026-09-04,FO,NSE,IDO,65694,,NIFTYNXT50,,2026-11-23,2026-11-23,73000.00,CE,NIFTYNXT5026NOV73000CE,0.00,0.00,0.00,4546.60,0.00,4546.60,72880.90,3294.63,0,0,0,0.00,0,F1,25,,,,,
2026-09-04,2026-09-04,FO,NSE,IDO,65756,,NIFTYNXT50,,2026-11-23,2026-11-23,74800.00,CE,NIFTYNXT5026NOV74800CE,0.00,0.00,0.00,3542.40,0.00,3542.40,72880.90,2439.58,0,0,0,0.00,0,F1,25,,,,,
2026-09-04,2026-09-04,FO,NSE,IDO,65814,,NIFTYNXT50,,2026-11-23,2026-11-23,75900.00,CE,NIFTYNXT5026NOV75900CE,0.00,0.00,0.00,3007.65,0.00,3007.65,72880.90,2002.34,0,0,0,0.00,0,F1,25,,,,,
2026-09-04,2026-09-04,FO,NSE,IDO,65840,,NIFTYNXT50,,2026-11-23,2026-11-23,77200.00,CE,NIFTYNXT5026NOV77200CE,0.00,0.00,0.00,2452.15,0.00,2452.15,72880.90,1563.85,0,0,0,0.00,0,F1,25,,,,,
2026-09-04,2026-09-04,FO,NSE,IDO,65928,,NIFTYNXT50,,2026-11-23,2026-11-23,79500.00,CE,NIFTYNXT5026NOV79500CE,0.00,0.00,0.00,1659.65,0.00,1659.65,72880.90,975.21,0,0,0,0.00,0,F1,25,,,,,
2026-09-04,2026-09-04,FO,NSE,IDO,75175,,NIFTYNXT50,,2026-09-29,2026-09-29,66000.00,PE,NIFTYNXT5026SEP66000PE,0.00,0.00,0.00,829.95,0.00,829.95,72880.90,42.86,0,0,0,0.00,0,F1,25,,,,,
2026-09-04,2026-09-04,FO,NSE,IDO,75318,,NIFTYNXT50,,2026-09-29,2026-09-29,68700.00,PE,NIFTYNXT5026SEP68700PE,0.00,0.00,0.00,1536.85,0.00,1536.85,72880.90,236.70,0,0,0,0.00,0,F1,25,,,,,
2026-09-04,2026-09-04,FO,NSE,IDO,75668,,NIFTYNXT50,,2026-09-29,2026-09-29,73500.00,PE,NIFTYNXT5026SEP73500PE,0.00,0.00,0.00,3626.10,0.00,3626.10,72880.90,1755.66,0,0,0,0.00,0,F1,25,,,,,
2026-09-04,2026-09-04,FO,NSE,IDO,76140,,NIFTYNXT50,,2026-09-29,2026-09-29,79800.00,PE,NIFTYNXT5026SEP79800PE,0.00,0.00,0.00,7930.20,0.00,7930.20,72880.90,6695.87,0,0,0,0.00,0,F1,25,,,,,
2026-09-04,2026-09-04,FO,NSE,IDO,76589,,NIFTYNXT50,,2026-09-29,2026-09-29,83000.00,PE,NIFTYNXT5026SEP83000PE,0.00,0.00,0.00,10615.65,0.00,10615.65,72880.90,9798.41,0,0,0,0.00,0,F1,25,,,,,
2026-09-04,2026-09-04,FO,NSE,IDO,51950,,NIFTYNXT50,,2026-10-27,2026-10-27,67700.00,PE,NIFTYNXT5026OCT67700PE,0.00,0.00,0.00,1078.45,0.00,1078.45,72880.90,424.90,0,0,0,0.00,0,F1,25,,,,,
2026-09-04,2026-09-04,FO,NSE,IDO,51986,,NIFTYNXT50,,2026-10-27,2026-10-27,68800.00,PE,NIFTYNXT5026OCT68800PE,0.00,0.00,0.00,1379.10,0.00,1379.10,72880.90,624.70,0,0,0,0.00,0,F1,25,,,,,
2026-09-04,2026-09-04,FO,NSE,IDO,51996,,NIFTYNXT50,,2026-10-27,2026-10-27,69000.00,PE,NIFTYNXT5026OCT69000PE,0.00,0.00,0.00,1440.35,0.00,1440.35,72880.90,667.53,0,0,0,0.00,0,F1,25,,,,,
2026-09-04,2026-09-04,FO,NSE,IDO,52311,,NIFTYNXT50,,2026-10-27,2026-10-27,79700.00,PE,NIFTYNXT5026OCT79700PE,0.00,0.00,0.00,7456.35,0.00,7456.35,72880.90,6572.77,0,0,0,0.00,0,F1,25,,,,,
2026-09-04,2026-09-04,FO,NSE,IDO,65447,,NIFTYNXT50,,2026-11-23,2026-11-23,66400.00,PE,NIFTYNXT5026NOV66400PE,0.00,0.00,0.00,385.30,0.00,385.30,72880.90,465.01,0,0,0,0.00,0,F1,25,,,,,
2026-09-04,2026-09-04,FO,NSE,IDO,65525,,NIFTYNXT50,,2026-11-23,2026-11-23,68900.00,PE,NIFTYNXT5026NOV68900PE,0.00,0.00,0.00,775.90,0.00,775.90,72880.90,949.29,0,0,0,0.00,0,F1,25,,,,,
2026-09-04,2026-09-04,FO,NSE,IDO,75502,,NIFTYNXT50,,2026-09-29,2026-09-29,70900.00,CE,NIFTYNXT5026SEP70900CE,0.00,0.00,0.00,4174.10,0.00,4174.10,72880.90,2950.52,0,0,0,0.00,0,F1,25,,,,,
2026-09-04,2026-09-04,FO,NSE,IDO,75578,,NIFTYNXT50,,2026-09-29,2026-09-29,72700.00,CE,NIFTYNXT5026SEP72700CE,0.00,0.00,0.00,3245.60,0.00,3245.60,72880.90,1830.15,0,0,0,0.00,0,F1,25,,,,,
2026-09-04,2026-09-04,FO,NSE,IDO,51921,,NIFTYNXT50,,2026-10-27,2026-10-27,66700.00,CE,NIFTYNXT5026OCT66700CE,0.00,0.00,0.00,7233.00,0.00,7233.00,72880.90,7091.58,0,0,0,0.00,0,F1,25,,,,,
2026-09-04,2026-09-04,FO,NSE,IDO,65573,,NIFTYNXT50,,2026-11-23,2026-11-23,71200.00,PE,NIFTYNXT5026NOV71200PE,0.00,0.00,0.00,1342.40,0.00,1342.40,72880.90,1647.90,0,0,0,0.00,0,F1,25,,,,,
2026-09-04,2026-09-04,FO,NSE,IDO,75332,,NIFTYNXT50,,2026-09-29,2026-09-29,69400.00,PE,NIFTYNXT5026SEP69400PE,0.00,0.00,0.00,1773.05,0.00,1773.05,72880.90,341.57,0,0,0,0.00,0,F1,25,,,,,
2026-09-04,2026-09-04,FO,NSE,IDO,65524,,NIFTYNXT50,,2026-11-23,2026-11-23,68900.00,CE,NIFTYNXT5026NOV68900CE,0.00,0.00,0.00,7408.35,0.00,7408.35,72880.90,5895.89,0,0,0,0.00,0,F1,25,,,,,
2026-09-04,2026-09-04,FO,NSE,IDO,65446,,NIFTYNXT50,,2026-11-23,2026-11-23,66400.00,CE,NIFTYNXT5026NOV66400CE,0.00,0.00,0.00,9480.60,0.00,9480.60,72880.90,7876.57,0,0,0,0.00,0,F1,25,,,,,
2026-09-04,2026-09-04,FO,NSE,IDO,52198,,NIFTYNXT50,,2026-10-27,2026-10-27,75800.00,CE,NIFTYNXT5026OCT75800CE,0.00,0.00,0.00,2094.55,0.00,2094.55,72880.90,1401.92,0,0,0,0.00,0,F1,25,,,,,
2026-09-04,2026-09-04,FO,NSE,IDO,52067,,NIFTYNXT50,,2026-10-27,2026-10-27,71300.00,CE,NIFTYNXT5026OCT71300CE,0.00,0.00,0.00,4139.15,0.00,4139.15,72880.90,3570.29,0,0,0,0.00,0,F1,25,,,,,
2026-09-04,2026-09-04,FO,NSE,IDO,65813,,NIFTYNXT50,,2026-11-23,2026-11-23,75800.00,PE,NIFTYNXT5026NOV75800PE,0.00,0.00,0.00,3218.85,0.00,3218.85,72880.90,3896.21,0,0,0,0.00,0,F1,25,,,,,
2026-09-04,2026-09-04,FO,NSE,IDO,51909,,NIFTYNXT50,,2026-10-27,2026-10-27,66100.00,CE,NIFTYNXT5026OCT66100CE,0.00,0.00,0.00,7703.70,0.00,7703.70,72880.90,7622.99,0,0,0,0.00,0,F1,25,,,,,
2026-09-04,2026-09-04,FO,NSE,IDO,75499,,NIFTYNXT50,,2026-09-29,2026-09-29,70700.00,PE,NIFTYNXT5026SEP70700PE,0.00,0.00,0.00,2273.05,0.00,2273.05,72880.90,626.61,0,0,0,0.00,0,F1,25,,,,,
2026-09-04,2026-09-04,FO,NSE,IDO,75507,,NIFTYNXT50,,2026-09-29,2026-09-29,71100.00,PE,NIFTYNXT5026SEP71100PE,0.00,0.00,0.00,2443.20,0.00,2443.20,72880.90,742.35,0,0,0,0.00,0,F1,25,,,,,
2026-09-04,2026-09-04,FO,NSE,IDO,76155,,NIFTYNXT50,,2026-09-29,2026-09-29,80200.00,CE,NIFTYNXT5026SEP80200CE,0.00,0.00,0.00,911.05,0.00,911.05,72880.90,80.34,0,0,0,0.00,0,F1,25,,,,,
2026-09-04,2026-09-04,FO,NSE,IDO,76065,,NIFTYNXT50,,2026-09-29,2026-09-29,79100.00,CE,NIFTYNXT5026SEP79100CE,0.00,0.00,0.00,1122.25,0.00,1122.25,72880.90,143.50,0,0,0,0.00,0,F1,25,,,,,
2026-09-04,2026-09-04,FO,NSE,IDO,76055,,NIFTYNXT50,,2026-09-29,2026-09-29,78600.00,CE,NIFTYNXT5026SEP78600CE,0.00,0.00,0.00,1233.35,0.00,1233.35,72880.90,184.19,0,0,0,0.00,0,F1,25,,,,,
2026-09-04,2026-09-04,FO,NSE,IDO,75873,,NIFTYNXT50,,2026-09-29,2026-09-29,76900.00,CE,NIFTYNXT5026SEP76900CE,0.00,0.00,0.00,1663.75,0.00,1663.75,72880.90,403.06,0,0,0,0.00,0,F1,25,,,,,
2026-09-04,2026-09-04,FO,NSE,IDO,75506,,NIFTYNXT50,,2026-09-29,2026-09-29,71100.00,CE,NIFTYNXT5026SEP71100CE,0.00,0.00,0.00,4063.25,0.00,4063.25,72880.90,2810.96,0,0,0,0.00,0,F1,25,,,,,
2026-09-04,2026-09-04,FO,NSE,IDO,75313,,NIFTYNXT50,,2026-09-29,2026-09-29,68500.00,CE,NIFTYNXT5026SEP68500CE,0.00,0.00,0.00,5653.70,0.00,5653.70,72880.90,4870.10,0,0,0,0.00,0,F1,25,,,,,
2026-09-04,2026-09-04,FO,NSE,IDO,75309,,NIFTYNXT50,,2026-09-29,2026-09-29,68300.00,CE,NIFTYNXT5026SEP68300CE,0.00,0.00,0.00,5789.10,0.00,5789.10,72880.90,5046.70,0,0,0,0.00,0,F1,25,,,,,
2026-09-04,2026-09-04,FO,NSE,IDO,75241,,NIFTYNXT50,,2026-09-29,2026-09-29,67000.00,CE,NIFTYNXT5026SEP67000CE,0.00,0.00,0.00,6713.65,0.00,6713.65,72880.90,6237.54,0,0,0,0.00,0,F1,25,,,,,
2026-09-04,2026-09-04,FO,NSE,IDO,75513,,NIFTYNXT50,,2026-09-29,2026-09-29,71400.00,PE,NIFTYNXT5026SEP71400PE,0.00,0.00,0.00,2575.90,0.00,2575.90,72880.90,838.61,0,0,0,0.00,0,F1,25,,,,,
2026-09-04,2026-09-04,FO,NSE,IDO,75746,,NIFTYNXT50,,2026-09-29,2026-09-29,73900.00,PE,NIFTYNXT5026SEP73900PE,0.00,0.00,0.00,3849.90,0.00,3849.90,72880.90,1979.82,0,0,0,0.00,0,F1,25,,,,,
2026-09-04,2026-09-04,FO,NSE,IDO,75874,,NIFTYNXT50,,2026-09-29,2026-09-29,76900.00,PE,NIFTYNXT5026SEP76900PE,0.00,0.00,0.00,5754.75,0.00,5754.75,72880.90,4110.97,0,0,0,0.00,0,F1,25,,,,,
2026-09-04,2026-09-04,FO,NSE,IDO,52401,,NIFTYNXT50,,2026-10-27,2026-10-27,83500.00,PE,NIFTYNXT5026OCT83500PE,0.00,0.00,0.00,10636.80,0.00,10636.80,72880.90,9987.79,0,0,0,0.00,0,F1,25,,,,,
2026-09-04,2026-09-04,FO,NSE,IDO,51809,,NIFTYNXT50,,2026-10-27,2026-10-27,63000.00,PE,NIFTYNXT5026OCT63000PE,0.00,0.00,0.00,294.20,0.00,294.20,72880.90,52.03,0,0,0,0.00,0,F1,25,,,,,
2026-09-04,2026-09-04,FO,NSE,IDO,52020,,NIFTYNXT50,,2026-10-27,2026-10-27,70100.00,PE,NIFTYNXT5026OCT70100PE,0.00,0.00,0.00,1810.55,0.00,1810.55,72880.90,941.88,0,0,0,0.00,0,F1,25,,,,,
2026-09-04,2026-09-04,FO,NSE,IDO,52025,,NIFTYNXT50,,2026-10-27,2026-10-27,70200.00,PE,NIFTYNXT5026OCT70200PE,0.00,0.00,0.00,1847.10,0.00,1847.10,72880.90,970.43,0,0,0,0.00,0,F1,25,,,,,
2026-09-04,2026-09-04,FO,NSE,IDO,52064,,NIFTYNXT50,,2026-10-27,2026-10-27,71100.00,PE,NIFTYNXT5026OCT71100PE,0.00,0.00,0.00,2197.55,0.00,2197.55,72880.90,1255.40,0,0,0,0.00,0,F1,25,,,,,
2026-09-04,2026-09-04,FO,NSE,IDO,52353,,NIFTYNXT50,,2026-10-27,2026-10-27,81500.00,PE,NIFTYNXT5026OCT81500PE,0.00,0.00,0.00,8917.10,0.00,8917.10,72880.90,8145.34,0,0,0,0.00,0,F1,25,,,,,
2026-09-04,2026-09-04,FO,NSE,IDO,75324,,NIFTYNXT50,,2026-09-29,2026-09-29,69000.00,PE,NIFTYNXT5026SEP69000PE,0.00,0.00,0.00,1635.30,0.00,1635.30,72880.90,277.98,0,0,0,0.00,0,F1,25,,,,,
2026-09-04,2026-09-04,FO,NSE,IDO,65774,,NIFTYNXT50,,2026-11-23,2026-11-23,75400.00,CE,NIFTYNXT5026NOV75400CE,0.00,0.00,0.00,3243.20,0.00,3243.20,72880.90,2193.31,0,0,0,0.00,0,F1,25,,,,,
2026-09-04,2026-09-04,FO,NSE,IDO,65766,,NIFTYNXT50,,2026-11-23,2026-11-23,75300.00,CE,NIFTYNXT5026NOV75300CE,0.00,0.00,0.00,3291.75,0.00,3291.75,72880.90,2233.05,0,0,0,0.00,0,F1,25,,,,,
2026-09-04,2026-09-04,FO,NSE,IDO,52151,,NIFTYNXT50,,2026-10-27,2026-10-27,73500.00,CE,NIFTYNXT5026OCT73500CE,0.00,0.00,0.00,3017.90,0.00,3017.90,72880.90,2341.04,0,0,0,0.00,0,F1,25,,,,,
2026-09-04,2026-09-04,FO,NSE,IDO,52104,,NIFTYNXT50,,2026-10-27,2026-10-27,72500.00,CE,NIFTYNXT5026OCT72500CE,0.00,0.00,0.00,3498.20,0.00,3498.20,72880.90,2859.37,0,0,0,0.00,0,F1,25,,,,,
2026-09-04,2026-09-04,FO,NSE,IDO,52063,,NIFTYNXT50,,2026-10-27,2026-10-27,71100.00,CE,NIFTYNXT5026OCT71100CE,0.00,0.00,0.00,4252.90,0.00,4252.90,72880.90,3698.07,0,0,0,0.00,0,F1,25,,,,,
2026-09-04,2026-09-04,FO,NSE,IDO,76485,,NIFTYNXT50,,2026-09-29,2026-09-29,82500.00,CE,NIFTYNXT5026SEP82500CE,0.00,0.00,0.00,575.15,0.00,575.15,72880.90,20.85,0,0,0,0.00,0,F1,25,,,,,
2026-09-04,2026-09-04,FO,NSE,IDO,75995,,NIFTYNXT50,,2026-09-29,2026-09-29,78100.00,CE,NIFTYNXT5026SEP78100CE,0.00,0.00,0.00,1349.70,0.00,1349.70,72880.90,234.35,0,0,0,0.00,0,F1,25,,,,,
2026-09-04,2026-09-04,FO,NSE,IDO,75985,,NIFTYNXT50,,2026-09-29,2026-09-29,77900.00,CE,NIFTYNXT5026SEP77900CE,0.00,0.00,0.00,1395.50,0.00,1395.50,72880.90,257.42,0,0,0,0.00,0,F1,25,,,,,
2026-09-04,2026-09-04,FO,NSE,IDO,75877,,NIFTYNXT50,,2026-09-29,2026-09-29,77100.00,CE,NIFTYNXT5026SEP77100CE,0.00,0.00,0.00,1607.10,0.00,1607.10,72880.90,369.52,0,0,0,0.00,0,F1,25,,,,,
2026-09-04,2026-09-04,FO,NSE,IDO,75237,,NIFTYNXT50,,2026-09-29,2026-09-29,66800.00,CE,NIFTYNXT5026SEP66800CE,0.00,0.00,0.00,6862.10,0.00,6862.10,72880.90,6426.12,0,0,0,0.00,0,F1,25,,,,,
2026-09-04,2026-09-04,FO,NSE,IDO,74991,,NIFTYNXT50,,2026-09-29,2026-09-29,62500.00,CE,NIFTYNXT5026SEP62500CE,0.00,0.00,0.00,10399.20,0.00,10399.20,72880.90,10635.88,0,0,0,0.00,0,F1,25,,,,,
2026-09-04,2026-09-04,FO,NSE,IDO,65456,,NIFTYNXT50,,2026-11-23,2026-11-23,66900.00,CE,NIFTYNXT5026NOV66900CE,0.00,0.00,0.00,9050.10,0.00,9050.10,72880.90,7460.53,0,0,0,0.00,0,F1,25,,,,,
2026-09-04,2026-09-04,FO,NSE,IDO,65844,,NIFTYNXT50,,2026-11-23,2026-11-23,77400.00,CE,NIFTYNXT5026NOV77400CE,0.00,0.00,0.00,2373.80,0.00,2373.80,72880.90,1503.52,0,0,0,0.00,0,F1,25,,,,,
2026-09-04,2026-09-04,FO,NSE,IDO,66108,,NIFTYNXT50,,2026-11-23,2026-11-23,83500.00,CE,NIFTYNXT5026NOV83500CE,0.00,0.00,0.00,772.80,0.00,772.80,72880.90,384.41,0,0,0,0.00,0,F1,25,,,,,
2026-09-04,2026-09-04,FO,NSE,IDO,75543,,NIFTYNXT50,,2026-09-29,2026-09-29,72400.00,PE,NIFTYNXT5026SEP72400PE,0.00,0.00,0.00,3049.45,0.00,3049.45,72880.90,1221.17,0,0,0,0.00,0,F1,25,,,,,
2026-09-04,2026-09-04,FO,NSE,IDO,75773,,NIFTYNXT50,,2026-09-29,2026-09-29,74400.00,PE,NIFTYNXT5026SEP74400PE,0.00,0.00,0.00,4140.05,0.00,4140.05,72880.90,2281.64,0,0,0,0.00,0,F1,25,,,,,
2026-09-04,2026-09-04,FO,NSE,IDO,52076,,NIFTYNXT50,,2026-10-27,2026-10-27,71700.00,PE,NIFTYNXT5026OCT71700PE,0.00,0.00,0.00,2453.25,0.00,2453.25,72880.90,1474.36,0,0,0,0.00,0,F1,25,,,,,
2026-09-04,2026-09-04,FO,NSE,IDO,52197,,NIFTYNXT50,,2026-10-27,2026-10-27,75700.00,PE,NIFTYNXT5026OCT75700PE,0.00,0.00,0.00,4605.25,0.00,4605.25,72880.90,3550.27,0,0,0,0.00,0,F1,25,,,,,
2026-09-04,2026-09-04,FO,NSE,IDO,52201,,NIFTYNXT50,,2026-10-27,2026-10-27,75900.00,PE,NIFTYNXT5026OCT75900PE,0.00,0.00,0.00,4732.45,0.00,4732.45,72880.90,3681.32,0,0,0,0.00,0,F1,25,,,,,
2026-09-04,2026-09-04,FO,NSE,IDO,52329,,NIFTYNXT50,,2026-10-27,2026-10-27,80500.00,PE,NIFTYNXT5026OCT80500PE,0.00,0.00,0.00,8094.05,0.00,8094.05,72880.90,7259.45,0,0,0,0.00,0,F1,25,,,,,
2026-09-04,2026-09-04,FO,NSE,IDO,65259,,NIFTYNXT50,,2026-11-23,2026-11-23,63500.00,PE,NIFTYNXT5026NOV63500PE,0.00,0.00,0.00,146.10,0.00,146.10,72880.90,170.47,0,0,0,0.00,0,F1,25,,,,,
2026-09-04,2026-09-04,FO,NSE,IDO,65389,,NIFTYNXT50,,2026-11-23,2026-11-23,64500.00,PE,NIFTYNXT5026NOV64500PE,0.00,0.00,0.00,208.40,0.00,208.40,72880.90,246.64,0,0,0,0.00,0,F1,25,,,,,
2026-09-04,2026-09-04,FO,NSE,IDO,65555,,NIFTYNXT50,,2026-11-23,2026-11-23,70400.00,PE,NIFTYNXT5026NOV70400PE,0.00,0.00,0.00,1123.00,0.00,1123.00,72880.90,1373.88,0,0,0,0.00,0,F1,25,,,,,
2026-09-04,2026-09-04,FO,NSE,IDO,65589,,NIFTYNXT50,,2026-11-23,2026-11-23,71700.00,PE,NIFTYNXT5026NOV71700PE,0.00,0.00,0.00,1496.65,0.00,1496.65,72880.90,1836.49,0,0,0,0.00,0,F1,25,,,,,
2026-09-04,2026-09-04,FO,NSE,IDO,65701,,NIFTYNXT50,,2026-11-23,2026-11-23,73300.00,PE,NIFTYNXT5026NOV73300PE,0.00,0.00,0.00,2070.25,0.00,2070.25,72880.90,2531.63,0,0,0,0.00,0,F1,25,,,,,
2026-09-04,2026-09-04,FO,NSE,IDO,66079,,NIFTYNXT50,,2026-11-23,2026-11-23,82000.00,PE,NIFTYNXT5026NOV82000PE,0.00,0.00,0.00,7315.75,0.00,7315.75,72880.90,8523.61,0,0,0,0.00,0,F1,25,,,,,
2026-09-04,2026-09-04,FO,NSE,IDO,52167,,NIFTYNXT50,,2026-10-27,2026-10-27,74300.00,CE,NIFTYNXT5026OCT74300CE,0.00,0.00,0.00,2668.70,0.00,2668.70,72880.90,1975.28,0,0,0,0.00,0,F1,25,,,,,
2026-09-04,2026-09-04,FO,NSE,IDO,52324,,NIFTYNXT50,,2026-10-27,2026-10-27,80400.00,CE,NIFTYNXT5026OCT80400CE,0.00,0.00,0.00,908.30,0.00,908.30,72880.90,401.70,0,0,0,0.00,0,F1,25,,,,,
2026-09-04,2026-09-04,FO,NSE,IDO,52210,,NIFTYNXT50,,2026-10-27,2026-10-27,76300.00,CE,NIFTYNXT5026OCT76300CE,0.00,0.00,0.00,1925.55,0.00,1925.55,72880.90,1241.62,0,0,0,0.00,0,F1,25,,,,,
2026-09-04,2026-09-04,FO,NSE,IDO,52189,,NIFTYNXT50,,2026-10-27,2026-10-27,75400.00,CE,NIFTYNXT5026OCT75400CE,0.00,0.00,0.00,2237.65,0.00,2237.65,72880.90,1540.96,0,0,0,0.00,0,F1,25,,,,,
2026-09-04,2026-09-04,FO,NSE,IDO,52165,,NIFTYNXT50,,2026-10-27,2026-10-27,74200.00,CE,NIFTYNXT5026OCT74200CE,0.00,0.00,0.00,2710.70,0.00,2710.70,72880.90,2018.67,0,0,0,0.00,0,F1,25,,,,,
2026-09-04,2026-09-04,FO,NSE,IDO,51953,,NIFTYNXT50,,2026-10-27,2026-10-27,67900.00,CE,NIFTYNXT5026OCT67900CE,0.00,0.00,0.00,6336.90,0.00,6336.90,72880.90,6069.85,0,0,0,0.00,0,F1,25,,,,,
2026-09-04,2026-09-04,FO,NSE,IDO,51975,,NIFTYNXT50,,2026-10-27,2026-10-27,68600.00,CE,NIFTYNXT5026OCT68600CE,0.00,0.00,0.00,5837.50,0.00,5837.50,72880.90,5503.36,0,0,0,0.00,0,F1,25,,,,,
2026-09-04,2026-09-04,FO,NSE,IDO,65518,,NIFTYNXT50,,2026-11-23,2026-11-23,68600.00,CE,NIFTYNXT5026NOV68600CE,0.00,0.00,0.00,7645.65,0.00,7645.65,72880.90,6119.57,0,0,0,0.00,0,F1,25,,,,,
2026-09-04,2026-09-04,FO,NSE,IDO,65758,,NIFTYNXT50,,2026-11-23,2026-11-23,74900.00,CE,NIFTYNXT5026NOV74900CE,0.00,0.00,0.00,3491.35,0.00,3491.35,72880.90,2397.22,0,0,0,0.00,0,F1,25,,,,,
2026-09-04,2026-09-04,FO,NSE,IDO,74912,,NIFTYNXT50,,2026-09-29,2026-09-29,62000.00,PE,NIFTYNXT5026SEP62000PE,0.00,0.00,0.00,265.25,0.00,265.25,72880.90,1.23,0,0,0,0.00,0,F1,25,,,,,
2026-09-04,2026-09-04,FO,NSE,IDO,75036,,NIFTYNXT50,,2026-09-29,2026-09-29,63500.00,PE,NIFTYNXT5026SEP63500PE,0.00,0.00,0.00,421.45,0.00,421.45,72880.90,5.45,0,0,0,0.00,0,F1,25,,,,,
2026-09-04,2026-09-04,FO,NSE,IDO,75013,,NIFTYNXT50,,2026-09-29,2026-09-29,63000.00,CE,NIFTYNXT5026SEP63000CE,0.00,0.00,0.00,9958.75,0.00,9958.75,72880.90,10139.23,0,0,0,0.00,0,F1,25,,,,,
2026-09-04,2026-09-04,FO,NSE,IDO,75320,,NIFTYNXT50,,2026-09-29,2026-09-29,68800.00,PE,NIFTYNXT5026SEP68800PE,0.00,0.00,0.00,1569.25,0.00,1569.25,72880.90,249.88,0,0,0,0.00,0,F1,25,,,,,
2026-09-04,2026-09-04,FO,NSE,IDO,75537,,NIFTYNXT50,,2026-09-29,2026-09-29,72100.00,PE,NIFTYNXT5026SEP72100PE,0.00,0.00,0.00,2902.55,0.00,2902.55,72880.90,1096.20,0,0,0,0.00,0,F1,25,,,,,
2026-09-04,2026-09-04,FO,NSE,IDO,75956,,NIFTYNXT50,,2026-09-29,2026-09-29,77500.00,PE,NIFTYNXT5026SEP77500PE,0.00,0.00,0.00,6180.15,0.00,6180.15,72880.90,4614.77,0,0,0,0.00,0,F1,25,,,,,
2026-09-04,2026-09-04,FO,NSE,IDO,76068,,NIFTYNXT50,,2026-09-29,2026-09-29,79200.00,PE,NIFTYNXT5026SEP79200PE,0.00,0.00,0.00,7457.25,0.00,7457.25,72880.90,6134.98,0,0,0,0.00,0,F1,25,,,,,
2026-09-04,2026-09-04,FO,NSE,IDO,76631,,NIFTYNXT50,,2026-09-29,2026-09-29,84000.00,PE,NIFTYNXT5026SEP84000PE,0.00,0.00,0.00,11500.90,0.00,11500.90,72880.90,10787.04,0,0,0,0.00,0,F1,25,,,,,
2026-09-04,2026-09-04,FO,NSE,IDO,76647,,NIFTYNXT50,,2026-09-29,2026-09-29,85000.00,PE,NIFTYNXT5026SEP85000PE,0.00,0.00,0.00,12403.30,0.00,12403.30,72880.90,11779.07,0,0,0,0.00,0,F1,25,,,,,
2026-09-04,2026-09-04,FO,NSE,IDO,51952,,NIFTYNXT50,,2026-10-27,2026-10-27,67800.00,PE,NIFTYNXT5026OCT67800PE,0.00,0.00,0.00,1103.80,0.00,1103.80,72880.90,440.71,0,0,0,0.00,0,F1,25,,,,,
2026-09-04,2026-09-04,FO,NSE,IDO,52192,,NIFTYNXT50,,2026-10-27,2026-10-27,75500.00,PE,NIFTYNXT5026OCT75500PE,0.00,0.00,0.00,4479.80,0.00,4479.80,72880.90,3421.65,0,0,0,0.00,0,F1,25,,,,,
2026-09-04,2026-09-04,FO,NSE,IDO,52295,,NIFTYNXT50,,2026-10-27,2026-10-27,79000.00,PE,NIFTYNXT5026OCT79000PE,0.00,0.00,0.00,6917.60,0.00,6917.60,72880.90,5990.69,0,0,0,0.00,0,F1,25,,,,,
2026-09-04,2026-09-04,FO,NSE,IDO,65471,,NIFTYNXT50,,2026-11-23,2026-11-23,67000.00,PE,NIFTYNXT5026NOV67000PE,0.00,0.00,0.00,460.65,0.00,460.65,72880.90,558.46,0,0,0,0.00,0,F1,25,,,,,
2026-09-04,2026-09-04,FO,NSE,IDO,65501,,NIFTYNXT50,,2026-11-23,2026-11-23,68500.00,PE,NIFTYNXT5026NOV68500PE,0.00,0.00,0.00,699.00,0.00,699.00,72880.90,854.04,0,0,0,0.00,0,F1,25,,,,,
2026-09-04,2026-09-04,FO,NSE,IDO,65529,,NIFTYNXT50,,2026-11-23,2026-11-23,69100.00,PE,NIFTYNXT5026NOV69100PE,0.00,0.00,0.00,816.60,0.00,816.60,72880.90,1002.27,0,0,0,0.00,0,F1,25,,,,,
2026-09-04,2026-09-04,FO,NSE,IDO,65732,,NIFTYNXT50,,2026-11-23,2026-11-23,73700.00,PE,NIFTYNXT5026NOV73700PE,0.00,0.00,0.00,2233.20,0.00,2233.20,72880.90,2727.09,0,0,0,0.00,0,F1,25,,,,,
2026-09-04,2026-09-04,FO,NSE,IDO,65743,,NIFTYNXT50,,2026-11-23,2026-11-23,74200.00,PE,NIFTYNXT5026NOV74200PE,0.00,0.00,0.00,2448.05,0.00,2448.05,72880.90,2984.08,0,0,0,0.00,0,F1,25,,,,,
2026-09-04,2026-09-04,FO,NSE,IDO,65825,,NIFTYNXT50,,2026-11-23,2026-11-23,76400.00,PE,NIFTYNXT5026NOV76400PE,0.00,0.00,0.00,3540.50,0.00,3540.50,72880.90,4272.25,0,0,0,0.00,0,F1,25,,,,,
2026-09-04,2026-09-04,FO,NSE,IDO,66129,,NIFTYNXT50,,2026-11-23,2026-11-23,84500.00,PE,NIFTYNXT5026NOV84500PE,0.00,0.00,0.00,9363.30,0.00,9363.30,72880.90,10732.97,0,0,0,0.00,0,F1,25,,,,,
2026-09-04,2026-09-04,FO,NSE,IDO,75243,,NIFTYNXT50,,2026-09-29,2026-09-29,67100.00,CE,NIFTYNXT5026SEP67100CE,0.00,0.00,0.00,6642.75,0.00,6642.75,72880.90,6143.70,0,0,0,0.00,0,F1,25,,,,,
2026-09-04,2026-09-04,FO,NSE,IDO,75317,,NIFTYNXT50,,2026-09-29,2026-09-29,68700.00,CE,NIFTYNXT5026SEP68700CE,0.00,0.00,0.00,5520.10,0.00,5520.10,72880.90,4695.60,0,0,0,0.00,0,F1,25,,,,,
2026-09-04,2026-09-04,FO,NSE,IDO,75323,,NIFTYNXT50,,2026-09-29,2026-09-29,69000.00,CE,NIFTYNXT5026SEP69000CE,0.00,0.00,0.00,5323.15,0.00,5323.15,72880.90,4438.09,0,0,0,0.00,0,F1,25,,,,,
2026-09-04,2026-09-04,FO,NSE,IDO,75993,,NIFTYNXT50,,2026-09-29,2026-09-29,78000.00,CE,NIFTYNXT5026SEP78000CE,0.00,0.00,0.00,1374.00,0.00,1374.00,72880.90,245.66,0,0,0,0.00,0,F1,25,,,,,
2026-09-04,2026-09-04,FO,NSE,IDO,76147,,NIFTYNXT50,,2026-09-29,2026-09-29,80100.00,CE,NIFTYNXT5026SEP80100CE,0.00,0.00,0.00,928.75,0.00,928.75,72880.90,84.83,0,0,0,0.00,0,F1,25,,,,,
2026-09-04,2026-09-04,FO,NSE,IDO,76179,,NIFTYNXT50,,2026-09-29,2026-09-29,80900.00,CE,NIFTYNXT5026SEP80900CE,0.00,0.00,0.00,794.75,0.00,794.75,72880.90,54.33,0,0,0,0.00,0,F1,25,,,,,
2026-09-04,2026-09-04,FO,NSE,IDO,51923,,NIFTYNXT50,,2026-10-27,2026-10-27,66800.00,CE,NIFTYNXT5026OCT66800CE,0.00,0.00,0.00,7155.90,0.00,7155.90,72880.90,7004.24,0,0,0,0.00,0,F1,25,,,,,
2026-09-04,2026-09-04,FO,NSE,IDO,51937,,NIFTYNXT50,,2026-10-27,2026-10-27,67500.00,CE,NIFTYNXT5026OCT67500CE,0.00,0.00,0.00,6627.35,0.00,6627.35,72880.90,6403.77,0,0,0,0.00,0,F1,25,,,,,
2026-09-04,2026-09-04,FO,NSE,IDO,65540,,NIFTYNXT50,,2026-11-23,2026-11-23,69700.00,CE,NIFTYNXT5026NOV69700CE,0.00,0.00,0.00,6792.60,0.00,6792.60,72880.90,5319.11,0,0,0,0.00,0,F1,25,,,,,
2026-09-04,2026-09-04,FO,NSE,IDO,65733,,NIFTYNXT50,,2026-11-23,2026-11-23,73800.00,CE,NIFTYNXT5026NOV73800CE,0.00,0.00,0.00,4080.40,0.00,4080.40,72880.90,2892.68,0,0,0,0.00,0,F1,25,,,,,
2026-09-04,2026-09-04,FO,NSE,IDO,65484,,NIFTYNXT50,,2026-11-23,2026-11-23,67700.00,CE,NIFTYNXT5026NOV67700CE,0.00,0.00,0.00,8377.15,0.00,8377.15,72880.90,6814.58,0,0,0,0.00,0,F1,25,,,,,
2026-09-04,2026-09-04,FO,NSE,IDO,65432,,NIFTYNXT50,,2026-11-23,2026-11-23,65700.00,CE,NIFTYNXT5026NOV65700CE,0.00,0.00,0.00,10094.85,0.00,10094.85,72880.90,8473.52,0,0,0,0.00,0,F1,25,,,,,
2026-09-04,2026-09-04,FO,NSE,IDO,65258,,NIFTYNXT50,,2026-11-23,2026-11-23,63500.00,CE,NIFTYNXT5026NOV63500CE,0.00,0.00,0.00,12098.35,0.00,12098.35,72880.90,10441.38,0,0,0,0.00,0,F1,25,,,,,
2026-09-04,2026-09-04,FO,NSE,IDO,65453,,NIFTYNXT50,,2026-11-23,2026-11-23,66700.00,PE,NIFTYNXT5026NOV66700PE,0.00,0.00,0.00,421.65,0.00,421.65,72880.90,510.10,0,0,0,0.00,0,F1,25,,,,,
2026-09-04,2026-09-04,FO,NSE,IDO,65449,,NIFTYNXT50,,2026-11-23,2026-11-23,66500.00,PE,NIFTYNXT5026NOV66500PE,0.00,0.00,0.00,397.10,0.00,397.10,72880.90,479.68,0,0,0,0.00,0,F1,25,,,,,
2026-09-04,2026-09-04,FO,NSE,IDO,65742,,NIFTYNXT50,,2026-11-23,2026-11-23,74200.00,CE,NIFTYNXT5026NOV74200CE,0.00,0.00,0.00,3859.20,0.00,3859.20,72880.90,2704.96,0,0,0,0.00,0,F1,25,,,,,
2026-09-04,2026-09-04,FO,NSE,IDO,74992,,NIFTYNXT50,,2026-09-29,2026-09-29,62500.00,PE,NIFTYNXT5026SEP62500PE,0.00,0.00,0.00,311.10,0.00,311.10,72880.90,2.06,0,0,0,0.00,0,F1,25,,,,,
2026-09-04,2026-09-04,FO,NSE,IDO,65543,,NIFTYNXT50,,2026-11-23,2026-11-23,69800.00,PE,NIFTYNXT5026NOV69800PE,0.00,0.00,0.00,971.60,0.00,971.60,72880.90,1190.15,0,0,0,0.00,0,F1,25,,,,,
2026-09-04,2026-09-04,FO,NSE,IDO,65247,,NIFTYNXT50,,2026-11-23,2026-11-23,63000.00,PE,NIFTYNXT5026NOV63000PE,0.00,0.00,0.00,121.30,0.00,121.30,72880.90,140.34,0,0,0,0.00,0,F1,25,,,,,
2026-09-04,2026-09-04,FO,NSE,IDO,52323,,NIFTYNXT50,,2026-10-27,2026-10-27,80300.00,PE,NIFTYNXT5026OCT80300PE,0.00,0.00,0.00,7932.85,0.00,7932.85,72880.90,7085.80,0,0,0,0.00,0,F1,25,,,,,
2026-09-04,2026-09-04,FO,NSE,IDO,52158,,NIFTYNXT50,,2026-10-27,2026-10-27,73800.00,PE,NIFTYNXT5026OCT73800PE,0.00,0.00,0.00,3487.45,0.00,3487.45,72880.90,2431.05,0,0,0,0.00,0,F1,25,,,,,
2026-09-04,2026-09-04,FO,NSE,IDO,52006,,NIFTYNXT50,,2026-10-27,2026-10-27,69500.00,PE,NIFTYNXT5026OCT69500PE,0.00,0.00,0.00,1601.55,0.00,1601.55,72880.90,784.10,0,0,0,0.00,0,F1,25,,,,,
2026-09-04,2026-09-04,FO,NSE,IDO,65531,,NIFTYNXT50,,2026-11-23,2026-11-23,69200.00,PE,NIFTYNXT5026NOV69200PE,0.00,0.00,0.00,837.55,0.00,837.55,72880.90,1028.04,0,0,0,0.00,0,F1,25,,,,,
2026-09-04,2026-09-04,FO,NSE,IDO,52340,,NIFTYNXT50,,2026-10-27,2026-10-27,81000.00,CE,NIFTYNXT5026OCT81000CE,0.00,0.00,0.00,806.20,0.00,806.20,72880.90,333.71,0,0,0,0.00,0,F1,25,,,,,
2026-09-04,2026-09-04,FO,NSE,IDO,52114,,NIFTYNXT50,,2026-10-27,2026-10-27,72600.00,CE,NIFTYNXT5026OCT72600CE,0.00,0.00,0.00,3448.00,0.00,3448.00,72880.90,2804.50,0,0,0,0.00,0,F1,25,,,,,
2026-09-04,2026-09-04,FO,NSE,IDO,51774,,NIFTYNXT50,,2026-10-27,2026-10-27,62000.00,CE,NIFTYNXT5026OCT62000CE,0.00,0.00,0.00,11229.80,0.00,11229.80,72880.90,11487.80,0,0,0,0.00,0,F1,25,,,,,
2026-09-04,2026-09-04,FO,NSE,IDO,75837,,NIFTYNXT50,,2026-09-29,2026-09-29,75800.00,CE,NIFTYNXT5026SEP75800CE,0.00,0.00,0.00,2003.90,0.00,2003.90,72880.90,636.61,0,0,0,0.00,0,F1,25,,,,,
2026-09-04,2026-09-04,FO,NSE,IDO,76156,,NIFTYNXT50,,2026-09-29,2026-09-29,80200.00,PE,NIFTYNXT5026SEP80200PE,0.00,0.00,0.00,8251.45,0.00,8251.45,72880.90,7074.90,0,0,0,0.00,0,F1,25,,,,,
2026-09-04,2026-09-04,FO,NSE,IDO,76148,,NIFTYNXT50,,2026-09-29,2026-09-29,80100.00,PE,NIFTYNXT5026SEP80100PE,0.00,0.00,0.00,8170.70,0.00,8170.70,72880.90,6979.80,0,0,0,0.00,0,F1,25,,,,,
2026-09-04,2026-09-04,FO,NSE,IDO,76145,,NIFTYNXT50,,2026-09-29,2026-09-29,80000.00,PE,NIFTYNXT5026SEP80000PE,0.00,0.00,0.00,8090.25,0.00,8090.25,72880.90,6884.93,0,0,0,0.00,0,F1,25,,,,,
2026-09-04,2026-09-04,FO,NSE,IDO,75120,,NIFTYNXT50,,2026-09-29,2026-09-29,65300.00,CE,NIFTYNXT5026SEP65300CE,0.00,0.00,0.00,8025.25,0.00,8025.25,72880.90,7870.44,0,0,0,0.00,0,F1,25,,,,,
2026-09-04,2026-09-04,FO,NSE,IDO,75260,,NIFTYNXT50,,2026-09-29,2026-09-29,67400.00,PE,NIFTYNXT5026SEP67400PE,0.00,0.00,0.00,1160.80,0.00,1160.80,72880.90,110.54,0,0,0,0.00,0,F1,25,,,,,
2026-09-04,2026-09-04,FO,NSE,IDO,75776,,NIFTYNXT50,,2026-09-29,2026-09-29,74500.00,PE,NIFTYNXT5026SEP74500PE,1680.00,1680.00,1344.00,1344.00,1344.00,1600.00,72880.90,2344.82,375,0,2,3800600.00,2,F1,25,,,,,
2026-09-04,2026-09-04,FO,NSE,IDO,75789,,NIFTYNXT50,,2026-09-29,2026-09-29,75100.00,PE,NIFTYNXT5026SEP75100PE,0.00,0.00,0.00,4565.20,0.00,4565.20,72880.90,2742.80,0,0,0,0.00,0,F1,25,,,,,
2026-09-04,2026-09-04,FO,NSE,IDO,75852,,NIFTYNXT50,,2026-09-29,2026-09-29,75900.00,PE,NIFTYNXT5026SEP75900PE,0.00,0.00,0.00,5077.25,0.00,5077.25,72880.90,3324.28,0,0,0,0.00,0,F1,25,,,,,
2026-09-04,2026-09-04,FO,NSE,IDO,75504,,NIFTYNXT50,,2026-09-29,2026-09-29,71000.00,CE,NIFTYNXT5026SEP71000CE,0.00,0.00,0.00,4118.45,0.00,4118.45,72880.90,2880.29,0,0,0,0.00,0,F1,25,,,,,
2026-09-04,2026-09-04,FO,NSE,IDO,75347,,NIFTYNXT50,,2026-09-29,2026-09-29,70200.00,CE,NIFTYNXT5026SEP70200CE,0.00,0.00,0.00,4577.40,0.00,4577.40,72880.90,3466.85,0,0,0,0.00,0,F1,25,,,,,
2026-09-04,2026-09-04,FO,NSE,IDO,75335,,NIFTYNXT50,,2026-09-29,2026-09-29,69600.00,CE,NIFTYNXT5026SEP69600CE,0.00,0.00,0.00,4941.75,0.00,4941.75,72880.90,3939.87,0,0,0,0.00,0,F1,25,,,,,
2026-09-04,2026-09-04,FO,NSE,IDO,75223,,NIFTYNXT50,,2026-09-29,2026-09-29,66300.00,CE,NIFTYNXT5026SEP66300CE,0.00,0.00,0.00,7240.20,0.00,7240.20,72880.90,6902.32,0,0,0,0.00,0,F1,25,,,,,
2026-09-04,2026-09-04,FO,NSE,IDO,65500,,NIFTYNXT50,,2026-11-23,2026-11-23,68500.00,CE,NIFTYNXT5026NOV68500CE,0.00,0.00,0.00,7725.50,0.00,7725.50,72880.90,6195.04,0,0,0,0.00,0,F1,25,,,,,
2026-09-04,2026-09-04,FO,NSE,IDO,65763,,NIFTYNXT50,,2026-11-23,2026-11-23,75100.00,PE,NIFTYNXT5026NOV75100PE,0.00,0.00,0.00,2866.15,0.00,2866.15,72880.90,3480.59,0,0,0,0.00,0,F1,25,,,,,
2026-09-04,2026-09-04,FO,NSE,IDO,65695,,NIFTYNXT50,,2026-11-23,2026-11-23,73000.00,PE,NIFTYNXT5026NOV73000PE,0.00,0.00,0.00,1953.20,0.00,1953.20,72880.90,2390.57,0,0,0,0.00,0,F1,25,,,,,
2026-09-04,2026-09-04,FO,NSE,IDO,65669,,NIFTYNXT50,,2026-11-23,2026-11-23,71800.00,PE,NIFTYNXT5026NOV71800PE,0.00,0.00,0.00,1528.90,0.00,1528.90,72880.90,1875.82,0,0,0,0.00,0,F1,25,,,,,
2026-09-04,2026-09-04,FO,NSE,IDO,65551,,NIFTYNXT50,,2026-11-23,2026-11-23,70200.00,PE,NIFTYNXT5026NOV70200PE,0.00,0.00,0.00,1071.95,0.00,1071.95,72880.90,1310.60,0,0,0,0.00,0,F1,25,,,,,
2026-09-04,2026-09-04,FO,NSE,IDO,65441,,NIFTYNXT50,,2026-11-23,2026-11-23,66100.00,PE,NIFTYNXT5026NOV66100PE,0.00,0.00,0.00,351.40,0.00,351.40,72880.90,423.06,0,0,0,0.00,0,F1,25,,,,,
2026-09-04,2026-09-04,FO,NSE,IDO,52289,,NIFTYNXT50,,2026-10-27,2026-10-27,78900.00,PE,NIFTYNXT5026OCT78900PE,0.00,0.00,0.00,6841.45,0.00,6841.45,72880.90,5909.10,0,0,0,0.00,0,F1,25,,,,,
2026-09-04,2026-09-04,FO,NSE,IDO,52080,,NIFTYNXT50,,2026-10-27,2026-10-27,71900.00,PE,NIFTYNXT5026OCT71900PE,0.00,0.00,0.00,2542.45,0.00,2542.45,72880.90,1552.65,0,0,0,0.00,0,F1,25,,,,,
2026-09-04,2026-09-04,FO,NSE,IDO,51967,,NIFTYNXT50,,2026-10-27,2026-10-27,68400.00,PE,NIFTYNXT5026OCT68400PE,0.00,0.00,0.00,1265.15,0.00,1265.15,72880.90,545.24,0,0,0,0.00,0,F1,25,,,,,
2026-09-04,2026-09-04,FO,NSE,IDO,76182,,NIFTYNXT50,,2026-09-29,2026-09-29,81000.00,PE,NIFTYNXT5026SEP81000PE,0.00,0.00,0.00,8907.30,0.00,8907.30,72880.90,7842.63,0,0,0,0.00,0,F1,25,,,,,
2026-09-04,2026-09-04,FO,NSE,IDO,75858,,NIFTYNXT50,,2026-09-29,2026-09-29,76100.00,PE,NIFTYNXT5026SEP76100PE,0.00,0.00,0.00,5209.50,0.00,5209.50,72880.90,3473.85,0,0,0,0.00,0,F1,25,,,,,
2026-09-04,2026-09-04,FO,NSE,IDO,75761,,NIFTYNXT50,,2026-09-29,2026-09-29,74000.00,PE,NIFTYNXT5026SEP74000PE,0.00,0.00,0.00,3907.00,0.00,3907.00,72880.90,2038.28,0,0,0,0.00,0,F1,25,,,,,
2026-09-04,2026-09-04,FO,NSE,IDO,75314,,NIFTYNXT50,,2026-09-29,2026-09-29,68500.00,PE,NIFTYNXT5026SEP68500PE,0.00,0.00,0.00,1473.55,0.00,1473.55,72880.90,212.01,0,0,0,0.00,0,F1,25,,,,,
2026-09-04,2026-09-04,FO,NSE,IDO,75258,,NIFTYNXT50,,2026-09-29,2026-09-29,67300.00,PE,NIFTYNXT5026SEP67300PE,0.00,0.00,0.00,1134.80,0.00,1134.80,72880.90,103.77,0,0,0,0.00,0,F1,25,,,,,
2026-09-04,2026-09-04,FO,NSE,IDO,75111,,NIFTYNXT50,,2026-09-29,2026-09-29,64900.00,PE,NIFTYNXT5026SEP64900PE,0.00,0.00,0.00,624.45,0.00,624.45,72880.90,18.40,0,0,0,0.00,0,F1,25,,,,,
2026-09-04,2026-09-04,FO,NSE,IDO,75105,,NIFTYNXT50,,2026-09-29,2026-09-29,64800.00,PE,NIFTYNXT5026SEP64800PE,0.00,0.00,0.00,607.90,0.00,607.90,72880.90,16.96,0,0,0,0.00,0,F1,25,,,,,
2026-09-04,2026-09-04,FO,NSE,IDO,65556,,NIFTYNXT50,,2026-11-23,2026-11-23,70500.00,CE,NIFTYNXT5026NOV70500CE,0.00,0.00,0.00,6205.45,0.00,6205.45,72880.90,4775.32,0,0,0,0.00,0,F1,25,,,,,
2026-09-04,2026-09-04,FO,NSE,IDO,65542,,NIFTYNXT50,,2026-11-23,2026-11-23,69800.00,CE,NIFTYNXT5026NOV69800CE,0.00,0.00,0.00,6717.40,0.00,6717.40,72880.90,5249.36,0,0,0,0.00,0,F1,25,,,,,
2026-09-04,2026-09-04,FO,NSE,IDO,65534,,NIFTYNXT50,,2026-11-23,2026-11-23,69400.00,CE,NIFTYNXT5026NOV69400CE,0.00,0.00,0.00,7020.50,0.00,7020.50,72880.90,5534.62,0,0,0,0.00,0,F1,25,,,,,
2026-09-04,2026-09-04,FO,NSE,IDO,65482,,NIFTYNXT50,,2026-11-23,2026-11-23,67600.00,CE,NIFTYNXT5026NOV67600CE,0.00,0.00,0.00,8460.15,0.00,8460.15,72880.90,6893.93,0,0,0,0.00,0,F1,25,,,,,
2026-09-04,2026-09-04,FO,NSE,IDO,52352,,NIFTYNXT50,,2026-10-27,2026-10-27,81500.00,CE,NIFTYNXT5026OCT81500CE,0.00,0.00,0.00,728.60,0.00,728.60,72880.90,284.81,0,0,0,0.00,0,F1,25,,,,,
2026-09-04,2026-09-04,FO,NSE,IDO,51997,,NIFTYNXT50,,2026-10-27,2026-10-27,69100.00,CE,NIFTYNXT5026OCT69100CE,0.00,0.00,0.00,5496.95,0.00,5496.95,72880.90,5113.81,0,0,0,0.00,0,F1,25,,,,,
2026-09-04,2026-09-04,FO,NSE,IDO,51925,,NIFTYNXT50,,2026-10-27,2026-10-27,66900.00,CE,NIFTYNXT5026OCT66900CE,0.00,0.00,0.00,7079.15,0.00,7079.15,72880.90,6917.28,0,0,0,0.00,0,F1,25,,,,,
2026-09-04,2026-09-04,FO,NSE,IDO,76468,,NIFTYNXT50,,2026-09-29,2026-09-29,82000.00,CE,NIFTYNXT5026SEP82000CE,0.00,0.00,0.00,637.35,0.00,637.35,72880.90,28.39,0,0,0,0.00,0,F1,25,,,,,
2026-09-04,2026-09-04,FO,NSE,IDO,76075,,NIFTYNXT50,,2026-09-29,2026-09-29,79600.00,CE,NIFTYNXT5026SEP79600CE,0.00,0.00,0.00,1021.75,0.00,1021.75,72880.90,110.82,0,0,0,0.00,0,F1,25,,,,,
2026-09-04,2026-09-04,FO,NSE,IDO,75762,,NIFTYNXT50,,2026-09-29,2026-09-29,74100.00,CE,NIFTYNXT5026SEP74100CE,0.00,0.00,0.00,2630.65,0.00,2630.65,72880.90,1178.45,0,0,0,0.00,0,F1,25,,,,,
2026-09-04,2026-09-04,FO,NSE,IDO,75520,,NIFTYNXT50,,2026-09-29,2026-09-29,71800.00,CE,NIFTYNXT5026SEP71800CE,0.00,0.00,0.00,3690.40,0.00,3690.40,72880.90,2351.48,0,0,0,0.00,0,F1,25,,,,,
2026-09-04,2026-09-04,FO,NSE,IDO,75158,,NIFTYNXT50,,2026-09-29,2026-09-29,65900.00,CE,NIFTYNXT5026SEP65900CE,0.00,0.00,0.00,7549.75,0.00,7549.75,72880.90,7287.41,0,0,0,0.00,0,F1,25,,,,,
2026-09-04,2026-09-04,FO,NSE,IDO,75124,,NIFTYNXT50,,2026-09-29,2026-09-29,65500.00,CE,NIFTYNXT5026SEP65500CE,0.00,0.00,0.00,7865.30,0.00,7865.30,72880.90,7675.47,0,0,0,0.00,0,F1,25,,,,,
2026-09-04,2026-09-04,FO,NSE,IDO,75122,,NIFTYNXT50,,2026-09-29,2026-09-29,65400.00,CE,NIFTYNXT5026SEP65400CE,0.00,0.00,0.00,7945.10,0.00,7945.10,72880.90,7772.89,0,0,0,0.00,0,F1,25,,,,,
2026-09-04,2026-09-04,FO,NSE,IDO,66099,,NIFTYNXT50,,2026-11-23,2026-11-23,83000.00,PE,NIFTYNXT5026NOV83000PE,0.00,0.00,0.00,8113.50,0.00,8113.50,72880.90,9390.86,0,0,0,0.00,0,F1,25,,,,,
2026-09-04,2026-09-04,FO,NSE,IDO,65880,,NIFTYNXT50,,2026-11-23,2026-11-23,78300.00,PE,NIFTYNXT5026NOV78300PE,0.00,0.00,0.00,4671.90,0.00,4671.90,72880.90,5575.72,0,0,0,0.00,0,F1,25,,,,,
2026-09-04,2026-09-04,FO,NSE,IDO,65879,,NIFTYNXT50,,2026-11-23,2026-11-23,78300.00,CE,NIFTYNXT5026NOV78300CE,0.00,0.00,0.00,2044.00,0.00,2044.00,72880.90,1254.07,0,0,0,0.00,0,F1,25,,,,,
2026-09-04,2026-09-04,FO,NSE,IDO,65824,,NIFTYNXT50,,2026-11-23,2026-11-23,76400.00,CE,NIFTYNXT5026NOV76400CE,0.00,0.00,0.00,2784.40,0.00,2784.40,72880.90,1823.97,0,0,0,0.00,0,F1,25,,,,,
2026-09-04,2026-09-04,FO,NSE,IDO,65762,,NIFTYNXT50,,2026-11-23,2026-11-23,75100.00,CE,NIFTYNXT5026NOV75100CE,0.00,0.00,0.00,3390.70,0.00,3390.70,72880.90,2314.09,0,0,0,0.00,0,F1,25,,,,,
2026-09-04,2026-09-04,FO,NSE,IDO,65676,,NIFTYNXT50,,2026-11-23,2026-11-23,72100.00,CE,NIFTYNXT5026NOV72100CE,0.00,0.00,0.00,5108.50,0.00,5108.50,72880.90,3788.56,0,0,0,0.00,0,F1,25,,,,,
2026-09-04,2026-09-04,FO,NSE,IDO,52376,,NIFTYNXT50,,2026-10-27,2026-10-27,82500.00,CE,NIFTYNXT5026OCT82500CE,0.00,0.00,0.00,592.25,0.00,592.25,72880.90,205.27,0,0,0,0.00,0,F1,25,,,,,
2026-09-04,2026-09-04,FO,NSE,IDO,52288,,NIFTYNXT50,,2026-10-27,2026-10-27,78900.00,CE,NIFTYNXT5026OCT78900CE,0.00,0.00,0.00,1213.95,0.00,1213.95,72880.90,624.37,0,0,0,0.00,0,F1,25,,,,,
2026-09-04,2026-09-04,FO,NSE,IDO,52274,,NIFTYNXT50,,2026-10-27,2026-10-27,78600.00,CE,NIFTYNXT5026OCT78600CE,0.00,0.00,0.00,1283.10,0.00,1283.10,72880.90,679.30,0,0,0,0.00,0,F1,25,,,,,
2026-09-04,2026-09-04,FO,NSE,IDO,52143,,NIFTYNXT50,,2026-10-27,2026-10-27,73400.00,CE,NIFTYNXT5026OCT73400CE,0.00,0.00,0.00,3063.70,0.00,3063.70,72880.90,2389.79,0,0,0,0.00,0,F1,25,,,,,
2026-09-04,2026-09-04,FO,NSE,IDO,52089,,NIFTYNXT50,,2026-10-27,2026-10-27,72300.00,CE,NIFTYNXT5026OCT72300CE,0.00,0.00,0.00,3600.10,0.00,3600.10,72880.90,2971.13,0,0,0,0.00,0,F1,25,,,,,
2026-09-04,2026-09-04,FO,NSE,IDO,52075,,NIFTYNXT50,,2026-10-27,2026-10-27,71700.00,CE,NIFTYNXT5026OCT71700CE,0.00,0.00,0.00,3917.60,0.00,3917.60,72880.90,3322.62,0,0,0,0.00,0,F1,25,,,,,
2026-09-04,2026-09-04,FO,NSE,IDO,52003,,NIFTYNXT50,,2026-10-27,2026-10-27,69400.00,CE,NIFTYNXT5026OCT69400CE,0.00,0.00,0.00,5298.20,0.00,5298.20,72880.90,4886.53,0,0,0,0.00,0,F1,25,,,,,
2026-09-04,2026-09-04,FO,NSE,IDO,51999,,NIFTYNXT50,,2026-10-27,2026-10-27,69200.00,CE,NIFTYNXT5026OCT69200CE,0.00,0.00,0.00,5430.25,0.00,5430.25,72880.90,5037.50,0,0,0,0.00,0,F1,25,,,,,
2026-09-04,2026-09-04,FO,NSE,IDO,51943,,NIFTYNXT50,,2026-10-27,2026-10-27,67600.00,CE,NIFTYNXT5026OCT67600CE,0.00,0.00,0.00,6553.50,0.00,6553.50,72880.90,6319.63,0,0,0,0.00,0,F1,25,,,,,
2026-09-04,2026-09-04,FO,NSE,IDO,75681,,NIFTYNXT50,,2026-09-29,2026-09-29,73600.00,CE,NIFTYNXT5026SEP73600CE,0.00,0.00,0.00,2839.70,0.00,2839.70,72880.90,1388.96,0,0,0,0.00,0,F1,25,,,,,
2026-09-04,2026-09-04,FO,NSE,IDO,75659,,NIFTYNXT50,,2026-09-29,2026-09-29,73400.00,CE,NIFTYNXT5026SEP73400CE,0.00,0.00,0.00,2926.60,0.00,2926.60,72880.90,1480.00,0,0,0,0.00,0,F1,25,,,,,
2026-09-04,2026-09-04,FO,NSE,IDO,75118,,NIFTYNXT50,,2026-09-29,2026-09-29,65200.00,CE,NIFTYNXT5026SEP65200CE,0.00,0.00,0.00,8105.75,0.00,8105.75,72880.90,7968.13,0,0,0,0.00,0,F1,25,,,,,
2026-09-04,2026-09-04,FO,NSE,IDO,52016,,NIFTYNXT50,,2026-10-27,2026-10-27,70000.00,PE,NIFTYNXT5026OCT70000PE,0.00,0.00,0.00,1774.55,0.00,1774.55,72880.90,916.94,0,0,0,0.00,0,F1,25,,,,,
2026-09-04,2026-09-04,FO,NSE,IDO,52049,,NIFTYNXT50,,2026-10-27,2026-10-27,70500.00,PE,NIFTYNXT5026OCT70500PE,0.00,0.00,0.00,1959.50,0.00,1959.50,72880.90,1059.76,0,0,0,0.00,0,F1,25,,,,,
2026-09-04,2026-09-04,FO,NSE,IDO,52194,,NIFTYNXT50,,2026-10-27,2026-10-27,75600.00,PE,NIFTYNXT5026OCT75600PE,0.00,0.00,0.00,4542.30,0.00,4542.30,72880.90,3485.66,0,0,0,0.00,0,F1,25,,,,,
2026-09-04,2026-09-04,FO,NSE,IDO,52221,,NIFTYNXT50,,2026-10-27,2026-10-27,76800.00,PE,NIFTYNXT5026OCT76800PE,0.00,0.00,0.00,5326.20,0.00,5326.20,72880.90,4299.98,0,0,0,0.00,0,F1,25,,,,,
2026-09-04,2026-09-04,FO,NSE,IDO,52307,,NIFTYNXT50,,2026-10-27,2026-10-27,79500.00,PE,NIFTYNXT5026OCT79500PE,0.00,0.00,0.00,7300.00,0.00,7300.00,72880.90,6404.57,0,0,0,0.00,0,F1,25,,,,,
2026-09-04,2026-09-04,FO,NSE,IDO,52377,,NIFTYNXT50,,2026-10-27,2026-10-27,82500.00,PE,NIFTYNXT5026OCT82500PE,0.00,0.00,0.00,9765.70,0.00,9765.70,72880.90,9056.49,0,0,0,0.00,0,F1,25,,,,,
2026-09-04,2026-09-04,FO,NSE,IDO,65479,,NIFTYNXT50,,2026-11-23,2026-11-23,67400.00,PE,NIFTYNXT5026NOV67400PE,0.00,0.00,0.00,516.95,0.00,516.95,72880.90,628.28,0,0,0,0.00,0,F1,25,,,,,
2026-09-04,2026-09-04,FO,NSE,IDO,65533,,NIFTYNXT50,,2026-11-23,2026-11-23,69300.00,PE,NIFTYNXT5026NOV69300PE,0.00,0.00,0.00,858.90,0.00,858.90,72880.90,1054.29,0,0,0,0.00,0,F1,25,,,,,
2026-09-04,2026-09-04,FO,NSE,IDO,65567,,NIFTYNXT50,,2026-11-23,2026-11-23,71000.00,PE,NIFTYNXT5026NOV71000PE,0.00,0.00,0.00,1283.90,0.00,1283.90,72880.90,1576.23,0,0,0,0.00,0,F1,25,,,,,
2026-09-04,2026-09-04,FO,NSE,IDO,65776,,NIFTYNXT50,,2026-11-23,2026-11-23,75400.00,PE,NIFTYNXT5026NOV75400PE,0.00,0.00,0.00,3014.15,0.00,3014.15,72880.90,3655.61,0,0,0,0.00,0,F1,25,,,,,
2026-09-04,2026-09-04,FO,NSE,IDO,75101,,NIFTYNXT50,,2026-09-29,2026-09-29,64600.00,PE,NIFTYNXT5026SEP64600PE,0.00,0.00,0.00,575.75,0.00,575.75,72880.90,14.38,0,0,0,0.00,0,F1,25,,,,,
2026-09-04,2026-09-04,FO,NSE,IDO,51841,,NIFTYNXT50,,2026-10-27,2026-10-27,64000.00,PE,NIFTYNXT5026OCT64000PE,0.00,0.00,0.00,401.40,0.00,401.40,72880.90,87.07,0,0,0,0.00,0,F1,25,,,,,
2026-09-04,2026-09-04,FO,NSE,IDO,76060,,NIFTYNXT50,,2026-09-29,2026-09-29,78800.00,PE,NIFTYNXT5026SEP78800PE,0.00,0.00,0.00,7151.05,0.00,7151.05,72880.90,5767.09,0,0,0,0.00,0,F1,25,,,,,
2026-09-04,2026-09-04,FO,NSE,IDO,75826,,NIFTYNXT50,,2026-09-29,2026-09-29,75600.00,PE,NIFTYNXT5026SEP75600PE,0.00,0.00,0.00,4882.05,0.00,4882.05,72880.90,3098.05,0,0,0,0.00,0,F1,25,,,,,
2026-09-04,2026-09-04,FO,NSE,IDO,75346,,NIFTYNXT50,,2026-09-29,2026-09-29,70100.00,PE,NIFTYNXT5026SEP70100PE,0.00,0.00,0.00,2032.25,0.00,2032.25,72880.90,479.23,0,0,0,0.00,0,F1,25,,,,,
2026-09-04,2026-09-04,FO,NSE,IDO,66118,,NIFTYNXT50,,2026-11-23,2026-11-23,84000.00,CE,NIFTYNXT5026NOV84000CE,0.00,0.00,0.00,696.95,0.00,696.95,72880.90,338.93,0,0,0,0.00,0,F1,25,,,,,
2026-09-04,2026-09-04,FO,NSE,IDO,52278,,NIFTYNXT50,,2026-10-27,2026-10-27,78800.00,CE,NIFTYNXT5026OCT78800CE,0.00,0.00,0.00,1236.65,0.00,1236.65,72880.90,642.26,0,0,0,0.00,0,F1,25,,,,,
2026-09-04,2026-09-04,FO,NSE,IDO,52212,,NIFTYNXT50,,2026-10-27,2026-10-27,76400.00,CE,NIFTYNXT5026OCT76400CE,0.00,0.00,0.00,1893.00,0.00,1893.00,72880.90,1211.31,0,0,0,0.00,0,F1,25,,,,,
2026-09-04,2026-09-04,FO,NSE,IDO,52187,,NIFTYNXT50,,2026-10-27,2026-10-27,75300.00,CE,NIFTYNXT5026OCT75300CE,0.00,0.00,0.00,2274.55,0.00,2274.55,72880.90,1577.26,0,0,0,0.00,0,F1,25,,,,,
2026-09-04,2026-09-04,FO,NSE,IDO,52177,,NIFTYNXT50,,2026-10-27,2026-10-27,74800.00,CE,NIFTYNXT5026OCT74800CE,0.00,0.00,0.00,2465.85,0.00,2465.85,72880.90,1768.22,0,0,0,0.00,0,F1,25,,,,,
2026-09-04,2026-09-04,FO,NSE,IDO,75359,,NIFTYNXT50,,2026-09-29,2026-09-29,70300.00,PE,NIFTYNXT5026SEP70300PE,0.00,0.00,0.00,2110.60,0.00,2110.60,72880.90,525.32,0,0,0,0.00,0,F1,25,,,,,
2026-09-04,2026-09-04,FO,NSE,IDO,75864,,NIFTYNXT50,,2026-09-29,2026-09-29,76400.00,PE,NIFTYNXT5026SEP76400PE,0.00,0.00,0.00,5410.95,0.00,5410.95,72880.90,3707.74,0,0,0,0.00,0,F1,25,,,,,
2026-09-04,2026-09-04,FO,NSE,IDO,75950,,NIFTYNXT50,,2026-09-29,2026-09-29,77200.00,PE,NIFTYNXT5026SEP77200PE,0.00,0.00,0.00,5965.75,0.00,5965.75,72880.90,4360.33,0,0,0,0.00,0,F1,25,,,,,
2026-09-04,2026-09-04,FO,NSE,IDO,51935,,NIFTYNXT50,,2026-10-27,2026-10-27,67400.00,CE,NIFTYNXT5026OCT67400CE,0.00,0.00,0.00,6701.65,0.00,6701.65,72880.90,6488.33,0,0,0,0.00,0,F1,25,,,,,
2026-09-04,2026-09-04,FO,NSE,IDO,51822,,NIFTYNXT50,,2026-10-27,2026-10-27,63500.00,CE,NIFTYNXT5026OCT63500CE,0.00,0.00,0.00,9885.70,0.00,9885.70,72880.90,10039.58,0,0,0,0.00,0,F1,25,,,,,
2026-09-04,2026-09-04,FO,NSE,IDO,76630,,NIFTYNXT50,,2026-09-29,2026-09-29,84000.00,CE,NIFTYNXT5026SEP84000CE,0.00,0.00,0.00,418.80,0.00,418.80,72880.90,7.85,0,0,0,0.00,0,F1,25,,,,,
2026-09-04,2026-09-04,FO,NSE,IDO,76181,,NIFTYNXT50,,2026-09-29,2026-09-29,81000.00,CE,NIFTYNXT5026SEP81000CE,0.00,0.00,0.00,779.20,0.00,779.20,72880.90,51.30,0,0,0,0.00,0,F1,25,,,,,
2026-09-04,2026-09-04,FO,NSE,IDO,76141,,NIFTYNXT50,,2026-09-29,2026-09-29,79900.00,CE,NIFTYNXT5026SEP79900CE,0.00,0.00,0.00,965.10,0.00,965.10,72880.90,94.50,0,0,0,0.00,0,F1,25,,,,,
2026-09-04,2026-09-04,FO,NSE,IDO,76056,,NIFTYNXT50,,2026-09-29,2026-09-29,78600.00,PE,NIFTYNXT5026SEP78600PE,0.00,0.00,0.00,6998.30,0.00,6998.30,72880.90,5585.23,0,0,0,0.00,0,F1,25,,,,,
2026-09-04,2026-09-04,FO,NSE,IDO,51859,,NIFTYNXT50,,2026-10-27,2026-10-27,64500.00,PE,NIFTYNXT5026OCT64500PE,0.00,0.00,0.00,465.30,0.00,465.30,72880.90,110.99,0,0,0,0.00,0,F1,25,,,,,
2026-09-04,2026-09-04,FO,NSE,IDO,52010,,NIFTYNXT50,,2026-10-27,2026-10-27,69700.00,PE,NIFTYNXT5026OCT69700PE,0.00,0.00,0.00,1669.30,0.00,1669.30,72880.90,837.25,0,0,0,0.00,0,F1,25,,,,,
2026-09-04,2026-09-04,FO,NSE,IDO,52217,,NIFTYNXT50,,2026-10-27,2026-10-27,76600.00,PE,NIFTYNXT5026OCT76600PE,0.00,0.00,0.00,5191.30,0.00,5191.30,72880.90,4158.52,0,0,0,0.00,0,F1,25,,,,,
2026-09-04,2026-09-04,FO,NSE,IDO,75981,,NIFTYNXT50,,2026-09-29,2026-09-29,77700.00,CE,NIFTYNXT5026SEP77700CE,0.00,0.00,0.00,1446.20,0.00,1446.20,72880.90,282.36,0,0,0,0.00,0,F1,25,,,,,
2026-09-04,2026-09-04,FO,NSE,IDO,75788,,NIFTYNXT50,,2026-09-29,2026-09-29,75100.00,CE,NIFTYNXT5026SEP75100CE,0.00,0.00,0.00,2246.60,0.00,2246.60,72880.90,827.60,0,0,0,0.00,0,F1,25,,,,,
2026-09-04,2026-09-04,FO,NSE,IDO,75536,,NIFTYNXT50,,2026-09-29,2026-09-29,72100.00,CE,NIFTYNXT5026SEP72100CE,0.00,0.00,0.00,3537.90,0.00,3537.90,72880.90,2168.86,0,0,0,0.00,0,F1,25,,,,,
2026-09-04,2026-09-04,FO,NSE,IDO,75512,,NIFTYNXT50,,2026-09-29,2026-09-29,71400.00,CE,NIFTYNXT5026SEP71400CE,0.00,0.00,0.00,3900.55,0.00,3900.55,72880.90,2608.43,0,0,0,0.00,0,F1,25,,,,,
2026-09-04,2026-09-04,FO,NSE,IDO,75333,,NIFTYNXT50,,2026-09-29,2026-09-29,69500.00,CE,NIFTYNXT5026SEP69500CE,0.00,0.00,0.00,5004.15,0.00,5004.15,72880.90,4021.24,0,0,0,0.00,0,F1,25,,,,,
2026-09-04,2026-09-04,FO,NSE,IDO,75300,,NIFTYNXT50,,2026-09-29,2026-09-29,67900.00,CE,NIFTYNXT5026SEP67900CE,0.00,0.00,0.00,6068.30,0.00,6068.30,72880.90,5405.73,0,0,0,0.00,0,F1,25,,,,,
2026-09-04,2026-09-04,FO,NSE,IDO,52235,,NIFTYNXT50,,2026-10-27,2026-10-27,77500.00,PE,NIFTYNXT5026OCT77500PE,0.00,0.00,0.00,5811.15,0.00,5811.15,72880.90,4815.50,0,0,0,0.00,0,F1,25,,,,,
2026-09-04,2026-09-04,FO,NSE,IDO,52319,,NIFTYNXT50,,2026-10-27,2026-10-27,80100.00,PE,NIFTYNXT5026OCT80100PE,0.00,0.00,0.00,7772.80,0.00,7772.80,72880.90,6913.44,0,0,0,0.00,0,F1,25,,,,,
2026-09-04,2026-09-04,FO,NSE,IDO,66007,,NIFTYNXT50,,2026-11-23,2026-11-23,80500.00,PE,NIFTYNXT5026NOV80500PE,0.00,0.00,0.00,6179.75,0.00,6179.75,72880.90,7273.56,0,0,0,0.00,0,F1,25,,,,,
2026-09-04,2026-09-04,FO,NSE,IDO,65469,,NIFTYNXT50,,2026-11-23,2026-11-23,66900.00,PE,NIFTYNXT5026NOV66900PE,0.00,0.00,0.00,447.35,0.00,447.35,72880.90,541.97,0,0,0,0.00,0,F1,25,,,,,
2026-09-04,2026-09-04,FO,NSE,IDO,65553,,NIFTYNXT50,,2026-11-23,2026-11-23,70300.00,PE,NIFTYNXT5026NOV70300PE,0.00,0.00,0.00,1097.25,0.00,1097.25,72880.90,1341.99,0,0,0,0.00,0,F1,25,,,,,
2026-09-04,2026-09-04,FO,NSE,IDO,65577,,NIFTYNXT50,,2026-11-23,2026-11-23,71400.00,PE,NIFTYNXT5026NOV71400PE,0.00,0.00,0.00,1402.70,0.00,1402.70,72880.90,1721.72,0,0,0,0.00,0,F1,25,,,,,
2026-09-04,2026-09-04,FO,NSE,IDO,65679,,NIFTYNXT50,,2026-11-23,2026-11-23,72200.00,PE,NIFTYNXT5026NOV72200PE,0.00,0.00,0.00,1662.65,0.00,1662.65,72880.90,2038.63,0,0,0,0.00,0,F1,25,,,,,
2026-09-04,2026-09-04,FO,NSE,IDO,65817,,NIFTYNXT50,,2026-11-23,2026-11-23,76000.00,PE,NIFTYNXT5026NOV76000PE,0.00,0.00,0.00,3324.10,0.00,3324.10,72880.90,4019.56,0,0,0,0.00,0,F1,25,,,,,
2026-09-04,2026-09-04,FO,NSE,IDO,65683,,NIFTYNXT50,,2026-11-23,2026-11-23,72400.00,PE,NIFTYNXT5026NOV72400PE,0.00,0.00,0.00,1732.40,0.00,1732.40,72880.90,2123.32,0,0,0,0.00,0,F1,25,,,,,
2026-09-04,2026-09-04,FO,NSE,IDO,66068,,NIFTYNXT50,,2026-11-23,2026-11-23,81500.00,CE,NIFTYNXT5026NOV81500CE,0.00,0.00,0.00,1151.45,0.00,1151.45,72880.90,622.85,0,0,0,0.00,0,F1,25,,,,,
2026-09-04,2026-09-04,FO,NSE,IDO,65496,,NIFTYNXT50,,2026-11-23,2026-11-23,68300.00,CE,NIFTYNXT5026NOV68300CE,0.00,0.00,0.00,7886.30,0.00,7886.30,72880.90,6347.32,0,0,0,0.00,0,F1,25,,,,,
2026-09-04,2026-09-04,FO,NSE,IDO,52322,,NIFTYNXT50,,2026-10-27,2026-10-27,80300.00,CE,NIFTYNXT5026OCT80300CE,0.00,0.00,0.00,926.35,0.00,926.35,72880.90,414.11,0,0,0,0.00,0,F1,25,,,,,
2026-09-04,2026-09-04,FO,NSE,IDO,52328,,NIFTYNXT50,,2026-10-27,2026-10-27,80500.00,CE,NIFTYNXT5026OCT80500CE,0.00,0.00,0.00,890.60,0.00,890.60,72880.90,389.62,0,0,0,0.00,0,F1,25,,,,,
2026-09-04,2026-09-04,FO,NSE,IDO,75870,,NIFTYNXT50,,2026-09-29,2026-09-29,76700.00,PE,NIFTYNXT5026SEP76700PE,0.00,0.00,0.00,5616.05,0.00,5616.05,72880.90,3947.76,0,0,0,0.00,0,F1,25,,,,,
2026-09-04,2026-09-04,FO,NSE,IDO,75134,,NIFTYNXT50,,2026-09-29,2026-09-29,65600.00,PE,NIFTYNXT5026SEP65600PE,0.00,0.00,0.00,750.20,0.00,750.20,72880.90,31.86,0,0,0,0.00,0,F1,25,,,,,
2026-09-04,2026-09-04,FO,NSE,IDO,52230,,NIFTYNXT50,,2026-10-27,2026-10-27,77300.00,CE,NIFTYNXT5026OCT77300CE,0.00,0.00,0.00,1619.05,0.00,1619.05,72880.90,966.60,0,0,0,0.00,0,F1,25,,,,,
2026-09-04,2026-09-04,FO,NSE,IDO,52200,,NIFTYNXT50,,2026-10-27,2026-10-27,75900.00,CE,NIFTYNXT5026OCT75900CE,0.00,0.00,0.00,2059.90,0.00,2059.90,72880.90,1368.67,0,0,0,0.00,0,F1,25,,,,,
2026-09-04,2026-09-04,FO,NSE,IDO,52085,,NIFTYNXT50,,2026-10-27,2026-10-27,72100.00,CE,NIFTYNXT5026OCT72100CE,0.00,0.00,0.00,3703.95,0.00,3703.95,72880.90,3085.60,0,0,0,0.00,0,F1,25,,,,,
2026-09-04,2026-09-04,FO,NSE,IDO,52073,,NIFTYNXT50,,2026-10-27,2026-10-27,71600.00,CE,NIFTYNXT5026OCT71600CE,0.00,0.00,0.00,3972.25,0.00,3972.25,72880.90,3383.54,0,0,0,0.00,0,F1,25,,,,,
2026-09-04,2026-09-04,FO,NSE,IDO,76074,,NIFTYNXT50,,2026-09-29,2026-09-29,79500.00,PE,NIFTYNXT5026SEP79500PE,0.00,0.00,0.00,7692.35,0.00,7692.35,72880.90,6414.18,0,0,0,0.00,0,F1,25,,,,,
2026-09-04,2026-09-04,FO,NSE,IDO,51890,,NIFTYNXT50,,2026-10-27,2026-10-27,65500.00,PE,NIFTYNXT5026OCT65500PE,0.00,0.00,0.00,616.50,0.00,616.50,72880.90,175.39,0,0,0,0.00,0,F1,25,,,,,
2026-09-04,2026-09-04,FO,NSE,IDO,51908,,NIFTYNXT50,,2026-10-27,2026-10-27,66000.00,PE,NIFTYNXT5026OCT66000PE,0.00,0.00,0.00,704.75,0.00,704.75,72880.90,217.52,0,0,0,0.00,0,F1,25,,,,,
2026-09-04,2026-09-04,FO,NSE,IDO,52126,,NIFTYNXT50,,2026-10-27,2026-10-27,72700.00,PE,NIFTYNXT5026OCT72700PE,0.00,0.00,0.00,2918.90,0.00,2918.90,72880.90,1892.76,0,0,0,0.00,0,F1,25,,,,,
2026-09-04,2026-09-04,FO,NSE,IDO,65481,,NIFTYNXT50,,2026-11-23,2026-11-23,67500.00,PE,NIFTYNXT5026NOV67500PE,0.00,0.00,0.00,531.80,0.00,531.80,72880.90,646.71,0,0,0,0.00,0,F1,25,,,,,
2026-09-04,2026-09-04,FO,NSE,IDO,65753,,NIFTYNXT50,,2026-11-23,2026-11-23,74600.00,PE,NIFTYNXT5026NOV74600PE,0.00,0.00,0.00,2628.90,0.00,2628.90,72880.90,3199.41,0,0,0,0.00,0,F1,25,,,,,
2026-09-04,2026-09-04,FO,NSE,IDO,52019,,NIFTYNXT50,,2026-10-27,2026-10-27,70100.00,CE,NIFTYNXT5026OCT70100CE,0.00,0.00,0.00,4850.90,0.00,4850.90,72880.90,4375.25,0,0,0,0.00,0,F1,25,,,,,
2026-09-04,2026-09-04,FO,NSE,IDO,51949,,NIFTYNXT50,,2026-10-27,2026-10-27,67700.00,CE,NIFTYNXT5026OCT67700CE,0.00,0.00,0.00,6482.70,0.00,6482.70,72880.90,6235.93,0,0,0,0.00,0,F1,25,,,,,
2026-09-04,2026-09-04,FO,NSE,IDO,51907,,NIFTYNXT50,,2026-10-27,2026-10-27,66000.00,CE,NIFTYNXT5026OCT66000CE,0.00,0.00,0.00,7783.50,0.00,7783.50,72880.90,7712.73,0,0,0,0.00,0,F1,25,,,,,
2026-09-04,2026-09-04,FO,NSE,IDO,76173,,NIFTYNXT50,,2026-09-29,2026-09-29,80600.00,CE,NIFTYNXT5026SEP80600CE,0.00,0.00,0.00,842.95,0.00,842.95,72880.90,64.38,0,0,0,0.00,0,F1,25,,,,,
2026-09-04,2026-09-04,FO,NSE,IDO,65759,,NIFTYNXT50,,2026-11-23,2026-11-23,74900.00,PE,NIFTYNXT5026NOV74900PE,0.00,0.00,0.00,2769.75,0.00,2769.75,72880.90,3366.53,0,0,0,0.00,0,F1,25,,,,,
2026-09-04,2026-09-04,FO,NSE,IDO,65809,,NIFTYNXT50,,2026-11-23,2026-11-23,75600.00,PE,NIFTYNXT5026NOV75600PE,0.00,0.00,0.00,3115.50,0.00,3115.50,72880.90,3774.88,0,0,0,0.00,0,F1,25,,,,,
2026-09-04,2026-09-04,FO,NSE,IDO,52366,,NIFTYNXT50,,2026-10-27,2026-10-27,82000.00,CE,NIFTYNXT5026OCT82000CE,0.00,0.00,0.00,657.45,0.00,657.45,72880.90,242.22,0,0,0,0.00,0,F1,25,,,,,
2026-09-04,2026-09-04,FO,NSE,IDO,65682,,NIFTYNXT50,,2026-11-23,2026-11-23,72400.00,CE,NIFTYNXT5026NOV72400CE,0.00,0.00,0.00,4916.85,0.00,4916.85,72880.90,3618.97,0,0,0,0.00,0,F1,25,,,,,
2026-09-04,2026-09-04,FO,NSE,IDO,65684,,NIFTYNXT50,,2026-11-23,2026-11-23,72500.00,CE,NIFTYNXT5026NOV72500CE,0.00,0.00,0.00,4853.90,0.00,4853.90,72880.90,3563.54,0,0,0,0.00,0,F1,25,,,,,
2026-09-04,2026-09-04,FO,NSE,IDO,75100,,NIFTYNXT50,,2026-09-29,2026-09-29,64600.00,CE,NIFTYNXT5026SEP64600CE,0.00,0.00,0.00,8596.05,0.00,8596.05,72880.90,8556.68,0,0,0,0.00,0,F1,25,,,,,
2026-09-04,2026-09-04,FO,NSE,IDO,75408,,NIFTYNXT50,,2026-09-29,2026-09-29,70400.00,CE,NIFTYNXT5026SEP70400CE,0.00,0.00,0.00,4459.75,0.00,4459.75,72880.90,3315.35,0,0,0,0.00,0,F1,25,,,,,
2026-09-04,2026-09-04,FO,NSE,IDO,75855,,NIFTYNXT50,,2026-09-29,2026-09-29,76000.00,CE,NIFTYNXT5026SEP76000CE,0.00,0.00,0.00,1938.40,0.00,1938.40,72880.90,585.76,0,0,0,0.00,0,F1,25,,,,,
2026-09-04,2026-09-04,FO,NSE,IDO,65810,,NIFTYNXT50,,2026-11-23,2026-11-23,75700.00,CE,NIFTYNXT5026NOV75700CE,0.00,0.00,0.00,3100.40,0.00,3100.40,72880.90,2077.19,0,0,0,0.00,0,F1,25,,,,,
2026-09-04,2026-09-04,FO,NSE,IDO,65838,,NIFTYNXT50,,2026-11-23,2026-11-23,77100.00,CE,NIFTYNXT5026NOV77100CE,0.00,0.00,0.00,2492.05,0.00,2492.05,72880.90,1594.71,0,0,0,0.00,0,F1,25,,,,,
2026-09-04,2026-09-04,FO,NSE,IDO,74896,,NIFTYNXT50,,2026-09-29,2026-09-29,61500.00,PE,NIFTYNXT5026SEP61500PE,0.00,0.00,0.00,224.95,0.00,224.95,72880.90,0.71,0,0,0,0.00,0,F1,25,,,,,
2026-09-04,2026-09-04,FO,NSE,IDO,75867,,NIFTYNXT50,,2026-09-29,2026-09-29,76600.00,CE,NIFTYNXT5026SEP76600CE,600.00,600.00,600.00,600.00,600.00,1751.70,72880.90,457.96,25,25,1,1930000.00,1,F1,25,,,,,
2026-09-04,2026-09-04,FO,NSE,IDO,75342,,NIFTYNXT50,,2026-09-29,2026-09-29,69900.00,PE,NIFTYNXT5026SEP69900PE,0.00,0.00,0.00,1955.80,0.00,1955.80,72880.90,436.25,0,0,0,0.00,0,F1,25,,,,,
2026-09-04,2026-09-04,FO,NSE,IDO,75115,,NIFTYNXT50,,2026-09-29,2026-09-29,65000.00,PE,NIFTYNXT5026SEP65000PE,0.00,0.00,0.00,641.35,0.00,641.35,72880.90,19.95,0,0,0,0.00,0,F1,25,,,,,
2026-09-04,2026-09-04,FO,NSE,IDO,66128,,NIFTYNXT50,,2026-11-23,2026-11-23,84500.00,CE,NIFTYNXT5026NOV84500CE,0.00,0.00,0.00,627.50,0.00,627.50,72880.90,298.21,0,0,0,0.00,0,F1,25,,,,,
2026-09-04,2026-09-04,FO,NSE,IDO,65815,,NIFTYNXT50,,2026-11-23,2026-11-23,75900.00,PE,NIFTYNXT5026NOV75900PE,0.00,0.00,0.00,3271.25,0.00,3271.25,72880.90,3957.63,0,0,0,0.00,0,F1,25,,,,,
2026-09-04,2026-09-04,FO,NSE,IDO,75744,,NIFTYNXT50,,2026-09-29,2026-09-29,73800.00,PE,NIFTYNXT5026SEP73800PE,0.00,0.00,0.00,3793.25,0.00,3793.25,72880.90,1922.32,0,0,0,0.00,0,F1,25,,,,,
2026-09-04,2026-09-04,FO,NSE,IDO,52174,,NIFTYNXT50,,2026-10-27,2026-10-27,74600.00,PE,NIFTYNXT5026OCT74600PE,0.00,0.00,0.00,3937.70,0.00,3937.70,72880.90,2873.84,0,0,0,0.00,0,F1,25,,,,,
2026-09-04,2026-09-04,FO,NSE,IDO,52004,,NIFTYNXT50,,2026-10-27,2026-10-27,69400.00,PE,NIFTYNXT5026OCT69400PE,0.00,0.00,0.00,1568.40,0.00,1568.40,72880.90,759.67,0,0,0,0.00,0,F1,25,,,,,
2026-09-04,2026-09-04,FO,NSE,IDO,52002,,NIFTYNXT50,,2026-10-27,2026-10-27,69300.00,PE,NIFTYNXT5026OCT69300PE,0.00,0.00,0.00,1535.65,0.00,1535.65,72880.90,735.81,0,0,0,0.00,0,F1,25,,,,,
2026-09-04,2026-09-04,FO,NSE,IDO,51970,,NIFTYNXT50,,2026-10-27,2026-10-27,68500.00,PE,NIFTYNXT5026OCT68500PE,0.00,0.00,0.00,1290.70,0.00,1290.70,72880.90,564.35,0,0,0,0.00,0,F1,25,,,,,
2026-09-04,2026-09-04,FO,NSE,IDO,51934,,NIFTYNXT50,,2026-10-27,2026-10-27,67300.00,PE,NIFTYNXT5026OCT67300PE,0.00,0.00,0.00,978.05,0.00,978.05,72880.90,366.01,0,0,0,0.00,0,F1,25,,,,,
2026-09-04,2026-09-04,FO,NSE,IDO,76170,,NIFTYNXT50,,2026-09-29,2026-09-29,80400.00,PE,NIFTYNXT5026SEP80400PE,0.00,0.00,0.00,8413.75,0.00,8413.75,72880.90,7265.72,0,0,0,0.00,0,F1,25,,,,,
2026-09-04,2026-09-04,FO,NSE,IDO,75787,,NIFTYNXT50,,2026-09-29,2026-09-29,75000.00,PE,NIFTYNXT5026SEP75000PE,0.00,0.00,0.00,4503.10,0.00,4503.10,72880.90,2674.27,0,0,0,0.00,0,F1,25,,,,,
2026-09-04,2026-09-04,FO,NSE,IDO,75236,,NIFTYNXT50,,2026-09-29,2026-09-29,66700.00,PE,NIFTYNXT5026SEP66700PE,0.00,0.00,0.00,984.35,0.00,984.35,72880.90,70.03,0,0,0,0.00,0,F1,25,,,,,
2026-09-04,2026-09-04,FO,NSE,IDO,75121,,NIFTYNXT50,,2026-09-29,2026-09-29,65300.00,PE,NIFTYNXT5026SEP65300PE,0.00,0.00,0.00,694.20,0.00,694.20,72880.90,25.30,0,0,0,0.00,0,F1,25,,,,,
2026-09-04,2026-09-04,FO,NSE,IDO,65860,,NIFTYNXT50,,2026-11-23,2026-11-23,78000.00,CE,NIFTYNXT5026NOV78000CE,0.00,0.00,0.00,2149.85,0.00,2149.85,72880.90,1333.29,0,0,0,0.00,0,F1,25,,,,,
2026-09-04,2026-09-04,FO,NSE,IDO,65692,,NIFTYNXT50,,2026-11-23,2026-11-23,72900.00,CE,NIFTYNXT5026NOV72900CE,0.00,0.00,0.00,4607.05,0.00,4607.05,72880.90,3347.32,0,0,0,0.00,0,F1,25,,,,,
2026-09-04,2026-09-04,FO,NSE,IDO,65434,,NIFTYNXT50,,2026-11-23,2026-11-23,65800.00,CE,NIFTYNXT5026NOV65800CE,0.00,0.00,0.00,10006.35,0.00,10006.35,72880.90,8387.26,0,0,0,0.00,0,F1,25,,,,,
2026-09-04,2026-09-04,FO,NSE,IDO,65428,,NIFTYNXT50,,2026-11-23,2026-11-23,65500.00,CE,NIFTYNXT5026NOV65500CE,0.00,0.00,0.00,10272.70,0.00,10272.70,72880.90,8646.97,0,0,0,0.00,0,F1,25,,,,,
2026-09-04,2026-09-04,FO,NSE,IDO,52308,,NIFTYNXT50,,2026-10-27,2026-10-27,79600.00,CE,NIFTYNXT5026OCT79600CE,0.00,0.00,0.00,1061.00,0.00,1061.00,72880.90,510.28,0,0,0,0.00,0,F1,25,,,,,
2026-09-04,2026-09-04,FO,NSE,IDO,52290,,NIFTYNXT50,,2026-10-27,2026-10-27,79000.00,CE,NIFTYNXT5026OCT79000CE,0.00,0.00,0.00,1191.55,0.00,1191.55,72880.90,606.89,0,0,0,0.00,0,F1,25,,,,,
2026-09-04,2026-09-04,FO,NSE,IDO,52238,,NIFTYNXT50,,2026-10-27,2026-10-27,77700.00,CE,NIFTYNXT5026OCT77700CE,0.00,0.00,0.00,1507.75,0.00,1507.75,72880.90,870.91,0,0,0,0.00,0,F1,25,,,,,
2026-09-04,2026-09-04,FO,NSE,IDO,52099,,NIFTYNXT50,,2026-10-27,2026-10-27,72400.00,CE,NIFTYNXT5026OCT72400CE,0.00,0.00,0.00,3548.90,0.00,3548.90,72880.90,2914.91,0,0,0,0.00,0,F1,25,,,,,
2026-09-04,2026-09-04,FO,NSE,IDO,52087,,NIFTYNXT50,,2026-10-27,2026-10-27,72200.00,CE,NIFTYNXT5026OCT72200CE,0.00,0.00,0.00,3651.75,0.00,3651.75,72880.90,3028.03,0,0,0,0.00,0,F1,25,,,,,
2026-09-04,2026-09-04,FO,NSE,IDO,52061,,NIFTYNXT50,,2026-10-27,2026-10-27,71000.00,CE,NIFTYNXT5026OCT71000CE,0.00,0.00,0.00,4310.50,0.00,4310.50,72880.90,3762.93,0,0,0,0.00,0,F1,25,,,,,
2026-09-04,2026-09-04,FO,NSE,IDO,52031,,NIFTYNXT50,,2026-10-27,2026-10-27,70400.00,CE,NIFTYNXT5026OCT70400CE,0.00,0.00,0.00,4666.35,0.00,4666.35,72880.90,4165.53,0,0,0,0.00,0,F1,25,,,,,
2026-09-04,2026-09-04,FO,NSE,IDO,51905,,NIFTYNXT50,,2026-10-27,2026-10-27,65900.00,CE,NIFTYNXT5026OCT65900CE,0.00,0.00,0.00,7863.60,0.00,7863.60,72880.90,7802.77,0,0,0,0.00,0,F1,25,,,,,
2026-09-04,2026-09-04,FO,NSE,IDO,75646,,NIFTYNXT50,,2026-09-29,2026-09-29,73100.00,CE,NIFTYNXT5026SEP73100CE,0.00,0.00,0.00,3060.45,0.00,3060.45,72880.90,1623.96,0,0,0,0.00,0,F1,25,,,,,
2026-09-04,2026-09-04,FO,NSE,IDO,75302,,NIFTYNXT50,,2026-09-29,2026-09-29,68000.00,CE,NIFTYNXT5026SEP68000CE,0.00,0.00,0.00,5995.60,0.00,5995.60,72880.90,5315.28,0,0,0,0.00,0,F1,25,,,,,
2026-09-04,2026-09-04,FO,NSE,IDO,75164,,NIFTYNXT50,,2026-09-29,2026-09-29,66000.00,CE,NIFTYNXT5026SEP66000CE,0.00,0.00,0.00,7471.75,0.00,7471.75,72880.90,7190.84,0,0,0,0.00,0,F1,25,,,,,
2026-09-04,2026-09-04,FO,NSE,IDO,65833,,NIFTYNXT50,,2026-11-23,2026-11-23,76800.00,PE,NIFTYNXT5026NOV76800PE,0.00,0.00,0.00,3764.65,0.00,3764.65,72880.90,4532.78,0,0,0,0.00,0,F1,25,,,,,
2026-09-04,2026-09-04,FO,NSE,IDO,65943,,NIFTYNXT50,,2026-11-23,2026-11-23,80000.00,PE,NIFTYNXT5026NOV80000PE,0.00,0.00,0.00,5819.80,0.00,5819.80,72880.90,6872.46,0,0,0,0.00,0,F1,25,,,,,
2026-09-04,2026-09-04,FO,NSE,IDO,66069,,NIFTYNXT50,,2026-11-23,2026-11-23,81500.00,PE,NIFTYNXT5026NOV81500PE,0.00,0.00,0.00,6931.80,0.00,6931.80,72880.90,8099.65,0,0,0,0.00,0,F1,25,,,,,
2026-09-04,2026-09-04,FO,NSE,IDO,65827,,NIFTYNXT50,,2026-11-23,2026-11-23,76500.00,PE,NIFTYNXT5026NOV76500PE,0.00,0.00,0.00,3595.85,0.00,3595.85,72880.90,4336.66,0,0,0,0.00,0,F1,25,,,,,
2026-09-04,2026-09-04,FO,NSE,IDO,65714,,NIFTYNXT50,,2026-11-23,2026-11-23,73500.00,PE,NIFTYNXT5026NOV73500PE,0.00,0.00,0.00,2150.70,0.00,2150.70,72880.90,2628.41,0,0,0,0.00,0,F1,25,,,,,
2026-09-04,2026-09-04,FO,NSE,IDO,65689,,NIFTYNXT50,,2026-11-23,2026-11-23,72700.00,PE,NIFTYNXT5026NOV72700PE,0.00,0.00,0.00,1840.60,0.00,1840.60,72880.90,2254.47,0,0,0,0.00,0,F1,25,,,,,
2026-09-04,2026-09-04,FO,NSE,IDO,65685,,NIFTYNXT50,,2026-11-23,2026-11-23,72500.00,PE,NIFTYNXT5026NOV72500PE,0.00,0.00,0.00,1767.95,0.00,1767.95,72880.90,2166.49,0,0,0,0.00,0,F1,25,,,,,
2026-09-04,2026-09-04,FO,NSE,IDO,65519,,NIFTYNXT50,,2026-11-23,2026-11-23,68600.00,PE,NIFTYNXT5026NOV68600PE,0.00,0.00,0.00,717.65,0.00,717.65,72880.90,877.17,0,0,0,0.00,0,F1,25,,,,,
2026-09-04,2026-09-04,FO,NSE,IDO,52299,,NIFTYNXT50,,2026-10-27,2026-10-27,79100.00,PE,NIFTYNXT5026OCT79100PE,0.00,0.00,0.00,6994.05,0.00,6994.05,72880.90,6072.68,0,0,0,0.00,0,F1,25,,,,,
2026-09-04,2026-09-04,FO,NSE,IDO,52203,,NIFTYNXT50,,2026-10-27,2026-10-27,76000.00,PE,NIFTYNXT5026OCT76000PE,0.00,0.00,0.00,4796.70,0.00,4796.70,72880.90,3747.75,0,0,0,0.00,0,F1,25,,,,,
2026-09-04,2026-09-04,FO,NSE,IDO,75540,,NIFTYNXT50,,2026-09-29,2026-09-29,72300.00,CE,NIFTYNXT5026SEP72300CE,0.00,0.00,0.00,3438.35,0.00,3438.35,72880.90,2051.99,0,0,0,0.00,0,F1,25,,,,,
2026-09-04,2026-09-04,FO,NSE,IDO,75305,,NIFTYNXT50,,2026-09-29,2026-09-29,68100.00,CE,NIFTYNXT5026SEP68100CE,0.00,0.00,0.00,5926.30,0.00,5926.30,72880.90,5225.29,0,0,0,0.00,0,F1,25,,,,,
2026-09-04,2026-09-04,FO,NSE,IDO,75325,,NIFTYNXT50,,2026-09-29,2026-09-29,69100.00,CE,NIFTYNXT5026SEP69100CE,0.00,0.00,0.00,5258.40,0.00,5258.40,72880.90,4353.45,0,0,0,0.00,0,F1,25,,,,,
2026-09-04,2026-09-04,FO,NSE,IDO,52188,,NIFTYNXT50,,2026-10-27,2026-10-27,75300.00,PE,NIFTYNXT5026OCT75300PE,0.00,0.00,0.00,4356.15,0.00,4356.15,72880.90,3295.49,0,0,0,0.00,0,F1,25,,,,,
2026-09-04,2026-09-04,FO,NSE,IDO,76157,,NIFTYNXT50,,2026-09-29,2026-09-29,80300.00,CE,NIFTYNXT5026SEP80300CE,0.00,0.00,0.00,893.60,0.00,893.60,72880.90,76.05,0,0,0,0.00,0,F1,25,,,,,
2026-09-04,2026-09-04,FO,NSE,IDO,76175,,NIFTYNXT50,,2026-09-29,2026-09-29,80700.00,CE,NIFTYNXT5026SEP80700CE,0.00,0.00,0.00,826.60,0.00,826.60,72880.90,60.86,0,0,0,0.00,0,F1,25,,,,,
2026-09-04,2026-09-04,FO,NSE,IDO,52130,,NIFTYNXT50,,2026-10-27,2026-10-27,72800.00,PE,NIFTYNXT5026OCT72800PE,0.00,0.00,0.00,2967.90,0.00,2967.90,72880.90,1938.32,0,0,0,0.00,0,F1,25,,,,,
2026-09-04,2026-09-04,FO,NSE,IDO,76625,,NIFTYNXT50,,2026-09-29,2026-09-29,83500.00,PE,NIFTYNXT5026SEP83500PE,0.00,0.00,0.00,11056.00,0.00,11056.00,72880.90,10292.17,0,0,0,0.00,0,F1,25,,,,,
2026-09-04,2026-09-04,FO,NSE,IDO,75954,,NIFTYNXT50,,2026-09-29,2026-09-29,77400.00,PE,NIFTYNXT5026SEP77400PE,0.00,0.00,0.00,6108.30,0.00,6108.30,72880.90,4529.41,0,0,0,0.00,0,F1,25,,,,,
2026-09-04,2026-09-04,FO,NSE,IDO,52223,,NIFTYNXT50,,2026-10-27,2026-10-27,76900.00,PE,NIFTYNXT5026OCT76900PE,0.00,0.00,0.00,5394.25,0.00,5394.25,72880.90,4371.53,0,0,0,0.00,0,F1,25,,,,,
2026-09-04,2026-09-04,FO,NSE,IDO,65861,,NIFTYNXT50,,2026-11-23,2026-11-23,78000.00,PE,NIFTYNXT5026NOV78000PE,0.00,0.00,0.00,4482.25,0.00,4482.25,72880.90,5359.15,0,0,0,0.00,0,F1,25,,,,,
2026-09-04,2026-09-04,FO,NSE,IDO,52001,,NIFTYNXT50,,2026-10-27,2026-10-27,69300.00,CE,NIFTYNXT5026OCT69300CE,0.00,0.00,0.00,5363.95,0.00,5363.95,72880.90,4961.73,0,0,0,0.00,0,F1,25,,,,,
2026-09-04,2026-09-04,FO,NSE,IDO,52133,,NIFTYNXT50,,2026-10-27,2026-10-27,73000.00,CE,NIFTYNXT5026OCT73000CE,0.00,0.00,0.00,3251.80,0.00,3251.80,72880.90,2591.85,0,0,0,0.00,0,F1,25,,,,,
2026-09-04,2026-09-04,FO,NSE,IDO,52220,,NIFTYNXT50,,2026-10-27,2026-10-27,76800.00,CE,NIFTYNXT5026OCT76800CE,0.00,0.00,0.00,1767.15,0.00,1767.15,72880.90,1095.70,0,0,0,0.00,0,F1,25,,,,,
2026-09-04,2026-09-04,FO,NSE,IDO,52242,,NIFTYNXT50,,2026-10-27,2026-10-27,77900.00,CE,NIFTYNXT5026OCT77900CE,0.00,0.00,0.00,1454.40,0.00,1454.40,72880.90,822.87,0,0,0,0.00,0,F1,25,,,,,
2026-09-04,2026-09-04,FO,NSE,IDO,65474,,NIFTYNXT50,,2026-11-23,2026-11-23,67200.00,CE,NIFTYNXT5026NOV67200CE,0.00,0.00,0.00,8795.40,0.00,8795.40,72880.90,7215.36,0,0,0,0.00,0,F1,25,,,,,
2026-09-04,2026-09-04,FO,NSE,IDO,52245,,NIFTYNXT50,,2026-10-27,2026-10-27,78000.00,PE,NIFTYNXT5026OCT78000PE,0.00,0.00,0.00,6169.35,0.00,6169.35,72880.90,5194.09,0,0,0,0.00,0,F1,25,,,,,
2026-09-04,2026-09-04,FO,NSE,IDO,75868,,NIFTYNXT50,,2026-09-29,2026-09-29,76600.00,PE,NIFTYNXT5026SEP76600PE,0.00,0.00,0.00,5547.30,0.00,5547.30,72880.90,3867.10,0,0,0,0.00,0,F1,25,,,,,
2026-09-04,2026-09-04,FO,NSE,IDO,75846,,NIFTYNXT50,,2026-09-29,2026-09-29,75800.00,PE,NIFTYNXT5026SEP75800PE,0.00,0.00,0.00,5011.75,0.00,5011.75,72880.90,3248.98,0,0,0,0.00,0,F1,25,,,,,
2026-09-04,2026-09-04,FO,NSE,IDO,65488,,NIFTYNXT50,,2026-11-23,2026-11-23,67900.00,CE,NIFTYNXT5026NOV67900CE,0.00,0.00,0.00,8212.15,0.00,8212.15,72880.90,6657.13,0,0,0,0.00,0,F1,25,,,,,
2026-09-04,2026-09-04,FO,NSE,IDO,75338,,NIFTYNXT50,,2026-09-29,2026-09-29,69700.00,PE,NIFTYNXT5026SEP69700PE,0.00,0.00,0.00,1881.30,0.00,1881.30,72880.90,396.24,0,0,0,0.00,0,F1,25,,,,,
2026-09-04,2026-09-04,FO,NSE,IDO,75301,,NIFTYNXT50,,2026-09-29,2026-09-29,67900.00,PE,NIFTYNXT5026SEP67900PE,0.00,0.00,0.00,1297.35,0.00,1297.35,72880.90,150.07,0,0,0,0.00,0,F1,25,,,,,
2026-09-04,2026-09-04,FO,NSE,IDO,75254,,NIFTYNXT50,,2026-09-29,2026-09-29,67100.00,PE,NIFTYNXT5026SEP67100PE,0.00,0.00,0.00,1084.05,0.00,1084.05,72880.90,91.28,0,0,0,0.00,0,F1,25,,,,,
2026-09-04,2026-09-04,FO,NSE,IDO,65492,,NIFTYNXT50,,2026-11-23,2026-11-23,68100.00,CE,NIFTYNXT5026NOV68100CE,0.00,0.00,0.00,8048.55,0.00,8048.55,72880.90,6501.36,0,0,0,0.00,0,F1,25,,,,,
2026-09-04,2026-09-04,FO,NSE,IDO,65425,,NIFTYNXT50,,2026-11-23,2026-11-23,65300.00,PE,NIFTYNXT5026NOV65300PE,0.00,0.00,0.00,272.45,0.00,272.45,72880.90,325.49,0,0,0,0.00,0,F1,25,,,,,
2026-09-04,2026-09-04,FO,NSE,IDO,65483,,NIFTYNXT50,,2026-11-23,2026-11-23,67600.00,PE,NIFTYNXT5026NOV67600PE,0.00,0.00,0.00,547.00,0.00,547.00,72880.90,665.56,0,0,0,0.00,0,F1,25,,,,,
2026-09-04,2026-09-04,FO,NSE,IDO,75341,,NIFTYNXT50,,2026-09-29,2026-09-29,69900.00,CE,NIFTYNXT5026SEP69900CE,0.00,0.00,0.00,4757.45,0.00,4757.45,72880.90,3700.00,0,0,0,0.00,0,F1,25,,,,,
2026-09-04,2026-09-04,FO,NSE,IDO,65557,,NIFTYNXT50,,2026-11-23,2026-11-23,70500.00,PE,NIFTYNXT5026NOV70500PE,0.00,0.00,0.00,1149.20,0.00,1149.20,72880.90,1406.30,0,0,0,0.00,0,F1,25,,,,,
2026-09-04,2026-09-04,FO,NSE,IDO,65831,,NIFTYNXT50,,2026-11-23,2026-11-23,76700.00,PE,NIFTYNXT5026NOV76700PE,0.00,0.00,0.00,3707.90,0.00,3707.90,72880.90,4466.93,0,0,0,0.00,0,F1,25,,,,,
2026-09-04,2026-09-04,FO,NSE,IDO,65841,,NIFTYNXT50,,2026-11-23,2026-11-23,77200.00,PE,NIFTYNXT5026NOV77200PE,0.00,0.00,0.00,3996.40,0.00,3996.40,72880.90,4800.92,0,0,0,0.00,0,F1,25,,,,,
2026-09-04,2026-09-04,FO,NSE,IDO,75779,,NIFTYNXT50,,2026-09-29,2026-09-29,74700.00,CE,NIFTYNXT5026SEP74700CE,0.00,0.00,0.00,2394.80,0.00,2394.80,72880.90,957.10,0,0,0,0.00,0,F1,25,,,,,
2026-09-04,2026-09-04,FO,NSE,IDO,65419,,NIFTYNXT50,,2026-11-23,2026-11-23,65000.00,PE,NIFTYNXT5026NOV65000PE,0.00,0.00,0.00,246.80,0.00,246.80,72880.90,293.87,0,0,0,0.00,0,F1,25,,,,,
2026-09-04,2026-09-04,FO,NSE,IDO,52337,,NIFTYNXT50,,2026-10-27,2026-10-27,80800.00,PE,NIFTYNXT5026OCT80800PE,0.00,0.00,0.00,8338.10,0.00,8338.10,72880.90,7522.24,0,0,0,0.00,0,F1,25,,,,,
2026-09-04,2026-09-04,FO,NSE,IDO,75660,,NIFTYNXT50,,2026-09-29,2026-09-29,73400.00,PE,NIFTYNXT5026SEP73400PE,0.00,0.00,0.00,1110.35,1110.35,1110.35,72880.90,1702.08,75,0,0,0.00,0,F1,25,,,,,
2026-09-04,2026-09-04,FO,NSE,IDO,75539,,NIFTYNXT50,,2026-09-29,2026-09-29,72200.00,PE,NIFTYNXT5026SEP72200PE,0.00,0.00,0.00,2951.15,0.00,2951.15,72880.90,1136.87,0,0,0,0.00,0,F1,25,,,,,
2026-09-04,2026-09-04,FO,NSE,IDO,75257,,NIFTYNXT50,,2026-09-29,2026-09-29,67300.00,CE,NIFTYNXT5026SEP67300CE,0.00,0.00,0.00,6496.55,0.00,6496.55,72880.90,5957.01,0,0,0,0.00,0,F1,25,,,,,
2026-09-04,2026-09-04,FO,NSE,IDO,75125,,NIFTYNXT50,,2026-09-29,2026-09-29,65500.00,PE,NIFTYNXT5026SEP65500PE,0.00,0.00,0.00,731.15,0.00,731.15,72880.90,29.52,0,0,0,0.00,0,F1,25,,,,,
2026-09-04,2026-09-04,FO,NSE,IDO,65371,,NIFTYNXT50,,2026-11-23,2026-11-23,64000.00,PE,NIFTYNXT5026NOV64000PE,0.00,0.00,0.00,175.00,0.00,175.00,72880.90,205.71,0,0,0,0.00,0,F1,25,,,,,
2026-09-04,2026-09-04,FO,NSE,IDO,65832,,NIFTYNXT50,,2026-11-23,2026-11-23,76800.00,CE,NIFTYNXT5026NOV76800CE,0.00,0.00,0.00,2614.45,0.00,2614.45,72880.90,1690.10,0,0,0,0.00,0,F1,25,,,,,
2026-09-04,2026-09-04,FO,NSE,IDO,65812,,NIFTYNXT50,,2026-11-23,2026-11-23,75800.00,CE,NIFTYNXT5026NOV75800CE,0.00,0.00,0.00,3053.80,0.00,3053.80,72880.90,2039.51,0,0,0,0.00,0,F1,25,,,,,
2026-09-04,2026-09-04,FO,NSE,IDO,65696,,NIFTYNXT50,,2026-11-23,2026-11-23,73100.00,CE,NIFTYNXT5026NOV73100CE,0.00,0.00,0.00,4486.60,0.00,4486.60,72880.90,3242.50,0,0,0,0.00,0,F1,25,,,,,
2026-09-04,2026-09-04,FO,NSE,IDO,65438,,NIFTYNXT50,,2026-11-23,2026-11-23,66000.00,CE,NIFTYNXT5026NOV66000CE,0.00,0.00,0.00,9830.05,0.00,9830.05,72880.90,8215.70,0,0,0,0.00,0,F1,25,,,,,
2026-09-04,2026-09-04,FO,NSE,IDO,76646,,NIFTYNXT50,,2026-09-29,2026-09-29,85000.00,CE,NIFTYNXT5026SEP85000CE,0.00,0.00,0.00,336.50,0.00,336.50,72880.90,3.93,0,0,0,0.00,0,F1,25,,,,,
2026-09-04,2026-09-04,FO,NSE,IDO,75542,,NIFTYNXT50,,2026-09-29,2026-09-29,72400.00,CE,NIFTYNXT5026SEP72400CE,0.00,0.00,0.00,3389.45,0.00,3389.45,72880.90,1995.04,0,0,0,0.00,0,F1,25,,,,,
2026-09-04,2026-09-04,FO,NSE,IDO,75774,,NIFTYNXT50,,2026-09-29,2026-09-29,74500.00,CE,NIFTYNXT5026SEP74500CE,475.00,547.05,450.00,470.00,470.00,449.70,72880.90,470.00,475,200,24,44997760.00,23,F1,25,,,,,
2026-09-04,2026-09-04,FO,NSE,IDO,75957,,NIFTYNXT50,,2026-09-29,2026-09-29,77600.00,CE,NIFTYNXT5026SEP77600CE,0.00,0.00,0.00,150.65,150.65,150.65,72880.90,295.56,250,0,0,0.00,0,F1,25,,,,,
2026-09-04,2026-09-04,FO,NSE,IDO,75859,,NIFTYNXT50,,2026-09-29,2026-09-29,76200.00,CE,NIFTYNXT5026SEP76200CE,0.00,0.00,0.00,1874.50,0.00,1874.50,72880.90,540.36,0,0,0,0.00,0,F1,25,,,,,
2026-09-04,2026-09-04,FO,NSE,IDO,76624,,NIFTYNXT50,,2026-09-29,2026-09-29,83500.00,CE,NIFTYNXT5026SEP83500CE,0.00,0.00,0.00,466.20,0.00,466.20,72880.90,10.96,0,0,0,0.00,0,F1,25,,,,,
2026-09-04,2026-09-04,FO,NSE,IDO,75783,,NIFTYNXT50,,2026-09-29,2026-09-29,74900.00,CE,NIFTYNXT5026SEP74900CE,0.00,0.00,0.00,2319.80,0.00,2319.80,72880.90,890.59,0,0,0,0.00,0,F1,25,,,,,
2026-09-04,2026-09-04,FO,NSE,IDO,52327,,NIFTYNXT50,,2026-10-27,2026-10-27,80400.00,PE,NIFTYNXT5026OCT80400PE,0.00,0.00,0.00,8013.30,0.00,8013.30,72880.90,7172.47,0,0,0,0.00,0,F1,25,,,,,
2026-09-04,2026-09-04,FO,NSE,IDO,52279,,NIFTYNXT50,,2026-10-27,2026-10-27,78800.00,PE,NIFTYNXT5026OCT78800PE,0.00,0.00,0.00,6765.65,0.00,6765.65,72880.90,5827.92,0,0,0,0.00,0,F1,25,,,,,
2026-09-04,2026-09-04,FO,NSE,IDO,52237,,NIFTYNXT50,,2026-10-27,2026-10-27,77600.00,PE,NIFTYNXT5026OCT77600PE,0.00,0.00,0.00,5882.05,0.00,5882.05,72880.90,4890.91,0,0,0,0.00,0,F1,25,,,,,
2026-09-04,2026-09-04,FO,NSE,IDO,52068,,NIFTYNXT50,,2026-10-27,2026-10-27,71300.00,PE,NIFTYNXT5026OCT71300PE,0.00,0.00,0.00,2280.80,0.00,2280.80,72880.90,1325.75,0,0,0,0.00,0,F1,25,,,,,
2026-09-04,2026-09-04,FO,NSE,IDO,76486,,NIFTYNXT50,,2026-09-29,2026-09-29,82500.00,PE,NIFTYNXT5026SEP82500PE,0.00,0.00,0.00,10180.25,0.00,10180.25,72880.90,9306.10,0,0,0,0.00,0,F1,25,,,,,
2026-09-04,2026-09-04,FO,NSE,IDO,75836,,NIFTYNXT50,,2026-09-29,2026-09-29,75700.00,PE,NIFTYNXT5026SEP75700PE,0.00,0.00,0.00,4946.70,0.00,4946.70,72880.90,3171.53,0,0,0,0.00,0,F1,25,,,,,
2026-09-04,2026-09-04,FO,NSE,IDO,65855,,NIFTYNXT50,,2026-11-23,2026-11-23,77800.00,PE,NIFTYNXT5026NOV77800PE,0.00,0.00,0.00,4358.00,0.00,4358.00,72880.90,5216.93,0,0,0,0.00,0,F1,25,,,,,
2026-09-04,2026-09-04,FO,NSE,IDO,65246,,NIFTYNXT50,,2026-11-23,2026-11-23,63000.00,CE,NIFTYNXT5026NOV63000CE,0.00,0.00,0.00,12566.10,0.00,12566.10,72880.90,10904.24,0,0,0,0.00,0,F1,25,,,,,
2026-09-04,2026-09-04,FO,NSE,IDO,75983,,NIFTYNXT50,,2026-09-29,2026-09-29,77800.00,CE,NIFTYNXT5026SEP77800CE,0.00,0.00,0.00,1420.70,0.00,1420.70,72880.90,269.65,0,0,0,0.00,0,F1,25,,,,,
2026-09-04,2026-09-04,FO,NSE,IDO,75857,,NIFTYNXT50,,2026-09-29,2026-09-29,76100.00,CE,NIFTYNXT5026SEP76100CE,0.00,0.00,0.00,1906.25,0.00,1906.25,72880.90,562.70,0,0,0,0.00,0,F1,25,,,,,
2026-09-04,2026-09-04,FO,NSE,IDO,75648,,NIFTYNXT50,,2026-09-29,2026-09-29,73200.00,CE,NIFTYNXT5026SEP73200CE,0.00,0.00,0.00,3015.35,0.00,3015.35,72880.90,1574.98,0,0,0,0.00,0,F1,25,,,,,
2026-09-04,2026-09-04,FO,NSE,IDO,75496,,NIFTYNXT50,,2026-09-29,2026-09-29,70600.00,CE,NIFTYNXT5026SEP70600CE,0.00,0.00,0.00,4344.05,0.00,4344.05,72880.90,3169.65,0,0,0,0.00,0,F1,25,,,,,
2026-09-04,2026-09-04,FO,NSE,IDO,74911,,NIFTYNXT50,,2026-09-29,2026-09-29,62000.00,CE,NIFTYNXT5026SEP62000CE,0.00,0.00,0.00,10845.70,0.00,10845.70,72880.90,11133.02,0,0,0,0.00,0,F1,25,,,,,
2026-09-04,2026-09-04,FO,NSE,IDO,75806,,NIFTYNXT50,,2026-09-29,2026-09-29,75300.00,PE,NIFTYNXT5026SEP75300PE,0.00,0.00,0.00,4690.65,0.00,4690.65,72880.90,2882.42,0,0,0,0.00,0,F1,25,,,,,
2026-09-04,2026-09-04,FO,NSE,IDO,76180,,NIFTYNXT50,,2026-09-29,2026-09-29,80900.00,PE,NIFTYNXT5026SEP80900PE,0.00,0.00,0.00,8824.40,0.00,8824.40,72880.90,7746.06,0,0,0,0.00,0,F1,25,,,,,
2026-09-04,2026-09-04,FO,NSE,IDO,76456,,NIFTYNXT50,,2026-09-29,2026-09-29,81500.00,PE,NIFTYNXT5026SEP81500PE,0.00,0.00,0.00,9325.70,0.00,9325.70,72880.90,8327.63,0,0,0,0.00,0,F1,25,,,,,
2026-09-04,2026-09-04,FO,NSE,IDO,51892,,NIFTYNXT50,,2026-10-27,2026-10-27,65600.00,PE,NIFTYNXT5026OCT65600PE,0.00,0.00,0.00,633.45,0.00,633.45,72880.90,183.23,0,0,0,0.00,0,F1,25,,,,,
2026-09-04,2026-09-04,FO,NSE,IDO,52051,,NIFTYNXT50,,2026-10-27,2026-10-27,70600.00,PE,NIFTYNXT5026OCT70600PE,0.00,0.00,0.00,1997.95,0.00,1997.95,72880.90,1090.78,0,0,0,0.00,0,F1,25,,,,,
2026-09-04,2026-09-04,FO,NSE,IDO,52084,,NIFTYNXT50,,2026-10-27,2026-10-27,72000.00,PE,NIFTYNXT5026OCT72000PE,0.00,0.00,0.00,2587.75,0.00,2587.75,72880.90,1592.80,0,0,0,0.00,0,F1,25,,,,,
2026-09-04,2026-09-04,FO,NSE,IDO,52086,,NIFTYNXT50,,2026-10-27,2026-10-27,72100.00,PE,NIFTYNXT5026OCT72100PE,0.00,0.00,0.00,2633.60,0.00,2633.60,72880.90,1633.62,0,0,0,0.00,0,F1,25,,,,,
2026-09-04,2026-09-04,FO,NSE,IDO,52152,,NIFTYNXT50,,2026-10-27,2026-10-27,73500.00,PE,NIFTYNXT5026OCT73500PE,0.00,0.00,0.00,3326.50,0.00,3326.50,72880.90,2276.03,0,0,0,0.00,0,F1,25,,,,,
2026-09-04,2026-09-04,FO,NSE,IDO,52317,,NIFTYNXT50,,2026-10-27,2026-10-27,80000.00,PE,NIFTYNXT5026OCT80000PE,0.00,0.00,0.00,7693.20,0.00,7693.20,72880.90,6827.76,0,0,0,0.00,0,F1,25,,,,,
2026-09-04,2026-09-04,FO,NSE,IDO,65493,,NIFTYNXT50,,2026-11-23,2026-11-23,68100.00,PE,NIFTYNXT5026NOV68100PE,0.00,0.00,0.00,627.95,0.00,627.95,72880.90,765.98,0,0,0,0.00,0,F1,25,,,,,
2026-09-04,2026-09-04,FO,NSE,IDO,65499,,NIFTYNXT50,,2026-11-23,2026-11-23,68400.00,PE,NIFTYNXT5026NOV68400PE,0.00,0.00,0.00,680.70,0.00,680.70,72880.90,831.37,0,0,0,0.00,0,F1,25,,,,,
2026-09-04,2026-09-04,FO,NSE,IDO,65811,,NIFTYNXT50,,2026-11-23,2026-11-23,75700.00,PE,NIFTYNXT5026NOV75700PE,0.00,0.00,0.00,3166.95,0.00,3166.95,72880.90,3835.29,0,0,0,0.00,0,F1,25,,,,,
2026-09-04,2026-09-04,FO,NSE,IDO,66119,,NIFTYNXT50,,2026-11-23,2026-11-23,84000.00,PE,NIFTYNXT5026NOV84000PE,0.00,0.00,0.00,8940.15,0.00,8940.15,72880.90,10280.69,0,0,0,0.00,0,F1,25,,,,,
2026-09-04,2026-09-04,FO,NSE,IDO,75117,,NIFTYNXT50,,2026-09-29,2026-09-29,65100.00,PE,NIFTYNXT5026SEP65100PE,0.00,0.00,0.00,658.60,0.00,658.60,72880.90,21.61,0,0,0,0.00,0,F1,25,,,,,
2026-09-04,2026-09-04,FO,NSE,IDO,75014,,NIFTYNXT50,,2026-09-29,2026-09-29,63000.00,PE,NIFTYNXT5026SEP63000PE,0.00,0.00,0.00,363.00,0.00,363.00,72880.90,3.39,0,0,0,0.00,0,F1,25,,,,,
2026-09-04,2026-09-04,FO,NSE,IDO,66006,,NIFTYNXT50,,2026-11-23,2026-11-23,80500.00,CE,NIFTYNXT5026NOV80500CE,0.00,0.00,0.00,1384.50,0.00,1384.50,72880.90,782.74,0,0,0,0.00,0,F1,25,,,,,
2026-09-04,2026-09-04,FO,NSE,IDO,65711,,NIFTYNXT50,,2026-11-23,2026-11-23,73400.00,CE,NIFTYNXT5026NOV73400CE,0.00,0.00,0.00,4309.55,0.00,4309.55,72880.90,3089.41,0,0,0,0.00,0,F1,25,,,,,
2026-09-04,2026-09-04,FO,NSE,IDO,65530,,NIFTYNXT50,,2026-11-23,2026-11-23,69200.00,CE,NIFTYNXT5026NOV69200CE,0.00,0.00,0.00,7174.50,0.00,7174.50,72880.90,5678.84,0,0,0,0.00,0,F1,25,,,,,
2026-09-04,2026-09-04,FO,NSE,IDO,52078,,NIFTYNXT50,,2026-10-27,2026-10-27,71800.00,PE,NIFTYNXT5026OCT71800PE,0.00,0.00,0.00,2497.60,0.00,2497.60,72880.90,1513.17,0,0,0,0.00,0,F1,25,,,,,
2026-09-04,2026-09-04,FO,NSE,IDO,51823,,NIFTYNXT50,,2026-10-27,2026-10-27,63500.00,PE,NIFTYNXT5026OCT63500PE,0.00,0.00,0.00,344.50,0.00,344.50,72880.90,67.64,0,0,0,0.00,0,F1,25,,,,,
2026-09-04,2026-09-04,FO,NSE,IDO,76469,,NIFTYNXT50,,2026-09-29,2026-09-29,82000.00,PE,NIFTYNXT5026SEP82000PE,0.00,0.00,0.00,9750.15,0.00,9750.15,72880.90,8815.67,0,0,0,0.00,0,F1,25,,,,,
2026-09-04,2026-09-04,FO,NSE,IDO,75643,,NIFTYNXT50,,2026-09-29,2026-09-29,72900.00,PE,NIFTYNXT5026SEP72900PE,0.00,0.00,0.00,890.00,890.00,890.00,72880.90,1449.31,75,0,0,0.00,0,F1,25,,,,,
2026-09-04,2026-09-04,FO,NSE,IDO,75523,,NIFTYNXT50,,2026-09-29,2026-09-29,71900.00,PE,NIFTYNXT5026SEP71900PE,0.00,0.00,0.00,2806.80,0.00,2806.80,72880.90,1017.79,0,0,0,0.00,0,F1,25,,,,,
2026-09-04,2026-09-04,FO,NSE,IDO,75521,,NIFTYNXT50,,2026-09-29,2026-09-29,71800.00,PE,NIFTYNXT5026SEP71800PE,0.00,0.00,0.00,2759.65,0.00,2759.65,72880.90,980.04,0,0,0,0.00,0,F1,25,,,,,
2026-09-04,2026-09-04,FO,NSE,IDO,75344,,NIFTYNXT50,,2026-09-29,2026-09-29,70000.00,PE,NIFTYNXT5026SEP70000PE,0.00,0.00,0.00,1993.80,0.00,1993.80,72880.90,457.36,0,0,0,0.00,0,F1,25,,,,,
2026-09-04,2026-09-04,FO,NSE,IDO,75316,,NIFTYNXT50,,2026-09-29,2026-09-29,68600.00,PE,NIFTYNXT5026SEP68600PE,0.00,0.00,0.00,1505.00,0.00,1505.00,72880.90,224.08,0,0,0,0.00,0,F1,25,,,,,
2026-09-04,2026-09-04,FO,NSE,IDO,65454,,NIFTYNXT50,,2026-11-23,2026-11-23,66800.00,CE,NIFTYNXT5026NOV66800CE,0.00,0.00,0.00,9135.60,0.00,9135.60,72880.90,7543.01,0,0,0,0.00,0,F1,25,,,,,
2026-09-04,2026-09-04,FO,NSE,IDO,52320,,NIFTYNXT50,,2026-10-27,2026-10-27,80200.00,CE,NIFTYNXT5026OCT80200CE,0.00,0.00,0.00,944.65,0.00,944.65,72880.90,426.83,0,0,0,0.00,0,F1,25,,,,,
2026-09-04,2026-09-04,FO,NSE,IDO,52300,,NIFTYNXT50,,2026-10-27,2026-10-27,79200.00,CE,NIFTYNXT5026OCT79200CE,0.00,0.00,0.00,1147.85,0.00,1147.85,72880.90,573.14,0,0,0,0.00,0,F1,25,,,,,
2026-09-04,2026-09-04,FO,NSE,IDO,52232,,NIFTYNXT50,,2026-10-27,2026-10-27,77400.00,CE,NIFTYNXT5026OCT77400CE,0.00,0.00,0.00,1590.65,0.00,1590.65,72880.90,941.92,0,0,0,0.00,0,F1,25,,,,,
2026-09-04,2026-09-04,FO,NSE,IDO,51806,,NIFTYNXT50,,2026-10-27,2026-10-27,63000.00,CE,NIFTYNXT5026OCT63000CE,0.00,0.00,0.00,10327.90,0.00,10327.90,72880.90,10519.31,0,0,0,0.00,0,F1,25,,,,,
2026-09-04,2026-09-04,FO,NSE,IDO,76496,,NIFTYNXT50,,2026-09-29,2026-09-29,83000.00,CE,NIFTYNXT5026SEP83000CE,0.00,0.00,0.00,518.20,0.00,518.20,72880.90,15.18,0,0,0,0.00,0,F1,25,,,,,
2026-09-04,2026-09-04,FO,NSE,IDO,76051,,NIFTYNXT50,,2026-09-29,2026-09-29,78400.00,CE,NIFTYNXT5026SEP78400CE,0.00,0.00,0.00,1278.85,0.00,1278.85,72880.90,203.03,0,0,0,0.00,0,F1,25,,,,,
2026-09-04,2026-09-04,FO,NSE,IDO,75785,,NIFTYNXT50,,2026-09-29,2026-09-29,75000.00,CE,NIFTYNXT5026SEP75000CE,0.00,0.00,0.00,480.00,480.00,480.00,72880.90,858.67,200,0,0,0.00,0,F1,25,,,,,
2026-09-04,2026-09-04,FO,NSE,IDO,75743,,NIFTYNXT50,,2026-09-29,2026-09-29,73800.00,CE,NIFTYNXT5026SEP73800CE,0.00,0.00,0.00,2754.70,0.00,2754.70,72880.90,1301.86,0,0,0,0.00,0,F1,25,,,,,
2026-09-04,2026-09-04,FO,NSE,IDO,75298,,NIFTYNXT50,,2026-09-29,2026-09-29,67800.00,CE,NIFTYNXT5026SEP67800CE,0.00,0.00,0.00,6138.60,0.00,6138.60,72880.90,5496.61,0,0,0,0.00,0,F1,25,,,,,
2026-09-04,2026-09-04,FO,NSE,IDO,75116,,NIFTYNXT50,,2026-09-29,2026-09-29,65100.00,CE,NIFTYNXT5026SEP65100CE,0.00,0.00,0.00,8186.60,0.00,8186.60,72880.90,8065.94,0,0,0,0.00,0,F1,25,,,,,
2026-09-04,2026-09-04,FO,NSE,IDO,75098,,NIFTYNXT50,,2026-09-29,2026-09-29,64500.00,CE,NIFTYNXT5026SEP64500CE,0.00,0.00,0.00,8678.95,0.00,8678.95,72880.90,8655.12,0,0,0,0.00,0,F1,25,,,,,
2026-09-04,2026-09-04,FO,NSE,IDO,52211,,NIFTYNXT50,,2026-10-27,2026-10-27,76300.00,PE,NIFTYNXT5026OCT76300PE,0.00,0.00,0.00,4992.10,0.00,4992.10,72880.90,3950.54,0,0,0,0.00,0,F1,25,,,,,
2026-09-04,2026-09-04,FO,NSE,IDO,65851,,NIFTYNXT50,,2026-11-23,2026-11-23,77600.00,PE,NIFTYNXT5026NOV77600PE,0.00,0.00,0.00,4235.65,0.00,4235.65,72880.90,5076.46,0,0,0,0.00,0,F1,25,,,,,
2026-09-04,2026-09-04,FO,NSE,IDO,65497,,NIFTYNXT50,,2026-11-23,2026-11-23,68300.00,PE,NIFTYNXT5026NOV68300PE,0.00,0.00,0.00,662.75,0.00,662.75,72880.90,809.13,0,0,0,0.00,0,F1,25,,,,,
2026-09-04,2026-09-04,FO,NSE,IDO,52113,,NIFTYNXT50,,2026-10-27,2026-10-27,72500.00,PE,NIFTYNXT5026OCT72500PE,0.00,0.00,0.00,2821.85,0.00,2821.85,72880.90,1803.66,0,0,0,0.00,0,F1,25,,,,,
2026-09-04,2026-09-04,FO,NSE,IDO,75222,,NIFTYNXT50,,2026-09-29,2026-09-29,66200.00,PE,NIFTYNXT5026SEP66200PE,0.00,0.00,0.00,872.15,0.00,872.15,72880.90,49.50,0,0,0,0.00,0,F1,25,,,,,
2026-09-04,2026-09-04,FO,NSE,IDO,65588,,NIFTYNXT50,,2026-11-23,2026-11-23,71700.00,CE,NIFTYNXT5026NOV71700CE,0.00,0.00,0.00,5370.70,0.00,5370.70,72880.90,4022.33,0,0,0,0.00,0,F1,25,,,,,
2026-09-04,2026-09-04,FO,NSE,IDO,65486,,NIFTYNXT50,,2026-11-23,2026-11-23,67800.00,CE,NIFTYNXT5026NOV67800CE,0.00,0.00,0.00,8294.50,0.00,8294.50,72880.90,6735.65,0,0,0,0.00,0,F1,25,,,,,
2026-09-04,2026-09-04,FO,NSE,IDO,75319,,NIFTYNXT50,,2026-09-29,2026-09-29,68800.00,CE,NIFTYNXT5026SEP68800CE,0.00,0.00,0.00,5454.00,0.00,5454.00,72880.90,4609.19,0,0,0,0.00,0,F1,25,,,,,
2026-09-04,2026-09-04,FO,NSE,IDO,75329,,NIFTYNXT50,,2026-09-29,2026-09-29,69300.00,CE,NIFTYNXT5026SEP69300CE,0.00,0.00,0.00,5130.35,0.00,5130.35,72880.90,4186.04,0,0,0,0.00,0,F1,25,,,,,
2026-09-04,2026-09-04,FO,NSE,IDO,75494,,NIFTYNXT50,,2026-09-29,2026-09-29,70500.00,CE,NIFTYNXT5026SEP70500CE,0.00,0.00,0.00,4401.65,0.00,4401.65,72880.90,3243.61,0,0,0,0.00,0,F1,25,,,,,
2026-09-04,2026-09-04,FO,NSE,IDO,75544,,NIFTYNXT50,,2026-09-29,2026-09-29,72500.00,CE,NIFTYNXT5026SEP72500CE,0.00,0.00,0.00,3341.00,0.00,3341.00,72880.90,1939.09,0,0,0,0.00,0,F1,25,,,,,
2026-09-04,2026-09-04,FO,NSE,IDO,51987,,NIFTYNXT50,,2026-10-27,2026-10-27,68900.00,CE,NIFTYNXT5026OCT68900CE,0.00,0.00,0.00,5631.80,0.00,5631.80,72880.90,5268.05,0,0,0,0.00,0,F1,25,,,,,
2026-09-04,2026-09-04,FO,NSE,IDO,52191,,NIFTYNXT50,,2026-10-27,2026-10-27,75500.00,CE,NIFTYNXT5026OCT75500CE,0.00,0.00,0.00,2201.20,0.00,2201.20,72880.90,1505.28,0,0,0,0.00,0,F1,25,,,,,
2026-09-04,2026-09-04,FO,NSE,IDO,52310,,NIFTYNXT50,,2026-10-27,2026-10-27,79700.00,CE,NIFTYNXT5026OCT79700CE,0.00,0.00,0.00,1040.85,0.00,1040.85,72880.90,495.49,0,0,0,0.00,0,F1,25,,,,,
2026-09-04,2026-09-04,FO,NSE,IDO,65436,,NIFTYNXT50,,2026-11-23,2026-11-23,65900.00,CE,NIFTYNXT5026NOV65900CE,0.00,0.00,0.00,9918.05,0.00,9918.05,72880.90,8301.32,0,0,0,0.00,0,F1,25,,,,,
2026-09-04,2026-09-04,FO,NSE,IDO,65444,,NIFTYNXT50,,2026-11-23,2026-11-23,66300.00,CE,NIFTYNXT5026NOV66300CE,0.00,0.00,0.00,9567.55,0.00,9567.55,72880.90,7960.84,0,0,0,0.00,0,F1,25,,,,,
2026-09-04,2026-09-04,FO,NSE,IDO,65522,,NIFTYNXT50,,2026-11-23,2026-11-23,68800.00,CE,NIFTYNXT5026NOV68800CE,0.00,0.00,0.00,7487.10,0.00,7487.10,72880.90,5969.99,0,0,0,0.00,0,F1,25,,,,,
2026-09-04,2026-09-04,FO,NSE,IDO,65562,,NIFTYNXT50,,2026-11-23,2026-11-23,70800.00,CE,NIFTYNXT5026NOV70800CE,0.00,0.00,0.00,5991.10,0.00,5991.10,72880.90,4579.91,0,0,0,0.00,0,F1,25,,,,,
2026-09-04,2026-09-04,FO,NSE,IDO,65574,,NIFTYNXT50,,2026-11-23,2026-11-23,71300.00,CE,NIFTYNXT5026NOV71300CE,0.00,0.00,0.00,5640.40,0.00,5640.40,72880.90,4264.78,0,0,0,0.00,0,F1,25,,,,,
2026-09-04,2026-09-04,FO,NSE,IDO,65760,,NIFTYNXT50,,2026-11-23,2026-11-23,75000.00,CE,NIFTYNXT5026NOV75000CE,0.00,0.00,0.00,3440.75,0.00,3440.75,72880.90,2355.39,0,0,0,0.00,0,F1,25,,,,,
2026-09-04,2026-09-04,FO,NSE,IDO,75228,,NIFTYNXT50,,2026-09-29,2026-09-29,66400.00,PE,NIFTYNXT5026SEP66400PE,0.00,0.00,0.00,915.85,0.00,915.85,72880.90,56.99,0,0,0,0.00,0,F1,25,,,,,
2026-09-04,2026-09-04,FO,NSE,IDO,75256,,NIFTYNXT50,,2026-09-29,2026-09-29,67200.00,PE,NIFTYNXT5026SEP67200PE,0.00,0.00,0.00,1109.25,0.00,1109.25,72880.90,97.36,0,0,0,0.00,0,F1,25,,,,,
2026-09-04,2026-09-04,FO,NSE,IDO,75304,,NIFTYNXT50,,2026-09-29,2026-09-29,68000.00,PE,NIFTYNXT5026SEP68000PE,0.00,0.00,0.00,1323.10,0.00,1323.10,72880.90,159.21,0,0,0,0.00,0,F1,25,,,,,
2026-09-04,2026-09-04,FO,NSE,IDO,75503,,NIFTYNXT50,,2026-09-29,2026-09-29,70900.00,PE,NIFTYNXT5026SEP70900PE,0.00,0.00,0.00,2357.15,0.00,2357.15,72880.90,682.71,0,0,0,0.00,0,F1,25,,,,,
2026-09-04,2026-09-04,FO,NSE,IDO,75541,,NIFTYNXT50,,2026-09-29,2026-09-29,72300.00,PE,NIFTYNXT5026SEP72300PE,0.00,0.00,0.00,2999.90,0.00,2999.90,72880.90,1178.53,0,0,0,0.00,0,F1,25,,,,,
2026-09-04,2026-09-04,FO,NSE,IDO,75645,,NIFTYNXT50,,2026-09-29,2026-09-29,73000.00,PE,NIFTYNXT5026SEP73000PE,0.00,0.00,0.00,3356.85,0.00,3356.85,72880.90,1497.93,0,0,0,0.00,0,F1,25,,,,,
2026-09-04,2026-09-04,FO,NSE,IDO,75738,,NIFTYNXT50,,2026-09-29,2026-09-29,73700.00,PE,NIFTYNXT5026SEP73700PE,0.00,0.00,0.00,3737.05,0.00,3737.05,72880.90,1865.79,0,0,0,0.00,0,F1,25,,,,,
2026-09-04,2026-09-04,FO,NSE,IDO,75866,,NIFTYNXT50,,2026-09-29,2026-09-29,76500.00,PE,NIFTYNXT5026SEP76500PE,0.00,0.00,0.00,5478.95,0.00,5478.95,72880.90,3787.09,0,0,0,0.00,0,F1,25,,,,,
2026-09-04,2026-09-04,FO,NSE,IDO,75878,,NIFTYNXT50,,2026-09-29,2026-09-29,77100.00,PE,NIFTYNXT5026SEP77100PE,0.00,0.00,0.00,5895.05,0.00,5895.05,72880.90,4276.62,0,0,0,0.00,0,F1,25,,,,,
2026-09-04,2026-09-04,FO,NSE,IDO,75986,,NIFTYNXT50,,2026-09-29,2026-09-29,77900.00,PE,NIFTYNXT5026SEP77900PE,0.00,0.00,0.00,6471.20,0.00,6471.20,72880.90,4961.29,0,0,0,0.00,0,F1,25,,,,,
2026-09-04,2026-09-04,FO,NSE,IDO,51906,,NIFTYNXT50,,2026-10-27,2026-10-27,65900.00,PE,NIFTYNXT5026OCT65900PE,0.00,0.00,0.00,686.40,0.00,686.40,72880.90,208.50,0,0,0,0.00,0,F1,25,,,,,
2026-09-04,2026-09-04,FO,NSE,IDO,52000,,NIFTYNXT50,,2026-10-27,2026-10-27,69200.00,PE,NIFTYNXT5026OCT69200PE,0.00,0.00,0.00,1503.45,0.00,1503.45,72880.90,712.51,0,0,0,0.00,0,F1,25,,,,,
2026-09-04,2026-09-04,FO,NSE,IDO,52160,,NIFTYNXT50,,2026-10-27,2026-10-27,73900.00,PE,NIFTYNXT5026OCT73900PE,0.00,0.00,0.00,3542.10,0.00,3542.10,72880.90,2484.07,0,0,0,0.00,0,F1,25,,,,,
2026-09-04,2026-09-04,FO,NSE,IDO,52219,,NIFTYNXT50,,2026-10-27,2026-10-27,76700.00,PE,NIFTYNXT5026OCT76700PE,0.00,0.00,0.00,5258.55,0.00,5258.55,72880.90,4228.97,0,0,0,0.00,0,F1,25,,,,,
2026-09-04,2026-09-04,FO,NSE,IDO,52229,,NIFTYNXT50,,2026-10-27,2026-10-27,77200.00,PE,NIFTYNXT5026OCT77200PE,0.00,0.00,0.00,5600.90,0.00,5600.90,72880.90,4589.41,0,0,0,0.00,0,F1,25,,,,,
2026-09-04,2026-09-04,FO,NSE,IDO,52313,,NIFTYNXT50,,2026-10-27,2026-10-27,79800.00,PE,NIFTYNXT5026OCT79800PE,0.00,0.00,0.00,7535.00,0.00,7535.00,72880.90,6657.42,0,0,0,0.00,0,F1,25,,,,,
2026-09-04,2026-09-04,FO,NSE,IDO,65435,,NIFTYNXT50,,2026-11-23,2026-11-23,65800.00,PE,NIFTYNXT5026NOV65800PE,0.00,0.00,0.00,319.95,0.00,319.95,72880.90,384.11,0,0,0,0.00,0,F1,25,,,,,
2026-09-04,2026-09-04,FO,NSE,IDO,65445,,NIFTYNXT50,,2026-11-23,2026-11-23,66300.00,PE,NIFTYNXT5026NOV66300PE,0.00,0.00,0.00,373.70,0.00,373.70,72880.90,450.69,0,0,0,0.00,0,F1,25,,,,,
2026-09-04,2026-09-04,FO,NSE,IDO,65549,,NIFTYNXT50,,2026-11-23,2026-11-23,70100.00,PE,NIFTYNXT5026NOV70100PE,0.00,0.00,0.00,1044.15,0.00,1044.15,72880.90,1279.73,0,0,0,0.00,0,F1,25,,,,,
2026-09-04,2026-09-04,FO,NSE,IDO,65563,,NIFTYNXT50,,2026-11-23,2026-11-23,70800.00,PE,NIFTYNXT5026NOV70800PE,0.00,0.00,0.00,1230.45,0.00,1230.45,72880.90,1506.68,0,0,0,0.00,0,F1,25,,,,,
2026-09-04,2026-09-04,FO,NSE,IDO,65687,,NIFTYNXT50,,2026-11-23,2026-11-23,72600.00,PE,NIFTYNXT5026NOV72600PE,0.00,0.00,0.00,1804.05,0.00,1804.05,72880.90,2210.20,0,0,0,0.00,0,F1,25,,,,,
2026-09-04,2026-09-04,FO,NSE,IDO,65697,,NIFTYNXT50,,2026-11-23,2026-11-23,73100.00,PE,NIFTYNXT5026NOV73100PE,0.00,0.00,0.00,1991.75,0.00,1991.75,72880.90,2437.04,0,0,0,0.00,0,F1,25,,,,,
2026-09-04,2026-09-04,FO,NSE,IDF,61473,,NIFTYNXT50,,2026-11-23,2026-11-23,,,NIFTYNXT5026NOVFUT,0.00,0.00,0.00,75632.60,0.00,75632.60,72880.90,73916.91,0,0,0,0.00,0,F1,25,,,,,
2026-09-04,2026-09-04,FO,NSE,IDO,65487,,NIFTYNXT50,,2026-11-23,2026-11-23,67800.00,PE,NIFTYNXT5026NOV67800PE,0.00,0.00,0.00,578.35,0.00,578.35,72880.90,704.47,0,0,0,0.00,0,F1,25,,,,,
2026-09-04,2026-09-04,FO,NSE,IDO,65473,,NIFTYNXT50,,2026-11-23,2026-11-23,67100.00,PE,NIFTYNXT5026NOV67100PE,0.00,0.00,0.00,474.25,0.00,474.25,72880.90,575.34,0,0,0,0.00,0,F1,25,,,,,
2026-09-04,2026-09-04,FO,NSE,IDO,65439,,NIFTYNXT50,,2026-11-23,2026-11-23,66000.00,PE,NIFTYNXT5026NOV66000PE,0.00,0.00,0.00,340.65,0.00,340.65,72880.90,409.75,0,0,0,0.00,0,F1,25,,,,,
2026-09-04,2026-09-04,FO,NSE,IDO,52275,,NIFTYNXT50,,2026-10-27,2026-10-27,78600.00,PE,NIFTYNXT5026OCT78600PE,0.00,0.00,0.00,6615.10,0.00,6615.10,72880.90,5666.82,0,0,0,0.00,0,F1,25,,,,,
2026-09-04,2026-09-04,FO,NSE,IDO,52213,,NIFTYNXT50,,2026-10-27,2026-10-27,76400.00,PE,NIFTYNXT5026OCT76400PE,0.00,0.00,0.00,5058.05,0.00,5058.05,72880.90,4019.30,0,0,0,0.00,0,F1,25,,,,,
2026-09-04,2026-09-04,FO,NSE,IDO,52132,,NIFTYNXT50,,2026-10-27,2026-10-27,72900.00,PE,NIFTYNXT5026OCT72900PE,0.00,0.00,0.00,3017.65,0.00,3017.65,72880.90,1984.57,0,0,0,0.00,0,F1,25,,,,,
2026-09-04,2026-09-04,FO,NSE,IDO,52072,,NIFTYNXT50,,2026-10-27,2026-10-27,71500.00,PE,NIFTYNXT5026OCT71500PE,0.00,0.00,0.00,2366.05,0.00,2366.05,72880.90,1398.73,0,0,0,0.00,0,F1,25,,,,,
2026-09-04,2026-09-04,FO,NSE,IDO,51998,,NIFTYNXT50,,2026-10-27,2026-10-27,69100.00,PE,NIFTYNXT5026OCT69100PE,0.00,0.00,0.00,1471.65,0.00,1471.65,72880.90,689.75,0,0,0,0.00,0,F1,25,,,,,
2026-09-04,2026-09-04,FO,NSE,IDO,51956,,NIFTYNXT50,,2026-10-27,2026-10-27,68000.00,PE,NIFTYNXT5026OCT68000PE,0.00,0.00,0.00,1155.85,0.00,1155.85,72880.90,473.67,0,0,0,0.00,0,F1,25,,,,,
2026-09-04,2026-09-04,FO,NSE,IDO,51920,,NIFTYNXT50,,2026-10-27,2026-10-27,66600.00,PE,NIFTYNXT5026OCT66600PE,0.00,0.00,0.00,822.75,0.00,822.75,72880.90,278.49,0,0,0,0.00,0,F1,25,,,,,
2026-09-04,2026-09-04,FO,NSE,IDO,76048,,NIFTYNXT50,,2026-09-29,2026-09-29,78200.00,PE,NIFTYNXT5026SEP78200PE,0.00,0.00,0.00,6696.80,0.00,6696.80,72880.90,5226.14,0,0,0,0.00,0,F1,25,,,,,
2026-09-04,2026-09-04,FO,NSE,IDO,75808,,NIFTYNXT50,,2026-09-29,2026-09-29,75400.00,PE,NIFTYNXT5026SEP75400PE,0.00,0.00,0.00,4754.00,0.00,4754.00,72880.90,2953.48,0,0,0,0.00,0,F1,25,,,,,
2026-09-04,2026-09-04,FO,NSE,IDO,75310,,NIFTYNXT50,,2026-09-29,2026-09-29,68300.00,PE,NIFTYNXT5026SEP68300PE,0.00,0.00,0.00,1412.00,0.00,1412.00,72880.90,189.42,0,0,0,0.00,0,F1,25,,,,,
2026-09-04,2026-09-04,FO,NSE,IDO,75299,,NIFTYNXT50,,2026-09-29,2026-09-29,67800.00,PE,NIFTYNXT5026SEP67800PE,0.00,0.00,0.00,1269.15,0.00,1269.15,72880.90,141.35,0,0,0,0.00,0,F1,25,,,,,
2026-09-04,2026-09-04,FO,NSE,IDO,75084,,NIFTYNXT50,,2026-09-29,2026-09-29,64000.00,PE,NIFTYNXT5026SEP64000PE,0.00,0.00,0.00,487.00,0.00,487.00,72880.90,8.58,0,0,0,0.00,0,F1,25,,,,,
2026-09-04,2026-09-04,FO,NSE,IDO,75097,,NIFTYNXT50,,2026-09-29,2026-09-29,64400.00,PE,NIFTYNXT5026SEP64400PE,0.00,0.00,0.00,544.90,0.00,544.90,72880.90,12.14,0,0,0,0.00,0,F1,25,,,,,
2026-09-04,2026-09-04,FO,NSE,IDO,65450,,NIFTYNXT50,,2026-11-23,2026-11-23,66600.00,CE,NIFTYNXT5026NOV66600CE,0.00,0.00,0.00,9307.55,0.00,9307.55,72880.90,7709.07,0,0,0,0.00,0,F1,25,,,,,
2026-09-04,2026-09-04,FO,NSE,IDO,65931,,NIFTYNXT50,,2026-11-23,2026-11-23,79500.00,PE,NIFTYNXT5026NOV79500PE,0.00,0.00,0.00,5469.75,0.00,5469.75,72880.90,6480.05,0,0,0,0.00,0,F1,25,,,,,
2026-09-04,2026-09-04,FO,NSE,IDO,65699,,NIFTYNXT50,,2026-11-23,2026-11-23,73200.00,PE,NIFTYNXT5026NOV73200PE,0.00,0.00,0.00,2030.75,0.00,2030.75,72880.90,2484.06,0,0,0,0.00,0,F1,25,,,,,
2026-09-04,2026-09-04,FO,NSE,IDO,65547,,NIFTYNXT50,,2026-11-23,2026-11-23,70000.00,PE,NIFTYNXT5026NOV70000PE,0.00,0.00,0.00,1019.55,0.00,1019.55,72880.90,1249.36,0,0,0,0.00,0,F1,25,,,,,
2026-09-04,2026-09-04,FO,NSE,IDO,52098,,NIFTYNXT50,,2026-10-27,2026-10-27,72300.00,PE,NIFTYNXT5026OCT72300PE,0.00,0.00,0.00,2726.75,0.00,2726.75,72880.90,1717.29,0,0,0,0.00,0,F1,25,,,,,
2026-09-04,2026-09-04,FO,NSE,IDO,52055,,NIFTYNXT50,,2026-10-27,2026-10-27,70800.00,PE,NIFTYNXT5026OCT70800PE,0.00,0.00,0.00,2076.30,0.00,2076.30,72880.90,1154.71,0,0,0,0.00,0,F1,25,,,,,
2026-09-04,2026-09-04,FO,NSE,IDO,52014,,NIFTYNXT50,,2026-10-27,2026-10-27,69900.00,PE,NIFTYNXT5026OCT69900PE,0.00,0.00,0.00,1739.00,0.00,1739.00,72880.90,889.78,0,0,0,0.00,0,F1,25,,,,,
2026-09-04,2026-09-04,FO,NSE,IDO,51916,,NIFTYNXT50,,2026-10-27,2026-10-27,66400.00,PE,NIFTYNXT5026OCT66400PE,0.00,0.00,0.00,781.90,0.00,781.90,72880.90,256.82,0,0,0,0.00,0,F1,25,,,,,
2026-09-04,2026-09-04,FO,NSE,IDO,51910,,NIFTYNXT50,,2026-10-27,2026-10-27,66100.00,PE,NIFTYNXT5026OCT66100PE,0.00,0.00,0.00,723.50,0.00,723.50,72880.90,226.86,0,0,0,0.00,0,F1,25,,,,,
2026-09-04,2026-09-04,FO,NSE,IDO,76158,,NIFTYNXT50,,2026-09-29,2026-09-29,80300.00,PE,NIFTYNXT5026SEP80300PE,0.00,0.00,0.00,8332.45,0.00,8332.45,72880.90,7170.21,0,0,0,0.00,0,F1,25,,,,,
2026-09-04,2026-09-04,FO,NSE,IDO,75984,,NIFTYNXT50,,2026-09-29,2026-09-29,77800.00,PE,NIFTYNXT5026SEP77800PE,0.00,0.00,0.00,6397.90,0.00,6397.90,72880.90,4873.92,0,0,0,0.00,0,F1,25,,,,,
2026-09-04,2026-09-04,FO,NSE,IDO,75336,,NIFTYNXT50,,2026-09-29,2026-09-29,69600.00,PE,NIFTYNXT5026SEP69600PE,0.00,0.00,0.00,1844.75,0.00,1844.75,72880.90,377.32,0,0,0,0.00,0,F1,25,,,,,
2026-09-04,2026-09-04,FO,NSE,IDO,75306,,NIFTYNXT50,,2026-09-29,2026-09-29,68100.00,PE,NIFTYNXT5026SEP68100PE,0.00,0.00,0.00,1352.30,0.00,1352.30,72880.90,168.81,0,0,0,0.00,0,F1,25,,,,,
2026-09-04,2026-09-04,FO,NSE,IDO,75221,,NIFTYNXT50,,2026-09-29,2026-09-29,66200.00,CE,NIFTYNXT5026SEP66200CE,0.00,0.00,0.00,7317.00,0.00,7317.00,72880.90,6998.28,0,0,0,0.00,0,F1,25,,,,,
2026-09-04,2026-09-04,FO,NSE,IDO,75233,,NIFTYNXT50,,2026-09-29,2026-09-29,66600.00,CE,NIFTYNXT5026SEP66600CE,0.00,0.00,0.00,7012.15,0.00,7012.15,72880.90,6615.83,0,0,0,0.00,0,F1,25,,,,,
2026-09-04,2026-09-04,FO,NSE,IDO,76143,,NIFTYNXT50,,2026-09-29,2026-09-29,80000.00,CE,NIFTYNXT5026SEP80000CE,0.00,0.00,0.00,946.80,0.00,946.80,72880.90,89.55,0,0,0,0.00,0,F1,25,,,,,
2026-09-04,2026-09-04,FO,NSE,IDO,51792,,NIFTYNXT50,,2026-10-27,2026-10-27,62500.00,CE,NIFTYNXT5026OCT62500CE,0.00,0.00,0.00,10776.10,0.00,10776.10,72880.90,11002.23,0,0,0,0.00,0,F1,25,,,,,
2026-09-04,2026-09-04,FO,NSE,IDO,51929,,NIFTYNXT50,,2026-10-27,2026-10-27,67100.00,CE,NIFTYNXT5026OCT67100CE,0.00,0.00,0.00,6926.95,0.00,6926.95,72880.90,6744.51,0,0,0,0.00,0,F1,25,,,,,
2026-09-04,2026-09-04,FO,NSE,IDO,51951,,NIFTYNXT50,,2026-10-27,2026-10-27,67800.00,CE,NIFTYNXT5026OCT67800CE,0.00,0.00,0.00,6409.60,0.00,6409.60,72880.90,6152.66,0,0,0,0.00,0,F1,25,,,,,
2026-09-04,2026-09-04,FO,NSE,IDO,52065,,NIFTYNXT50,,2026-10-27,2026-10-27,71200.00,CE,NIFTYNXT5026OCT71200CE,0.00,0.00,0.00,4195.75,0.00,4195.75,72880.90,3633.85,0,0,0,0.00,0,F1,25,,,,,
2026-09-04,2026-09-04,FO,NSE,IDO,52071,,NIFTYNXT50,,2026-10-27,2026-10-27,71500.00,CE,NIFTYNXT5026OCT71500CE,0.00,0.00,0.00,4027.40,0.00,4027.40,72880.90,3445.13,0,0,0,0.00,0,F1,25,,,,,
2026-09-04,2026-09-04,FO,NSE,IDO,52226,,NIFTYNXT50,,2026-10-27,2026-10-27,77100.00,CE,NIFTYNXT5026OCT77100CE,0.00,0.00,0.00,1677.10,0.00,1677.10,72880.90,1014.77,0,0,0,0.00,0,F1,25,,,,,
2026-09-04,2026-09-04,FO,NSE,IDO,52246,,NIFTYNXT50,,2026-10-27,2026-10-27,78100.00,CE,NIFTYNXT5026OCT78100CE,0.00,0.00,0.00,1402.60,0.00,1402.60,72880.90,779.57,0,0,0,0.00,0,F1,25,,,,,
2026-09-04,2026-09-04,FO,NSE,IDO,65430,,NIFTYNXT50,,2026-11-23,2026-11-23,65600.00,CE,NIFTYNXT5026NOV65600CE,0.00,0.00,0.00,10183.65,0.00,10183.65,72880.90,8560.09,0,0,0,0.00,0,F1,25,,,,,
2026-09-04,2026-09-04,FO,NSE,IDO,65674,,NIFTYNXT50,,2026-11-23,2026-11-23,72000.00,CE,NIFTYNXT5026NOV72000CE,0.00,0.00,0.00,5173.35,0.00,5173.35,72880.90,3846.18,0,0,0,0.00,0,F1,25,,,,,
2026-09-04,2026-09-04,FO,NSE,IDO,75238,,NIFTYNXT50,,2026-09-29,2026-09-29,66800.00,PE,NIFTYNXT5026SEP66800PE,0.00,0.00,0.00,1008.00,0.00,1008.00,72880.90,74.91,0,0,0,0.00,0,F1,25,,,,,
2026-09-04,2026-09-04,FO,NSE,IDO,75224,,NIFTYNXT50,,2026-09-29,2026-09-29,66300.00,PE,NIFTYNXT5026SEP66300PE,0.00,0.00,0.00,893.80,0.00,893.80,72880.90,53.13,0,0,0,0.00,0,F1,25,,,,,
2026-09-04,2026-09-04,FO,NSE,IDO,75093,,NIFTYNXT50,,2026-09-29,2026-09-29,64200.00,PE,NIFTYNXT5026SEP64200PE,0.00,0.00,0.00,515.35,0.00,515.35,72880.90,10.22,0,0,0,0.00,0,F1,25,,,,,
2026-09-04,2026-09-04,FO,NSE,IDO,65744,,NIFTYNXT50,,2026-11-23,2026-11-23,74300.00,CE,NIFTYNXT5026NOV74300CE,0.00,0.00,0.00,3805.15,0.00,3805.15,72880.90,2659.39,0,0,0,0.00,0,F1,25,,,,,
2026-09-04,2026-09-04,FO,NSE,IDO,65700,,NIFTYNXT50,,2026-11-23,2026-11-23,73300.00,CE,NIFTYNXT5026NOV73300CE,0.00,0.00,0.00,4368.05,0.00,4368.05,72880.90,3139.89,0,0,0,0.00,0,F1,25,,,,,
2026-09-04,2026-09-04,FO,NSE,IDO,65560,,NIFTYNXT50,,2026-11-23,2026-11-23,70700.00,CE,NIFTYNXT5026NOV70700CE,0.00,0.00,0.00,6062.10,0.00,6062.10,72880.90,4644.52,0,0,0,0.00,0,F1,25,,,,,
2026-09-04,2026-09-04,FO,NSE,IDO,65532,,NIFTYNXT50,,2026-11-23,2026-11-23,69300.00,CE,NIFTYNXT5026NOV69300CE,0.00,0.00,0.00,7097.30,0.00,7097.30,72880.90,5606.49,0,0,0,0.00,0,F1,25,,,,,
2026-09-04,2026-09-04,FO,NSE,IDO,52276,,NIFTYNXT50,,2026-10-27,2026-10-27,78700.00,CE,NIFTYNXT5026OCT78700CE,0.00,0.00,0.00,1259.70,0.00,1259.70,72880.90,660.57,0,0,0,0.00,0,F1,25,,,,,
2026-09-04,2026-09-04,FO,NSE,IDO,52196,,NIFTYNXT50,,2026-10-27,2026-10-27,75700.00,CE,NIFTYNXT5026OCT75700CE,0.00,0.00,0.00,2129.65,0.00,2129.65,72880.90,1435.76,0,0,0,0.00,0,F1,25,,,,,
2026-09-04,2026-09-04,FO,NSE,IDO,51875,,NIFTYNXT50,,2026-10-27,2026-10-27,65000.00,CE,NIFTYNXT5026OCT65000CE,0.00,0.00,0.00,8600.55,0.00,8600.55,72880.90,8626.06,0,0,0,0.00,0,F1,25,,,,,
2026-09-04,2026-09-04,FO,NSE,IDO,75816,,NIFTYNXT50,,2026-09-29,2026-09-29,75500.00,CE,NIFTYNXT5026SEP75500CE,0.00,0.00,0.00,2105.35,0.00,2105.35,72880.90,711.78,0,0,0,0.00,0,F1,25,,,,,
2026-09-04,2026-09-04,FO,NSE,IDO,75644,,NIFTYNXT50,,2026-09-29,2026-09-29,73000.00,CE,NIFTYNXT5026SEP73000CE,1170.75,1290.75,1082.00,1136.00,1136.00,1115.00,72880.90,1674.23,150,25,70,129758131.25,51,F1,25,,,,,
2026-09-04,2026-09-04,FO,NSE,IDO,75524,,NIFTYNXT50,,2026-09-29,2026-09-29,72000.00,CE,NIFTYNXT5026SEP72000CE,0.00,0.00,0.00,3588.25,0.00,3588.25,72880.90,2228.76,0,0,0,0.00,0,F1,25,,,,,
2026-09-04,2026-09-04,FO,NSE,IDO,75096,,NIFTYNXT50,,2026-09-29,2026-09-29,64400.00,CE,NIFTYNXT5026SEP64400CE,0.00,0.00,0.00,8762.15,0.00,8762.15,72880.90,8753.64,0,0,0,0.00,0,F1,25,,,,,
2026-09-04,2026-09-04,FO,NSE,IDO,76176,,NIFTYNXT50,,2026-09-29,2026-09-29,80700.00,PE,NIFTYNXT5026SEP80700PE,0.00,0.00,0.00,8659.35,0.00,8659.35,72880.90,7553.40,0,0,0,0.00,0,F1,25,,,,,
2026-09-04,2026-09-04,FO,NSE,IDO,52074,,NIFTYNXT50,,2026-10-27,2026-10-27,71600.00,PE,NIFTYNXT5026OCT71600PE,0.00,0.00,0.00,2409.40,0.00,2409.40,72880.90,1436.21,0,0,0,0.00,0,F1,25,,,,,
2026-09-04,2026-09-04,FO,NSE,IDO,52088,,NIFTYNXT50,,2026-10-27,2026-10-27,72200.00,PE,NIFTYNXT5026OCT72200PE,0.00,0.00,0.00,2679.90,0.00,2679.90,72880.90,1675.11,0,0,0,0.00,0,F1,25,,,,,
2026-09-04,2026-09-04,FO,NSE,IDO,52164,,NIFTYNXT50,,2026-10-27,2026-10-27,74100.00,PE,NIFTYNXT5026OCT74100PE,0.00,0.00,0.00,3652.75,0.00,3652.75,72880.90,2592.12,0,0,0,0.00,0,F1,25,,,,,
2026-09-04,2026-09-04,FO,NSE,IDO,52182,,NIFTYNXT50,,2026-10-27,2026-10-27,75000.00,PE,NIFTYNXT5026OCT75000PE,0.00,0.00,0.00,4174.05,0.00,4174.05,72880.90,3110.95,0,0,0,0.00,0,F1,25,,,,,
2026-09-04,2026-09-04,FO,NSE,IDO,65431,,NIFTYNXT50,,2026-11-23,2026-11-23,65600.00,PE,NIFTYNXT5026NOV65600PE,0.00,0.00,0.00,300.20,0.00,300.20,72880.90,359.74,0,0,0,0.00,0,F1,25,,,,,
2026-09-04,2026-09-04,FO,NSE,IDO,65523,,NIFTYNXT50,,2026-11-23,2026-11-23,68800.00,PE,NIFTYNXT5026NOV68800PE,0.00,0.00,0.00,756.10,0.00,756.10,72880.90,924.79,0,0,0,0.00,0,F1,25,,,,,
2026-09-04,2026-09-04,FO,NSE,IDO,65537,,NIFTYNXT50,,2026-11-23,2026-11-23,69500.00,PE,NIFTYNXT5026NOV69500PE,0.00,0.00,0.00,902.75,0.00,902.75,72880.90,1108.24,0,0,0,0.00,0,F1,25,,,,,
2026-09-04,2026-09-04,FO,NSE,IDO,65767,,NIFTYNXT50,,2026-11-23,2026-11-23,75300.00,PE,NIFTYNXT5026NOV75300PE,0.00,0.00,0.00,2964.25,0.00,2964.25,72880.90,3596.75,0,0,0,0.00,0,F1,25,,,,,
2026-09-04,2026-09-04,FO,NSE,IDO,65843,,NIFTYNXT50,,2026-11-23,2026-11-23,77300.00,PE,NIFTYNXT5026NOV77300PE,0.00,0.00,0.00,4055.50,0.00,4055.50,72880.90,4869.12,0,0,0,0.00,0,F1,25,,,,,
2026-09-04,2026-09-04,FO,NSE,IDO,75653,,NIFTYNXT50,,2026-09-29,2026-09-29,73200.00,PE,NIFTYNXT5026SEP73200PE,0.00,0.00,0.00,3463.15,0.00,3463.15,72880.90,1597.87,0,0,0,0.00,0,F1,25,,,,,
2026-09-04,2026-09-04,FO,NSE,IDO,75876,,NIFTYNXT50,,2026-09-29,2026-09-29,77000.00,PE,NIFTYNXT5026SEP77000PE,0.00,0.00,0.00,5824.70,0.00,5824.70,72880.90,4193.50,0,0,0,0.00,0,F1,25,,,,,
2026-09-04,2026-09-04,FO,NSE,IDO,75655,,NIFTYNXT50,,2026-09-29,2026-09-29,73300.00,PE,NIFTYNXT5026SEP73300PE,1060.00,1060.00,936.95,1035.00,1030.00,1089.75,72880.90,1035.00,100,-25,51,94714646.25,29,F1,25,,,,,
2026-09-04,2026-09-04,FO,NSE,IDO,75242,,NIFTYNXT50,,2026-09-29,2026-09-29,67000.00,PE,NIFTYNXT5026SEP67000PE,50.80,51.00,50.00,50.00,50.00,1056.50,72880.90,85.52,225,225,11,18438845.00,9,F1,25,,,,,
2026-09-04,2026-09-04,FO,NSE,IDO,52181,,NIFTYNXT50,,2026-10-27,2026-10-27,75000.00,CE,NIFTYNXT5026OCT75000CE,0.00,0.00,0.00,2387.95,0.00,2387.95,72880.90,1689.93,0,0,0,0.00,0,F1,25,,,,,
2026-09-04,2026-09-04,FO,NSE,IDO,52155,,NIFTYNXT50,,2026-10-27,2026-10-27,73700.00,CE,NIFTYNXT5026OCT73700CE,0.00,0.00,0.00,2927.70,0.00,2927.70,72880.90,2245.58,0,0,0,0.00,0,F1,25,,,,,
2026-09-04,2026-09-04,FO,NSE,IDO,52009,,NIFTYNXT50,,2026-10-27,2026-10-27,69700.00,CE,NIFTYNXT5026OCT69700CE,0.00,0.00,0.00,5103.65,0.00,5103.65,72880.90,4666.89,0,0,0,0.00,0,F1,25,,,,,
2026-09-04,2026-09-04,FO,NSE,IDO,75865,,NIFTYNXT50,,2026-09-29,2026-09-29,76500.00,CE,NIFTYNXT5026SEP76500CE,0.00,0.00,0.00,1781.80,0.00,1781.80,72880.90,477.55,0,0,0,0.00,0,F1,25,,,,,
2026-09-04,2026-09-04,FO,NSE,IDO,75667,,NIFTYNXT50,,2026-09-29,2026-09-29,73500.00,CE,NIFTYNXT5026SEP73500CE,0.00,0.00,0.00,786.15,786.15,786.15,72880.90,1433.99,200,0,0,0.00,0,F1,25,,,,,
2026-09-04,2026-09-04,FO,NSE,IDO,75311,,NIFTYNXT50,,2026-09-29,2026-09-29,68400.00,CE,NIFTYNXT5026SEP68400CE,0.00,0.00,0.00,5721.15,0.00,5721.15,72880.90,4958.14,0,0,0,0.00,0,F1,25,,,,,
2026-09-04,2026-09-04,FO,NSE,IDO,52266,,NIFTYNXT50,,2026-10-27,2026-10-27,78500.00,CE,NIFTYNXT5026OCT78500CE,0.00,0.00,0.00,1306.85,0.00,1306.85,72880.90,698.47,0,0,0,0.00,0,F1,25,,,,,
2026-09-04,2026-09-04,FO,NSE,IDO,52318,,NIFTYNXT50,,2026-10-27,2026-10-27,80100.00,CE,NIFTYNXT5026OCT80100CE,0.00,0.00,0.00,963.30,0.00,963.30,72880.90,439.88,0,0,0,0.00,0,F1,25,,,,,
2026-09-04,2026-09-04,FO,NSE,IDO,65526,,NIFTYNXT50,,2026-11-23,2026-11-23,69000.00,CE,NIFTYNXT5026NOV69000CE,0.00,0.00,0.00,7330.00,0.00,7330.00,72880.90,5824.98,0,0,0,0.00,0,F1,25,,,,,
2026-09-04,2026-09-04,FO,NSE,IDO,65750,,NIFTYNXT50,,2026-11-23,2026-11-23,74500.00,CE,NIFTYNXT5026NOV74500CE,0.00,0.00,0.00,3698.55,0.00,3698.55,72880.90,2569.86,0,0,0,0.00,0,F1,25,,,,,
2026-09-04,2026-09-04,FO,NSE,IDO,75234,,NIFTYNXT50,,2026-09-29,2026-09-29,66600.00,PE,NIFTYNXT5026SEP66600PE,0.00,0.00,0.00,961.15,0.00,961.15,72880.90,65.43,0,0,0,0.00,0,F1,25,,,,,
2026-09-04,2026-09-04,FO,NSE,IDO,75312,,NIFTYNXT50,,2026-09-29,2026-09-29,68400.00,PE,NIFTYNXT5026SEP68400PE,0.00,0.00,0.00,1442.55,0.00,1442.55,72880.90,200.46,0,0,0,0.00,0,F1,25,,,,,
2026-09-04,2026-09-04,FO,NSE,IDO,75340,,NIFTYNXT50,,2026-09-29,2026-09-29,69800.00,PE,NIFTYNXT5026SEP69800PE,0.00,0.00,0.00,1918.30,0.00,1918.30,72880.90,415.88,0,0,0,0.00,0,F1,25,,,,,
2026-09-04,2026-09-04,FO,NSE,IDO,75409,,NIFTYNXT50,,2026-09-29,2026-09-29,70400.00,PE,NIFTYNXT5026SEP70400PE,0.00,0.00,0.00,2150.50,0.00,2150.50,72880.90,549.57,0,0,0,0.00,0,F1,25,,,,,
2026-09-04,2026-09-04,FO,NSE,IDO,75791,,NIFTYNXT50,,2026-09-29,2026-09-29,75200.00,PE,NIFTYNXT5026SEP75200PE,0.00,0.00,0.00,4627.70,0.00,4627.70,72880.90,2812.19,0,0,0,0.00,0,F1,25,,,,,
2026-09-04,2026-09-04,FO,NSE,IDO,76142,,NIFTYNXT50,,2026-09-29,2026-09-29,79900.00,PE,NIFTYNXT5026SEP79900PE,0.00,0.00,0.00,8010.05,0.00,8010.05,72880.90,6790.28,0,0,0,0.00,0,F1,25,,,,,
2026-09-04,2026-09-04,FO,NSE,IDO,76172,,NIFTYNXT50,,2026-09-29,2026-09-29,80500.00,PE,NIFTYNXT5026SEP80500PE,0.00,0.00,0.00,8495.35,0.00,8495.35,72880.90,7361.43,0,0,0,0.00,0,F1,25,,,,,
2026-09-04,2026-09-04,FO,NSE,IDO,76174,,NIFTYNXT50,,2026-09-29,2026-09-29,80600.00,PE,NIFTYNXT5026SEP80600PE,0.00,0.00,0.00,8577.20,0.00,8577.20,72880.90,7457.32,0,0,0,0.00,0,F1,25,,,,,
2026-09-04,2026-09-04,FO,NSE,IDO,51938,,NIFTYNXT50,,2026-10-27,2026-10-27,67500.00,PE,NIFTYNXT5026OCT67500PE,0.00,0.00,0.00,1026.10,0.00,1026.10,72880.90,394.60,0,0,0,0.00,0,F1,25,,,,,
2026-09-04,2026-09-04,FO,NSE,IDO,52008,,NIFTYNXT50,,2026-10-27,2026-10-27,69600.00,PE,NIFTYNXT5026OCT69600PE,0.00,0.00,0.00,1635.20,0.00,1635.20,72880.90,811.86,0,0,0,0.00,0,F1,25,,,,,
2026-09-04,2026-09-04,FO,NSE,IDO,52062,,NIFTYNXT50,,2026-10-27,2026-10-27,71000.00,PE,NIFTYNXT5026OCT71000PE,0.00,0.00,0.00,2156.65,0.00,2156.65,72880.90,1221.19,0,0,0,0.00,0,F1,25,,,,,
2026-09-04,2026-09-04,FO,NSE,IDO,52180,,NIFTYNXT50,,2026-10-27,2026-10-27,74900.00,PE,NIFTYNXT5026OCT74900PE,0.00,0.00,0.00,4114.30,0.00,4114.30,72880.90,3050.71,0,0,0,0.00,0,F1,25,,,,,
2026-09-04,2026-09-04,FO,NSE,IDO,52301,,NIFTYNXT50,,2026-10-27,2026-10-27,79200.00,PE,NIFTYNXT5026OCT79200PE,0.00,0.00,0.00,7070.85,0.00,7070.85,72880.90,6155.07,0,0,0,0.00,0,F1,25,,,,,
2026-09-04,2026-09-04,FO,NSE,IDO,65495,,NIFTYNXT50,,2026-11-23,2026-11-23,68200.00,PE,NIFTYNXT5026NOV68200PE,0.00,0.00,0.00,645.20,0.00,645.20,72880.90,787.33,0,0,0,0.00,0,F1,25,,,,,
2026-09-04,2026-09-04,FO,NSE,IDO,65673,,NIFTYNXT50,,2026-11-23,2026-11-23,71900.00,PE,NIFTYNXT5026NOV71900PE,0.00,0.00,0.00,1561.60,0.00,1561.60,72880.90,1915.71,0,0,0,0.00,0,F1,25,,,,,
2026-09-04,2026-09-04,FO,NSE,IDO,65693,,NIFTYNXT50,,2026-11-23,2026-11-23,72900.00,PE,NIFTYNXT5026NOV72900PE,0.00,0.00,0.00,1915.20,0.00,1915.20,72880.90,2344.66,0,0,0,0.00,0,F1,25,,,,,
2026-09-04,2026-09-04,FO,NSE,IDO,65868,,NIFTYNXT50,,2026-11-23,2026-11-23,78100.00,PE,NIFTYNXT5026NOV78100PE,0.00,0.00,0.00,4545.00,0.00,4545.00,72880.90,5430.92,0,0,0,0.00,0,F1,25,,,,,
2026-09-04,2026-09-04,FO,NSE,IDO,52228,,NIFTYNXT50,,2026-10-27,2026-10-27,77200.00,CE,NIFTYNXT5026OCT77200CE,0.00,0.00,0.00,1647.85,0.00,1647.85,72880.90,988.86,0,0,0,0.00,0,F1,25,,,,,
2026-09-04,2026-09-04,FO,NSE,IDO,52207,,NIFTYNXT50,,2026-10-27,2026-10-27,76200.00,CE,NIFTYNXT5026OCT76200CE,0.00,0.00,0.00,1958.45,0.00,1958.45,72880.90,1272.50,0,0,0,0.00,0,F1,25,,,,,
2026-09-04,2026-09-04,FO,NSE,IDO,65477,,NIFTYNXT50,,2026-11-23,2026-11-23,67300.00,PE,NIFTYNXT5026NOV67300PE,0.00,0.00,0.00,502.40,0.00,502.40,72880.90,610.24,0,0,0,0.00,0,F1,25,,,,,
2026-09-04,2026-09-04,FO,NSE,IDO,52184,,NIFTYNXT50,,2026-10-27,2026-10-27,75100.00,PE,NIFTYNXT5026OCT75100PE,0.00,0.00,0.00,4234.30,0.00,4234.30,72880.90,3171.83,0,0,0,0.00,0,F1,25,,,,,
2026-09-04,2026-09-04,FO,NSE,IDO,52144,,NIFTYNXT50,,2026-10-27,2026-10-27,73400.00,PE,NIFTYNXT5026OCT73400PE,0.00,0.00,0.00,3273.80,0.00,3273.80,72880.90,2225.71,0,0,0,0.00,0,F1,25,,,,,
2026-09-04,2026-09-04,FO,NSE,IDO,52138,,NIFTYNXT50,,2026-10-27,2026-10-27,73200.00,PE,NIFTYNXT5026OCT73200PE,0.00,0.00,0.00,3169.90,0.00,3169.90,72880.90,2127.39,0,0,0,0.00,0,F1,25,,,,,
2026-09-04,2026-09-04,FO,NSE,IDO,76070,,NIFTYNXT50,,2026-09-29,2026-09-29,79300.00,PE,NIFTYNXT5026SEP79300PE,0.00,0.00,0.00,7535.30,0.00,7535.30,72880.90,6227.75,0,0,0,0.00,0,F1,25,,,,,
2026-09-04,2026-09-04,FO,NSE,IDO,75326,,NIFTYNXT50,,2026-09-29,2026-09-29,69100.00,PE,NIFTYNXT5026SEP69100PE,0.00,0.00,0.00,1669.05,0.00,1669.05,72880.90,292.93,0,0,0,0.00,0,F1,25,,,,,
2026-09-04,2026-09-04,FO,NSE,IDO,75297,,NIFTYNXT50,,2026-09-29,2026-09-29,67700.00,PE,NIFTYNXT5026SEP67700PE,0.00,0.00,0.00,1241.45,0.00,1241.45,72880.90,133.05,0,0,0,0.00,0,F1,25,,,,,
2026-09-04,2026-09-04,FO,NSE,IDO,65572,,NIFTYNXT50,,2026-11-23,2026-11-23,71200.00,CE,NIFTYNXT5026NOV71200CE,0.00,0.00,0.00,5709.00,0.00,5709.00,72880.90,4326.74,0,0,0,0.00,0,F1,25,,,,,
2026-09-04,2026-09-04,FO,NSE,IDO,65520,,NIFTYNXT50,,2026-11-23,2026-11-23,68700.00,CE,NIFTYNXT5026NOV68700CE,0.00,0.00,0.00,7566.20,0.00,7566.20,72880.90,6044.55,0,0,0,0.00,0,F1,25,,,,,
2026-09-04,2026-09-04,FO,NSE,IDO,65476,,NIFTYNXT50,,2026-11-23,2026-11-23,67300.00,CE,NIFTYNXT5026NOV67300CE,0.00,0.00,0.00,8711.10,0.00,8711.10,72880.90,7134.41,0,0,0,0.00,0,F1,25,,,,,
2026-09-04,2026-09-04,FO,NSE,IDO,52422,,NIFTYNXT50,,2026-10-27,2026-10-27,85000.00,CE,NIFTYNXT5026OCT85000CE,0.00,0.00,0.00,343.25,0.00,343.25,72880.90,85.17,0,0,0,0.00,0,F1,25,,,,,
2026-09-04,2026-09-04,FO,NSE,IDO,52157,,NIFTYNXT50,,2026-10-27,2026-10-27,73800.00,CE,NIFTYNXT5026OCT73800CE,0.00,0.00,0.00,2883.35,0.00,2883.35,72880.90,2198.86,0,0,0,0.00,0,F1,25,,,,,
2026-09-04,2026-09-04,FO,NSE,IDO,52137,,NIFTYNXT50,,2026-10-27,2026-10-27,73200.00,CE,NIFTYNXT5026OCT73200CE,0.00,0.00,0.00,3156.75,0.00,3156.75,72880.90,2489.61,0,0,0,0.00,0,F1,25,,,,,
2026-09-04,2026-09-04,FO,NSE,IDO,75219,,NIFTYNXT50,,2026-09-29,2026-09-29,66100.00,CE,NIFTYNXT5026SEP66100CE,0.00,0.00,0.00,7394.20,0.00,7394.20,72880.90,7094.46,0,0,0,0.00,0,F1,25,,,,,
2026-09-04,2026-09-04,FO,NSE,IDO,75102,,NIFTYNXT50,,2026-09-29,2026-09-29,64700.00,CE,NIFTYNXT5026SEP64700CE,0.00,0.00,0.00,8513.50,0.00,8513.50,72880.90,8458.34,0,0,0,0.00,0,F1,25,,,,,
2026-09-04,2026-09-04,FO,NSE,IDO,52013,,NIFTYNXT50,,2026-10-27,2026-10-27,69900.00,CE,NIFTYNXT5026OCT69900CE,0.00,0.00,0.00,4976.30,0.00,4976.30,72880.90,4521.29,0,0,0,0.00,0,F1,25,,,,,
2026-09-04,2026-09-04,FO,NSE,IDO,51985,,NIFTYNXT50,,2026-10-27,2026-10-27,68800.00,CE,NIFTYNXT5026OCT68800CE,0.00,0.00,0.00,5699.90,0.00,5699.90,72880.90,5345.97,0,0,0,0.00,0,F1,25,,,,,
2026-09-04,2026-09-04,FO,NSE,IDO,65837,,NIFTYNXT50,,2026-11-23,2026-11-23,77000.00,PE,NIFTYNXT5026NOV77000PE,0.00,0.00,0.00,3879.60,0.00,3879.60,72880.90,4665.91,0,0,0,0.00,0,F1,25,,,,,
2026-09-04,2026-09-04,FO,NSE,IDO,51840,,NIFTYNXT50,,2026-10-27,2026-10-27,64000.00,CE,NIFTYNXT5026OCT64000CE,0.00,0.00,0.00,9450.05,0.00,9450.05,72880.90,9563.66,0,0,0,0.00,0,F1,25,,,,,
2026-09-04,2026-09-04,FO,NSE,IDO,52057,,NIFTYNXT50,,2026-10-27,2026-10-27,70900.00,CE,NIFTYNXT5026OCT70900CE,0.00,0.00,0.00,4368.55,0.00,4368.55,72880.90,3828.44,0,0,0,0.00,0,F1,25,,,,,
2026-09-04,2026-09-04,FO,NSE,IDO,65807,,NIFTYNXT50,,2026-11-23,2026-11-23,75500.00,PE,NIFTYNXT5026NOV75500PE,0.00,0.00,0.00,3064.60,0.00,3064.60,72880.90,3714.99,0,0,0,0.00,0,F1,25,,,,,
2026-09-04,2026-09-04,FO,NSE,IDO,52129,,NIFTYNXT50,,2026-10-27,2026-10-27,72800.00,CE,NIFTYNXT5026OCT72800CE,0.00,0.00,0.00,3348.75,0.00,3348.75,72880.90,2696.82,0,0,0,0.00,0,F1,25,,,,,
2026-09-04,2026-09-04,FO,NSE,IDO,76139,,NIFTYNXT50,,2026-09-29,2026-09-29,79800.00,CE,NIFTYNXT5026SEP79800CE,0.00,0.00,0.00,983.65,0.00,983.65,72880.90,99.69,0,0,0,0.00,0,F1,25,,,,,
2026-09-04,2026-09-04,FO,NSE,IDO,75547,,NIFTYNXT50,,2026-09-29,2026-09-29,72600.00,CE,NIFTYNXT5026SEP72600CE,0.00,0.00,0.00,3293.05,0.00,3293.05,72880.90,1884.12,0,0,0,0.00,0,F1,25,,,,,
2026-09-04,2026-09-04,FO,NSE,IDO,75296,,NIFTYNXT50,,2026-09-29,2026-09-29,67700.00,CE,NIFTYNXT5026SEP67700CE,0.00,0.00,0.00,6209.30,0.00,6209.30,72880.90,5587.91,0,0,0,0.00,0,F1,25,,,,,
2026-09-04,2026-09-04,FO,NSE,IDO,52253,,NIFTYNXT50,,2026-10-27,2026-10-27,78300.00,PE,NIFTYNXT5026OCT78300PE,0.00,0.00,0.00,6392.00,0.00,6392.00,72880.90,5428.43,0,0,0,0.00,0,F1,25,,,,,
2026-09-04,2026-09-04,FO,NSE,IDO,75225,,NIFTYNXT50,,2026-09-29,2026-09-29,66400.00,CE,NIFTYNXT5026SEP66400CE,0.00,0.00,0.00,7163.80,0.00,7163.80,72880.90,6806.58,0,0,0,0.00,0,F1,25,,,,,
2026-09-04,2026-09-04,FO,NSE,IDO,52225,,NIFTYNXT50,,2026-10-27,2026-10-27,77000.00,PE,NIFTYNXT5026OCT77000PE,0.00,0.00,0.00,5462.75,0.00,5462.75,72880.90,4443.62,0,0,0,0.00,0,F1,25,,,,,
2026-09-04,2026-09-04,FO,NSE,IDO,65755,,NIFTYNXT50,,2026-11-23,2026-11-23,74700.00,PE,NIFTYNXT5026NOV74700PE,0.00,0.00,0.00,2675.35,0.00,2675.35,72880.90,3254.59,0,0,0,0.00,0,F1,25,,,,,
2026-09-04,2026-09-04,FO,NSE,IDO,65581,,NIFTYNXT50,,2026-11-23,2026-11-23,71600.00,PE,NIFTYNXT5026NOV71600PE,0.00,0.00,0.00,1464.85,0.00,1464.85,72880.90,1797.69,0,0,0,0.00,0,F1,25,,,,,
2026-09-04,2026-09-04,FO,NSE,IDO,52186,,NIFTYNXT50,,2026-10-27,2026-10-27,75200.00,PE,NIFTYNXT5026OCT75200PE,0.00,0.00,0.00,4295.00,0.00,4295.00,72880.90,3233.35,0,0,0,0.00,0,F1,25,,,,,
2026-09-04,2026-09-04,FO,NSE,IDO,75315,,NIFTYNXT50,,2026-09-29,2026-09-29,68600.00,CE,NIFTYNXT5026SEP68600CE,0.00,0.00,0.00,5586.65,0.00,5586.65,72880.90,4782.58,0,0,0,0.00,0,F1,25,,,,,
2026-09-04,2026-09-04,FO,NSE,IDO,75879,,NIFTYNXT50,,2026-09-29,2026-09-29,77200.00,CE,NIFTYNXT5026SEP77200CE,0.00,0.00,0.00,1579.35,0.00,1579.35,72880.90,353.62,0,0,0,0.00,0,F1,25,,,,,
2026-09-04,2026-09-04,FO,NSE,IDO,76071,,NIFTYNXT50,,2026-09-29,2026-09-29,79400.00,CE,NIFTYNXT5026SEP79400CE,0.00,0.00,0.00,1061.00,0.00,1061.00,72880.90,123.02,0,0,0,0.00,0,F1,25,,,,,
2026-09-04,2026-09-04,FO,NSE,IDO,52316,,NIFTYNXT50,,2026-10-27,2026-10-27,80000.00,CE,NIFTYNXT5026OCT80000CE,0.00,0.00,0.00,982.20,0.00,982.20,72880.90,453.27,0,0,0,0.00,0,F1,25,,,,,
2026-09-04,2026-09-04,FO,NSE,IDO,65538,,NIFTYNXT50,,2026-11-23,2026-11-23,69600.00,CE,NIFTYNXT5026NOV69600CE,0.00,0.00,0.00,6868.15,0.00,6868.15,72880.90,5392.35,0,0,0,0.00,0,F1,25,,,,,
2026-09-04,2026-09-04,FO,NSE,IDO,65688,,NIFTYNXT50,,2026-11-23,2026-11-23,72700.00,CE,NIFTYNXT5026NOV72700CE,0.00,0.00,0.00,4729.50,0.00,4729.50,72880.90,3454.33,0,0,0,0.00,0,F1,25,,,,,
2026-09-04,2026-09-04,FO,NSE,IDO,65816,,NIFTYNXT50,,2026-11-23,2026-11-23,76000.00,CE,NIFTYNXT5026NOV76000CE,0.00,0.00,0.00,2962.05,0.00,2962.05,72880.90,1965.67,0,0,0,0.00,0,F1,25,,,,,
2026-09-04,2026-09-04,FO,NSE,IDO,75091,,NIFTYNXT50,,2026-09-29,2026-09-29,64100.00,PE,NIFTYNXT5026SEP64100PE,0.00,0.00,0.00,501.00,0.00,501.00,72880.90,9.37,0,0,0,0.00,0,F1,25,,,,,
2026-09-04,2026-09-04,FO,NSE,IDO,75163,,NIFTYNXT50,,2026-09-29,2026-09-29,65900.00,PE,NIFTYNXT5026SEP65900PE,0.00,0.00,0.00,809.45,0.00,809.45,72880.90,39.84,0,0,0,0.00,0,F1,25,,,,,
2026-09-04,2026-09-04,FO,NSE,IDO,75357,,NIFTYNXT50,,2026-09-29,2026-09-29,70200.00,PE,NIFTYNXT5026SEP70200PE,0.00,0.00,0.00,2071.15,0.00,2071.15,72880.90,501.88,0,0,0,0.00,0,F1,25,,,,,
2026-09-04,2026-09-04,FO,NSE,IDO,75577,,NIFTYNXT50,,2026-09-29,2026-09-29,72600.00,PE,NIFTYNXT5026SEP72600PE,0.00,0.00,0.00,3150.00,0.00,3150.00,72880.90,1309.44,0,0,0,0.00,0,F1,25,,,,,
2026-09-04,2026-09-04,FO,NSE,IDO,75641,,NIFTYNXT50,,2026-09-29,2026-09-29,72800.00,PE,NIFTYNXT5026SEP72800PE,0.00,0.00,0.00,3252.50,0.00,3252.50,72880.90,1401.69,0,0,0,0.00,0,F1,25,,,,,
2026-09-04,2026-09-04,FO,NSE,IDO,65761,,NIFTYNXT50,,2026-11-23,2026-11-23,75000.00,PE,NIFTYNXT5026NOV75000PE,0.00,0.00,0.00,2817.70,0.00,2817.70,72880.90,3423.30,0,0,0,0.00,0,F1,25,,,,,
2026-09-04,2026-09-04,FO,NSE,IDO,65675,,NIFTYNXT50,,2026-11-23,2026-11-23,72000.00,PE,NIFTYNXT5026NOV72000PE,0.00,0.00,0.00,1594.80,0.00,1594.80,72880.90,1956.14,0,0,0,0.00,0,F1,25,,,,,
2026-09-04,2026-09-04,FO,NSE,IDO,76046,,NIFTYNXT50,,2026-09-29,2026-09-29,78100.00,PE,NIFTYNXT5026SEP78100PE,0.00,0.00,0.00,6622.30,0.00,6622.30,72880.90,5137.41,0,0,0,0.00,0,F1,25,,,,,
2026-09-04,2026-09-04,FO,NSE,IDO,76050,,NIFTYNXT50,,2026-09-29,2026-09-29,78300.00,PE,NIFTYNXT5026SEP78300PE,0.00,0.00,0.00,6771.65,0.00,6771.65,72880.90,5315.31,0,0,0,0.00,0,F1,25,,,,,
2026-09-04,2026-09-04,FO,NSE,IDO,76058,,NIFTYNXT50,,2026-09-29,2026-09-29,78700.00,PE,NIFTYNXT5026SEP78700PE,0.00,0.00,0.00,7074.50,0.00,7074.50,72880.90,5675.98,0,0,0,0.00,0,F1,25,,,,,
2026-09-04,2026-09-04,FO,NSE,IDO,76062,,NIFTYNXT50,,2026-09-29,2026-09-29,78900.00,PE,NIFTYNXT5026SEP78900PE,0.00,0.00,0.00,7225.00,0.00,7225.00,72880.90,5858.56,0,0,0,0.00,0,F1,25,,,,,
2026-09-04,2026-09-04,FO,NSE,IDO,52012,,NIFTYNXT50,,2026-10-27,2026-10-27,69800.00,PE,NIFTYNXT5026OCT69800PE,0.00,0.00,0.00,1703.90,0.00,1703.90,72880.90,863.22,0,0,0,0.00,0,F1,25,,,,,
2026-09-04,2026-09-04,FO,NSE,IDO,52156,,NIFTYNXT50,,2026-10-27,2026-10-27,73700.00,PE,NIFTYNXT5026OCT73700PE,0.00,0.00,0.00,3433.35,0.00,3433.35,72880.90,2378.70,0,0,0,0.00,0,F1,25,,,,,
2026-09-04,2026-09-04,FO,NSE,IDO,52267,,NIFTYNXT50,,2026-10-27,2026-10-27,78500.00,PE,NIFTYNXT5026OCT78500PE,0.00,0.00,0.00,6540.40,0.00,6540.40,72880.90,5586.92,0,0,0,0.00,0,F1,25,,,,,
2026-09-04,2026-09-04,FO,NSE,IDO,52166,,NIFTYNXT50,,2026-10-27,2026-10-27,74200.00,PE,NIFTYNXT5026OCT74200PE,0.00,0.00,0.00,3708.80,0.00,3708.80,72880.90,2647.14,0,0,0,0.00,0,F1,25,,,,,
2026-09-04,2026-09-04,FO,NSE,IDO,76059,,NIFTYNXT50,,2026-09-29,2026-09-29,78800.00,CE,NIFTYNXT5026SEP78800CE,0.00,0.00,0.00,1189.20,0.00,1189.20,72880.90,166.86,0,0,0,0.00,0,F1,25,,,,,
2026-09-04,2026-09-04,FO,NSE,IDO,52175,,NIFTYNXT50,,2026-10-27,2026-10-27,74700.00,CE,NIFTYNXT5026OCT74700CE,0.00,0.00,0.00,2505.50,0.00,2505.50,72880.90,1808.33,0,0,0,0.00,0,F1,25,,,,,
2026-09-04,2026-09-04,FO,NSE,IDO,76063,,NIFTYNXT50,,2026-09-29,2026-09-29,79000.00,CE,NIFTYNXT5026SEP79000CE,0.00,0.00,0.00,1143.30,0.00,1143.30,72880.90,150.95,0,0,0,0.00,0,F1,25,,,,,
2026-09-04,2026-09-04,FO,NSE,IDO,65470,,NIFTYNXT50,,2026-11-23,2026-11-23,67000.00,CE,NIFTYNXT5026NOV67000CE,0.00,0.00,0.00,8964.90,0.00,8964.90,72880.90,7378.43,0,0,0,0.00,0,F1,25,,,,,
2026-09-04,2026-09-04,FO,NSE,IDO,75220,,NIFTYNXT50,,2026-09-29,2026-09-29,66100.00,PE,NIFTYNXT5026SEP66100PE,0.00,0.00,0.00,850.85,0.00,850.85,72880.90,46.08,0,0,0,0.00,0,F1,25,,,,,
2026-09-04,2026-09-04,FO,NSE,IDO,65883,,NIFTYNXT50,,2026-11-23,2026-11-23,78400.00,CE,NIFTYNXT5026NOV78400CE,0.00,0.00,0.00,2009.60,0.00,2009.60,72880.90,1228.50,0,0,0,0.00,0,F1,25,,,,,
2026-09-04,2026-09-04,FO,NSE,IDO,65698,,NIFTYNXT50,,2026-11-23,2026-11-23,73200.00,CE,NIFTYNXT5026NOV73200CE,0.00,0.00,0.00,4427.05,0.00,4427.05,72880.90,3190.92,0,0,0,0.00,0,F1,25,,,,,
2026-09-04,2026-09-04,FO,NSE,IDO,76453,,NIFTYNXT50,,2026-09-29,2026-09-29,81500.00,CE,NIFTYNXT5026SEP81500CE,0.00,0.00,0.00,705.25,0.00,705.25,72880.90,38.33,0,0,0,0.00,0,F1,25,,,,,
2026-09-04,2026-09-04,FO,NSE,IDO,51995,,NIFTYNXT50,,2026-10-27,2026-10-27,69000.00,CE,NIFTYNXT5026OCT69000CE,0.00,0.00,0.00,5564.15,0.00,5564.15,72880.90,5190.66,0,0,0,0.00,0,F1,25,,,,,
2026-09-04,2026-09-04,FO,NSE,IDO,65546,,NIFTYNXT50,,2026-11-23,2026-11-23,70000.00,CE,NIFTYNXT5026NOV70000CE,0.00,0.00,0.00,6568.35,0.00,6568.35,72880.90,5111.38,0,0,0,0.00,0,F1,25,,,,,
2026-09-04,2026-09-04,FO,NSE,IDO,52302,,NIFTYNXT50,,2026-10-27,2026-10-27,79300.00,CE,NIFTYNXT5026OCT79300CE,0.00,0.00,0.00,1123.45,0.00,1123.45,72880.90,556.85,0,0,0,0.00,0,F1,25,,,,,
2026-09-04,2026-09-04,FO,NSE,IDF,48705,,NIFTYNXT50,,2026-10-27,2026-10-27,,,NIFTYNXT5026OCTFUT,73554.00,73554.00,73549.80,73549.80,73549.80,73439.80,72880.90,73565.62,375,0,2,3677595.00,2,F1,25,,,,,
2026-09-04,2026-09-04,FO,NSE,IDO,74895,,NIFTYNXT50,,2026-09-29,2026-09-29,61500.00,CE,NIFTYNXT5026SEP61500CE,0.00,0.00,0.00,11297.75,0.00,11297.75,72880.90,11630.48,0,0,0,0.00,0,F1,25,,,,,
2026-09-04,2026-09-04,FO,NSE,IDO,52312,,NIFTYNXT50,,2026-10-27,2026-10-27,79800.00,CE,NIFTYNXT5026OCT79800CE,0.00,0.00,0.00,1021.00,0.00,1021.00,72880.90,481.07,0,0,0,0.00,0,F1,25,,,,,
2026-09-04,2026-09-04,FO,NSE,IDO,75807,,NIFTYNXT50,,2026-09-29,2026-09-29,75400.00,CE,NIFTYNXT5026SEP75400CE,0.00,0.00,0.00,2140.00,0.00,2140.00,72880.90,739.50,0,0,0,0.00,0,F1,25,,,,,
2026-09-04,2026-09-04,FO,NSE,IDO,75861,,NIFTYNXT50,,2026-09-29,2026-09-29,76300.00,CE,NIFTYNXT5026SEP76300CE,0.00,0.00,0.00,1843.20,0.00,1843.20,72880.90,518.74,0,0,0,0.00,0,F1,25,,,,,
2026-09-04,2026-09-04,FO,NSE,IDO,52415,,NIFTYNXT50,,2026-10-27,2026-10-27,84000.00,PE,NIFTYNXT5026OCT84000PE,0.00,0.00,0.00,11079.85,0.00,11079.85,72880.90,10459.60,0,0,0,0.00,0,F1,25,,,,,
2026-09-04,2026-09-04,FO,NSE,IDO,65829,,NIFTYNXT50,,2026-11-23,2026-11-23,76600.00,PE,NIFTYNXT5026NOV76600PE,0.00,0.00,0.00,3651.65,0.00,3651.65,72880.90,4401.55,0,0,0,0.00,0,F1,25,,,,,
2026-09-04,2026-09-04,FO,NSE,IDO,51978,,NIFTYNXT50,,2026-10-27,2026-10-27,68700.00,PE,NIFTYNXT5026OCT68700PE,0.00,0.00,0.00,1349.20,0.00,1349.20,72880.90,604.07,0,0,0,0.00,0,F1,25,,,,,
2026-09-04,2026-09-04,FO,NSE,IDO,51958,,NIFTYNXT50,,2026-10-27,2026-10-27,68100.00,PE,NIFTYNXT5026OCT68100PE,0.00,0.00,0.00,1182.50,0.00,1182.50,72880.90,490.85,0,0,0,0.00,0,F1,25,,,,,
2026-09-04,2026-09-04,FO,NSE,IDO,52066,,NIFTYNXT50,,2026-10-27,2026-10-27,71200.00,PE,NIFTYNXT5026OCT71200PE,0.00,0.00,0.00,2238.95,0.00,2238.95,72880.90,1290.25,0,0,0,0.00,0,F1,25,,,,,
2026-09-04,2026-09-04,FO,NSE,IDO,65859,,NIFTYNXT50,,2026-11-23,2026-11-23,77900.00,PE,NIFTYNXT5026NOV77900PE,0.00,0.00,0.00,4419.90,0.00,4419.90,72880.90,5287.82,0,0,0,0.00,0,F1,25,,,,,
2026-09-04,2026-09-04,FO,NSE,IDO,65751,,NIFTYNXT50,,2026-11-23,2026-11-23,74500.00,PE,NIFTYNXT5026NOV74500PE,0.00,0.00,0.00,2582.90,0.00,2582.90,72880.90,3144.77,0,0,0,0.00,0,F1,25,,,,,
2026-09-04,2026-09-04,FO,NSE,IDO,65734,,NIFTYNXT50,,2026-11-23,2026-11-23,73800.00,PE,NIFTYNXT5026NOV73800PE,0.00,0.00,0.00,2275.15,0.00,2275.15,72880.90,2777.40,0,0,0,0.00,0,F1,25,,,,,
2026-09-04,2026-09-04,FO,NSE,IDO,65521,,NIFTYNXT50,,2026-11-23,2026-11-23,68700.00,PE,NIFTYNXT5026NOV68700PE,0.00,0.00,0.00,736.70,0.00,736.70,72880.90,900.75,0,0,0,0.00,0,F1,25,,,,,
2026-09-04,2026-09-04,FO,NSE,IDO,65489,,NIFTYNXT50,,2026-11-23,2026-11-23,67900.00,PE,NIFTYNXT5026NOV67900PE,0.00,0.00,0.00,594.55,0.00,594.55,72880.90,724.55,0,0,0,0.00,0,F1,25,,,,,
2026-09-04,2026-09-04,FO,NSE,IDO,65455,,NIFTYNXT50,,2026-11-23,2026-11-23,66800.00,PE,NIFTYNXT5026NOV66800PE,0.00,0.00,0.00,434.35,0.00,434.35,72880.90,525.85,0,0,0,0.00,0,F1,25,,,,,
2026-09-04,2026-09-04,FO,NSE,IDO,52315,,NIFTYNXT50,,2026-10-27,2026-10-27,79900.00,PE,NIFTYNXT5026OCT79900PE,0.00,0.00,0.00,7613.95,0.00,7613.95,72880.90,6742.41,0,0,0,0.00,0,F1,25,,,,,
2026-09-04,2026-09-04,FO,NSE,IDO,52305,,NIFTYNXT50,,2026-10-27,2026-10-27,79400.00,PE,NIFTYNXT5026OCT79400PE,0.00,0.00,0.00,7222.30,0.00,7222.30,72880.90,6321.02,0,0,0,0.00,0,F1,25,,,,,
2026-09-04,2026-09-04,FO,NSE,IDO,75500,,NIFTYNXT50,,2026-09-29,2026-09-29,70800.00,CE,NIFTYNXT5026SEP70800CE,0.00,0.00,0.00,4230.30,0.00,4230.30,72880.90,3021.62,0,0,0,0.00,0,F1,25,,,,,
2026-09-04,2026-09-04,FO,NSE,IDO,75737,,NIFTYNXT50,,2026-09-29,2026-09-29,73700.00,CE,NIFTYNXT5026SEP73700CE,0.00,0.00,0.00,2150.00,2150.00,2150.00,72880.90,1344.92,25,0,0,0.00,0,F1,25,,,,,
2026-09-04,2026-09-04,FO,NSE,IDO,75871,,NIFTYNXT50,,2026-09-29,2026-09-29,76800.00,CE,NIFTYNXT5026SEP76800CE,0.00,0.00,0.00,1692.70,0.00,1692.70,72880.90,420.73,0,0,0,0.00,0,F1,25,,,,,
2026-09-04,2026-09-04,FO,NSE,IDO,52011,,NIFTYNXT50,,2026-10-27,2026-10-27,69800.00,CE,NIFTYNXT5026OCT69800CE,0.00,0.00,0.00,5039.75,0.00,5039.75,72880.90,4593.79,0,0,0,0.00,0,F1,25,,,,,
2026-09-04,2026-09-04,FO,NSE,IDO,52159,,NIFTYNXT50,,2026-10-27,2026-10-27,73900.00,CE,NIFTYNXT5026OCT73900CE,0.00,0.00,0.00,2839.45,0.00,2839.45,72880.90,2152.81,0,0,0,0.00,0,F1,25,,,,,
2026-09-04,2026-09-04,FO,NSE,IDO,52193,,NIFTYNXT50,,2026-10-27,2026-10-27,75600.00,CE,NIFTYNXT5026OCT75600CE,0.00,0.00,0.00,2165.25,0.00,2165.25,72880.90,1470.22,0,0,0,0.00,0,F1,25,,,,,
2026-09-04,2026-09-04,FO,NSE,IDO,52214,,NIFTYNXT50,,2026-10-27,2026-10-27,76500.00,CE,NIFTYNXT5026OCT76500CE,0.00,0.00,0.00,1860.90,0.00,1860.90,72880.90,1181.56,0,0,0,0.00,0,F1,25,,,,,
2026-09-04,2026-09-04,FO,NSE,IDO,52248,,NIFTYNXT50,,2026-10-27,2026-10-27,78200.00,CE,NIFTYNXT5026OCT78200CE,0.00,0.00,0.00,1377.25,0.00,1377.25,72880.90,758.61,0,0,0,0.00,0,F1,25,,,,,
2026-09-04,2026-09-04,FO,NSE,IDO,65418,,NIFTYNXT50,,2026-11-23,2026-11-23,65000.00,CE,NIFTYNXT5026NOV65000CE,0.00,0.00,0.00,10721.35,0.00,10721.35,72880.90,9085.80,0,0,0,0.00,0,F1,25,,,,,
2026-09-04,2026-09-04,FO,NSE,IDO,52247,,NIFTYNXT50,,2026-10-27,2026-10-27,78100.00,PE,NIFTYNXT5026OCT78100PE,0.00,0.00,0.00,6242.10,0.00,6242.10,72880.90,5271.74,0,0,0,0.00,0,F1,25,,,,,
2026-09-04,2026-09-04,FO,NSE,IDO,65452,,NIFTYNXT50,,2026-11-23,2026-11-23,66700.00,CE,NIFTYNXT5026NOV66700CE,0.00,0.00,0.00,9221.45,0.00,9221.45,72880.90,7625.86,0,0,0,0.00,0,F1,25,,,,,
2026-09-04,2026-09-04,FO,NSE,IDO,65478,,NIFTYNXT50,,2026-11-23,2026-11-23,67400.00,CE,NIFTYNXT5026NOV67400CE,0.00,0.00,0.00,8627.10,0.00,8627.10,72880.90,7053.85,0,0,0,0.00,0,F1,25,,,,,
2026-09-04,2026-09-04,FO,NSE,IDO,65738,,NIFTYNXT50,,2026-11-23,2026-11-23,74000.00,CE,NIFTYNXT5026NOV74000CE,0.00,0.00,0.00,3968.80,0.00,3968.80,72880.90,2797.73,0,0,0,0.00,0,F1,25,,,,,
2026-09-04,2026-09-04,FO,NSE,IDO,65834,,NIFTYNXT50,,2026-11-23,2026-11-23,76900.00,CE,NIFTYNXT5026NOV76900CE,0.00,0.00,0.00,2573.20,0.00,2573.20,72880.90,1657.84,0,0,0,0.00,0,F1,25,,,,,
2026-09-04,2026-09-04,FO,NSE,IDO,65916,,NIFTYNXT50,,2026-11-23,2026-11-23,79000.00,CE,NIFTYNXT5026NOV79000CE,0.00,0.00,0.00,1812.35,0.00,1812.35,72880.90,1087.67,0,0,0,0.00,0,F1,25,,,,,
2026-09-04,2026-09-04,FO,NSE,IDO,75240,,NIFTYNXT50,,2026-09-29,2026-09-29,66900.00,PE,NIFTYNXT5026SEP66900PE,0.00,0.00,0.00,1032.05,0.00,1032.05,72880.90,80.06,0,0,0,0.00,0,F1,25,,,,,
2026-09-04,2026-09-04,FO,NSE,IDO,75517,,NIFTYNXT50,,2026-09-29,2026-09-29,71600.00,PE,NIFTYNXT5026SEP71600PE,0.00,0.00,0.00,2666.80,0.00,2666.80,72880.90,907.43,0,0,0,0.00,0,F1,25,,,,,
2026-09-04,2026-09-04,FO,NSE,IDO,75780,,NIFTYNXT50,,2026-09-29,2026-09-29,74700.00,PE,NIFTYNXT5026SEP74700PE,0.00,0.00,0.00,4319.55,0.00,4319.55,72880.90,2473.92,0,0,0,0.00,0,F1,25,,,,,
2026-09-04,2026-09-04,FO,NSE,IDO,75860,,NIFTYNXT50,,2026-09-29,2026-09-29,76200.00,PE,NIFTYNXT5026SEP76200PE,0.00,0.00,0.00,5276.25,0.00,5276.25,72880.90,3551.11,0,0,0,0.00,0,F1,25,,,,,
2026-09-04,2026-09-04,FO,NSE,IDO,75980,,NIFTYNXT50,,2026-09-29,2026-09-29,77600.00,PE,NIFTYNXT5026SEP77600PE,0.00,0.00,0.00,6252.35,0.00,6252.35,72880.90,4700.65,0,0,0,0.00,0,F1,25,,,,,
2026-09-04,2026-09-04,FO,NSE,IDO,76072,,NIFTYNXT50,,2026-09-29,2026-09-29,79400.00,PE,NIFTYNXT5026SEP79400PE,0.00,0.00,0.00,7613.70,0.00,7613.70,72880.90,6320.82,0,0,0,0.00,0,F1,25,,,,,
2026-09-04,2026-09-04,FO,NSE,IDO,51932,,NIFTYNXT50,,2026-10-27,2026-10-27,67200.00,PE,NIFTYNXT5026OCT67200PE,0.00,0.00,0.00,954.65,0.00,954.65,72880.90,352.33,0,0,0,0.00,0,F1,25,,,,,
2026-09-04,2026-09-04,FO,NSE,IDO,52032,,NIFTYNXT50,,2026-10-27,2026-10-27,70400.00,PE,NIFTYNXT5026OCT70400PE,0.00,0.00,0.00,1921.55,0.00,1921.55,72880.90,1029.37,0,0,0,0.00,0,F1,25,,,,,
2026-09-04,2026-09-04,FO,NSE,IDO,52255,,NIFTYNXT50,,2026-10-27,2026-10-27,78400.00,CE,NIFTYNXT5026OCT78400CE,0.00,0.00,0.00,1331.00,0.00,1331.00,72880.90,718.07,0,0,0,0.00,0,F1,25,,,,,
2026-09-04,2026-09-04,FO,NSE,IDO,52234,,NIFTYNXT50,,2026-10-27,2026-10-27,77500.00,CE,NIFTYNXT5026OCT77500CE,0.00,0.00,0.00,1562.60,0.00,1562.60,72880.90,917.75,0,0,0,0.00,0,F1,25,,,,,
2026-09-04,2026-09-04,FO,NSE,IDO,51914,,NIFTYNXT50,,2026-10-27,2026-10-27,66300.00,PE,NIFTYNXT5026OCT66300PE,0.00,0.00,0.00,762.05,0.00,762.05,72880.90,246.50,0,0,0,0.00,0,F1,25,,,,,
2026-09-04,2026-09-04,FO,NSE,IDO,52060,,NIFTYNXT50,,2026-10-27,2026-10-27,70900.00,PE,NIFTYNXT5026OCT70900PE,0.00,0.00,0.00,2116.25,0.00,2116.25,72880.90,1187.63,0,0,0,0.00,0,F1,25,,,,,
2026-09-04,2026-09-04,FO,NSE,IDO,51928,,NIFTYNXT50,,2026-10-27,2026-10-27,67000.00,PE,NIFTYNXT5026OCT67000PE,0.00,0.00,0.00,909.10,0.00,909.10,72880.90,326.19,0,0,0,0.00,0,F1,25,,,,,
2026-09-04,2026-09-04,FO,NSE,IDO,52216,,NIFTYNXT50,,2026-10-27,2026-10-27,76600.00,CE,NIFTYNXT5026OCT76600CE,0.00,0.00,0.00,1829.25,0.00,1829.25,72880.90,1152.39,0,0,0,0.00,0,F1,25,,,,,
2026-09-04,2026-09-04,FO,NSE,IDO,65754,,NIFTYNXT50,,2026-11-23,2026-11-23,74700.00,CE,NIFTYNXT5026NOV74700CE,0.00,0.00,0.00,3593.95,0.00,3593.95,72880.90,2482.48,0,0,0,0.00,0,F1,25,,,,,
2026-09-04,2026-09-04,FO,NSE,IDO,65828,,NIFTYNXT50,,2026-11-23,2026-11-23,76600.00,CE,NIFTYNXT5026NOV76600CE,0.00,0.00,0.00,2698.45,0.00,2698.45,72880.90,1756.07,0,0,0,0.00,0,F1,25,,,,,
2026-09-04,2026-09-04,FO,NSE,IDO,75654,,NIFTYNXT50,,2026-09-29,2026-09-29,73300.00,CE,NIFTYNXT5026SEP73300CE,0.00,0.00,0.00,2970.75,0.00,2970.75,72880.90,1526.99,0,0,0,0.00,0,F1,25,,,,,
2026-09-04,2026-09-04,FO,NSE,IDO,52205,,NIFTYNXT50,,2026-10-27,2026-10-27,76100.00,PE,NIFTYNXT5026OCT76100PE,0.00,0.00,0.00,4861.40,0.00,4861.40,72880.90,3814.76,0,0,0,0.00,0,F1,25,,,,,
2026-09-04,2026-09-04,FO,NSE,IDO,75784,,NIFTYNXT50,,2026-09-29,2026-09-29,74900.00,PE,NIFTYNXT5026SEP74900PE,0.00,0.00,0.00,4441.50,0.00,4441.50,72880.90,2606.61,0,0,0,0.00,0,F1,25,,,,,
2026-09-04,2026-09-04,FO,NSE,IDO,75640,,NIFTYNXT50,,2026-09-29,2026-09-29,72800.00,CE,NIFTYNXT5026SEP72800CE,0.00,0.00,0.00,3198.60,0.00,3198.60,72880.90,1777.18,0,0,0,0.00,0,F1,25,,,,,
2026-09-04,2026-09-04,FO,NSE,IDO,75259,,NIFTYNXT50,,2026-09-29,2026-09-29,67400.00,CE,NIFTYNXT5026SEP67400CE,0.00,0.00,0.00,6424.10,0.00,6424.10,72880.90,5864.18,0,0,0,0.00,0,F1,25,,,,,
2026-09-04,2026-09-04,FO,NSE,IDO,75255,,NIFTYNXT50,,2026-09-29,2026-09-29,67200.00,CE,NIFTYNXT5026SEP67200CE,0.00,0.00,0.00,6569.45,0.00,6569.45,72880.90,6050.19,0,0,0,0.00,0,F1,25,,,,,
2026-09-04,2026-09-04,FO,NSE,IDO,75092,,NIFTYNXT50,,2026-09-29,2026-09-29,64200.00,CE,NIFTYNXT5026SEP64200CE,0.00,0.00,0.00,8929.55,0.00,8929.55,72880.90,8950.92,0,0,0,0.00,0,F1,25,,,,,
2026-09-04,2026-09-04,FO,NSE,IDO,51911,,NIFTYNXT50,,2026-10-27,2026-10-27,66200.00,CE,NIFTYNXT5026OCT66200CE,0.00,0.00,0.00,7624.30,0.00,7624.30,72880.90,7533.58,0,0,0,0.00,0,F1,25,,,,,
2026-09-04,2026-09-04,FO,NSE,IDO,52069,,NIFTYNXT50,,2026-10-27,2026-10-27,71400.00,CE,NIFTYNXT5026OCT71400CE,0.00,0.00,0.00,4083.00,0.00,4083.00,72880.90,3507.38,0,0,0,0.00,0,F1,25,,,,,
2026-09-04,2026-09-04,FO,NSE,IDO,52052,,NIFTYNXT50,,2026-10-27,2026-10-27,70700.00,CE,NIFTYNXT5026OCT70700CE,0.00,0.00,0.00,4486.25,0.00,4486.25,72880.90,3961.38,0,0,0,0.00,0,F1,25,,,,,
2026-09-04,2026-09-04,FO,NSE,IDO,52050,,NIFTYNXT50,,2026-10-27,2026-10-27,70600.00,CE,NIFTYNXT5026OCT70600CE,0.00,0.00,0.00,4545.80,0.00,4545.80,72880.90,4028.80,0,0,0,0.00,0,F1,25,,,,,
2026-09-04,2026-09-04,FO,NSE,IDO,52027,,NIFTYNXT50,,2026-10-27,2026-10-27,70300.00,CE,NIFTYNXT5026OCT70300CE,0.00,0.00,0.00,4727.40,0.00,4727.40,72880.90,4234.82,0,0,0,0.00,0,F1,25,,,,,
2026-09-04,2026-09-04,FO,NSE,IDO,75095,,NIFTYNXT50,,2026-09-29,2026-09-29,64300.00,PE,NIFTYNXT5026SEP64300PE,0.00,0.00,0.00,529.95,0.00,529.95,72880.90,11.15,0,0,0,0.00,0,F1,25,,,,,
2026-09-04,2026-09-04,FO,NSE,IDO,66109,,NIFTYNXT50,,2026-11-23,2026-11-23,83500.00,PE,NIFTYNXT5026NOV83500PE,0.00,0.00,0.00,8523.45,0.00,8523.45,72880.90,9833.18,0,0,0,0.00,0,F1,25,,,,,
2026-09-04,2026-09-04,FO,NSE,IDO,65917,,NIFTYNXT50,,2026-11-23,2026-11-23,79000.00,PE,NIFTYNXT5026NOV79000PE,0.00,0.00,0.00,5129.85,0.00,5129.85,72880.90,6099.51,0,0,0,0.00,0,F1,25,,,,,
2026-09-04,2026-09-04,FO,NSE,IDO,65528,,NIFTYNXT50,,2026-11-23,2026-11-23,69100.00,CE,NIFTYNXT5026NOV69100CE,0.00,0.00,0.00,7252.05,0.00,7252.05,72880.90,5751.67,0,0,0,0.00,0,F1,25,,,,,
2026-09-04,2026-09-04,FO,NSE,IDO,65550,,NIFTYNXT50,,2026-11-23,2026-11-23,70200.00,CE,NIFTYNXT5026NOV70200CE,0.00,0.00,0.00,6423.70,0.00,6423.70,72880.90,4975.42,0,0,0,0.00,0,F1,25,,,,,
2026-09-04,2026-09-04,FO,NSE,IDO,65561,,NIFTYNXT50,,2026-11-23,2026-11-23,70700.00,PE,NIFTYNXT5026NOV70700PE,0.00,0.00,0.00,1202.90,0.00,1202.90,72880.90,1472.70,0,0,0,0.00,0,F1,25,,,,,
2026-09-04,2026-09-04,FO,NSE,IDO,65527,,NIFTYNXT50,,2026-11-23,2026-11-23,69000.00,PE,NIFTYNXT5026NOV69000PE,0.00,0.00,0.00,796.05,0.00,796.05,72880.90,976.98,0,0,0,0.00,0,F1,25,,,,,
2026-09-04,2026-09-04,FO,NSE,IDO,65566,,NIFTYNXT50,,2026-11-23,2026-11-23,71000.00,CE,NIFTYNXT5026NOV71000CE,0.00,0.00,0.00,5847.55,0.00,5847.55,72880.90,4452.26,0,0,0,0.00,0,F1,25,,,,,
2026-09-04,2026-09-04,FO,NSE,IDO,65668,,NIFTYNXT50,,2026-11-23,2026-11-23,71800.00,CE,NIFTYNXT5026NOV71800CE,0.00,0.00,0.00,5304.45,0.00,5304.45,72880.90,3963.07,0,0,0,0.00,0,F1,25,,,,,
2026-09-04,2026-09-04,FO,NSE,IDO,65740,,NIFTYNXT50,,2026-11-23,2026-11-23,74100.00,CE,NIFTYNXT5026NOV74100CE,0.00,0.00,0.00,3913.75,0.00,3913.75,72880.90,2751.08,0,0,0,0.00,0,F1,25,,,,,
2026-09-04,2026-09-04,FO,NSE,IDO,65752,,NIFTYNXT50,,2026-11-23,2026-11-23,74600.00,CE,NIFTYNXT5026NOV74600CE,0.00,0.00,0.00,3646.00,0.00,3646.00,72880.90,2525.90,0,0,0,0.00,0,F1,25,,,,,
2026-09-04,2026-09-04,FO,NSE,IDO,76049,,NIFTYNXT50,,2026-09-29,2026-09-29,78300.00,CE,NIFTYNXT5026SEP78300CE,0.00,0.00,0.00,1302.10,0.00,1302.10,72880.90,213.05,0,0,0,0.00,0,F1,25,,,,,
2026-09-04,2026-09-04,FO,NSE,IDO,52236,,NIFTYNXT50,,2026-10-27,2026-10-27,77600.00,CE,NIFTYNXT5026OCT77600CE,0.00,0.00,0.00,1535.00,0.00,1535.00,72880.90,894.08,0,0,0,0.00,0,F1,25,,,,,
2026-09-04,2026-09-04,FO,NSE,IDO,75768,,NIFTYNXT50,,2026-09-29,2026-09-29,74200.00,CE,NIFTYNXT5026SEP74200CE,0.00,0.00,0.00,2590.20,0.00,2590.20,72880.90,1139.23,0,0,0,0.00,0,F1,25,,,,,
2026-09-04,2026-09-04,FO,NSE,IDO,76054,,NIFTYNXT50,,2026-09-29,2026-09-29,78500.00,PE,NIFTYNXT5026SEP78500PE,0.00,0.00,0.00,6922.40,0.00,6922.40,72880.90,5494.86,0,0,0,0.00,0,F1,25,,,,,
2026-09-04,2026-09-04,FO,NSE,IDO,75782,,NIFTYNXT50,,2026-09-29,2026-09-29,74800.00,PE,NIFTYNXT5026SEP74800PE,0.00,0.00,0.00,4380.30,0.00,4380.30,72880.90,2539.82,0,0,0,0.00,0,F1,25,,,,,
2026-09-04,2026-09-04,FO,NSE,IDO,66056,,NIFTYNXT50,,2026-11-23,2026-11-23,81000.00,CE,NIFTYNXT5026NOV81000CE,0.00,0.00,0.00,1265.00,0.00,1265.00,72880.90,698.98,0,0,0,0.00,0,F1,25,,,,,
2026-09-04,2026-09-04,FO,NSE,IDO,65806,,NIFTYNXT50,,2026-11-23,2026-11-23,75500.00,CE,NIFTYNXT5026NOV75500CE,0.00,0.00,0.00,3195.10,0.00,3195.10,72880.90,2154.09,0,0,0,0.00,0,F1,25,,,,,
2026-09-04,2026-09-04,FO,NSE,IDO,65728,,NIFTYNXT50,,2026-11-23,2026-11-23,73600.00,CE,NIFTYNXT5026NOV73600CE,0.00,0.00,0.00,4194.00,0.00,4194.00,72880.90,2989.81,0,0,0,0.00,0,F1,25,,,,,
2026-09-04,2026-09-04,FO,NSE,IDO,65690,,NIFTYNXT50,,2026-11-23,2026-11-23,72800.00,CE,NIFTYNXT5026NOV72800CE,0.00,0.00,0.00,4668.05,0.00,4668.05,72880.90,3400.55,0,0,0,0.00,0,F1,25,,,,,
2026-09-04,2026-09-04,FO,NSE,IDO,75509,,NIFTYNXT50,,2026-09-29,2026-09-29,71200.00,PE,NIFTYNXT5026SEP71200PE,0.00,0.00,0.00,2486.95,0.00,2486.95,72880.90,773.52,0,0,0,0.00,0,F1,25,,,,,
2026-09-04,2026-09-04,FO,NSE,IDO,65554,,NIFTYNXT50,,2026-11-23,2026-11-23,70400.00,CE,NIFTYNXT5026NOV70400CE,0.00,0.00,0.00,6277.75,0.00,6277.75,72880.90,4841.51,0,0,0,0.00,0,F1,25,,,,,
2026-09-04,2026-09-04,FO,NSE,IDO,65442,,NIFTYNXT50,,2026-11-23,2026-11-23,66200.00,CE,NIFTYNXT5026NOV66200CE,0.00,0.00,0.00,9654.75,0.00,9654.75,72880.90,8045.46,0,0,0,0.00,0,F1,25,,,,,
2026-09-04,2026-09-04,FO,NSE,IDO,65370,,NIFTYNXT50,,2026-11-23,2026-11-23,64000.00,CE,NIFTYNXT5026NOV64000CE,0.00,0.00,0.00,11634.65,0.00,11634.65,72880.90,9983.63,0,0,0,0.00,0,F1,25,,,,,
2026-09-04,2026-09-04,FO,NSE,IDO,51930,,NIFTYNXT50,,2026-10-27,2026-10-27,67100.00,PE,NIFTYNXT5026OCT67100PE,0.00,0.00,0.00,931.70,0.00,931.70,72880.90,339.06,0,0,0,0.00,0,F1,25,,,,,
2026-09-04,2026-09-04,FO,NSE,IDO,65872,,NIFTYNXT50,,2026-11-23,2026-11-23,78200.00,PE,NIFTYNXT5026NOV78200PE,0.00,0.00,0.00,4608.25,0.00,4608.25,72880.90,5503.11,0,0,0,0.00,0,F1,25,,,,,
2026-09-04,2026-09-04,FO,NSE,IDO,65821,,NIFTYNXT50,,2026-11-23,2026-11-23,76200.00,PE,NIFTYNXT5026NOV76200PE,0.00,0.00,0.00,3431.35,0.00,3431.35,72880.90,4144.91,0,0,0,0.00,0,F1,25,,,,,
2026-09-04,2026-09-04,FO,NSE,IDO,65765,,NIFTYNXT50,,2026-11-23,2026-11-23,75200.00,PE,NIFTYNXT5026NOV75200PE,0.00,0.00,0.00,2915.10,0.00,2915.10,72880.90,3538.41,0,0,0,0.00,0,F1,25,,,,,
2026-09-04,2026-09-04,FO,NSE,IDO,65569,,NIFTYNXT50,,2026-11-23,2026-11-23,71100.00,PE,NIFTYNXT5026NOV71100PE,0.00,0.00,0.00,1312.90,0.00,1312.90,72880.90,1611.80,0,0,0,0.00,0,F1,25,,,,,
2026-09-04,2026-09-04,FO,NSE,IDO,52202,,NIFTYNXT50,,2026-10-27,2026-10-27,76000.00,CE,NIFTYNXT5026OCT76000CE,0.00,0.00,0.00,2025.65,0.00,2025.65,72880.90,1336.03,0,0,0,0.00,0,F1,25,,,,,
2026-09-04,2026-09-04,FO,NSE,IDO,52173,,NIFTYNXT50,,2026-10-27,2026-10-27,74600.00,CE,NIFTYNXT5026OCT74600CE,0.00,0.00,0.00,2545.60,0.00,2545.60,72880.90,1849.09,0,0,0,0.00,0,F1,25,,,,,
2026-09-04,2026-09-04,FO,NSE,IDO,52153,,NIFTYNXT50,,2026-10-27,2026-10-27,73600.00,CE,NIFTYNXT5026OCT73600CE,0.00,0.00,0.00,2972.55,0.00,2972.55,72880.90,2292.97,0,0,0,0.00,0,F1,25,,,,,
2026-09-04,2026-09-04,FO,NSE,IDO,65559,,NIFTYNXT50,,2026-11-23,2026-11-23,70600.00,PE,NIFTYNXT5026NOV70600PE,0.00,0.00,0.00,1175.85,0.00,1175.85,72880.90,1439.24,0,0,0,0.00,0,F1,25,,,,,
2026-09-04,2026-09-04,FO,NSE,IDO,65437,,NIFTYNXT50,,2026-11-23,2026-11-23,65900.00,PE,NIFTYNXT5026NOV65900PE,0.00,0.00,0.00,330.15,0.00,330.15,72880.90,396.77,0,0,0,0.00,0,F1,25,,,,,
2026-09-04,2026-09-04,FO,NSE,IDO,65427,,NIFTYNXT50,,2026-11-23,2026-11-23,65400.00,PE,NIFTYNXT5026NOV65400PE,0.00,0.00,0.00,281.50,0.00,281.50,72880.90,336.61,0,0,0,0.00,0,F1,25,,,,,
2026-09-04,2026-09-04,FO,NSE,IDO,75505,,NIFTYNXT50,,2026-09-29,2026-09-29,71000.00,PE,NIFTYNXT5026SEP71000PE,0.00,0.00,0.00,2399.95,0.00,2399.95,72880.90,712.09,0,0,0,0.00,0,F1,25,,,,,
2026-09-04,2026-09-04,FO,NSE,IDO,52241,,NIFTYNXT50,,2026-10-27,2026-10-27,77800.00,PE,NIFTYNXT5026OCT77800PE,0.00,0.00,0.00,6024.95,0.00,6024.95,72880.90,5040.20,0,0,0,0.00,0,F1,25,,,,,
2026-09-04,2026-09-04,FO,NSE,IDO,52239,,NIFTYNXT50,,2026-10-27,2026-10-27,77700.00,PE,NIFTYNXT5026OCT77700PE,0.00,0.00,0.00,5953.30,0.00,5953.30,72880.90,4966.81,0,0,0,0.00,0,F1,25,,,,,
2026-09-04,2026-09-04,FO,NSE,IDO,52231,,NIFTYNXT50,,2026-10-27,2026-10-27,77300.00,PE,NIFTYNXT5026OCT77300PE,0.00,0.00,0.00,5670.60,0.00,5670.60,72880.90,4666.22,0,0,0,0.00,0,F1,25,,,,,
2026-09-04,2026-09-04,FO,NSE,IDO,52227,,NIFTYNXT50,,2026-10-27,2026-10-27,77100.00,PE,NIFTYNXT5026OCT77100PE,0.00,0.00,0.00,5531.65,0.00,5531.65,72880.90,4516.25,0,0,0,0.00,0,F1,25,,,,,
2026-09-04,2026-09-04,FO,NSE,IDO,52190,,NIFTYNXT50,,2026-10-27,2026-10-27,75400.00,PE,NIFTYNXT5026OCT75400PE,0.00,0.00,0.00,4417.75,0.00,4417.75,72880.90,3358.26,0,0,0,0.00,0,F1,25,,,,,
2026-09-04,2026-09-04,FO,NSE,IDO,52162,,NIFTYNXT50,,2026-10-27,2026-10-27,74000.00,PE,NIFTYNXT5026OCT74000PE,0.00,0.00,0.00,3597.20,0.00,3597.20,72880.90,2537.76,0,0,0,0.00,0,F1,25,,,,,
2026-09-04,2026-09-04,FO,NSE,IDO,52136,,NIFTYNXT50,,2026-10-27,2026-10-27,73100.00,PE,NIFTYNXT5026OCT73100PE,0.00,0.00,0.00,3118.65,0.00,3118.65,72880.90,2079.10,0,0,0,0.00,0,F1,25,,,,,
2026-09-04,2026-09-04,FO,NSE,IDO,52135,,NIFTYNXT50,,2026-10-27,2026-10-27,73100.00,CE,NIFTYNXT5026OCT73100CE,0.00,0.00,0.00,3204.05,0.00,3204.05,72880.90,2540.39,0,0,0,0.00,0,F1,25,,,,,
2026-09-04,2026-09-04,FO,NSE,IDO,51961,,NIFTYNXT50,,2026-10-27,2026-10-27,68300.00,CE,NIFTYNXT5026OCT68300CE,0.00,0.00,0.00,6050.40,0.00,6050.40,72880.90,5743.24,0,0,0,0.00,0,F1,25,,,,,
2026-09-04,2026-09-04,FO,NSE,IDO,51913,,NIFTYNXT50,,2026-10-27,2026-10-27,66300.00,CE,NIFTYNXT5026OCT66300CE,0.00,0.00,0.00,7545.30,0.00,7545.30,72880.90,7444.50,0,0,0,0.00,0,F1,25,,,,,
2026-09-04,2026-09-04,FO,NSE,IDO,75994,,NIFTYNXT50,,2026-09-29,2026-09-29,78000.00,PE,NIFTYNXT5026SEP78000PE,0.00,0.00,0.00,6548.10,0.00,6548.10,72880.90,5049.12,0,0,0,0.00,0,F1,25,,,,,
2026-09-04,2026-09-04,FO,NSE,IDO,75295,,NIFTYNXT50,,2026-09-29,2026-09-29,67600.00,PE,NIFTYNXT5026SEP67600PE,0.00,0.00,0.00,1214.15,0.00,1214.15,72880.90,125.16,0,0,0,0.00,0,F1,25,,,,,
2026-09-04,2026-09-04,FO,NSE,IDO,75856,,NIFTYNXT50,,2026-09-29,2026-09-29,76000.00,PE,NIFTYNXT5026SEP76000PE,0.00,0.00,0.00,5143.20,0.00,5143.20,72880.90,3397.32,0,0,0,0.00,0,F1,25,,,,,
2026-09-04,2026-09-04,FO,NSE,IDO,51896,,NIFTYNXT50,,2026-10-27,2026-10-27,65800.00,PE,NIFTYNXT5026OCT65800PE,0.00,0.00,0.00,668.40,0.00,668.40,72880.90,199.78,0,0,0,0.00,0,F1,25,,,,,
2026-09-04,2026-09-04,FO,NSE,IDO,65713,,NIFTYNXT50,,2026-11-23,2026-11-23,73500.00,CE,NIFTYNXT5026NOV73500CE,0.00,0.00,0.00,4251.50,0.00,4251.50,72880.90,3039.48,0,0,0,0.00,0,F1,25,,,,,
2026-09-04,2026-09-04,FO,NSE,IDO,65736,,NIFTYNXT50,,2026-11-23,2026-11-23,73900.00,CE,NIFTYNXT5026NOV73900CE,0.00,0.00,0.00,4024.35,0.00,4024.35,72880.90,2844.93,0,0,0,0.00,0,F1,25,,,,,
2026-09-04,2026-09-04,FO,NSE,IDO,65830,,NIFTYNXT50,,2026-11-23,2026-11-23,76700.00,CE,NIFTYNXT5026NOV76700CE,0.00,0.00,0.00,2656.25,0.00,2656.25,72880.90,1722.85,0,0,0,0.00,0,F1,25,,,,,
2026-09-04,2026-09-04,FO,NSE,IDO,65818,,NIFTYNXT50,,2026-11-23,2026-11-23,76100.00,CE,NIFTYNXT5026NOV76100CE,0.00,0.00,0.00,2916.90,0.00,2916.90,72880.90,1929.50,0,0,0,0.00,0,F1,25,,,,,
2026-09-04,2026-09-04,FO,NSE,IDO,65820,,NIFTYNXT50,,2026-11-23,2026-11-23,76200.00,CE,NIFTYNXT5026NOV76200CE,0.00,0.00,0.00,2872.25,0.00,2872.25,72880.90,1893.83,0,0,0,0.00,0,F1,25,,,,,
2026-09-04,2026-09-04,FO,NSE,IDO,65845,,NIFTYNXT50,,2026-11-23,2026-11-23,77400.00,PE,NIFTYNXT5026NOV77400PE,0.00,0.00,0.00,4115.10,0.00,4115.10,72880.90,4937.78,0,0,0,0.00,0,F1,25,,,,,
2026-09-04,2026-09-04,FO,NSE,IDO,65823,,NIFTYNXT50,,2026-11-23,2026-11-23,76300.00,PE,NIFTYNXT5026NOV76300PE,0.00,0.00,0.00,3485.70,0.00,3485.70,72880.90,4208.34,0,0,0,0.00,0,F1,25,,,,,
2026-09-04,2026-09-04,FO,NSE,IDO,65578,,NIFTYNXT50,,2026-11-23,2026-11-23,71500.00,CE,NIFTYNXT5026NOV71500CE,0.00,0.00,0.00,5504.65,0.00,5504.65,72880.90,4142.47,0,0,0,0.00,0,F1,25,,,,,
2026-09-04,2026-09-04,FO,NSE,IDO,65536,,NIFTYNXT50,,2026-11-23,2026-11-23,69500.00,CE,NIFTYNXT5026NOV69500CE,0.00,0.00,0.00,6944.15,0.00,6944.15,72880.90,5463.24,0,0,0,0.00,0,F1,25,,,,,
2026-09-04,2026-09-04,FO,NSE,IDO,65749,,NIFTYNXT50,,2026-11-23,2026-11-23,74400.00,PE,NIFTYNXT5026NOV74400PE,0.00,0.00,0.00,2537.45,0.00,2537.45,72880.90,3090.67,0,0,0,0.00,0,F1,25,,,,,
2026-09-04,2026-09-04,FO,NSE,IDO,65745,,NIFTYNXT50,,2026-11-23,2026-11-23,74300.00,PE,NIFTYNXT5026NOV74300PE,0.00,0.00,0.00,2492.50,0.00,2492.50,72880.90,3037.11,0,0,0,0.00,0,F1,25,,,,,
2026-09-04,2026-09-04,FO,NSE,IDO,65739,,NIFTYNXT50,,2026-11-23,2026-11-23,74000.00,PE,NIFTYNXT5026NOV74000PE,0.00,0.00,0.00,2360.60,0.00,2360.60,72880.90,2879.65,0,0,0,0.00,0,F1,25,,,,,
2026-09-04,2026-09-04,FO,NSE,IDO,65490,,NIFTYNXT50,,2026-11-23,2026-11-23,68000.00,CE,NIFTYNXT5026NOV68000CE,0.00,0.00,0.00,8130.15,0.00,8130.15,72880.90,6579.03,0,0,0,0.00,0,F1,25,,,,,
2026-09-04,2026-09-04,FO,NSE,IDO,65448,,NIFTYNXT50,,2026-11-23,2026-11-23,66500.00,CE,NIFTYNXT5026NOV66500CE,0.00,0.00,0.00,9393.95,0.00,9393.95,72880.90,7792.64,0,0,0,0.00,0,F1,25,,,,,
2026-09-04,2026-09-04,FO,NSE,IDO,52141,,NIFTYNXT50,,2026-10-27,2026-10-27,73300.00,CE,NIFTYNXT5026OCT73300CE,0.00,0.00,0.00,3110.00,0.00,3110.00,72880.90,2439.51,0,0,0,0.00,0,F1,25,,,,,
2026-09-04,2026-09-04,FO,NSE,IDO,51919,,NIFTYNXT50,,2026-10-27,2026-10-27,66600.00,CE,NIFTYNXT5026OCT66600CE,0.00,0.00,0.00,7310.50,0.00,7310.50,72880.90,7179.28,0,0,0,0.00,0,F1,25,,,,,
2026-09-04,2026-09-04,FO,NSE,IDO,65737,,NIFTYNXT50,,2026-11-23,2026-11-23,73900.00,PE,NIFTYNXT5026NOV73900PE,0.00,0.00,0.00,2317.65,0.00,2317.65,72880.90,2828.26,0,0,0,0.00,0,F1,25,,,,,
2026-09-04,2026-09-04,FO,NSE,IDO,51891,,NIFTYNXT50,,2026-10-27,2026-10-27,65600.00,CE,NIFTYNXT5026OCT65600CE,0.00,0.00,0.00,8106.15,0.00,8106.15,72880.90,8074.71,0,0,0,0.00,0,F1,25,,,,,
2026-09-04,2026-09-04,FO,NSE,IDO,76057,,NIFTYNXT50,,2026-09-29,2026-09-29,78700.00,CE,NIFTYNXT5026SEP78700CE,0.00,0.00,0.00,1211.10,0.00,1211.10,72880.90,175.34,0,0,0,0.00,0,F1,25,,,,,
2026-09-04,2026-09-04,FO,NSE,IDO,75538,,NIFTYNXT50,,2026-09-29,2026-09-29,72200.00,CE,NIFTYNXT5026SEP72200CE,0.00,0.00,0.00,3488.05,0.00,3488.05,72880.90,2109.93,0,0,0,0.00,0,F1,25,,,,,
2026-09-04,2026-09-04,FO,NSE,IDO,65891,,NIFTYNXT50,,2026-11-23,2026-11-23,78500.00,CE,NIFTYNXT5026NOV78500CE,0.00,0.00,0.00,1975.65,0.00,1975.65,72880.90,1206.55,0,0,0,0.00,0,F1,25,,,,,
2026-09-04,2026-09-04,FO,NSE,IDO,52367,,NIFTYNXT50,,2026-10-27,2026-10-27,82000.00,PE,NIFTYNXT5026OCT82000PE,0.00,0.00,0.00,9338.40,0.00,9338.40,72880.90,8598.09,0,0,0,0.00,0,F1,25,,,,,
2026-09-04,2026-09-04,FO,NSE,IDO,76633,,NIFTYNXT50,,2026-09-29,2026-09-29,84500.00,PE,NIFTYNXT5026SEP84500PE,0.00,0.00,0.00,11950.10,0.00,11950.10,72880.90,11282.74,0,0,0,0.00,0,F1,25,,,,,
2026-09-04,2026-09-04,FO,NSE,IDO,75522,,NIFTYNXT50,,2026-09-29,2026-09-29,71900.00,CE,NIFTYNXT5026SEP71900CE,0.00,0.00,0.00,3639.10,0.00,3639.10,72880.90,2289.64,0,0,0,0.00,0,F1,25,,,,,
2026-09-04,2026-09-04,FO,NSE,IDO,75508,,NIFTYNXT50,,2026-09-29,2026-09-29,71200.00,CE,NIFTYNXT5026SEP71200CE,0.00,0.00,0.00,4008.55,0.00,4008.55,72880.90,2742.54,0,0,0,0.00,0,F1,25,,,,,
2026-09-04,2026-09-04,FO,NSE,IDO,75094,,NIFTYNXT50,,2026-09-29,2026-09-29,64300.00,CE,NIFTYNXT5026SEP64300CE,0.00,0.00,0.00,8845.70,0.00,8845.70,72880.90,8852.24,0,0,0,0.00,0,F1,25,,,,,
2026-09-04,2026-09-04,FO,NSE,IDO,75982,,NIFTYNXT50,,2026-09-29,2026-09-29,77700.00,PE,NIFTYNXT5026SEP77700PE,0.00,0.00,0.00,6324.95,0.00,6324.95,72880.90,4787.04,0,0,0,0.00,0,F1,25,,,,,
2026-09-04,2026-09-04,FO,NSE,IDO,75778,,NIFTYNXT50,,2026-09-29,2026-09-29,74600.00,PE,NIFTYNXT5026SEP74600PE,0.00,0.00,0.00,4259.30,0.00,4259.30,72880.90,2408.91,0,0,0,0.00,0,F1,25,,,,,
2026-09-04,2026-09-04,FO,NSE,IDO,75639,,NIFTYNXT50,,2026-09-29,2026-09-29,72700.00,PE,NIFTYNXT5026SEP72700PE,0.00,0.00,0.00,3201.00,0.00,3201.00,72880.90,1355.07,0,0,0,0.00,0,F1,25,,,,,
2026-09-04,2026-09-04,FO,NSE,IDO,75099,,NIFTYNXT50,,2026-09-29,2026-09-29,64500.00,PE,NIFTYNXT5026SEP64500PE,0.00,0.00,0.00,560.15,0.00,560.15,72880.90,13.22,0,0,0,0.00,0,F1,25,,,,,
2026-09-04,2026-09-04,FO,NSE,IDO,75262,,NIFTYNXT50,,2026-09-29,2026-09-29,67500.00,PE,NIFTYNXT5026SEP67500PE,0.00,0.00,0.00,1187.25,0.00,1187.25,72880.90,117.66,0,0,0,0.00,0,F1,25,,,,,
2026-09-04,2026-09-04,FO,NSE,IDO,75515,,NIFTYNXT50,,2026-09-29,2026-09-29,71500.00,PE,NIFTYNXT5026SEP71500PE,0.00,0.00,0.00,2621.15,0.00,2621.15,72880.90,872.55,0,0,0,0.00,0,F1,25,,,,,
2026-09-04,2026-09-04,FO,NSE,IDO,52070,,NIFTYNXT50,,2026-10-27,2026-10-27,71400.00,PE,NIFTYNXT5026OCT71400PE,0.00,0.00,0.00,2323.20,0.00,2323.20,72880.90,1361.91,0,0,0,0.00,0,F1,25,,,,,
2026-09-04,2026-09-04,FO,NSE,IDO,75519,,NIFTYNXT50,,2026-09-29,2026-09-29,71700.00,PE,NIFTYNXT5026SEP71700PE,0.00,0.00,0.00,2713.00,0.00,2713.00,72880.90,943.25,0,0,0,0.00,0,F1,25,,,,,
2026-09-04,2026-09-04,FO,NSE,IDO,66089,,NIFTYNXT50,,2026-11-23,2026-11-23,82500.00,PE,NIFTYNXT5026NOV82500PE,0.00,0.00,0.00,7710.80,0.00,7710.80,72880.90,8954.18,0,0,0,0.00,0,F1,25,,,,,
2026-09-04,2026-09-04,FO,NSE,IDO,75525,,NIFTYNXT50,,2026-09-29,2026-09-29,72000.00,PE,NIFTYNXT5026SEP72000PE,612.00,612.00,472.90,472.90,472.90,616.50,72880.90,472.90,175,100,7,12687747.50,3,F1,25,,,,,
2026-09-04,2026-09-04,FO,NSE,IDO,65853,,NIFTYNXT50,,2026-11-23,2026-11-23,77700.00,PE,NIFTYNXT5026NOV77700PE,0.00,0.00,0.00,4296.60,0.00,4296.60,72880.90,5146.47,0,0,0,0.00,0,F1,25,,,,,
2026-09-04,2026-09-04,FO,NSE,IDO,75511,,NIFTYNXT50,,2026-09-29,2026-09-29,71300.00,PE,NIFTYNXT5026SEP71300PE,0.00,0.00,0.00,2531.20,0.00,2531.20,72880.90,805.60,0,0,0,0.00,0,F1,25,,,,,
2026-09-04,2026-09-04,FO,NSE,IDO,75157,,NIFTYNXT50,,2026-09-29,2026-09-29,65800.00,PE,NIFTYNXT5026SEP65800PE,0.00,0.00,0.00,789.35,0.00,789.35,72880.90,37.01,0,0,0,0.00,0,F1,25,,,,,
2026-09-04,2026-09-04,FO,NSE,IDO,75792,,NIFTYNXT50,,2026-09-29,2026-09-29,75300.00,CE,NIFTYNXT5026SEP75300CE,0.00,0.00,0.00,2175.10,0.00,2175.10,72880.90,768.03,0,0,0,0.00,0,F1,25,,,,,
2026-09-04,2026-09-04,FO,NSE,IDO,75777,,NIFTYNXT50,,2026-09-29,2026-09-29,74600.00,CE,NIFTYNXT5026SEP74600CE,0.00,0.00,0.00,2433.00,0.00,2433.00,72880.90,991.69,0,0,0,0.00,0,F1,25,,,,,
2026-09-04,2026-09-04,FO,NSE,IDO,75516,,NIFTYNXT50,,2026-09-29,2026-09-29,71600.00,CE,NIFTYNXT5026SEP71600CE,0.00,0.00,0.00,3794.50,0.00,3794.50,72880.90,2478.06,0,0,0,0.00,0,F1,25,,,,,
2026-09-04,2026-09-04,FO,NSE,IDO,75235,,NIFTYNXT50,,2026-09-29,2026-09-29,66700.00,CE,NIFTYNXT5026SEP66700CE,0.00,0.00,0.00,6936.90,0.00,6936.90,72880.90,6520.84,0,0,0,0.00,0,F1,25,,,,,
2026-09-04,2026-09-04,FO,NSE,IDO,65835,,NIFTYNXT50,,2026-11-23,2026-11-23,76900.00,PE,NIFTYNXT5026NOV76900PE,0.00,0.00,0.00,3821.90,0.00,3821.90,72880.90,4599.11,0,0,0,0.00,0,F1,25,,,,,
2026-09-04,2026-09-04,FO,NSE,IDO,75790,,NIFTYNXT50,,2026-09-29,2026-09-29,75200.00,CE,NIFTYNXT5026SEP75200CE,0.00,0.00,0.00,2210.60,0.00,2210.60,72880.90,797.39,0,0,0,0.00,0,F1,25,,,,,
2026-09-04,2026-09-04,FO,NSE,IDO,75951,,NIFTYNXT50,,2026-09-29,2026-09-29,77300.00,CE,NIFTYNXT5026SEP77300CE,0.00,0.00,0.00,1551.95,0.00,1551.95,72880.90,338.29,0,0,0,0.00,0,F1,25,,,,,
2026-09-04,2026-09-04,FO,NSE,IDO,51885,,NIFTYNXT50,,2026-10-27,2026-10-27,65400.00,CE,NIFTYNXT5026OCT65400CE,0.00,0.00,0.00,8269.60,0.00,8269.60,72880.90,8257.44,0,0,0,0.00,0,F1,25,,,,,
2026-09-04,2026-09-04,FO,NSE,IDO,65712,,NIFTYNXT50,,2026-11-23,2026-11-23,73400.00,PE,NIFTYNXT5026NOV73400PE,0.00,0.00,0.00,2110.25,0.00,2110.25,72880.90,2579.74,0,0,0,0.00,0,F1,25,,,,,
2026-09-04,2026-09-04,FO,NSE,IDO,65491,,NIFTYNXT50,,2026-11-23,2026-11-23,68000.00,PE,NIFTYNXT5026NOV68000PE,0.00,0.00,0.00,611.10,0.00,611.10,72880.90,745.05,0,0,0,0.00,0,F1,25,,,,,
2026-09-04,2026-09-04,FO,NSE,IDO,65443,,NIFTYNXT50,,2026-11-23,2026-11-23,66200.00,PE,NIFTYNXT5026NOV66200PE,0.00,0.00,0.00,362.45,0.00,362.45,72880.90,436.70,0,0,0,0.00,0,F1,25,,,,,
2026-09-04,2026-09-04,FO,NSE,IDO,52333,,NIFTYNXT50,,2026-10-27,2026-10-27,80700.00,PE,NIFTYNXT5026OCT80700PE,0.00,0.00,0.00,8256.45,0.00,8256.45,72880.90,7434.34,0,0,0,0.00,0,F1,25,,,,,
2026-09-04,2026-09-04,FO,NSE,IDO,52256,,NIFTYNXT50,,2026-10-27,2026-10-27,78400.00,PE,NIFTYNXT5026OCT78400PE,0.00,0.00,0.00,6466.00,0.00,6466.00,72880.90,5507.45,0,0,0,0.00,0,F1,25,,,,,
2026-09-04,2026-09-04,FO,NSE,IDO,52178,,NIFTYNXT50,,2026-10-27,2026-10-27,74800.00,PE,NIFTYNXT5026OCT74800PE,0.00,0.00,0.00,4054.95,0.00,4054.95,72880.90,2991.10,0,0,0,0.00,0,F1,25,,,,,
2026-09-04,2026-09-04,FO,NSE,IDO,52170,,NIFTYNXT50,,2026-10-27,2026-10-27,74400.00,PE,NIFTYNXT5026OCT74400PE,0.00,0.00,0.00,3822.30,0.00,3822.30,72880.90,2759.17,0,0,0,0.00,0,F1,25,,,,,
2026-09-04,2026-09-04,FO,NSE,IDO,52142,,NIFTYNXT50,,2026-10-27,2026-10-27,73300.00,PE,NIFTYNXT5026OCT73300PE,0.00,0.00,0.00,3221.60,0.00,3221.60,72880.90,2176.36,0,0,0,0.00,0,F1,25,,,,,
2026-09-04,2026-09-04,FO,NSE,IDO,75035,,NIFTYNXT50,,2026-09-29,2026-09-29,63500.00,CE,NIFTYNXT5026SEP63500CE,0.00,0.00,0.00,9524.90,0.00,9524.90,72880.90,9643.31,0,0,0,0.00,0,F1,25,,,,,
2026-09-04,2026-09-04,FO,NSE,IDF,68412,,NIFTYNXT50,,2026-09-29,2026-09-29,,,NIFTYNXT5026SEPFUT,73349.80,73492.40,73150.00,73189.00,73150.00,73202.40,72880.90,73189.00,17100,250,41,75148120.00,39,F1,25,,,,,
2026-09-04,2026-09-04,FO,NSE,IDO,51895,,NIFTYNXT50,,2026-10-27,2026-10-27,65800.00,CE,NIFTYNXT5026OCT65800CE,0.00,0.00,0.00,7944.10,0.00,7944.10,72880.90,7893.12,0,0,0,0.00,0,F1,25,,,,,
2026-09-04,2026-09-04,FO,NSE,IDO,52053,,NIFTYNXT50,,2026-10-27,2026-10-27,70700.00,PE,NIFTYNXT5026OCT70700PE,0.00,0.00,0.00,2036.90,0.00,2036.90,72880.90,1122.43,0,0,0,0.00,0,F1,25,,,,,
2026-09-04,2026-09-04,FO,NSE,IDO,52028,,NIFTYNXT50,,2026-10-27,2026-10-27,70300.00,PE,NIFTYNXT5026OCT70300PE,0.00,0.00,0.00,1884.05,0.00,1884.05,72880.90,999.59,0,0,0,0.00,0,F1,25,,,,,
2026-09-04,2026-09-04,FO,NSE,IDO,51894,,NIFTYNXT50,,2026-10-27,2026-10-27,65700.00,PE,NIFTYNXT5026OCT65700PE,0.00,0.00,0.00,650.75,0.00,650.75,72880.90,191.36,0,0,0,0.00,0,F1,25,,,,,
2026-09-04,2026-09-04,FO,NSE,IDO,51927,,NIFTYNXT50,,2026-10-27,2026-10-27,67000.00,CE,NIFTYNXT5026OCT67000CE,0.00,0.00,0.00,7002.85,0.00,7002.85,72880.90,6830.70,0,0,0,0.00,0,F1,25,,,,,
2026-09-04,2026-09-04,FO,NSE,IDO,51959,,NIFTYNXT50,,2026-10-27,2026-10-27,68200.00,CE,NIFTYNXT5026OCT68200CE,0.00,0.00,0.00,6121.40,0.00,6121.40,72880.90,5824.18,0,0,0,0.00,0,F1,25,,,,,
2026-09-04,2026-09-04,FO,NSE,IDO,65842,,NIFTYNXT50,,2026-11-23,2026-11-23,77300.00,CE,NIFTYNXT5026NOV77300CE,0.00,0.00,0.00,2412.75,0.00,2412.75,72880.90,1533.46,0,0,0,0.00,0,F1,25,,,,,
2026-09-04,2026-09-04,FO,NSE,IDO,65580,,NIFTYNXT50,,2026-11-23,2026-11-23,71600.00,CE,NIFTYNXT5026NOV71600CE,0.00,0.00,0.00,5437.45,0.00,5437.45,72880.90,4082.13,0,0,0,0.00,0,F1,25,,,,,
2026-09-04,2026-09-04,FO,NSE,IDO,65480,,NIFTYNXT50,,2026-11-23,2026-11-23,67500.00,CE,NIFTYNXT5026NOV67500CE,0.00,0.00,0.00,8543.45,0.00,8543.45,72880.90,6973.69,0,0,0,0.00,0,F1,25,,,,,
2026-09-04,2026-09-04,FO,NSE,IDO,65426,,NIFTYNXT50,,2026-11-23,2026-11-23,65400.00,CE,NIFTYNXT5026NOV65400CE,0.00,0.00,0.00,10361.95,0.00,10361.95,72880.90,8734.15,0,0,0,0.00,0,F1,25,,,,,
2026-09-04,2026-09-04,FO,NSE,IDO,66078,,NIFTYNXT50,,2026-11-23,2026-11-23,82000.00,CE,NIFTYNXT5026NOV82000CE,0.00,0.00,0.00,1042.85,0.00,1042.85,72880.90,553.82,0,0,0,0.00,0,F1,25,,,,,
2026-09-04,2026-09-04,FO,NSE,IDO,52332,,NIFTYNXT50,,2026-10-27,2026-10-27,80700.00,CE,NIFTYNXT5026OCT80700CE,0.00,0.00,0.00,856.00,0.00,856.00,72880.90,366.37,0,0,0,0.00,0,F1,25,,,,,
2026-09-04,2026-09-04,FO,NSE,IDO,52244,,NIFTYNXT50,,2026-10-27,2026-10-27,78000.00,CE,NIFTYNXT5026OCT78000CE,0.00,0.00,0.00,1428.30,0.00,1428.30,72880.90,800.98,0,0,0,0.00,0,F1,25,,,,,
2026-09-04,2026-09-04,FO,NSE,IDO,52185,,NIFTYNXT50,,2026-10-27,2026-10-27,75200.00,CE,NIFTYNXT5026OCT75200CE,0.00,0.00,0.00,2311.90,0.00,2311.90,72880.90,1614.18,0,0,0,0.00,0,F1,25,,,,,
2026-09-04,2026-09-04,FO,NSE,IDO,51876,,NIFTYNXT50,,2026-10-27,2026-10-27,65000.00,PE,NIFTYNXT5026OCT65000PE,0.00,0.00,0.00,536.85,0.00,536.85,72880.90,140.16,0,0,0,0.00,0,F1,25,,,,,
2026-09-04,2026-09-04,FO,NSE,IDO,76052,,NIFTYNXT50,,2026-09-29,2026-09-29,78400.00,PE,NIFTYNXT5026SEP78400PE,0.00,0.00,0.00,6846.85,0.00,6846.85,72880.90,5404.88,0,0,0,0.00,0,F1,25,,,,,
2026-09-04,2026-09-04,FO,NSE,IDO,52387,,NIFTYNXT50,,2026-10-27,2026-10-27,83000.00,PE,NIFTYNXT5026OCT83000PE,0.00,0.00,0.00,10198.65,0.00,10198.65,72880.90,9519.91,0,0,0,0.00,0,F1,25,,,,,
2026-09-04,2026-09-04,FO,NSE,IDO,52224,,NIFTYNXT50,,2026-10-27,2026-10-27,77000.00,CE,NIFTYNXT5026OCT77000CE,0.00,0.00,0.00,1706.70,0.00,1706.70,72880.90,1041.21,0,0,0,0.00,0,F1,25,,,,,
2026-09-04,2026-09-04,FO,NSE,IDO,52218,,NIFTYNXT50,,2026-10-27,2026-10-27,76700.00,CE,NIFTYNXT5026OCT76700CE,0.00,0.00,0.00,1798.00,0.00,1798.00,72880.90,1123.77,0,0,0,0.00,0,F1,25,,,,,
2026-09-04,2026-09-04,FO,NSE,IDO,52171,,NIFTYNXT50,,2026-10-27,2026-10-27,74500.00,CE,NIFTYNXT5026OCT74500CE,0.00,0.00,0.00,2586.15,0.00,2586.15,72880.90,1890.50,0,0,0,0.00,0,F1,25,,,,,
2026-09-04,2026-09-04,FO,NSE,IDO,52131,,NIFTYNXT50,,2026-10-27,2026-10-27,72900.00,CE,NIFTYNXT5026OCT72900CE,0.00,0.00,0.00,3300.05,0.00,3300.05,72880.90,2644.00,0,0,0,0.00,0,F1,25,,,,,
2026-09-04,2026-09-04,FO,NSE,IDO,52079,,NIFTYNXT50,,2026-10-27,2026-10-27,71900.00,CE,NIFTYNXT5026OCT71900CE,0.00,0.00,0.00,3809.80,0.00,3809.80,72880.90,3202.77,0,0,0,0.00,0,F1,25,,,,,
2026-09-04,2026-09-04,FO,NSE,IDO,52024,,NIFTYNXT50,,2026-10-27,2026-10-27,70200.00,CE,NIFTYNXT5026OCT70200CE,0.00,0.00,0.00,4788.90,0.00,4788.90,72880.90,4304.73,0,0,0,0.00,0,F1,25,,,,,
2026-09-04,2026-09-04,FO,NSE,IDO,51917,,NIFTYNXT50,,2026-10-27,2026-10-27,66500.00,CE,NIFTYNXT5026OCT66500CE,0.00,0.00,0.00,7388.40,0.00,7388.40,72880.90,7267.34,0,0,0,0.00,0,F1,25,,,,,
2026-09-04,2026-09-04,FO,NSE,IDO,76632,,NIFTYNXT50,,2026-09-29,2026-09-29,84500.00,CE,NIFTYNXT5026SEP84500CE,0.00,0.00,0.00,375.70,0.00,375.70,72880.90,5.58,0,0,0,0.00,0,F1,25,,,,,
2026-09-04,2026-09-04,FO,NSE,IDO,76053,,NIFTYNXT50,,2026-09-29,2026-09-29,78500.00,CE,NIFTYNXT5026SEP78500CE,0.00,0.00,0.00,1255.95,0.00,1255.95,72880.90,193.42,0,0,0,0.00,0,F1,25,,,,,
2026-09-04,2026-09-04,FO,NSE,IDO,75875,,NIFTYNXT50,,2026-09-29,2026-09-29,77000.00,CE,NIFTYNXT5026SEP77000CE,0.00,0.00,0.00,1635.25,0.00,1635.25,72880.90,385.99,0,0,0,0.00,0,F1,25,,,,,
2026-09-04,2026-09-04,FO,NSE,IDO,75851,,NIFTYNXT50,,2026-09-29,2026-09-29,75900.00,CE,NIFTYNXT5026SEP75900CE,0.00,0.00,0.00,1970.95,0.00,1970.95,72880.90,612.32,0,0,0,0.00,0,F1,25,,,,,
2026-09-04,2026-09-04,FO,NSE,IDO,75642,,NIFTYNXT50,,2026-09-29,2026-09-29,72900.00,CE,NIFTYNXT5026SEP72900CE,0.00,0.00,0.00,3152.05,0.00,3152.05,72880.90,1725.21,0,0,0,0.00,0,F1,25,,,,,
2026-09-04,2026-09-04,FO,NSE,IDO,75518,,NIFTYNXT50,,2026-09-29,2026-09-29,71700.00,CE,NIFTYNXT5026SEP71700CE,0.00,0.00,0.00,3742.25,0.00,3742.25,72880.90,2414.29,0,0,0,0.00,0,F1,25,,,,,
2026-09-04,2026-09-04,FO,NSE,IDO,75343,,NIFTYNXT50,,2026-09-29,2026-09-29,70000.00,CE,NIFTYNXT5026SEP70000CE,0.00,0.00,0.00,4696.95,0.00,4696.95,72880.90,3621.52,0,0,0,0.00,0,F1,25,,,,,
2026-09-04,2026-09-04,FO,NSE,IDO,75327,,NIFTYNXT50,,2026-09-29,2026-09-29,69200.00,CE,NIFTYNXT5026SEP69200CE,0.00,0.00,0.00,5194.15,0.00,5194.15,72880.90,4269.42,0,0,0,0.00,0,F1,25,,,,,
2026-09-04,2026-09-04,FO,NSE,IDO,75112,,NIFTYNXT50,,2026-09-29,2026-09-29,65000.00,CE,NIFTYNXT5026SEP65000CE,0.00,0.00,0.00,8267.85,0.00,8267.85,72880.90,8163.88,0,0,0,0.00,0,F1,25,,,,,
2026-09-04,2026-09-04,FO,NSE,IDO,75872,,NIFTYNXT50,,2026-09-29,2026-09-29,76800.00,PE,NIFTYNXT5026SEP76800PE,0.00,0.00,0.00,5685.20,0.00,5685.20,72880.90,4029.05,0,0,0,0.00,0,F1,25,,,,,
2026-09-04,2026-09-04,FO,NSE,IDO,76076,,NIFTYNXT50,,2026-09-29,2026-09-29,79600.00,PE,NIFTYNXT5026SEP79600PE,0.00,0.00,0.00,7771.35,0.00,7771.35,72880.90,6507.81,0,0,0,0.00,0,F1,25,,,,,
2026-09-04,2026-09-04,FO,NSE,IDO,66057,,NIFTYNXT50,,2026-11-23,2026-11-23,81000.00,PE,NIFTYNXT5026NOV81000PE,0.00,0.00,0.00,6552.75,0.00,6552.75,72880.90,7682.79,0,0,0,0.00,0,F1,25,,,,,
2026-09-04,2026-09-04,FO,NSE,IDO,65681,,NIFTYNXT50,,2026-11-23,2026-11-23,72300.00,PE,NIFTYNXT5026NOV72300PE,0.00,0.00,0.00,1697.25,0.00,1697.25,72880.90,2080.70,0,0,0,0.00,0,F1,25,,,,,
2026-09-04,2026-09-04,FO,NSE,IDO,65575,,NIFTYNXT50,,2026-11-23,2026-11-23,71300.00,PE,NIFTYNXT5026NOV71300PE,0.00,0.00,0.00,1372.30,0.00,1372.30,72880.90,1684.54,0,0,0,0.00,0,F1,25,,,,,
2026-09-04,2026-09-04,FO,NSE,IDO,75647,,NIFTYNXT50,,2026-09-29,2026-09-29,73100.00,PE,NIFTYNXT5026SEP73100PE,0.00,0.00,0.00,3409.75,0.00,3409.75,72880.90,1547.26,0,0,0,0.00,0,F1,25,,,,,
2026-09-04,2026-09-04,FO,NSE,IDO,65541,,NIFTYNXT50,,2026-11-23,2026-11-23,69700.00,PE,NIFTYNXT5026NOV69700PE,0.00,0.00,0.00,948.25,0.00,948.25,72880.90,1161.30,0,0,0,0.00,0,F1,25,,,,,
2026-09-04,2026-09-04,FO,NSE,IDO,75045,,NIFTYNXT50,,2026-09-29,2026-09-29,64000.00,CE,NIFTYNXT5026SEP64000CE,0.00,0.00,0.00,9098.15,0.00,9098.15,72880.90,9148.46,0,0,0,0.00,0,F1,25,,,,,
2026-09-04,2026-09-04,FO,NSE,IDO,75089,,NIFTYNXT50,,2026-09-29,2026-09-29,64100.00,CE,NIFTYNXT5026SEP64100CE,0.00,0.00,0.00,9013.70,0.00,9013.70,72880.90,9049.66,0,0,0,0.00,0,F1,25,,,,,
2026-09-04,2026-09-04,FO,NSE,IDO,75339,,NIFTYNXT50,,2026-09-29,2026-09-29,69800.00,CE,NIFTYNXT5026SEP69800CE,0.00,0.00,0.00,4818.40,0.00,4818.40,72880.90,3779.23,0,0,0,0.00,0,F1,25,,,,,
2026-09-04,2026-09-04,FO,NSE,IDO,75510,,NIFTYNXT50,,2026-09-29,2026-09-29,71300.00,CE,NIFTYNXT5026SEP71300CE,0.00,0.00,0.00,3954.30,0.00,3954.30,72880.90,2675.02,0,0,0,0.00,0,F1,25,,,,,
2026-09-04,2026-09-04,FO,NSE,IDO,75781,,NIFTYNXT50,,2026-09-29,2026-09-29,74800.00,CE,NIFTYNXT5026SEP74800CE,0.00,0.00,0.00,2357.10,0.00,2357.10,72880.90,923.40,0,0,0,0.00,0,F1,25,,,,,
2026-09-04,2026-09-04,FO,NSE,IDO,75863,,NIFTYNXT50,,2026-09-29,2026-09-29,76400.00,CE,NIFTYNXT5026SEP76400CE,0.00,0.00,0.00,1812.30,0.00,1812.30,72880.90,497.80,0,0,0,0.00,0,F1,25,,,,,
2026-09-04,2026-09-04,FO,NSE,IDO,75955,,NIFTYNXT50,,2026-09-29,2026-09-29,77500.00,CE,NIFTYNXT5026SEP77500CE,0.00,0.00,0.00,1498.35,0.00,1498.35,72880.90,309.28,0,0,0,0.00,0,F1,25,,,,,
2026-09-04,2026-09-04,FO,NSE,IDO,76169,,NIFTYNXT50,,2026-09-29,2026-09-29,80400.00,CE,NIFTYNXT5026SEP80400CE,0.00,0.00,0.00,876.45,0.00,876.45,72880.90,71.96,0,0,0,0.00,0,F1,25,,,,,
2026-09-04,2026-09-04,FO,NSE,IDO,76171,,NIFTYNXT50,,2026-09-29,2026-09-29,80500.00,CE,NIFTYNXT5026SEP80500CE,0.00,0.00,0.00,859.55,0.00,859.55,72880.90,68.08,0,0,0,0.00,0,F1,25,,,,,
2026-09-04,2026-09-04,FO,NSE,IDO,76177,,NIFTYNXT50,,2026-09-29,2026-09-29,80800.00,CE,NIFTYNXT5026SEP80800CE,0.00,0.00,0.00,810.55,0.00,810.55,72880.90,57.51,0,0,0,0.00,0,F1,25,,,,,
2026-09-04,2026-09-04,FO,NSE,IDO,51883,,NIFTYNXT50,,2026-10-27,2026-10-27,65300.00,CE,NIFTYNXT5026OCT65300CE,0.00,0.00,0.00,8351.85,0.00,8351.85,72880.90,8349.21,0,0,0,0.00,0,F1,25,,,,,
2026-09-04,2026-09-04,FO,NSE,IDO,51893,,NIFTYNXT50,,2026-10-27,2026-10-27,65700.00,CE,NIFTYNXT5026OCT65700CE,0.00,0.00,0.00,8024.95,0.00,8024.95,72880.90,7983.77,0,0,0,0.00,0,F1,25,,,,,
2026-09-04,2026-09-04,FO,NSE,IDO,51915,,NIFTYNXT50,,2026-10-27,2026-10-27,66400.00,CE,NIFTYNXT5026OCT66400CE,0.00,0.00,0.00,7466.65,0.00,7466.65,72880.90,7355.74,0,0,0,0.00,0,F1,25,,,,,
2026-09-04,2026-09-04,FO,NSE,IDO,51933,,NIFTYNXT50,,2026-10-27,2026-10-27,67300.00,CE,NIFTYNXT5026OCT67300CE,0.00,0.00,0.00,6776.35,0.00,6776.35,72880.90,6573.31,0,0,0,0.00,0,F1,25,,,,,
2026-09-04,2026-09-04,FO,NSE,IDO,51969,,NIFTYNXT50,,2026-10-27,2026-10-27,68500.00,CE,NIFTYNXT5026OCT68500CE,0.00,0.00,0.00,5906.95,0.00,5906.95,72880.90,5582.82,0,0,0,0.00,0,F1,25,,,,,
2026-09-04,2026-09-04,FO,NSE,IDO,52015,,NIFTYNXT50,,2026-10-27,2026-10-27,70000.00,CE,NIFTYNXT5026OCT70000CE,0.00,0.00,0.00,4913.35,0.00,4913.35,72880.90,4449.37,0,0,0,0.00,0,F1,25,,,,,
2026-09-04,2026-09-04,FO,NSE,IDO,52048,,NIFTYNXT50,,2026-10-27,2026-10-27,70500.00,CE,NIFTYNXT5026OCT70500CE,0.00,0.00,0.00,4605.85,0.00,4605.85,72880.90,4096.85,0,0,0,0.00,0,F1,25,,,,,
2026-09-04,2026-09-04,FO,NSE,IDO,52183,,NIFTYNXT50,,2026-10-27,2026-10-27,75100.00,CE,NIFTYNXT5026OCT75100CE,0.00,0.00,0.00,2349.70,0.00,2349.70,72880.90,1651.74,0,0,0,0.00,0,F1,25,,,,,
2026-09-04,2026-09-04,FO,NSE,IDO,52252,,NIFTYNXT50,,2026-10-27,2026-10-27,78300.00,CE,NIFTYNXT5026OCT78300CE,0.00,0.00,0.00,1355.45,0.00,1355.45,72880.90,738.12,0,0,0,0.00,0,F1,25,,,,,
2026-09-04,2026-09-04,FO,NSE,IDO,52400,,NIFTYNXT50,,2026-10-27,2026-10-27,83500.00,CE,NIFTYNXT5026OCT83500CE,0.00,0.00,0.00,478.40,0.00,478.40,72880.90,145.88,0,0,0,0.00,0,F1,25,,,,,
2026-09-04,2026-09-04,FO,NSE,IDO,65494,,NIFTYNXT50,,2026-11-23,2026-11-23,68200.00,CE,NIFTYNXT5026NOV68200CE,0.00,0.00,0.00,7967.25,0.00,7967.25,72880.90,6424.12,0,0,0,0.00,0,F1,25,,,,,
2026-09-04,2026-09-04,FO,NSE,IDO,65498,,NIFTYNXT50,,2026-11-23,2026-11-23,68400.00,CE,NIFTYNXT5026NOV68400CE,0.00,0.00,0.00,7805.75,0.00,7805.75,72880.90,6270.95,0,0,0,0.00,0,F1,25,,,,,
2026-09-04,2026-09-04,FO,NSE,IDO,65576,,NIFTYNXT50,,2026-11-23,2026-11-23,71400.00,CE,NIFTYNXT5026NOV71400CE,0.00,0.00,0.00,5572.30,0.00,5572.30,72880.90,4203.36,0,0,0,0.00,0,F1,25,,,,,
2026-09-04,2026-09-04,FO,NSE,IDO,65854,,NIFTYNXT50,,2026-11-23,2026-11-23,77800.00,CE,NIFTYNXT5026NOV77800CE,0.00,0.00,0.00,2222.70,0.00,2222.70,72880.90,1388.27,0,0,0,0.00,0,F1,25,,,,,
2026-09-04,2026-09-04,FO,NSE,IDO,65858,,NIFTYNXT50,,2026-11-23,2026-11-23,77900.00,CE,NIFTYNXT5026NOV77900CE,0.00,0.00,0.00,2186.05,0.00,2186.05,72880.90,1360.56,0,0,0,0.00,0,F1,25,,,,,
2026-09-04,2026-09-04,FO,NSE,IDO,52277,,NIFTYNXT50,,2026-10-27,2026-10-27,78700.00,PE,NIFTYNXT5026OCT78700PE,0.00,0.00,0.00,6690.20,0.00,6690.20,72880.90,5747.16,0,0,0,0.00,0,F1,25,,,,,
2026-09-04,2026-09-04,FO,NSE,IDO,52233,,NIFTYNXT50,,2026-10-27,2026-10-27,77400.00,PE,NIFTYNXT5026OCT77400PE,0.00,0.00,0.00,5740.70,0.00,5740.70,72880.90,4740.61,0,0,0,0.00,0,F1,25,,,,,
2026-09-04,2026-09-04,FO,NSE,IDO,52123,,NIFTYNXT50,,2026-10-27,2026-10-27,72600.00,PE,NIFTYNXT5026OCT72600PE,0.00,0.00,0.00,2870.10,0.00,2870.10,72880.90,1847.87,0,0,0,0.00,0,F1,25,,,,,
2026-09-04,2026-09-04,FO,NSE,IDO,51954,,NIFTYNXT50,,2026-10-27,2026-10-27,67900.00,PE,NIFTYNXT5026OCT67900PE,0.00,0.00,0.00,1129.60,0.00,1129.60,72880.90,456.96,0,0,0,0.00,0,F1,25,,,,,
2026-09-04,2026-09-04,FO,NSE,IDO,51922,,NIFTYNXT50,,2026-10-27,2026-10-27,66700.00,PE,NIFTYNXT5026OCT66700PE,0.00,0.00,0.00,843.75,0.00,843.75,72880.90,289.86,0,0,0,0.00,0,F1,25,,,,,
2026-09-04,2026-09-04,FO,NSE,IDO,76078,,NIFTYNXT50,,2026-09-29,2026-09-29,79700.00,PE,NIFTYNXT5026SEP79700PE,0.00,0.00,0.00,7850.60,0.00,7850.60,72880.90,6601.71,0,0,0,0.00,0,F1,25,,,,,
2026-09-04,2026-09-04,FO,NSE,IDO,65867,,NIFTYNXT50,,2026-11-23,2026-11-23,78100.00,CE,NIFTYNXT5026NOV78100CE,0.00,0.00,0.00,2114.15,0.00,2114.15,72880.90,1306.46,0,0,0,0.00,0,F1,25,,,,,
2026-09-04,2026-09-04,FO,NSE,IDO,75123,,NIFTYNXT50,,2026-09-29,2026-09-29,65400.00,PE,NIFTYNXT5026SEP65400PE,0.00,0.00,0.00,712.50,0.00,712.50,72880.90,27.34,0,0,0,0.00,0,F1,25,,,,,
2026-09-04,2026-09-04,FO,NSE,IDO,75495,,NIFTYNXT50,,2026-09-29,2026-09-29,70500.00,PE,NIFTYNXT5026SEP70500PE,0.00,0.00,0.00,2190.85,0.00,2190.85,72880.90,577.43,0,0,0,0.00,0,F1,25,,,,,
2026-09-04,2026-09-04,FO,NSE,IDO,75862,,NIFTYNXT50,,2026-09-29,2026-09-29,76300.00,PE,NIFTYNXT5026SEP76300PE,0.00,0.00,0.00,5343.40,0.00,5343.40,72880.90,3629.08,0,0,0,0.00,0,F1,25,,,,,
2026-09-04,2026-09-04,FO,NSE,IDO,76178,,NIFTYNXT50,,2026-09-29,2026-09-29,80800.00,PE,NIFTYNXT5026SEP80800PE,0.00,0.00,0.00,8741.75,0.00,8741.75,72880.90,7649.64,0,0,0,0.00,0,F1,25,,,,,
2026-09-04,2026-09-04,FO,NSE,IDO,52296,,NIFTYNXT50,,2026-10-27,2026-10-27,79100.00,CE,NIFTYNXT5026OCT79100CE,0.00,0.00,0.00,1169.55,0.00,1169.55,72880.90,589.81,0,0,0,0.00,0,F1,25,,,,,
2026-09-04,2026-09-04,FO,NSE,IDO,65764,,NIFTYNXT50,,2026-11-23,2026-11-23,75200.00,CE,NIFTYNXT5026NOV75200CE,0.00,0.00,0.00,3341.15,0.00,3341.15,72880.90,2273.31,0,0,0,0.00,0,F1,25,,,,,
2026-09-04,2026-09-04,FO,NSE,IDO,65672,,NIFTYNXT50,,2026-11-23,2026-11-23,71900.00,CE,NIFTYNXT5026NOV71900CE,0.00,0.00,0.00,5238.65,0.00,5238.65,72880.90,3904.35,0,0,0,0.00,0,F1,25,,,,,
2026-09-04,2026-09-04,FO,NSE,IDO,75104,,NIFTYNXT50,,2026-09-29,2026-09-29,64800.00,CE,NIFTYNXT5026SEP64800CE,0.00,0.00,0.00,8431.30,0.00,8431.30,72880.90,8360.08,0,0,0,0.00,0,F1,25,,,,,
2026-09-04,2026-09-04,FO,NSE,IDO,75745,,NIFTYNXT50,,2026-09-29,2026-09-29,73900.00,CE,NIFTYNXT5026SEP73900CE,0.00,0.00,0.00,2712.85,0.00,2712.85,72880.90,1259.76,0,0,0,0.00,0,F1,25,,,,,
2026-09-04,2026-09-04,FO,NSE,IDO,65544,,NIFTYNXT50,,2026-11-23,2026-11-23,69900.00,CE,NIFTYNXT5026NOV69900CE,0.00,0.00,0.00,6642.70,0.00,6642.70,72880.90,5180.12,0,0,0,0.00,0,F1,25,,,,,
2026-09-04,2026-09-04,FO,NSE,IDO,52338,,NIFTYNXT50,,2026-10-27,2026-10-27,80900.00,CE,NIFTYNXT5026OCT80900CE,0.00,0.00,0.00,822.50,0.00,822.50,72880.90,344.31,0,0,0,0.00,0,F1,25,,,,,
2026-09-04,2026-09-04,FO,NSE,IDO,65822,,NIFTYNXT50,,2026-11-23,2026-11-23,76300.00,CE,NIFTYNXT5026NOV76300CE,0.00,0.00,0.00,2828.10,0.00,2828.10,72880.90,1858.65,0,0,0,0.00,0,F1,25,,,,,
2026-09-04,2026-09-04,FO,NSE,IDO,52077,,NIFTYNXT50,,2026-10-27,2026-10-27,71800.00,CE,NIFTYNXT5026OCT71800CE,0.00,0.00,0.00,3863.45,0.00,3863.45,72880.90,3262.36,0,0,0,0.00,0,F1,25,,,,,
2026-09-04,2026-09-04,FO,NSE,IDO,65836,,NIFTYNXT50,,2026-11-23,2026-11-23,77000.00,CE,NIFTYNXT5026NOV77000CE,0.00,0.00,0.00,2532.35,0.00,2532.35,72880.90,1626.04,0,0,0,0.00,0,F1,25,,,,,
2026-09-04,2026-09-04,FO,NSE,IDO,65850,,NIFTYNXT50,,2026-11-23,2026-11-23,77600.00,CE,NIFTYNXT5026NOV77600CE,0.00,0.00,0.00,2297.35,0.00,2297.35,72880.90,1445.00,0,0,0,0.00,0,F1,25,,,,,
2026-09-04,2026-09-04,FO,NSE,IDO,75827,,NIFTYNXT50,,2026-09-29,2026-09-29,75700.00,CE,NIFTYNXT5026SEP75700CE,0.00,0.00,0.00,2037.30,0.00,2037.30,72880.90,658.75,0,0,0,0.00,0,F1,25,,,,,
2026-09-04,2026-09-04,FO,NSE,IDO,65942,,NIFTYNXT50,,2026-11-23,2026-11-23,80000.00,CE,NIFTYNXT5026NOV80000CE,0.00,0.00,0.00,1517.20,0.00,1517.20,72880.90,874.64,0,0,0,0.00,0,F1,25,,,,,
2026-09-04,2026-09-04,FO,NSE,IDO,66088,,NIFTYNXT50,,2026-11-23,2026-11-23,82500.00,CE,NIFTYNXT5026NOV82500CE,0.00,0.00,0.00,945.30,0.00,945.30,72880.90,491.39,0,0,0,0.00,0,F1,25,,,,,
2026-09-04,2026-09-04,FO,NSE,IDO,75119,,NIFTYNXT50,,2026-09-29,2026-09-29,65200.00,PE,NIFTYNXT5026SEP65200PE,0.00,0.00,0.00,676.20,0.00,676.20,72880.90,23.39,0,0,0,0.00,0,F1,25,,,,,
2026-09-04,2026-09-04,FO,NSE,IDO,75497,,NIFTYNXT50,,2026-09-29,2026-09-29,70600.00,PE,NIFTYNXT5026SEP70600PE,0.00,0.00,0.00,2231.70,0.00,2231.70,72880.90,603.06,0,0,0,0.00,0,F1,25,,,,,
2026-09-04,2026-09-04,FO,NSE,IDO,75767,,NIFTYNXT50,,2026-09-29,2026-09-29,74100.00,PE,NIFTYNXT5026SEP74100PE,0.00,0.00,0.00,3964.60,0.00,3964.60,72880.90,2097.70,0,0,0,0.00,0,F1,25,,,,,
2026-09-04,2026-09-04,FO,NSE,IDO,75769,,NIFTYNXT50,,2026-09-29,2026-09-29,74200.00,PE,NIFTYNXT5026SEP74200PE,0.00,0.00,0.00,4022.60,0.00,4022.60,72880.90,2158.07,0,0,0,0.00,0,F1,25,,,,,
2026-09-04,2026-09-04,FO,NSE,IDO,52054,,NIFTYNXT50,,2026-10-27,2026-10-27,70800.00,CE,NIFTYNXT5026OCT70800CE,0.00,0.00,0.00,4427.15,0.00,4427.15,72880.90,3894.60,0,0,0,0.00,0,F1,25,,,,,
2026-09-04,2026-09-04,FO,NSE,IDO,52306,,NIFTYNXT50,,2026-10-27,2026-10-27,79500.00,CE,NIFTYNXT5026OCT79500CE,0.00,0.00,0.00,1081.50,0.00,1081.50,72880.90,525.43,0,0,0,0.00,0,F1,25,,,,,
2026-09-04,2026-09-04,FO,NSE,IDO,47367,,NIFTY,,2026-09-15,2026-09-15,25100.00,CE,NIFTY2691525100CE,3.45,3.55,2.50,2.75,2.75,3.85,23897.70,2.75,375700,134290,15563,25394024922.50,8469,F1,65,,,,,
2026-09-04,2026-09-04,FO,NSE,IDO,42743,,NIFTY,,2026-09-08,2026-09-08,25950.00,CE,NIFTY2690825950CE,0.65,0.65,0.40,0.45,0.45,0.70,23897.70,0.45,43355,10335,1928,3252119783.25,570,F1,65,,,,,
2026-09-04,2026-09-04,FO,NSE,IDO,42633,,NIFTY,,2026-09-08,2026-09-08,23850.00,CE,NIFTY2690823850CE,169.00,219.00,145.00,157.05,154.35,151.70,23897.70,157.05,1268995,-528645,842339,1315588257899.50,528942,F1,65,,,,,
2026-09-04,2026-09-04,FO,NSE,IDO,42585,,NIFTY,,2026-09-08,2026-09-08,22850.00,CE,NIFTY2690822850CE,0.00,0.00,0.00,1930.45,0.00,1930.45,23897.70,1062.91,0,0,0,0.00,0,F1,65,,,,,
2026-09-04,2026-09-04,FO,NSE,IDO,55757,,NIFTY,,2030-12-31,2030-12-31,25500.00,PE,NIFTY30DEC25500PE,0.00,0.00,0.00,538.25,0.00,538.25,23897.70,1116.54,0,0,0,0.00,0,F1,65,,,,,
2026-09-04,2026-09-04,FO,NSE,IDO,55649,,NIFTY,,2030-06-25,2030-06-25,28500.00,PE,NIFTY30JUN28500PE,0.00,0.00,0.00,1167.60,0.00,1167.60,23897.70,2135.25,0,0,0,0.00,0,F1,65,,,,,
2026-09-04,2026-09-04,FO,NSE,IDO,55643,,NIFTY,,2030-06-25,2030-06-25,19500.00,PE,NIFTY30JUN19500PE,0.00,0.00,0.00,64.95,0.00,64.95,23897.70,200.06,0,0,0,0.00,0,F1,65,,,,,
2026-09-04,2026-09-04,FO,NSE,IDO,35353,,NIFTY,,2028-06-27,2028-06-27,30000.00,PE,NIFTY28JUN30000PE,0.00,0.00,0.00,3779.25,0.00,3779.25,23897.70,3845.02,0,0,0,0.00,0,F1,65,,,,,
2026-09-04,2026-09-04,FO,NSE,IDO,35347,,NIFTY,,2027-12-28,2027-12-28,30000.00,PE,NIFTY27DEC30000PE,3959.20,3959.20,3763.60,3763.60,3763.60,3920.00,23897.70,4253.27,2015,325,6,13197886.00,4,F1,65,,,,,
2026-09-04,2026-09-04,FO,NSE,IDO,53617,,NIFTY,,2027-12-28,2027-12-28,22000.00,PE,NIFTY27DEC22000PE,312.00,317.95,297.00,310.25,306.00,324.00,23897.70,310.25,54315,1625,141,204435299.25,74,F1,65,,,,,
2026-09-04,2026-09-04,FO,NSE,IDO,71502,,NIFTY,,2026-12-29,2026-12-29,24000.00,PE,NIFTY26DEC24000PE,444.70,444.70,379.40,401.70,400.55,424.40,23897.70,401.70,2608750,67600,6059,9610130237.50,3519,F1,65,,,,,
2026-09-04,2026-09-04,FO,NSE,IDO,64438,,NIFTY,,2026-11-23,2026-11-23,24950.00,PE,NIFTY26NOV24950PE,0.00,0.00,0.00,915.05,0.00,915.05,23897.70,1128.78,0,0,0,0.00,0,F1,65,,,,,
2026-09-04,2026-09-04,FO,NSE,IDO,51397,,NIFTY,,2026-10-27,2026-10-27,24050.00,PE,NIFTY26OCT24050PE,323.10,325.65,284.80,307.90,307.90,352.80,23897.70,307.90,11310,130,47,74411574.25,38,F1,65,,,,,
2026-09-04,2026-09-04,FO,NSE,IDO,51381,,NIFTY,,2026-10-27,2026-10-27,23700.00,PE,NIFTY26OCT23700PE,199.95,206.55,173.90,187.55,188.25,217.50,23897.70,187.55,208130,-15925,1088,1689318432.75,768,F1,65,,,,,
2026-09-04,2026-09-04,FO,NSE,IDO,51343,,NIFTY,,2026-10-27,2026-10-27,22750.00,PE,NIFTY26OCT22750PE,0.00,0.00,0.00,228.35,0.00,228.35,23897.70,127.09,0,0,0,0.00,0,F1,65,,,,,
2026-09-04,2026-09-04,FO,NSE,IDO,40822,,NIFTY,,2026-10-06,2026-10-06,24400.00,PE,NIFTY26O0624400PE,0.00,0.00,0.00,588.30,0.00,588.30,23897.70,660.30,0,0,0,0.00,0,F1,65,,,,,
2026-09-04,2026-09-04,FO,NSE,IDO,74362,,NIFTY,,2026-09-29,2026-09-29,24900.00,PE,NIFTY26SEP24900PE,889.50,889.50,818.15,853.00,853.00,915.15,23897.70,853.00,86190,-195,21,35141772.25,18,F1,65,,,,,
2026-09-04,2026-09-04,FO,NSE,IDO,58024,,NIFTY,,2026-09-22,2026-09-22,25950.00,PE,NIFTY2692225950PE,0.00,0.00,0.00,1703.35,0.00,1703.35,23897.70,1980.53,0,0,0,0.00,0,F1,65,,,,,
2026-09-04,2026-09-04,FO,NSE,IDO,57962,,NIFTY,,2026-09-22,2026-09-22,25650.00,PE,NIFTY2692225650PE,0.00,0.00,0.00,1439.15,0.00,1439.15,23897.70,1687.00,0,0,0,0.00,0,F1,65,,,,,
2026-09-04,2026-09-04,FO,NSE,IDO,47366,,NIFTY,,2026-09-15,2026-09-15,25050.00,PE,NIFTY2691525050PE,0.00,0.00,0.00,751.70,0.00,751.70,23897.70,1122.30,0,0,0,0.00,0,F1,65,,,,,
2026-09-04,2026-09-04,FO,NSE,IDO,47336,,NIFTY,,2026-09-15,2026-09-15,24400.00,PE,NIFTY2691524400PE,573.60,573.60,378.00,423.45,430.25,469.80,23897.70,423.45,143520,14300,2183,3520721746.75,1577,F1,65,,,,,
2026-09-04,2026-09-04,FO,NSE,IDO,47274,,NIFTY,,2026-09-15,2026-09-15,22900.00,PE,NIFTY2691522900PE,8.80,8.80,4.90,5.25,5.30,7.90,23897.70,5.25,323570,111280,15905,23680890759.50,6813,F1,65,,,,,
2026-09-04,2026-09-04,FO,NSE,IDO,42602,,NIFTY,,2026-09-08,2026-09-08,23250.00,PE,NIFTY2690823250PE,4.10,4.10,2.10,2.60,2.50,4.05,23897.70,2.60,2484365,1090570,363086,548788154694.00,68250,F1,65,,,,,
2026-09-04,2026-09-04,FO,NSE,IDO,55646,,NIFTY,,2030-06-25,2030-06-25,25500.00,CE,NIFTY30JUN25500CE,0.00,0.00,0.00,7070.45,0.00,7070.45,23897.70,5128.31,0,0,0,0.00,0,F1,65,,,,,
2026-09-04,2026-09-04,FO,NSE,IDO,55608,,NIFTY,,2029-12-24,2029-12-24,31500.00,CE,NIFTY29DEC31500CE,0.00,0.00,0.00,3429.30,0.00,3429.30,23897.70,2139.19,0,0,0,0.00,0,F1,65,,,,,
2026-09-04,2026-09-04,FO,NSE,IDO,80190,,NIFTY,,2027-03-30,2027-03-30,16500.00,CE,NIFTY27MAR16500CE,0.00,0.00,0.00,6995.90,0.00,6995.90,23897.70,7989.67,0,0,0,0.00,0,F1,65,,,,,
2026-09-04,2026-09-04,FO,NSE,IDO,64421,,NIFTY,,2026-11-23,2026-11-23,24600.00,CE,NIFTY26NOV24600CE,303.35,326.10,296.85,300.00,301.00,293.75,23897.70,300.00,27820,3705,200,323832967.25,121,F1,65,,,,,
2026-09-04,2026-09-04,FO,NSE,IDO,64361,,NIFTY,,2026-11-23,2026-11-23,23400.00,CE,NIFTY26NOV23400CE,0.00,0.00,0.00,1569.75,0.00,1569.75,23897.70,1189.96,0,0,0,0.00,0,F1,65,,,,,
2026-09-04,2026-09-04,FO,NSE,IDO,51410,,NIFTY,,2026-10-27,2026-10-27,24400.00,CE,NIFTY26OCT24400CE,256.20,290.00,241.75,246.10,246.25,240.45,23897.70,246.10,160745,-1430,997,1597943142.25,690,F1,65,,,,,
2026-09-04,2026-09-04,FO,NSE,IDO,51408,,NIFTY,,2026-10-27,2026-10-27,24350.00,CE,NIFTY26OCT24350CE,270.15,298.10,263.50,270.55,263.50,265.75,23897.70,270.55,16770,975,68,108857381.75,56,F1,65,,,,,
2026-09-04,2026-09-04,FO,NSE,IDO,51402,,NIFTY,,2026-10-27,2026-10-27,24200.00,CE,NIFTY26OCT24200CE,312.95,376.25,312.95,336.45,335.00,324.80,23897.70,336.45,250835,715,1848,2949305742.50,1397,F1,65,,,,,
2026-09-04,2026-09-04,FO,NSE,IDO,51372,,NIFTY,,2026-10-27,2026-10-27,23500.00,CE,NIFTY26OCT23500CE,785.50,842.00,780.00,786.70,788.05,765.15,23897.70,786.70,93210,15860,599,946623743.00,515,F1,65,,,,,
2026-09-04,2026-09-04,FO,NSE,IDO,51314,,NIFTY,,2026-10-27,2026-10-27,22150.00,CE,NIFTY26OCT22150CE,0.00,0.00,0.00,2291.60,0.00,2291.60,23897.70,2005.26,0,0,0,0.00,0,F1,65,,,,,
2026-09-04,2026-09-04,FO,NSE,IDO,40827,,NIFTY,,2026-10-06,2026-10-06,24550.00,CE,NIFTY26O0624550CE,0.00,0.00,0.00,325.45,0.00,325.45,23897.70,244.43,0,0,0,0.00,0,F1,65,,,,,
2026-09-04,2026-09-04,FO,NSE,IDO,40781,,NIFTY,,2026-10-06,2026-10-06,23800.00,CE,NIFTY26O0623800CE,458.60,487.25,442.15,442.15,442.15,416.60,23897.70,442.15,650,-585,37,58353503.00,28,F1,65,,,,,
2026-09-04,2026-09-04,FO,NSE,IDO,40679,,NIFTY,,2026-10-06,2026-10-06,22300.00,CE,NIFTY26O0622300CE,0.00,0.00,0.00,1909.15,0.00,1909.15,23897.70,1749.88,0,0,0,0.00,0,F1,65,,,,,
2026-09-04,2026-09-04,FO,NSE,IDO,40675,,NIFTY,,2026-10-06,2026-10-06,22200.00,CE,NIFTY26O0622200CE,0.00,0.00,0.00,2003.70,0.00,2003.70,23897.70,1843.89,0,0,0,0.00,0,F1,65,,,,,
2026-09-04,2026-09-04,FO,NSE,IDO,74501,,NIFTY,,2026-09-29,2026-09-29,27050.00,CE,NIFTY26SEP27050CE,0.00,0.00,0.00,3.30,3.30,3.30,23897.70,0.65,4095,0,0,0.00,0,F1,65,,,,,
2026-09-04,2026-09-04,FO,NSE,IDO,57927,,NIFTY,,2026-09-22,2026-09-22,25550.00,CE,NIFTY2692225550CE,4.85,4.85,4.00,4.55,4.00,4.45,23897.70,4.55,1105,650,16,26576712.50,3,F1,65,,,,,
2026-09-04,2026-09-04,FO,NSE,IDO,56985,,NIFTY,,2026-09-22,2026-09-22,23300.00,CE,NIFTY2692223300CE,735.00,784.00,735.00,782.00,782.00,758.45,23897.70,767.16,650,390,12,18778659.25,11,F1,65,,,,,
2026-09-04,2026-09-04,FO,NSE,IDO,56821,,NIFTY,,2026-09-22,2026-09-22,22200.00,CE,NIFTY2692222200CE,0.00,0.00,0.00,2101.25,0.00,2101.25,23897.70,1766.94,0,0,0,0.00,0,F1,65,,,,,
2026-09-04,2026-09-04,FO,NSE,IDO,56779,,NIFTY,,2026-09-22,2026-09-22,22100.00,CE,NIFTY2692222100CE,0.00,0.00,0.00,2197.05,0.00,2197.05,23897.70,1865.26,0,0,0,0.00,0,F1,65,,,,,
2026-09-04,2026-09-04,FO,NSE,IDO,47281,,NIFTY,,2026-09-15,2026-09-15,23100.00,CE,NIFTY2691523100CE,0.00,0.00,0.00,889.20,889.20,889.20,23897.70,869.47,260,0,0,0.00,0,F1,65,,,,,
2026-09-04,2026-09-04,FO,NSE,IDO,42683,,NIFTY,,2026-09-08,2026-09-08,25000.00,CE,NIFTY2690825000CE,1.50,1.55,0.95,1.05,0.95,1.75,23897.70,1.05,14190150,-2501980,752670,1223146231427.25,105017,F1,65,,,,,
2026-09-04,2026-09-04,FO,NSE,IDO,47191,,NIFTY,,2026-12-29,2026-12-29,33000.00,PE,NIFTY26DEC33000PE,0.00,0.00,0.00,5263.45,0.00,5263.45,23897.70,8434.02,0,0,0,0.00,0,F1,65,,,,,
2026-09-04,2026-09-04,FO,NSE,IDO,47279,,NIFTY,,2026-09-15,2026-09-15,23050.00,CE,NIFTY2691523050CE,0.00,0.00,0.00,1613.50,0.00,1613.50,23897.70,914.64,0,0,0,0.00,0,F1,65,,,,,
2026-09-04,2026-09-04,FO,NSE,IDO,47413,,NIFTY,,2026-09-15,2026-09-15,25800.00,CE,NIFTY2691525800CE,1.20,1.20,0.95,1.15,1.15,1.10,23897.70,1.15,76960,-6500,1290,2163419059.75,521,F1,65,,,,,
2026-09-04,2026-09-04,FO,NSE,IDO,56875,,NIFTY,,2026-09-22,2026-09-22,22550.00,CE,NIFTY2692222550CE,0.00,0.00,0.00,1772.85,0.00,1772.85,23897.70,1427.95,0,0,0,0.00,0,F1,65,,,,,
2026-09-04,2026-09-04,FO,NSE,IDO,57228,,NIFTY,,2026-09-22,2026-09-22,24050.00,CE,NIFTY2692224050CE,191.10,224.30,179.65,183.90,181.70,176.60,23897.70,183.90,33085,10205,1085,1710201034.75,761,F1,65,,,,,
2026-09-04,2026-09-04,FO,NSE,IDO,57441,,NIFTY,,2026-09-22,2026-09-22,24300.00,CE,NIFTY2692224300CE,94.40,111.75,82.95,86.05,85.50,87.40,23897.70,86.05,100880,5720,3392,5378733737.00,2363,F1,65,,,,,
2026-09-04,2026-09-04,FO,NSE,IDO,74068,,NIFTY,,2026-09-29,2026-09-29,24200.00,CE,NIFTY26SEP24200CE,170.00,203.55,162.25,168.50,166.50,162.25,23897.70,168.50,3490825,50310,31901,50555396180.25,18554,F1,65,,,,,
2026-09-04,2026-09-04,FO,NSE,IDO,40852,,NIFTY,,2026-10-06,2026-10-06,24800.00,CE,NIFTY26O0624800CE,0.00,0.00,0.00,241.50,0.00,241.50,23897.70,175.63,0,0,0,0.00,0,F1,65,,,,,
2026-09-04,2026-09-04,FO,NSE,IDO,51324,,NIFTY,,2026-10-27,2026-10-27,22350.00,CE,NIFTY26OCT22350CE,0.00,0.00,0.00,2124.25,0.00,2124.25,23897.70,1826.55,0,0,0,0.00,0,F1,65,,,,,
2026-09-04,2026-09-04,FO,NSE,IDO,51334,,NIFTY,,2026-10-27,2026-10-27,22600.00,CE,NIFTY26OCT22600CE,0.00,0.00,0.00,1922.30,0.00,1922.30,23897.70,1610.99,0,0,0,0.00,0,F1,65,,,,,
2026-09-04,2026-09-04,FO,NSE,IDO,51498,,NIFTY,,2026-10-27,2026-10-27,26200.00,CE,NIFTY26OCT26200CE,0.00,0.00,0.00,219.35,0.00,219.35,23897.70,61.47,0,0,0,0.00,0,F1,65,,,,,
2026-09-04,2026-09-04,FO,NSE,IDO,64489,,NIFTY,,2026-11-23,2026-11-23,25800.00,CE,NIFTY26NOV25800CE,0.00,0.00,0.00,372.60,0.00,372.60,23897.70,208.89,0,0,0,0.00,0,F1,65,,,,,
2026-09-04,2026-09-04,FO,NSE,IDO,64493,,NIFTY,,2026-11-23,2026-11-23,25900.00,CE,NIFTY26NOV25900CE,0.00,0.00,0.00,345.70,0.00,345.70,23897.70,190.70,0,0,0,0.00,0,F1,65,,,,,
2026-09-04,2026-09-04,FO,NSE,IDO,53628,,NIFTY,,2027-12-28,2027-12-28,26000.00,CE,NIFTY27DEC26000CE,1311.00,1371.15,1272.10,1292.60,1297.65,1312.90,23897.70,1292.60,79935,-2405,209,370927761.75,164,F1,65,,,,,
2026-09-04,2026-09-04,FO,NSE,IDO,60944,,NIFTY,,2030-06-25,2030-06-25,33000.00,CE,NIFTY30JUN33000CE,0.00,0.00,0.00,4416.45,0.00,4416.45,23897.70,2213.29,0,0,0,0.00,0,F1,65,,,,,
2026-09-04,2026-09-04,FO,NSE,IDO,74641,,NIFTY,,2031-06-24,2031-06-24,18000.00,CE,NIFTY31JUN18000CE,0.00,0.00,0.00,10825.95,0.00,10825.95,23897.70,10804.20,0,0,0,0.00,0,F1,65,,,,,
2026-09-04,2026-09-04,FO,NSE,IDO,42557,,NIFTY,,2026-09-08,2026-09-08,22150.00,PE,NIFTY2690822150PE,0.85,1.05,0.60,0.70,0.70,0.90,23897.70,0.70,1214200,435630,56884,81901833360.75,13780,F1,65,,,,,
2026-09-04,2026-09-04,FO,NSE,IDO,42662,,NIFTY,,2026-09-08,2026-09-08,24500.00,PE,NIFTY2690824500PE,548.05,563.35,472.05,543.40,537.20,574.65,23897.70,543.40,896155,-56485,14984,24370921438.50,8501,F1,65,,,,,
2026-09-04,2026-09-04,FO,NSE,IDO,47272,,NIFTY,,2026-09-15,2026-09-15,22850.00,PE,NIFTY2691522850PE,6.05,6.50,4.00,4.85,4.90,7.15,23897.70,4.85,58110,42835,2460,3654565606.25,1546,F1,65,,,,,
2026-09-04,2026-09-04,FO,NSE,IDO,47324,,NIFTY,,2026-09-15,2026-09-15,24100.00,PE,NIFTY2691524100PE,232.65,237.90,176.55,206.85,205.70,251.40,23897.70,206.85,610415,31590,35094,55429472023.25,24294,F1,65,,,,,
2026-09-04,2026-09-04,FO,NSE,IDO,56824,,NIFTY,,2026-09-22,2026-09-22,22250.00,PE,NIFTY2692222250PE,0.00,0.00,0.00,20.05,0.00,20.05,23897.70,5.40,0,0,0,0.00,0,F1,65,,,,,
2026-09-04,2026-09-04,FO,NSE,IDO,57715,,NIFTY,,2026-09-22,2026-09-22,24700.00,PE,NIFTY2692224700PE,0.00,0.00,0.00,678.00,678.00,678.00,23897.70,825.53,1040,0,0,0.00,0,F1,65,,,,,
2026-09-04,2026-09-04,FO,NSE,IDO,57795,,NIFTY,,2026-09-22,2026-09-22,24950.00,PE,NIFTY2692224950PE,0.00,0.00,0.00,887.95,0.00,887.95,23897.70,1035.51,0,0,0,0.00,0,F1,65,,,,,
2026-09-04,2026-09-04,FO,NSE,IDO,58011,,NIFTY,,2026-09-22,2026-09-22,25800.00,PE,NIFTY2692225800PE,0.00,0.00,0.00,1569.65,0.00,1569.65,23897.70,1833.21,0,0,0,0.00,0,F1,65,,,,,
2026-09-04,2026-09-04,FO,NSE,IDO,73832,,NIFTY,,2026-09-29,2026-09-29,21650.00,PE,NIFTY26SEP21650PE,7.50,7.50,7.20,7.20,7.20,9.10,23897.70,7.20,5785,0,8,11261802.50,2,F1,65,,,,,
2026-09-04,2026-09-04,FO,NSE,IDO,74367,,NIFTY,,2026-09-29,2026-09-29,25050.00,PE,NIFTY26SEP25050PE,0.00,0.00,0.00,791.20,791.20,791.20,23897.70,1131.72,3900,0,0,0.00,0,F1,65,,,,,
2026-09-04,2026-09-04,FO,NSE,IDO,65905,,NIFTY,,2026-09-29,2026-09-29,26000.00,PE,NIFTY26SEP26000PE,1958.75,1970.00,1875.00,1945.70,1942.10,1984.00,23897.70,1945.70,2157320,-42720,967,1755736872.50,830,F1,65,,,,,
2026-09-04,2026-09-04,FO,NSE,IDO,51379,,NIFTY,,2026-10-27,2026-10-27,23650.00,PE,NIFTY26OCT23650PE,186.95,188.15,166.50,175.40,176.45,207.65,23897.70,175.40,5785,325,53,82069737.75,37,F1,65,,,,,
2026-09-04,2026-09-04,FO,NSE,IDO,51441,,NIFTY,,2026-10-27,2026-10-27,25000.00,PE,NIFTY26OCT25000PE,924.10,931.00,852.00,905.20,908.50,954.85,23897.70,905.20,596960,3250,617,1038563194.50,435,F1,65,,,,,
2026-09-04,2026-09-04,FO,NSE,IDO,51479,,NIFTY,,2026-10-27,2026-10-27,25700.00,PE,NIFTY26OCT25700PE,0.00,0.00,0.00,1260.00,1260.00,1260.00,23897.70,1679.38,325,0,0,0.00,0,F1,65,,,,,
2026-09-04,2026-09-04,FO,NSE,IDO,51495,,NIFTY,,2026-10-27,2026-10-27,26100.00,PE,NIFTY26OCT26100PE,0.00,0.00,0.00,1960.30,0.00,1960.30,23897.70,2029.55,0,0,0,0.00,0,F1,65,,,,,
2026-09-04,2026-09-04,FO,NSE,IDO,51541,,NIFTY,,2026-10-27,2026-10-27,27200.00,PE,NIFTY26OCT27200PE,0.00,0.00,0.00,2898.55,0.00,2898.55,23897.70,3063.39,0,0,0,0.00,0,F1,65,,,,,
2026-09-04,2026-09-04,FO,NSE,IDO,55331,,NIFTY,,2026-12-29,2026-12-29,28500.00,PE,NIFTY26DEC28500PE,0.00,0.00,0.00,3320.25,3320.25,3320.25,23897.70,4064.96,130,0,0,0.00,0,F1,65,,,,,
2026-09-04,2026-09-04,FO,NSE,IDO,67783,,NIFTY,,2028-12-26,2028-12-26,24000.00,PE,NIFTY28DEC24000PE,743.95,743.95,743.95,743.95,743.95,770.00,23897.70,916.90,5135,130,2,3216713.50,2,F1,65,,,,,
2026-09-04,2026-09-04,FO,NSE,IDO,61773,,NIFTY,,2029-12-24,2029-12-24,25000.00,PE,NIFTY29DEC25000PE,0.00,0.00,0.00,1002.05,1002.05,1002.05,23897.70,1113.00,1200,0,0,0.00,0,F1,65,,,,,
2026-09-04,2026-09-04,FO,NSE,IDO,55701,,NIFTY,,2030-12-31,2030-12-31,19500.00,PE,NIFTY30DEC19500PE,0.00,0.00,0.00,67.40,0.00,67.40,23897.70,204.15,0,0,0,0.00,0,F1,65,,,,,
2026-09-04,2026-09-04,FO,NSE,IDO,55705,,NIFTY,,2030-12-31,2030-12-31,22500.00,PE,NIFTY30DEC22500PE,0.00,0.00,0.00,219.35,0.00,219.35,23897.70,535.80,0,0,0,0.00,0,F1,65,,,,,
2026-09-04,2026-09-04,FO,NSE,IDO,74654,,NIFTY,,2031-06-24,2031-06-24,27000.00,PE,NIFTY31JUN27000PE,0.00,0.00,0.00,1653.15,0.00,1653.15,23897.70,1418.51,0,0,0,0.00,0,F1,65,,,,,
2026-09-04,2026-09-04,FO,NSE,IDO,42579,,NIFTY,,2026-09-08,2026-09-08,22700.00,CE,NIFTY2690822700CE,0.00,0.00,0.00,2071.05,0.00,2071.05,23897.70,1212.52,0,0,0,0.00,0,F1,65,,,,,
2026-09-04,2026-09-04,FO,NSE,IDO,42723,,NIFTY,,2026-09-08,2026-09-08,25600.00,CE,NIFTY2690825600CE,0.75,0.80,0.45,0.50,0.50,0.75,23897.70,0.50,2212990,25090,98780,164373617967.00,17691,F1,65,,,,,
2026-09-04,2026-09-04,FO,NSE,IDO,55566,,NIFTY,,2029-06-26,2029-06-26,31500.00,CE,NIFTY29JUN31500CE,0.00,0.00,0.00,2878.65,0.00,2878.65,23897.70,1647.97,0,0,0,0.00,0,F1,65,,,,,
2026-09-04,2026-09-04,FO,NSE,IDO,74650,,NIFTY,,2031-06-24,2031-06-24,24000.00,PE,NIFTY31JUN24000PE,0.00,0.00,0.00,933.85,933.85,933.85,23897.70,756.28,65,0,0,0.00,0,F1,65,,,,,
2026-09-04,2026-09-04,FO,NSE,IDO,42575,,NIFTY,,2026-09-08,2026-09-08,22600.00,CE,NIFTY2690822600CE,0.00,0.00,0.00,2165.90,0.00,2165.90,23897.70,1312.39,0,0,0,0.00,0,F1,65,,,,,
2026-09-04,2026-09-04,FO,NSE,IDO,42769,,NIFTY,,2026-09-08,2026-09-08,26400.00,CE,NIFTY2690826400CE,0.50,0.60,0.35,0.40,0.35,0.50,23897.70,0.40,776425,210860,82732,141970414563.25,24686,F1,65,,,,,
2026-09-04,2026-09-04,FO,NSE,IDO,47285,,NIFTY,,2026-09-15,2026-09-15,23200.00,CE,NIFTY2691523200CE,794.00,858.00,794.00,809.05,809.00,753.40,23897.70,809.05,1430,975,42,65550852.25,30,F1,65,,,,,
2026-09-04,2026-09-04,FO,NSE,IDO,47405,,NIFTY,,2026-09-15,2026-09-15,25700.00,CE,NIFTY2691525700CE,0.95,1.20,0.90,1.10,1.10,1.20,23897.70,1.10,240370,-585,4894,8175768584.75,1383,F1,65,,,,,
2026-09-04,2026-09-04,FO,NSE,IDO,56823,,NIFTY,,2026-09-22,2026-09-22,22250.00,CE,NIFTY2692222250CE,0.00,0.00,0.00,2053.65,0.00,2053.65,23897.70,1717.96,0,0,0,0.00,0,F1,65,,,,,
2026-09-04,2026-09-04,FO,NSE,IDO,56939,,NIFTY,,2026-09-22,2026-09-22,22950.00,CE,NIFTY2692222950CE,0.00,0.00,0.00,1416.40,0.00,1416.40,23897.70,1059.30,0,0,0,0.00,0,F1,65,,,,,
2026-09-04,2026-09-04,FO,NSE,IDO,57379,,NIFTY,,2026-09-22,2026-09-22,24150.00,CE,NIFTY2692224150CE,143.95,172.50,134.65,138.25,135.45,135.00,23897.70,138.25,47840,8255,651,1028226719.00,391,F1,65,,,,,
2026-09-04,2026-09-04,FO,NSE,IDO,74384,,NIFTY,,2026-09-29,2026-09-29,25250.00,CE,NIFTY26SEP25250CE,12.50,12.50,8.85,9.35,9.45,11.75,23897.70,9.35,141375,-1690,587,963807351.00,316,F1,65,,,,,
2026-09-04,2026-09-04,FO,NSE,IDO,74493,,NIFTY,,2026-09-29,2026-09-29,26800.00,CE,NIFTY26SEP26800CE,2.90,2.90,2.20,2.60,2.20,2.35,23897.70,2.60,3120,-130,10,17421706.25,9,F1,65,,,,,
2026-09-04,2026-09-04,FO,NSE,IDO,65906,,NIFTY,,2026-09-29,2026-09-29,27000.00,CE,NIFTY26SEP27000CE,2.25,2.50,1.85,2.10,2.05,2.30,23897.70,2.10,1720225,3835,2447,4294836211.25,1157,F1,65,,,,,
2026-09-04,2026-09-04,FO,NSE,IDO,40902,,NIFTY,,2026-10-06,2026-10-06,25750.00,CE,NIFTY26O0625750CE,0.00,0.00,0.00,62.65,0.00,62.65,23897.70,37.92,0,0,0,0.00,0,F1,65,,,,,
2026-09-04,2026-09-04,FO,NSE,IDO,51506,,NIFTY,,2026-10-27,2026-10-27,26400.00,CE,NIFTY26OCT26400CE,0.00,0.00,0.00,186.25,0.00,186.25,23897.70,46.81,0,0,0,0.00,0,F1,65,,,,,
2026-09-04,2026-09-04,FO,NSE,IDO,58636,,NIFTY,,2026-12-29,2026-12-29,16000.00,CE,NIFTY26DEC16000CE,0.00,0.00,0.00,8178.15,8178.15,8178.15,23897.70,8221.84,245,0,0,0.00,0,F1,65,,,,,
2026-09-04,2026-09-04,FO,NSE,IDO,80274,,NIFTY,,2027-03-30,2027-03-30,25500.00,CE,NIFTY27MAR25500CE,508.00,525.00,495.70,499.40,497.00,495.90,23897.70,499.40,643565,13195,845,1428510989.75,630,F1,65,,,,,
2026-09-04,2026-09-04,FO,NSE,IDO,89630,,NIFTY,,2029-06-26,2029-06-26,24000.00,CE,NIFTY29JUN24000CE,0.00,0.00,0.00,8085.35,0.00,8085.35,23897.70,4766.01,0,0,0,0.00,0,F1,65,,,,,
2026-09-04,2026-09-04,FO,NSE,IDO,64498,,NIFTY,,2026-11-23,2026-11-23,26000.00,PE,NIFTY26NOV26000PE,1750.00,1750.00,1665.65,1735.55,1735.55,1715.00,23897.70,1911.71,4290,195,6,10805044.25,6,F1,65,,,,,
2026-09-04,2026-09-04,FO,NSE,IDO,55648,,NIFTY,,2030-06-25,2030-06-25,28500.00,CE,NIFTY30JUN28500CE,0.00,0.00,0.00,5382.85,0.00,5382.85,23897.70,3731.43,0,0,0,0.00,0,F1,65,,,,,
2026-09-04,2026-09-04,FO,NSE,IDO,42626,,NIFTY,,2026-09-08,2026-09-08,23650.00,PE,NIFTY2690823650PE,25.15,31.85,6.95,11.05,9.65,24.40,23897.70,11.05,4959175,2241135,1160558,1785129349266.25,316936,F1,65,,,,,
2026-09-04,2026-09-04,FO,NSE,IDO,57022,,NIFTY,,2026-09-22,2026-09-22,23500.00,PE,NIFTY2692223500PE,51.80,64.00,45.80,48.95,50.00,71.25,23897.70,48.95,278525,39325,5506,8429108054.25,3289,F1,65,,,,,
2026-09-04,2026-09-04,FO,NSE,IDO,58015,,NIFTY,,2026-09-22,2026-09-22,25900.00,PE,NIFTY2692225900PE,0.00,0.00,0.00,1658.45,0.00,1658.45,23897.70,1931.32,0,0,0,0.00,0,F1,65,,,,,
2026-09-04,2026-09-04,FO,NSE,IDO,73902,,NIFTY,,2026-09-29,2026-09-29,22950.00,PE,NIFTY26SEP22950PE,29.90,29.90,20.65,21.20,20.95,31.65,23897.70,21.20,83720,-14170,905,1351429547.00,585,F1,65,,,,,
2026-09-04,2026-09-04,FO,NSE,IDO,40851,,NIFTY,,2026-10-06,2026-10-06,24750.00,PE,NIFTY26O0624750PE,0.00,0.00,0.00,808.10,0.00,808.10,23897.70,900.05,0,0,0,0.00,0,F1,65,,,,,
2026-09-04,2026-09-04,FO,NSE,IDO,40864,,NIFTY,,2026-10-06,2026-10-06,24950.00,PE,NIFTY26O0624950PE,0.00,0.00,0.00,949.75,0.00,949.75,23897.70,1052.82,0,0,0,0.00,0,F1,65,,,,,
2026-09-04,2026-09-04,FO,NSE,IDO,40903,,NIFTY,,2026-10-06,2026-10-06,25750.00,PE,NIFTY26O0625750PE,0.00,0.00,0.00,1608.15,0.00,1608.15,23897.70,1745.24,0,0,0,0.00,0,F1,65,,,,,
2026-09-04,2026-09-04,FO,NSE,IDO,51375,,NIFTY,,2026-10-27,2026-10-27,23550.00,PE,NIFTY26OCT23550PE,152.65,153.95,146.40,153.95,153.95,170.40,23897.70,153.95,2340,325,12,18487748.50,12,F1,65,,,,,
2026-09-04,2026-09-04,FO,NSE,IDO,51427,,NIFTY,,2026-10-27,2026-10-27,24700.00,PE,NIFTY26OCT24700PE,685.00,685.00,626.05,672.65,668.85,719.10,23897.70,672.65,144495,2275,56,92298937.25,33,F1,65,,,,,
2026-09-04,2026-09-04,FO,NSE,IDO,51389,,NIFTY,,2026-10-27,2026-10-27,23900.00,PE,NIFTY26OCT23900PE,272.00,272.00,233.65,250.30,246.65,282.00,23897.70,250.30,161590,7930,860,1350018114.25,588,F1,65,,,,,
2026-09-04,2026-09-04,FO,NSE,IDO,51321,,NIFTY,,2026-10-27,2026-10-27,22300.00,PE,NIFTY26OCT22300PE,28.30,32.50,24.90,26.05,25.05,33.25,23897.70,26.05,83915,-1170,838,1216161735.75,368,F1,65,,,,,
2026-09-04,2026-09-04,FO,NSE,IDO,51317,,NIFTY,,2026-10-27,2026-10-27,22200.00,PE,NIFTY26OCT22200PE,0.00,0.00,0.00,130.55,0.00,130.55,23897.70,55.79,0,0,0,0.00,0,F1,65,,,,,
2026-09-04,2026-09-04,FO,NSE,IDO,40845,,NIFTY,,2026-10-06,2026-10-06,24700.00,PE,NIFTY26O0624700PE,0.00,0.00,0.00,774.45,0.00,774.45,23897.70,863.59,0,0,0,0.00,0,F1,65,,,,,
2026-09-04,2026-09-04,FO,NSE,IDO,40716,,NIFTY,,2026-10-06,2026-10-06,22800.00,PE,NIFTY26O0622800PE,0.00,0.00,0.00,66.40,0.00,66.40,23897.70,74.02,0,0,0,0.00,0,F1,65,,,,,
2026-09-04,2026-09-04,FO,NSE,IDO,73982,,NIFTY,,2026-09-29,2026-09-29,23450.00,PE,NIFTY26SEP23450PE,77.95,78.30,57.30,61.80,61.60,83.05,23897.70,61.80,214370,-1690,2124,3246408506.25,1438,F1,65,,,,,
2026-09-04,2026-09-04,FO,NSE,IDO,73870,,NIFTY,,2026-09-29,2026-09-29,22100.00,PE,NIFTY26SEP22100PE,10.25,10.60,9.40,9.60,9.45,11.85,23897.70,9.60,99905,1235,952,1368173452.75,532,F1,65,,,,,
2026-09-04,2026-09-04,FO,NSE,IDO,51485,,NIFTY,,2026-10-27,2026-10-27,25850.00,PE,NIFTY26OCT25850PE,0.00,0.00,0.00,1093.80,1093.80,1093.80,23897.70,1808.37,65,0,0,0.00,0,F1,65,,,,,
2026-09-04,2026-09-04,FO,NSE,IDO,64267,,NIFTY,,2026-11-23,2026-11-23,22250.00,PE,NIFTY26NOV22250PE,0.00,0.00,0.00,85.80,0.00,85.80,23897.70,108.28,0,0,0,0.00,0,F1,65,,,,,
2026-09-04,2026-09-04,FO,NSE,IDO,55381,,NIFTY,,2027-06-29,2027-06-29,31500.00,PE,NIFTY27JUN31500PE,0.00,0.00,0.00,3604.70,0.00,3604.70,23897.70,6090.50,0,0,0,0.00,0,F1,65,,,,,
2026-09-04,2026-09-04,FO,NSE,IDO,53606,,NIFTY,,2027-12-28,2027-12-28,19000.00,PE,NIFTY27DEC19000PE,120.00,120.00,95.05,110.05,110.05,121.85,23897.70,66.52,7440,3515,68,84420742.25,12,F1,65,,,,,
2026-09-04,2026-09-04,FO,NSE,IDO,86152,,NIFTY,,2028-06-27,2028-06-27,24000.00,PE,NIFTY28JUN24000PE,0.00,0.00,0.00,1692.75,0.00,1692.75,23897.70,926.06,0,0,0,0.00,0,F1,65,,,,,
2026-09-04,2026-09-04,FO,NSE,IDO,55283,,NIFTY,,2026-09-29,2026-09-29,19500.00,PE,NIFTY26SEP19500PE,2.90,3.65,2.75,2.90,2.80,3.45,23897.70,2.90,881335,195,1196,1516160922.25,359,F1,65,,,,,
2026-09-04,2026-09-04,FO,NSE,IDO,57928,,NIFTY,,2026-09-22,2026-09-22,25550.00,PE,NIFTY2692225550PE,0.00,0.00,0.00,1354.25,0.00,1354.25,23897.70,1590.35,0,0,0,0.00,0,F1,65,,,,,
2026-09-04,2026-09-04,FO,NSE,IDO,57002,,NIFTY,,2026-09-22,2026-09-22,23400.00,PE,NIFTY2692223400PE,47.10,51.05,35.70,37.75,36.60,54.35,23897.70,37.75,446355,19110,4778,7279838936.50,3491,F1,65,,,,,
2026-09-04,2026-09-04,FO,NSE,IDO,56902,,NIFTY,,2026-09-22,2026-09-22,22600.00,PE,NIFTY2692222600PE,9.25,9.40,7.25,7.65,7.35,10.80,23897.70,7.65,14560,-3055,337,495232218.00,159,F1,65,,,,,
2026-09-04,2026-09-04,FO,NSE,IDO,47280,,NIFTY,,2026-09-15,2026-09-15,23050.00,PE,NIFTY2691523050PE,8.95,9.50,6.15,6.60,6.55,10.25,23897.70,6.60,175630,133770,9455,14170377048.75,5400,F1,65,,,,,
2026-09-04,2026-09-04,FO,NSE,IDO,42742,,NIFTY,,2026-09-08,2026-09-08,25900.00,PE,NIFTY2690825900PE,0.00,0.00,0.00,1274.25,0.00,1274.25,23897.70,1985.50,0,0,0,0.00,0,F1,65,,,,,
2026-09-04,2026-09-04,FO,NSE,IDO,42726,,NIFTY,,2026-09-08,2026-09-08,25650.00,PE,NIFTY2690825650PE,0.00,0.00,0.00,1474.95,1474.95,1474.95,23897.70,1735.67,520,0,0,0.00,0,F1,65,,,,,
2026-09-04,2026-09-04,FO,NSE,IDO,42680,,NIFTY,,2026-09-08,2026-09-08,24900.00,PE,NIFTY2690824900PE,838.40,955.15,838.40,942.35,940.00,953.25,23897.70,942.35,19890,-7020,400,671391916.00,343,F1,65,,,,,
2026-09-04,2026-09-04,FO,NSE,IDO,42568,,NIFTY,,2026-09-08,2026-09-08,22400.00,PE,NIFTY2690822400PE,0.95,1.55,0.85,1.05,1.00,1.30,23897.70,1.05,1846195,-61360,149790,218105308590.00,24246,F1,65,,,,,
2026-09-04,2026-09-04,FO,NSE,IDO,55600,,NIFTY,,2029-12-24,2029-12-24,19500.00,CE,NIFTY29DEC19500CE,0.00,0.00,0.00,10678.80,0.00,10678.80,23897.70,8330.24,0,0,0,0.00,0,F1,65,,,,,
2026-09-04,2026-09-04,FO,NSE,IDO,55430,,NIFTY,,2027-12-28,2027-12-28,31500.00,CE,NIFTY27DEC31500CE,161.00,161.00,140.00,150.00,150.00,161.00,23897.70,368.88,2080,65,4,8229780.00,3,F1,65,,,,,
2026-09-04,2026-09-04,FO,NSE,IDO,55380,,NIFTY,,2027-06-29,2027-06-29,31500.00,CE,NIFTY27JUN31500CE,0.00,0.00,0.00,769.15,0.00,769.15,23897.70,101.64,0,0,0,0.00,0,F1,65,,,,,
2026-09-04,2026-09-04,FO,NSE,IDO,64458,,NIFTY,,2026-11-23,2026-11-23,25350.00,CE,NIFTY26NOV25350CE,0.00,0.00,0.00,514.10,0.00,514.10,23897.70,308.64,0,0,0,0.00,0,F1,65,,,,,
2026-09-04,2026-09-04,FO,NSE,IDO,64387,,NIFTY,,2026-11-23,2026-11-23,23800.00,CE,NIFTY26NOV23800CE,719.90,768.00,719.90,735.40,739.25,711.25,23897.70,735.40,7215,-390,82,130814466.25,52,F1,65,,,,,
2026-09-04,2026-09-04,FO,NSE,IDO,55605,,NIFTY,,2029-12-24,2029-12-24,25500.00,PE,NIFTY29DEC25500PE,0.00,0.00,0.00,597.30,0.00,597.30,23897.70,1251.39,0,0,0,0.00,0,F1,65,,,,,
2026-09-04,2026-09-04,FO,NSE,IDO,55763,,NIFTY,,2030-12-31,2030-12-31,30000.00,PE,NIFTY30DEC30000PE,0.00,0.00,0.00,1450.10,0.00,1450.10,23897.70,2517.23,0,0,0,0.00,0,F1,65,,,,,
2026-09-04,2026-09-04,FO,NSE,IDO,64385,,NIFTY,,2026-11-23,2026-11-23,23750.00,CE,NIFTY26NOV23750CE,0.00,0.00,0.00,1325.60,0.00,1325.60,23897.70,972.49,0,0,0,0.00,0,F1,65,,,,,
2026-09-04,2026-09-04,FO,NSE,IDO,64381,,NIFTY,,2026-11-23,2026-11-23,23700.00,CE,NIFTY26NOV23700CE,0.00,0.00,0.00,852.00,852.00,852.00,23897.70,1001.96,130,0,0,0.00,0,F1,65,,,,,
2026-09-04,2026-09-04,FO,NSE,IDO,64359,,NIFTY,,2026-11-23,2026-11-23,23350.00,CE,NIFTY26NOV23350CE,1119.20,1119.20,1070.00,1070.00,1070.00,1606.30,23897.70,1223.10,1040,1040,18,28579684.25,11,F1,65,,,,,
2026-09-04,2026-09-04,FO,NSE,IDO,64244,,NIFTY,,2026-11-23,2026-11-23,22150.00,CE,NIFTY26NOV22150CE,0.00,0.00,0.00,2589.60,0.00,2589.60,23897.70,2153.78,0,0,0,0.00,0,F1,65,,,,,
2026-09-04,2026-09-04,FO,NSE,IDO,51504,,NIFTY,,2026-10-27,2026-10-27,26350.00,CE,NIFTY26OCT26350CE,0.00,0.00,0.00,194.10,0.00,194.10,23897.70,50.15,0,0,0,0.00,0,F1,65,,,,,
2026-09-04,2026-09-04,FO,NSE,IDO,51382,,NIFTY,,2026-10-27,2026-10-27,23750.00,CE,NIFTY26OCT23750CE,614.20,638.05,614.20,617.05,617.05,620.00,23897.70,779.46,1170,130,4,6337158.75,4,F1,65,,,,,
2026-09-04,2026-09-04,FO,NSE,IDO,51370,,NIFTY,,2026-10-27,2026-10-27,23450.00,CE,NIFTY26OCT23450CE,0.00,0.00,0.00,1307.95,0.00,1307.95,23897.70,966.29,0,0,0,0.00,0,F1,65,,,,,
2026-09-04,2026-09-04,FO,NSE,IDO,51316,,NIFTY,,2026-10-27,2026-10-27,22200.00,CE,NIFTY26OCT22200CE,0.00,0.00,0.00,2249.30,0.00,2249.30,23897.70,1960.12,0,0,0,0.00,0,F1,65,,,,,
2026-09-04,2026-09-04,FO,NSE,IDO,40877,,NIFTY,,2026-10-06,2026-10-06,25300.00,CE,NIFTY26O0625300CE,0.00,0.00,0.00,124.05,0.00,124.05,23897.70,82.22,0,0,0,0.00,0,F1,65,,,,,
2026-09-04,2026-09-04,FO,NSE,IDO,40741,,NIFTY,,2026-10-06,2026-10-06,23100.00,CE,NIFTY26O0623100CE,0.00,0.00,0.00,1200.60,0.00,1200.60,23897.70,1053.01,0,0,0,0.00,0,F1,65,,,,,
2026-09-04,2026-09-04,FO,NSE,IDO,73881,,NIFTY,,2026-09-29,2026-09-29,22400.00,CE,NIFTY26SEP22400CE,0.00,0.00,0.00,1740.00,1740.00,1740.00,23897.70,1608.69,260,0,0,0.00,0,F1,65,,,,,
2026-09-04,2026-09-04,FO,NSE,IDO,57873,,NIFTY,,2026-09-22,2026-09-22,25250.00,CE,NIFTY2692225250CE,0.00,0.00,0.00,100.25,100.25,100.25,23897.70,27.53,65,0,0,0.00,0,F1,65,,,,,
2026-09-04,2026-09-04,FO,NSE,IDO,57501,,NIFTY,,2026-09-22,2026-09-22,24350.00,CE,NIFTY2692224350CE,67.50,95.00,67.50,73.45,71.60,74.85,23897.70,73.45,25740,6435,609,967095249.25,358,F1,65,,,,,
2026-09-04,2026-09-04,FO,NSE,IDO,47423,,NIFTY,,2026-09-15,2026-09-15,25950.00,CE,NIFTY2691525950CE,1.00,1.25,0.95,1.10,1.25,1.10,23897.70,1.10,5980,-195,77,129884937.00,29,F1,65,,,,,
2026-09-04,2026-09-04,FO,NSE,IDO,47335,,NIFTY,,2026-09-15,2026-09-15,24400.00,CE,NIFTY2691524400CE,31.90,40.50,23.40,25.05,25.25,30.70,23897.70,25.05,1938495,703495,73930,117396444873.50,40780,F1,65,,,,,
2026-09-04,2026-09-04,FO,NSE,IDO,47273,,NIFTY,,2026-09-15,2026-09-15,22900.00,CE,NIFTY2691522900CE,0.00,0.00,0.00,1164.45,1164.45,1164.45,23897.70,1053.65,65,0,0,0.00,0,F1,65,,,,,
2026-09-04,2026-09-04,FO,NSE,IDO,47253,,NIFTY,,2026-09-15,2026-09-15,22400.00,CE,NIFTY2691522400CE,0.00,0.00,0.00,2217.25,0.00,2217.25,23897.70,1539.40,0,0,0,0.00,0,F1,65,,,,,
2026-09-04,2026-09-04,FO,NSE,IDO,42659,,NIFTY,,2026-09-08,2026-09-08,24450.00,CE,NIFTY2690824450CE,5.25,5.45,2.35,3.10,2.45,5.70,23897.70,3.10,3698955,300950,410419,652367649183.25,102682,F1,65,,,,,
2026-09-04,2026-09-04,FO,NSE,IDO,42569,,NIFTY,,2026-09-08,2026-09-08,22450.00,CE,NIFTY2690822450CE,0.00,0.00,0.00,2309.55,0.00,2309.55,23897.70,1462.27,0,0,0,0.00,0,F1,65,,,,,
2026-09-04,2026-09-04,FO,NSE,IDF,61471,,NIFTY,,2026-11-23,2026-11-23,,,NIFTY26NOVFUT,24300.00,24330.00,24225.90,24262.00,24266.70,24208.10,23897.70,24262.00,463775,10725,853,1346350304.00,703,F1,65,,,,,
2026-09-04,2026-09-04,FO,NSE,IDF,48704,,NIFTY,,2026-10-27,2026-10-27,,,NIFTY26OCTFUT,24119.40,24221.90,24119.40,24149.40,24150.00,24103.60,23897.70,24149.40,1785550,44785,2376,3733155783.50,2154,F1,65,,,,,
2026-09-04,2026-09-04,FO,NSE,IDO,51417,,NIFTY,,2026-10-27,2026-10-27,24450.00,PE,NIFTY26OCT24450PE,500.00,512.05,500.00,511.20,512.05,567.00,23897.70,511.20,16510,-455,8,12976161.25,5,F1,65,,,,,
2026-09-04,2026-09-04,FO,NSE,IDO,51439,,NIFTY,,2026-10-27,2026-10-27,24950.00,PE,NIFTY26OCT24950PE,0.00,0.00,0.00,676.90,676.90,676.90,23897.70,1089.10,3900,0,0,0.00,0,F1,65,,,,,
2026-09-04,2026-09-04,FO,NSE,IDO,47267,,NIFTY,,2026-09-15,2026-09-15,22750.00,CE,NIFTY2691522750CE,0.00,0.00,0.00,1886.50,0.00,1886.50,23897.70,1196.69,0,0,0,0.00,0,F1,65,,,,,
2026-09-04,2026-09-04,FO,NSE,IDO,51426,,NIFTY,,2026-10-27,2026-10-27,24700.00,CE,NIFTY26OCT24700CE,143.75,163.00,138.95,140.95,142.35,141.10,23897.70,140.95,252785,10335,1966,3175398892.25,1148,F1,65,,,,,
2026-09-04,2026-09-04,FO,NSE,IDO,40863,,NIFTY,,2026-10-06,2026-10-06,24950.00,CE,NIFTY26O0624950CE,0.00,0.00,0.00,199.60,0.00,199.60,23897.70,140.99,0,0,0,0.00,0,F1,65,,,,,
2026-09-04,2026-09-04,FO,NSE,IDO,40811,,NIFTY,,2026-10-06,2026-10-06,24200.00,CE,NIFTY26O0624200CE,0.00,0.00,0.00,475.60,0.00,475.60,23897.70,374.67,0,0,0,0.00,0,F1,65,,,,,
2026-09-04,2026-09-04,FO,NSE,IDO,74420,,NIFTY,,2026-09-29,2026-09-29,25800.00,CE,NIFTY26SEP25800CE,4.65,5.45,4.65,4.95,5.05,5.70,23897.70,4.95,324740,-31590,1793,3007447550.25,844,F1,65,,,,,
2026-09-04,2026-09-04,FO,NSE,IDO,57910,,NIFTY,,2026-09-22,2026-09-22,25400.00,CE,NIFTY2692225400CE,4.25,4.75,3.65,4.00,4.10,6.00,23897.70,4.00,10985,3640,319,526754881.25,110,F1,65,,,,,
2026-09-04,2026-09-04,FO,NSE,IDO,57638,,NIFTY,,2026-09-22,2026-09-22,24550.00,CE,NIFTY2692224550CE,39.50,47.05,31.95,33.25,33.60,38.05,23897.70,33.25,86320,24960,728,1163452143.75,303,F1,65,,,,,
2026-09-04,2026-09-04,FO,NSE,IDO,47361,,NIFTY,,2026-09-15,2026-09-15,24950.00,CE,NIFTY2691524950CE,5.05,5.05,3.20,3.60,3.50,4.75,23897.70,3.60,111345,14950,4703,7628319088.00,3033,F1,65,,,,,
2026-09-04,2026-09-04,FO,NSE,IDO,47351,,NIFTY,,2026-09-15,2026-09-15,24750.00,CE,NIFTY2691524750CE,6.85,7.40,4.90,5.45,5.25,7.05,23897.70,5.45,434330,-444470,38351,61711777179.00,17490,F1,65,,,,,
2026-09-04,2026-09-04,FO,NSE,IDO,47349,,NIFTY,,2026-09-15,2026-09-15,24700.00,CE,NIFTY2691524700CE,8.60,9.30,5.00,6.05,6.00,8.60,23897.70,6.05,999700,71825,48130,77295381150.00,21913,F1,65,,,,,
2026-09-04,2026-09-04,FO,NSE,IDO,47299,,NIFTY,,2026-09-15,2026-09-15,23550.00,CE,NIFTY2691523550CE,483.30,534.00,465.50,476.50,471.75,438.75,23897.70,476.50,4420,-195,93,145363088.00,80,F1,65,,,,,
2026-09-04,2026-09-04,FO,NSE,IDO,64278,,NIFTY,,2026-11-23,2026-11-23,22500.00,CE,NIFTY26NOV22500CE,1790.00,1790.00,1782.40,1782.40,1782.40,2283.70,23897.70,1858.72,130,130,2,3157206.00,2,F1,65,,,,,
2026-09-04,2026-09-04,FO,NSE,IDO,64286,,NIFTY,,2026-11-23,2026-11-23,22600.00,CE,NIFTY26NOV22600CE,0.00,0.00,0.00,2198.80,0.00,2198.80,23897.70,1777.59,0,0,0,0.00,0,F1,65,,,,,
2026-09-04,2026-09-04,FO,NSE,IDO,64377,,NIFTY,,2026-11-23,2026-11-23,23600.00,CE,NIFTY26NOV23600CE,0.00,0.00,0.00,1427.05,0.00,1427.05,23897.70,1062.52,0,0,0,0.00,0,F1,65,,,,,
2026-09-04,2026-09-04,FO,NSE,IDO,80278,,NIFTY,,2027-03-30,2027-03-30,28500.00,CE,NIFTY27MAR28500CE,52.10,54.90,49.05,50.50,50.75,53.55,23897.70,50.50,178035,4225,397,736769549.75,221,F1,65,,,,,
2026-09-04,2026-09-04,FO,NSE,IDO,55418,,NIFTY,,2027-12-28,2027-12-28,16500.00,CE,NIFTY27DEC16500CE,0.00,0.00,0.00,11316.40,0.00,11316.40,23897.70,8744.96,0,0,0,0.00,0,F1,65,,,,,
2026-09-04,2026-09-04,FO,NSE,IDO,55756,,NIFTY,,2030-12-31,2030-12-31,25500.00,CE,NIFTY30DEC25500CE,0.00,0.00,0.00,7639.65,0.00,7639.65,23897.70,5714.68,0,0,0,0.00,0,F1,65,,,,,
2026-09-04,2026-09-04,FO,NSE,IDO,42702,,NIFTY,,2026-09-08,2026-09-08,25300.00,PE,NIFTY2690825300PE,1324.65,1338.00,1324.65,1335.00,1331.95,1358.60,23897.70,1335.00,3835,260,5,8655695.75,3,F1,65,,,,,
2026-09-04,2026-09-04,FO,NSE,IDO,47258,,NIFTY,,2026-09-15,2026-09-15,22500.00,PE,NIFTY2691522500PE,4.95,4.95,3.55,3.85,3.75,4.90,23897.70,3.85,977730,28860,15473,22633407962.75,5025,F1,65,,,,,
2026-09-04,2026-09-04,FO,NSE,IDO,47420,,NIFTY,,2026-09-15,2026-09-15,25850.00,PE,NIFTY2691525850PE,0.00,0.00,0.00,1345.95,0.00,1345.95,23897.70,1906.81,0,0,0,0.00,0,F1,65,,,,,
2026-09-04,2026-09-04,FO,NSE,IDO,57083,,NIFTY,,2026-09-22,2026-09-22,23750.00,PE,NIFTY2692223750PE,119.40,119.40,89.00,98.25,97.80,127.75,23897.70,98.25,13845,3900,411,637078351.00,294,F1,65,,,,,
2026-09-04,2026-09-04,FO,NSE,IDO,57587,,NIFTY,,2026-09-22,2026-09-22,24450.00,PE,NIFTY2692224450PE,446.00,470.05,435.15,470.05,470.05,522.40,23897.70,470.05,1235,0,9,14561196.00,9,F1,65,,,,,
2026-09-04,2026-09-04,FO,NSE,IDO,57735,,NIFTY,,2026-09-22,2026-09-22,24800.00,PE,NIFTY2692224800PE,0.00,0.00,0.00,798.40,798.40,798.40,23897.70,907.47,65,0,0,0.00,0,F1,65,,,,,
2026-09-04,2026-09-04,FO,NSE,IDO,74466,,NIFTY,,2026-09-29,2026-09-29,26200.00,PE,NIFTY26SEP26200PE,2127.00,2127.00,2127.00,2127.00,2127.00,2226.35,23897.70,2203.04,37895,-65,1,1841255.00,1,F1,65,,,,,
2026-09-04,2026-09-04,FO,NSE,IDO,40688,,NIFTY,,2026-10-06,2026-10-06,22400.00,PE,NIFTY26O0622400PE,0.00,0.00,0.00,30.40,0.00,30.40,23897.70,33.18,0,0,0,0.00,0,F1,65,,,,,
2026-09-04,2026-09-04,FO,NSE,IDO,40790,,NIFTY,,2026-10-06,2026-10-06,23900.00,PE,NIFTY26O0623900PE,0.00,0.00,0.00,342.45,0.00,342.45,23897.70,387.09,0,0,0,0.00,0,F1,65,,,,,
2026-09-04,2026-09-04,FO,NSE,IDO,51341,,NIFTY,,2026-10-27,2026-10-27,22700.00,PE,NIFTY26OCT22700PE,49.60,49.60,40.40,43.40,43.50,53.60,23897.70,43.40,98995,-9100,402,594280345.75,201,F1,65,,,,,
2026-09-04,2026-09-04,FO,NSE,IDO,51361,,NIFTY,,2026-10-27,2026-10-27,23200.00,PE,NIFTY26OCT23200PE,115.10,115.10,83.00,87.45,88.85,105.25,23897.70,87.45,72735,5200,843,1276081413.75,598,F1,65,,,,,
2026-09-04,2026-09-04,FO,NSE,IDO,51401,,NIFTY,,2026-10-27,2026-10-27,24150.00,PE,NIFTY26OCT24150PE,372.05,374.90,332.10,352.75,355.95,385.20,23897.70,352.75,25220,1170,69,109885392.50,59,F1,65,,,,,
2026-09-04,2026-09-04,FO,NSE,IDO,64269,,NIFTY,,2026-11-23,2026-11-23,22300.00,PE,NIFTY26NOV22300PE,0.00,0.00,0.00,91.10,0.00,91.10,23897.70,115.07,0,0,0,0.00,0,F1,65,,,,,
2026-09-04,2026-09-04,FO,NSE,IDO,71504,,NIFTY,,2026-12-29,2026-12-29,25000.00,PE,NIFTY26DEC25000PE,885.60,888.35,830.00,868.15,869.40,903.70,23897.70,868.15,2018395,-3450,1433,2409007149.25,945,F1,65,,,,,
2026-09-04,2026-09-04,FO,NSE,IDO,35263,,NIFTY,,2027-06-29,2027-06-29,30000.00,PE,NIFTY27JUN30000PE,0.00,0.00,0.00,4000.00,4000.00,4000.00,23897.70,4773.08,455,0,0,0.00,0,F1,65,,,,,
2026-09-04,2026-09-04,FO,NSE,IDO,53625,,NIFTY,,2027-12-28,2027-12-28,24000.00,PE,NIFTY27DEC24000PE,651.00,651.00,603.10,618.30,617.00,667.85,23897.70,618.30,251390,49530,1822,2916469887.50,752,F1,65,,,,,
2026-09-04,2026-09-04,FO,NSE,IDO,74652,,NIFTY,,2031-06-24,2031-06-24,25500.00,PE,NIFTY31JUN25500PE,0.00,0.00,0.00,1262.85,0.00,1262.85,23897.70,1055.76,0,0,0,0.00,0,F1,65,,,,,
2026-09-04,2026-09-04,FO,NSE,IDO,64270,,NIFTY,,2026-11-23,2026-11-23,22350.00,CE,NIFTY26NOV22350CE,0.00,0.00,0.00,2413.25,0.00,2413.25,23897.70,1983.16,0,0,0,0.00,0,F1,65,,,,,
2026-09-04,2026-09-04,FO,NSE,IDO,51534,,NIFTY,,2026-10-27,2026-10-27,27050.00,CE,NIFTY26OCT27050CE,0.00,0.00,0.00,6.30,6.00,6.30,23897.70,18.03,2080,0,0,0.00,0,F1,65,,,,,
2026-09-04,2026-09-04,FO,NSE,IDO,51434,,NIFTY,,2026-10-27,2026-10-27,24900.00,CE,NIFTY26OCT24900CE,97.95,107.30,91.25,93.15,93.35,94.65,23897.70,93.15,199355,20410,1581,2568861860.50,1043,F1,65,,,,,
2026-09-04,2026-09-04,FO,NSE,IDO,73885,,NIFTY,,2026-09-29,2026-09-29,22550.00,CE,NIFTY26SEP22550CE,0.00,0.00,0.00,1749.20,1749.20,1749.20,23897.70,1468.54,130,0,0,0.00,0,F1,65,,,,,
2026-09-04,2026-09-04,FO,NSE,IDO,73889,,NIFTY,,2026-09-29,2026-09-29,22650.00,CE,NIFTY26SEP22650CE,0.00,0.00,0.00,1361.20,1361.20,1361.20,23897.70,1376.87,195,0,0,0.00,0,F1,65,,,,,
2026-09-04,2026-09-04,FO,NSE,IDO,74066,,NIFTY,,2026-09-29,2026-09-29,24150.00,CE,NIFTY26SEP24150CE,193.40,226.80,182.85,187.35,189.45,183.40,23897.70,187.35,198380,4615,2549,4034448684.50,1786,F1,65,,,,,
2026-09-04,2026-09-04,FO,NSE,IDO,74386,,NIFTY,,2026-09-29,2026-09-29,25300.00,CE,NIFTY26SEP25300CE,10.15,10.45,8.10,8.45,8.55,10.60,23897.70,8.45,850655,5265,5312,8738762366.75,2326,F1,65,,,,,
2026-09-04,2026-09-04,FO,NSE,IDO,65923,,NIFTY,,2026-09-29,2026-09-29,30000.00,CE,NIFTY26SEP30000CE,1.00,1.00,0.65,0.75,0.70,1.00,23897.70,0.75,296620,-7085,183,356859662.25,46,F1,65,,,,,
2026-09-04,2026-09-04,FO,NSE,IDO,40769,,NIFTY,,2026-10-06,2026-10-06,23700.00,CE,NIFTY26O0623700CE,519.90,547.00,513.90,544.20,544.20,500.00,23897.70,633.14,130,65,4,6300125.00,4,F1,65,,,,,
2026-09-04,2026-09-04,FO,NSE,IDO,40803,,NIFTY,,2026-10-06,2026-10-06,24100.00,CE,NIFTY26O0624100CE,267.00,278.00,254.00,254.85,254.00,258.95,23897.70,254.85,2405,260,23,36429757.00,16,F1,65,,,,,
2026-09-04,2026-09-04,FO,NSE,IDO,40869,,NIFTY,,2026-10-06,2026-10-06,25100.00,CE,NIFTY26O0625100CE,0.00,0.00,0.00,163.85,0.00,163.85,23897.70,112.64,0,0,0,0.00,0,F1,65,,,,,
2026-09-04,2026-09-04,FO,NSE,IDO,51330,,NIFTY,,2026-10-27,2026-10-27,22500.00,CE,NIFTY26OCT22500CE,1712.00,1727.00,1671.85,1671.85,1671.85,1619.00,23897.70,1671.85,18525,325,20,31440578.00,14,F1,65,,,,,
2026-09-04,2026-09-04,FO,NSE,IDO,51386,,NIFTY,,2026-10-27,2026-10-27,23850.00,CE,NIFTY26OCT23850CE,534.35,581.80,528.20,539.80,545.95,519.60,23897.70,539.80,2600,130,27,42828379.75,21,F1,65,,,,,
2026-09-04,2026-09-04,FO,NSE,IDO,51392,,NIFTY,,2026-10-27,2026-10-27,24000.00,CE,NIFTY26OCT24000CE,449.00,492.50,437.35,447.90,446.50,432.75,23897.70,447.90,715195,19110,4639,7376584780.50,3585,F1,65,,,,,
2026-09-04,2026-09-04,FO,NSE,IDO,51480,,NIFTY,,2026-10-27,2026-10-27,25750.00,CE,NIFTY26OCT25750CE,20.00,21.65,18.05,18.50,18.50,19.60,23897.70,109.41,87685,-2210,91,152425224.25,48,F1,65,,,,,
2026-09-04,2026-09-04,FO,NSE,IDO,51526,,NIFTY,,2026-10-27,2026-10-27,26900.00,CE,NIFTY26OCT26900CE,8.30,8.30,5.60,5.60,5.60,6.40,23897.70,5.60,17420,1495,48,83947188.00,26,F1,65,,,,,
2026-09-04,2026-09-04,FO,NSE,IDO,64306,,NIFTY,,2026-11-23,2026-11-23,22850.00,CE,NIFTY26NOV22850CE,0.00,0.00,0.00,1992.05,0.00,1992.05,23897.70,1581.70,0,0,0,0.00,0,F1,65,,,,,
2026-09-04,2026-09-04,FO,NSE,IDO,64475,,NIFTY,,2026-11-23,2026-11-23,25550.00,CE,NIFTY26NOV25550CE,0.00,0.00,0.00,446.95,0.00,446.95,23897.70,260.60,0,0,0,0.00,0,F1,65,,,,,
2026-09-04,2026-09-04,FO,NSE,IDO,58640,,NIFTY,,2026-12-29,2026-12-29,18000.00,CE,NIFTY26DEC18000CE,0.00,0.00,0.00,6570.45,6570.45,6570.45,23897.70,6262.54,1690,0,0,0.00,0,F1,65,,,,,
2026-09-04,2026-09-04,FO,NSE,IDO,71505,,NIFTY,,2026-12-29,2026-12-29,26000.00,CE,NIFTY26DEC26000CE,100.65,113.90,100.65,103.10,102.00,103.80,23897.70,103.10,4068300,42545,9687,16438220308.25,4461,F1,65,,,,,
2026-09-04,2026-09-04,FO,NSE,IDO,47190,,NIFTY,,2026-12-29,2026-12-29,33000.00,CE,NIFTY26DEC33000CE,4.80,4.85,4.05,4.10,4.05,4.55,23897.70,4.10,105495,845,37,79376108.50,19,F1,65,,,,,
2026-09-04,2026-09-04,FO,NSE,IDO,80307,,NIFTY,,2027-03-30,2027-03-30,30000.00,CE,NIFTY27MAR30000CE,28.95,28.95,26.25,27.75,26.75,28.95,23897.70,27.75,134095,6110,272,530891003.50,97,F1,65,,,,,
2026-09-04,2026-09-04,FO,NSE,IDO,55368,,NIFTY,,2027-06-29,2027-06-29,16500.00,CE,NIFTY27JUN16500CE,0.00,0.00,0.00,10867.20,0.00,10867.20,23897.70,8244.21,0,0,0,0.00,0,F1,65,,,,,
2026-09-04,2026-09-04,FO,NSE,IDO,35262,,NIFTY,,2027-06-29,2027-06-29,30000.00,CE,NIFTY27JUN30000CE,0.00,0.00,0.00,1478.40,0.00,1478.40,23897.70,207.39,0,0,0,0.00,0,F1,65,,,,,
2026-09-04,2026-09-04,FO,NSE,IDO,55650,,NIFTY,,2030-06-25,2030-06-25,31500.00,CE,NIFTY30JUN31500CE,0.00,0.00,0.00,3984.80,0.00,3984.80,23897.70,2648.39,0,0,0,0.00,0,F1,65,,,,,
2026-09-04,2026-09-04,FO,NSE,IDO,55766,,NIFTY,,2030-12-31,2030-12-31,33000.00,CE,NIFTY30DEC33000CE,0.00,0.00,0.00,3948.25,0.00,3948.25,23897.70,2716.31,0,0,0,0.00,0,F1,65,,,,,
2026-09-04,2026-09-04,FO,NSE,IDO,42747,,NIFTY,,2026-09-08,2026-09-08,26050.00,CE,NIFTY2690826050CE,0.60,0.60,0.40,0.45,0.40,0.60,23897.70,0.45,130065,26715,2907,4922371694.50,789,F1,65,,,,,
2026-09-04,2026-09-04,FO,NSE,IDO,74638,,NIFTY,,2031-06-24,2031-06-24,16500.00,CE,NIFTY31JUN16500CE,0.00,0.00,0.00,11849.25,0.00,11849.25,23897.70,11848.45,0,0,0,0.00,0,F1,65,,,,,
2026-09-04,2026-09-04,FO,NSE,IDO,42578,,NIFTY,,2026-09-08,2026-09-08,22650.00,PE,NIFTY2690822650PE,1.50,1.85,1.05,1.30,1.20,1.50,23897.70,1.30,426335,24960,63397,93342448810.00,12707,F1,65,,,,,
2026-09-04,2026-09-04,FO,NSE,IDO,55641,,NIFTY,,2030-06-25,2030-06-25,16500.00,PE,NIFTY30JUN16500PE,0.00,0.00,0.00,12.00,0.00,12.00,23897.70,49.77,0,0,0,0.00,0,F1,65,,,,,
2026-09-04,2026-09-04,FO,NSE,IDO,67775,,NIFTY,,2028-12-26,2028-12-26,20000.00,PE,NIFTY28DEC20000PE,241.00,241.00,241.00,241.00,241.00,275.00,23897.70,203.86,4005,65,1,1315665.00,1,F1,65,,,,,
2026-09-04,2026-09-04,FO,NSE,IDO,42684,,NIFTY,,2026-09-08,2026-09-08,25000.00,PE,NIFTY2690825000PE,1030.05,1056.00,972.00,1037.70,1040.00,1098.75,23897.70,1037.70,202540,-8320,560,947136810.75,366,F1,65,,,,,
2026-09-04,2026-09-04,FO,NSE,IDO,42732,,NIFTY,,2026-09-08,2026-09-08,25750.00,PE,NIFTY2690825750PE,0.00,0.00,0.00,1155.15,0.00,1155.15,23897.70,1835.60,0,0,0,0.00,0,F1,65,,,,,
2026-09-04,2026-09-04,FO,NSE,IDO,47227,,NIFTY,,2026-09-15,2026-09-15,22150.00,PE,NIFTY2691522150PE,3.35,3.70,3.10,3.35,3.15,4.20,23897.70,3.35,1001000,339560,12462,17944960858.50,3220,F1,65,,,,,
2026-09-04,2026-09-04,FO,NSE,IDO,47312,,NIFTY,,2026-09-15,2026-09-15,23850.00,PE,NIFTY2691523850PE,130.60,130.60,80.55,92.00,91.65,127.45,23897.70,92.00,254280,93730,17329,26970902868.00,12015,F1,65,,,,,
2026-09-04,2026-09-04,FO,NSE,IDO,47406,,NIFTY,,2026-09-15,2026-09-15,25700.00,PE,NIFTY2691525700PE,0.00,0.00,0.00,1223.40,0.00,1223.40,23897.70,1757.65,0,0,0,0.00,0,F1,65,,,,,
2026-09-04,2026-09-04,FO,NSE,IDO,57388,,NIFTY,,2026-09-22,2026-09-22,24200.00,PE,NIFTY2692224200PE,313.10,315.25,262.45,295.45,298.85,338.85,23897.70,295.45,62140,3250,1261,2007047399.50,1027,F1,65,,,,,
2026-09-04,2026-09-04,FO,NSE,IDO,57954,,NIFTY,,2026-09-22,2026-09-22,25600.00,PE,NIFTY2692225600PE,0.00,0.00,0.00,1396.50,0.00,1396.50,23897.70,1638.58,0,0,0,0.00,0,F1,65,,,,,
2026-09-04,2026-09-04,FO,NSE,IDO,74059,,NIFTY,,2026-09-29,2026-09-29,23950.00,PE,NIFTY26SEP23950PE,216.35,219.65,172.65,193.25,191.40,232.05,23897.70,193.25,167180,31330,6105,9580167899.25,4523,F1,65,,,,,
2026-09-04,2026-09-04,FO,NSE,IDO,74415,,NIFTY,,2026-09-29,2026-09-29,25650.00,PE,NIFTY26SEP25650PE,0.00,0.00,0.00,1016.85,1016.85,1016.85,23897.70,1672.96,65,0,0,0.00,0,F1,65,,,,,
2026-09-04,2026-09-04,FO,NSE,IDO,40678,,NIFTY,,2026-10-06,2026-10-06,22250.00,PE,NIFTY26O0622250PE,0.00,0.00,0.00,22.00,0.00,22.00,23897.70,23.78,0,0,0,0.00,0,F1,65,,,,,
2026-09-04,2026-09-04,FO,NSE,IDO,40696,,NIFTY,,2026-10-06,2026-10-06,22450.00,PE,NIFTY26O0622450PE,0.00,0.00,0.00,33.70,0.00,33.70,23897.70,36.92,0,0,0,0.00,0,F1,65,,,,,
2026-09-04,2026-09-04,FO,NSE,IDO,51315,,NIFTY,,2026-10-27,2026-10-27,22150.00,PE,NIFTY26OCT22150PE,0.00,0.00,0.00,123.60,0.00,123.60,23897.70,51.40,0,0,0,0.00,0,F1,65,,,,,
2026-09-04,2026-09-04,FO,NSE,IDO,51429,,NIFTY,,2026-10-27,2026-10-27,24750.00,PE,NIFTY26OCT24750PE,0.00,0.00,0.00,546.90,546.90,546.90,23897.70,950.86,1235,0,0,0.00,0,F1,65,,,,,
2026-09-04,2026-09-04,FO,NSE,IDO,51471,,NIFTY,,2026-10-27,2026-10-27,25550.00,PE,NIFTY26OCT25550PE,0.00,0.00,0.00,1144.00,1144.00,1144.00,23897.70,1553.58,130,0,0,0.00,0,F1,65,,,,,
2026-09-04,2026-09-04,FO,NSE,IDO,51493,,NIFTY,,2026-10-27,2026-10-27,26050.00,PE,NIFTY26OCT26050PE,0.00,0.00,0.00,1920.65,0.00,1920.65,23897.70,1984.75,0,0,0,0.00,0,F1,65,,,,,
2026-09-04,2026-09-04,FO,NSE,IDO,64287,,NIFTY,,2026-11-23,2026-11-23,22600.00,PE,NIFTY26NOV22600PE,0.00,0.00,0.00,128.50,0.00,128.50,23897.70,163.13,0,0,0,0.00,0,F1,65,,,,,
2026-09-04,2026-09-04,FO,NSE,IDO,64337,,NIFTY,,2026-11-23,2026-11-23,23000.00,PE,NIFTY26NOV23000PE,120.00,121.15,103.45,108.45,109.60,126.60,23897.70,108.45,332020,20670,1365,2050368313.50,1026,F1,65,,,,,
2026-09-04,2026-09-04,FO,NSE,IDO,86140,,NIFTY,,2028-06-27,2028-06-27,18000.00,PE,NIFTY28JUN18000PE,0.00,0.00,0.00,396.75,0.00,396.75,23897.70,51.86,0,0,0,0.00,0,F1,65,,,,,
2026-09-04,2026-09-04,FO,NSE,IDO,42595,,NIFTY,,2026-09-08,2026-09-08,23100.00,CE,NIFTY2690823100CE,849.75,919.40,846.75,863.65,861.25,809.25,23897.70,863.65,6305,975,109,169917621.25,82,F1,65,,,,,
2026-09-04,2026-09-04,FO,NSE,IDO,47379,,NIFTY,,2026-09-15,2026-09-15,25300.00,CE,NIFTY2691525300CE,2.65,2.65,1.70,1.85,1.80,2.65,23897.70,1.85,440440,85605,11561,19013524338.25,4836,F1,65,,,,,
2026-09-04,2026-09-04,FO,NSE,IDO,56825,,NIFTY,,2026-09-22,2026-09-22,22300.00,CE,NIFTY2692222300CE,0.00,0.00,0.00,2006.25,0.00,2006.25,23897.70,1669.14,0,0,0,0.00,0,F1,65,,,,,
2026-09-04,2026-09-04,FO,NSE,IDO,57734,,NIFTY,,2026-09-22,2026-09-22,24800.00,CE,NIFTY2692224800CE,17.55,18.80,12.80,13.60,13.10,17.30,23897.70,13.60,100230,30745,3392,5471331989.50,1679,F1,65,,,,,
2026-09-04,2026-09-04,FO,NSE,IDO,74241,,NIFTY,,2026-09-29,2026-09-29,24500.00,CE,NIFTY26SEP24500CE,82.35,92.95,71.00,73.40,73.50,75.35,23897.70,73.40,5789290,-125905,51398,82123076018.75,23972,F1,65,,,,,
2026-09-04,2026-09-04,FO,NSE,IDO,74355,,NIFTY,,2026-09-29,2026-09-29,24750.00,CE,NIFTY26SEP24750CE,39.25,43.55,32.05,33.45,34.60,37.80,23897.70,33.45,223535,8060,2684,4324352834.75,1625,F1,65,,,,,
2026-09-04,2026-09-04,FO,NSE,IDO,40682,,NIFTY,,2026-10-06,2026-10-06,22350.00,CE,NIFTY26O0622350CE,0.00,0.00,0.00,1862.20,0.00,1862.20,23897.70,1703.29,0,0,0,0.00,0,F1,65,,,,,
2026-09-04,2026-09-04,FO,NSE,IDO,65881,,NIFTY,,2026-09-29,2026-09-29,15000.00,CE,NIFTY26SEP15000CE,0.00,0.00,0.00,10499.30,0.00,10499.30,23897.70,8958.40,0,0,0,0.00,0,F1,65,,,,,
2026-09-04,2026-09-04,FO,NSE,IDO,57617,,NIFTY,,2026-09-22,2026-09-22,24500.00,CE,NIFTY2692224500CE,47.70,57.40,40.00,42.05,40.80,46.25,23897.70,42.05,389870,88660,11540,18413812147.25,6435,F1,65,,,,,
2026-09-04,2026-09-04,FO,NSE,IDO,57052,,NIFTY,,2026-09-22,2026-09-22,23650.00,CE,NIFTY2692223650CE,0.00,0.00,0.00,870.30,0.00,870.30,23897.70,518.05,0,0,0,0.00,0,F1,65,,,,,
2026-09-04,2026-09-04,FO,NSE,IDO,57023,,NIFTY,,2026-09-22,2026-09-22,23550.00,CE,NIFTY2692223550CE,527.00,527.00,523.60,524.30,524.30,491.10,23897.70,584.04,390,0,3,4694618.50,3,F1,65,,,,,
2026-09-04,2026-09-04,FO,NSE,IDO,56949,,NIFTY,,2026-09-22,2026-09-22,23000.00,CE,NIFTY2692223000CE,0.00,0.00,0.00,1373.75,0.00,1373.75,23897.70,1015.46,0,0,0,0.00,0,F1,65,,,,,
2026-09-04,2026-09-04,FO,NSE,IDO,56907,,NIFTY,,2026-09-22,2026-09-22,22750.00,CE,NIFTY2692222750CE,0.00,0.00,0.00,1591.55,0.00,1591.55,23897.70,1240.17,0,0,0,0.00,0,F1,65,,,,,
2026-09-04,2026-09-04,FO,NSE,IDO,47381,,NIFTY,,2026-09-15,2026-09-15,25350.00,CE,NIFTY2691525350CE,2.20,2.25,1.65,1.80,1.85,2.60,23897.70,1.80,25220,13325,943,1553942932.75,505,F1,65,,,,,
2026-09-04,2026-09-04,FO,NSE,IDO,47329,,NIFTY,,2026-09-15,2026-09-15,24250.00,CE,NIFTY2691524250CE,60.35,79.15,50.35,53.15,52.65,58.35,23897.70,53.15,484640,53625,16820,26580550581.00,12031,F1,65,,,,,
2026-09-04,2026-09-04,FO,NSE,IDO,42707,,NIFTY,,2026-09-08,2026-09-08,25400.00,CE,NIFTY2690825400CE,0.95,1.00,0.55,0.60,0.55,0.95,23897.70,0.60,2574780,-79885,93146,153788114564.50,18338,F1,65,,,,,
2026-09-04,2026-09-04,FO,NSE,IDO,42675,,NIFTY,,2026-09-08,2026-09-08,24850.00,CE,NIFTY2690824850CE,1.65,1.85,1.05,1.25,1.05,1.95,23897.70,1.25,945685,-32695,142201,229703246600.75,24414,F1,65,,,,,
2026-09-04,2026-09-04,FO,NSE,IDO,42645,,NIFTY,,2026-09-08,2026-09-08,24150.00,CE,NIFTY2690824150CE,32.40,47.70,19.20,22.60,20.95,30.80,23897.70,22.60,6606535,1400230,2086097,3279049822857.25,723519,F1,65,,,,,
2026-09-04,2026-09-04,FO,NSE,IDO,42615,,NIFTY,,2026-09-08,2026-09-08,23550.00,CE,NIFTY2690823550CE,420.00,486.00,401.75,417.05,415.90,388.90,23897.70,417.05,61425,845,4923,7675309333.25,3386,F1,65,,,,,
2026-09-04,2026-09-04,FO,NSE,IDO,40765,,NIFTY,,2026-10-06,2026-10-06,23600.00,CE,NIFTY26O0623600CE,0.00,0.00,0.00,825.95,0.00,825.95,23897.70,695.17,0,0,0,0.00,0,F1,65,,,,,
2026-09-04,2026-09-04,FO,NSE,IDO,51420,,NIFTY,,2026-10-27,2026-10-27,24550.00,CE,NIFTY26OCT24550CE,195.00,214.40,187.50,191.15,187.50,184.60,23897.70,191.15,18005,1300,67,107802600.75,52,F1,65,,,,,
2026-09-04,2026-09-04,FO,NSE,IDO,51478,,NIFTY,,2026-10-27,2026-10-27,25700.00,CE,NIFTY26OCT25700CE,22.60,22.90,18.45,19.00,18.60,21.90,23897.70,19.00,126685,-9555,873,1459511413.75,439,F1,65,,,,,
2026-09-04,2026-09-04,FO,NSE,IDO,64363,,NIFTY,,2026-11-23,2026-11-23,23450.00,CE,NIFTY26NOV23450CE,0.00,0.00,0.00,1533.60,0.00,1533.60,23897.70,1157.32,0,0,0,0.00,0,F1,65,,,,,
2026-09-04,2026-09-04,FO,NSE,IDO,64423,,NIFTY,,2026-11-23,2026-11-23,24650.00,CE,NIFTY26NOV24650CE,295.10,301.80,280.30,281.35,280.30,288.05,23897.70,281.35,2275,715,16,25940703.75,10,F1,65,,,,,
2026-09-04,2026-09-04,FO,NSE,IDO,64479,,NIFTY,,2026-11-23,2026-11-23,25650.00,CE,NIFTY26NOV25650CE,0.00,0.00,0.00,415.95,0.00,415.95,23897.70,238.81,0,0,0,0.00,0,F1,65,,,,,
2026-09-04,2026-09-04,FO,NSE,IDO,37806,,NIFTY,,2026-12-29,2026-12-29,23000.00,CE,NIFTY26DEC23000CE,1527.10,1622.85,1527.10,1561.25,1564.55,1538.55,23897.70,1561.25,447875,19500,664,1060785596.00,515,F1,65,,,,,
2026-09-04,2026-09-04,FO,NSE,IDO,35352,,NIFTY,,2028-06-27,2028-06-27,30000.00,CE,NIFTY28JUN30000CE,0.00,0.00,0.00,2278.45,0.00,2278.45,23897.70,1049.89,0,0,0,0.00,0,F1,65,,,,,
2026-09-04,2026-09-04,FO,NSE,IDO,67776,,NIFTY,,2028-12-26,2028-12-26,21000.00,CE,NIFTY28DEC21000CE,0.00,0.00,0.00,7512.50,0.00,7512.50,23897.70,6120.42,0,0,0,0.00,0,F1,65,,,,,
2026-09-04,2026-09-04,FO,NSE,IDO,55604,,NIFTY,,2029-12-24,2029-12-24,25500.00,CE,NIFTY29DEC25500CE,0.00,0.00,0.00,6500.60,0.00,6500.60,23897.70,4540.31,0,0,0,0.00,0,F1,65,,,,,
2026-09-04,2026-09-04,FO,NSE,IDO,60936,,NIFTY,,2030-06-25,2030-06-25,30000.00,CE,NIFTY30JUN30000CE,0.00,0.00,0.00,5580.35,0.00,5580.35,23897.70,3152.59,0,0,0,0.00,0,F1,65,,,,,
2026-09-04,2026-09-04,FO,NSE,IDO,42559,,NIFTY,,2026-09-08,2026-09-08,22200.00,PE,NIFTY2690822200PE,0.70,1.20,0.65,0.75,0.65,0.90,23897.70,0.75,1098175,884715,101467,146422633337.50,35208,F1,65,,,,,
2026-09-04,2026-09-04,FO,NSE,IDO,42596,,NIFTY,,2026-09-08,2026-09-08,23100.00,PE,NIFTY2690823100PE,2.50,3.00,1.55,2.15,1.70,3.00,23897.70,2.15,3179150,655980,413663,621182747051.75,77681,F1,65,,,,,
2026-09-04,2026-09-04,FO,NSE,IDO,42609,,NIFTY,,2026-09-08,2026-09-08,23400.00,PE,NIFTY2690823400PE,8.40,8.40,2.80,3.40,3.50,6.65,23897.70,3.40,4282070,-428675,694652,1056763830053.75,139842,F1,65,,,,,
2026-09-04,2026-09-04,FO,NSE,IDO,42642,,NIFTY,,2026-09-08,2026-09-08,24050.00,PE,NIFTY2690824050PE,165.00,170.40,108.00,134.50,134.70,173.75,23897.70,134.50,1529970,416650,1395365,2193156094307.75,822167,F1,65,,,,,
2026-09-04,2026-09-04,FO,NSE,IDO,42700,,NIFTY,,2026-09-08,2026-09-08,25250.00,PE,NIFTY2690825250PE,0.00,0.00,0.00,1075.00,1075.00,1075.00,23897.70,1335.99,65,0,0,0.00,0,F1,65,,,,,
2026-09-04,2026-09-04,FO,NSE,IDO,42744,,NIFTY,,2026-09-08,2026-09-08,25950.00,PE,NIFTY2690825950PE,0.00,0.00,0.00,1315.00,0.00,1315.00,23897.70,2035.47,0,0,0,0.00,0,F1,65,,,,,
2026-09-04,2026-09-04,FO,NSE,IDO,42754,,NIFTY,,2026-09-08,2026-09-08,26100.00,PE,NIFTY2690826100PE,0.00,0.00,0.00,1439.90,0.00,1439.90,23897.70,2185.37,0,0,0,0.00,0,F1,65,,,,,
2026-09-04,2026-09-04,FO,NSE,IDO,47286,,NIFTY,,2026-09-15,2026-09-15,23200.00,PE,NIFTY2691523200PE,8.45,13.70,8.10,8.60,8.40,15.45,23897.70,8.60,632775,368225,29036,43804986062.50,13597,F1,65,,,,,
2026-09-04,2026-09-04,FO,NSE,IDO,57380,,NIFTY,,2026-09-22,2026-09-22,24150.00,PE,NIFTY2692224150PE,275.70,283.35,240.00,262.90,268.00,311.25,23897.70,262.90,6175,390,170,269769724.25,106,F1,65,,,,,
2026-09-04,2026-09-04,FO,NSE,IDO,74115,,NIFTY,,2026-09-29,2026-09-29,24400.00,PE,NIFTY26SEP24400PE,462.00,477.65,401.00,443.40,447.00,493.60,23897.70,443.40,2135705,-69745,2927,4723588853.75,1856,F1,65,,,,,
2026-09-04,2026-09-04,FO,NSE,IDO,74406,,NIFTY,,2026-09-29,2026-09-29,25550.00,PE,NIFTY26SEP25550PE,0.00,0.00,0.00,1383.90,1383.90,1383.90,23897.70,1579.21,520,0,0,0.00,0,F1,65,,,,,
2026-09-04,2026-09-04,FO,NSE,IDO,40736,,NIFTY,,2026-10-06,2026-10-06,23050.00,PE,NIFTY26O0623050PE,0.00,0.00,0.00,102.60,0.00,102.60,23897.70,115.23,0,0,0,0.00,0,F1,65,,,,,
2026-09-04,2026-09-04,FO,NSE,IDO,40768,,NIFTY,,2026-10-06,2026-10-06,23650.00,PE,NIFTY26O0623650PE,0.00,0.00,0.00,250.00,0.00,250.00,23897.70,282.88,0,0,0,0.00,0,F1,65,,,,,
2026-09-04,2026-09-04,FO,NSE,IDO,40782,,NIFTY,,2026-10-06,2026-10-06,23800.00,PE,NIFTY26O0623800PE,0.00,0.00,0.00,304.00,304.00,304.00,23897.70,342.82,65,0,0,0.00,0,F1,65,,,,,
2026-09-04,2026-09-04,FO,NSE,IDO,51433,,NIFTY,,2026-10-27,2026-10-27,24850.00,PE,NIFTY26OCT24850PE,0.00,0.00,0.00,638.95,648.00,638.95,23897.70,1018.84,1820,0,0,0.00,0,F1,65,,,,,
2026-09-04,2026-09-04,FO,NSE,IDO,51473,,NIFTY,,2026-10-27,2026-10-27,25600.00,PE,NIFTY26OCT25600PE,0.00,0.00,0.00,1280.00,1280.00,1280.00,23897.70,1595.13,130,0,0,0.00,0,F1,65,,,,,
2026-09-04,2026-09-04,FO,NSE,IDO,51517,,NIFTY,,2026-10-27,2026-10-27,26650.00,PE,NIFTY26OCT26650PE,0.00,0.00,0.00,2415.20,0.00,2415.20,23897.70,2537.08,0,0,0,0.00,0,F1,65,,,,,
2026-09-04,2026-09-04,FO,NSE,IDO,64295,,NIFTY,,2026-11-23,2026-11-23,22750.00,PE,NIFTY26NOV22750PE,0.00,0.00,0.00,151.25,0.00,151.25,23897.70,192.26,0,0,0,0.00,0,F1,65,,,,,
2026-09-04,2026-09-04,FO,NSE,IDO,64434,,NIFTY,,2026-11-23,2026-11-23,24850.00,PE,NIFTY26NOV24850PE,0.00,0.00,0.00,860.35,0.00,860.35,23897.70,1064.24,0,0,0,0.00,0,F1,65,,,,,
2026-09-04,2026-09-04,FO,NSE,IDO,55329,,NIFTY,,2026-12-29,2026-12-29,25500.00,PE,NIFTY26DEC25500PE,1205.70,1227.35,1160.00,1203.65,1203.75,1273.45,23897.70,1203.65,407355,-3705,151,261924669.50,111,F1,65,,,,,
2026-09-04,2026-09-04,FO,NSE,IDO,50548,,NIFTY,,2026-12-29,2026-12-29,28000.00,PE,NIFTY26DEC28000PE,3466.65,3491.05,3389.55,3452.60,3455.80,3491.50,23897.70,3452.60,923245,-130,53,108315372.75,38,F1,65,,,,,
2026-09-04,2026-09-04,FO,NSE,IDO,80269,,NIFTY,,2027-03-30,2027-03-30,21000.00,PE,NIFTY27MAR21000PE,87.95,87.95,79.85,84.25,84.00,88.70,23897.70,84.25,530985,14625,715,979827335.50,328,F1,65,,,,,
2026-09-04,2026-09-04,FO,NSE,IDO,55563,,NIFTY,,2029-06-26,2029-06-26,25500.00,PE,NIFTY29JUN25500PE,0.00,0.00,0.00,624.25,0.00,624.25,23897.70,1319.38,0,0,0,0.00,0,F1,65,,,,,
2026-09-04,2026-09-04,FO,NSE,IDO,89637,,NIFTY,,2029-06-26,2029-06-26,27000.00,PE,NIFTY29JUN27000PE,0.00,0.00,0.00,1252.35,0.00,1252.35,23897.70,1850.32,0,0,0,0.00,0,F1,65,,,,,
2026-09-04,2026-09-04,FO,NSE,IDO,89649,,NIFTY,,2029-06-26,2029-06-26,33000.00,PE,NIFTY29JUN33000PE,0.00,0.00,0.00,3022.85,0.00,3022.85,23897.70,4932.51,0,0,0,0.00,0,F1,65,,,,,
2026-09-04,2026-09-04,FO,NSE,IDO,55647,,NIFTY,,2030-06-25,2030-06-25,25500.00,PE,NIFTY30JUN25500PE,0.00,0.00,0.00,568.55,0.00,568.55,23897.70,1184.60,0,0,0,0.00,0,F1,65,,,,,
2026-09-04,2026-09-04,FO,NSE,IDO,55755,,NIFTY,,2030-12-31,2030-12-31,24000.00,PE,NIFTY30DEC24000PE,0.00,0.00,0.00,1000.00,1000.00,1000.00,23897.70,792.69,520,0,0,0.00,0,F1,65,,,,,
2026-09-04,2026-09-04,FO,NSE,IDO,65893,,NIFTY,,2026-09-29,2026-09-29,21000.00,CE,NIFTY26SEP21000CE,3000.00,3092.00,3000.00,3038.75,3033.70,2993.00,23897.70,3038.75,512785,-4420,267,417557796.50,179,F1,65,,,,,
2026-09-04,2026-09-04,FO,NSE,IDO,73985,,NIFTY,,2026-09-29,2026-09-29,23500.00,CE,NIFTY26SEP23500CE,565.35,679.75,565.30,618.10,614.50,589.10,23897.70,618.10,630045,-2600,3167,4968518288.50,2045,F1,65,,,,,
2026-09-04,2026-09-04,FO,NSE,IDO,74005,,NIFTY,,2026-09-29,2026-09-29,23650.00,CE,NIFTY26SEP23650CE,498.25,542.05,491.35,496.55,497.20,472.70,23897.70,496.55,12220,2275,121,189998646.50,102,F1,65,,,,,
2026-09-04,2026-09-04,FO,NSE,IDO,40866,,NIFTY,,2026-10-06,2026-10-06,25000.00,PE,NIFTY26O0625000PE,0.00,0.00,0.00,987.90,0.00,987.90,23897.70,1092.51,0,0,0,0.00,0,F1,65,,,,,
2026-09-04,2026-09-04,FO,NSE,IDO,51443,,NIFTY,,2026-10-27,2026-10-27,25050.00,PE,NIFTY26OCT25050PE,0.00,0.00,0.00,853.90,853.90,853.90,23897.70,1161.56,260,0,0,0.00,0,F1,65,,,,,
2026-09-04,2026-09-04,FO,NSE,IDO,51519,,NIFTY,,2026-10-27,2026-10-27,26700.00,PE,NIFTY26OCT26700PE,0.00,0.00,0.00,2458.10,0.00,2458.10,23897.70,2584.31,0,0,0,0.00,0,F1,65,,,,,
2026-09-04,2026-09-04,FO,NSE,IDO,64334,,NIFTY,,2026-11-23,2026-11-23,22950.00,PE,NIFTY26NOV22950PE,0.00,0.00,0.00,186.20,0.00,186.20,23897.70,236.94,0,0,0,0.00,0,F1,65,,,,,
2026-09-04,2026-09-04,FO,NSE,IDO,64422,,NIFTY,,2026-11-23,2026-11-23,24600.00,PE,NIFTY26NOV24600PE,632.00,632.00,612.05,612.05,612.05,642.00,23897.70,911.62,1560,455,8,13114598.25,7,F1,65,,,,,
2026-09-04,2026-09-04,FO,NSE,IDO,64424,,NIFTY,,2026-11-23,2026-11-23,24650.00,PE,NIFTY26NOV24650PE,0.00,0.00,0.00,756.75,0.00,756.75,23897.70,941.12,0,0,0,0.00,0,F1,65,,,,,
2026-09-04,2026-09-04,FO,NSE,IDO,64450,,NIFTY,,2026-11-23,2026-11-23,25150.00,PE,NIFTY26NOV25150PE,0.00,0.00,0.00,1030.25,0.00,1030.25,23897.70,1263.58,0,0,0,0.00,0,F1,65,,,,,
2026-09-04,2026-09-04,FO,NSE,IDO,55333,,NIFTY,,2026-12-29,2026-12-29,31500.00,PE,NIFTY26DEC31500PE,0.00,0.00,0.00,4059.30,0.00,4059.30,23897.70,6965.79,0,0,0,0.00,0,F1,65,,,,,
2026-09-04,2026-09-04,FO,NSE,IDO,80277,,NIFTY,,2027-03-30,2027-03-30,27000.00,PE,NIFTY27MAR27000PE,2181.00,2186.00,2155.00,2181.50,2177.00,2222.50,23897.70,2181.50,59800,0,13,24650333.50,12,F1,65,,,,,
2026-09-04,2026-09-04,FO,NSE,IDO,55371,,NIFTY,,2027-06-29,2027-06-29,16500.00,PE,NIFTY27JUN16500PE,0.00,0.00,0.00,7.00,7.00,7.00,23897.70,1.38,780,0,0,0.00,0,F1,65,,,,,
2026-09-04,2026-09-04,FO,NSE,IDO,53602,,NIFTY,,2027-12-28,2027-12-28,17000.00,PE,NIFTY27DEC17000PE,0.00,0.00,0.00,54.00,54.00,54.00,23897.70,12.28,17750,0,0,0.00,0,F1,65,,,,,
2026-09-04,2026-09-04,FO,NSE,IDO,53630,,NIFTY,,2027-12-28,2027-12-28,26000.00,PE,NIFTY27DEC26000PE,1332.70,1336.05,1242.20,1267.30,1262.60,1338.70,23897.70,1267.30,72545,2860,116,205687508.00,101,F1,65,,,,,
2026-09-04,2026-09-04,FO,NSE,IDO,73894,,NIFTY,,2026-09-29,2026-09-29,22750.00,PE,NIFTY26SEP22750PE,20.10,20.25,15.10,15.70,15.10,23.50,23897.70,15.70,67015,-845,444,657066250.75,286,F1,65,,,,,
2026-09-04,2026-09-04,FO,NSE,IDO,57921,,NIFTY,,2026-09-22,2026-09-22,25500.00,PE,NIFTY2692225500PE,1420.00,1420.00,1420.00,1420.00,1420.00,1312.45,23897.70,1542.33,65,65,1,1749800.00,1,F1,65,,,,,
2026-09-04,2026-09-04,FO,NSE,IDO,57829,,NIFTY,,2026-09-22,2026-09-22,25050.00,PE,NIFTY2692225050PE,0.00,0.00,0.00,959.70,0.00,959.70,23897.70,1123.83,0,0,0,0.00,0,F1,65,,,,,
2026-09-04,2026-09-04,FO,NSE,IDO,57618,,NIFTY,,2026-09-22,2026-09-22,24500.00,PE,NIFTY2692224500PE,527.80,527.80,467.05,519.50,518.10,572.45,23897.70,519.50,32695,780,382,620633240.50,312,F1,65,,,,,
2026-09-04,2026-09-04,FO,NSE,IDO,57154,,NIFTY,,2026-09-22,2026-09-22,24000.00,PE,NIFTY2692224000PE,201.10,214.80,166.90,185.95,184.45,221.55,23897.70,185.95,273325,126555,8063,12674939673.50,5884,F1,65,,,,,
2026-09-04,2026-09-04,FO,NSE,IDO,56936,,NIFTY,,2026-09-22,2026-09-22,22850.00,PE,NIFTY2692222850PE,12.60,13.60,11.60,13.60,13.60,20.70,23897.70,34.41,1495,-715,22,32693355.50,9,F1,65,,,,,
2026-09-04,2026-09-04,FO,NSE,IDO,47404,,NIFTY,,2026-09-15,2026-09-15,25650.00,PE,NIFTY2691525650PE,0.00,0.00,0.00,1183.55,0.00,1183.55,23897.70,1708.02,0,0,0,0.00,0,F1,65,,,,,
2026-09-04,2026-09-04,FO,NSE,IDO,47386,,NIFTY,,2026-09-15,2026-09-15,25400.00,PE,NIFTY2691525400PE,0.00,0.00,0.00,1400.00,1400.00,1400.00,23897.70,1461.08,0,0,0,0.00,0,F1,65,,,,,
2026-09-04,2026-09-04,FO,NSE,IDO,47355,,NIFTY,,2026-09-15,2026-09-15,24800.00,PE,NIFTY2691524800PE,810.00,825.00,749.00,804.80,808.00,838.90,23897.70,804.80,4095,1040,26,43253655.25,22,F1,65,,,,,
2026-09-04,2026-09-04,FO,NSE,IDO,47288,,NIFTY,,2026-09-15,2026-09-15,23250.00,PE,NIFTY2691523250PE,14.55,15.85,9.30,9.95,9.70,17.20,23897.70,9.95,355485,62855,10970,16586489075.00,6383,F1,65,,,,,
2026-09-04,2026-09-04,FO,NSE,IDO,42770,,NIFTY,,2026-09-08,2026-09-08,26400.00,PE,NIFTY2690826400PE,2420.25,2420.25,2415.00,2420.00,2420.00,2490.00,23897.70,2485.18,1950,845,13,24350001.00,5,F1,65,,,,,
2026-09-04,2026-09-04,FO,NSE,IDO,42660,,NIFTY,,2026-09-08,2026-09-08,24450.00,PE,NIFTY2690824450PE,544.95,544.95,425.35,493.70,487.45,534.95,23897.70,493.70,80535,-2925,2189,3545374849.25,1711,F1,65,,,,,
2026-09-04,2026-09-04,FO,NSE,IDO,42594,,NIFTY,,2026-09-08,2026-09-08,23050.00,PE,NIFTY2690823050PE,2.65,2.80,1.55,2.10,1.70,2.80,23897.70,2.10,792350,28340,129964,194738468434.25,28605,F1,65,,,,,
2026-09-04,2026-09-04,FO,NSE,IDO,42570,,NIFTY,,2026-09-08,2026-09-08,22450.00,PE,NIFTY2690822450PE,1.25,1.55,0.90,1.10,0.95,1.30,23897.70,1.10,290225,117585,47190,68865895653.75,8671,F1,65,,,,,
2026-09-04,2026-09-04,FO,NSE,IDO,60898,,NIFTY,,2030-06-25,2030-06-25,21000.00,CE,NIFTY30JUN21000CE,0.00,0.00,0.00,10421.65,0.00,10421.65,23897.70,7810.09,0,0,0,0.00,0,F1,65,,,,,
2026-09-04,2026-09-04,FO,NSE,IDO,62006,,NIFTY,,2029-12-24,2029-12-24,33000.00,CE,NIFTY29DEC33000CE,0.00,0.00,0.00,3816.05,0.00,3816.05,23897.70,1740.51,0,0,0,0.00,0,F1,65,,,,,
2026-09-04,2026-09-04,FO,NSE,IDO,55428,,NIFTY,,2027-12-28,2027-12-28,28500.00,CE,NIFTY27DEC28500CE,430.05,448.95,406.70,413.60,415.00,445.05,23897.70,413.60,24700,2275,147,276402278.75,77,F1,65,,,,,
2026-09-04,2026-09-04,FO,NSE,IDO,50978,,NIFTY,,2026-12-29,2026-12-29,27000.00,CE,NIFTY26DEC27000CE,40.00,40.00,36.15,37.65,36.70,39.00,23897.70,37.65,2518450,-14950,6177,10855901413.50,2870,F1,65,,,,,
2026-09-04,2026-09-04,FO,NSE,IDO,64456,,NIFTY,,2026-11-23,2026-11-23,25300.00,CE,NIFTY26NOV25300CE,0.00,0.00,0.00,532.00,0.00,532.00,23897.70,321.77,0,0,0,0.00,0,F1,65,,,,,
2026-09-04,2026-09-04,FO,NSE,IDO,64443,,NIFTY,,2026-11-23,2026-11-23,25100.00,CE,NIFTY26NOV25100CE,147.95,158.40,140.65,142.40,141.00,144.20,23897.70,142.40,43160,3250,258,423428486.00,189,F1,65,,,,,
2026-09-04,2026-09-04,FO,NSE,IDO,64409,,NIFTY,,2026-11-23,2026-11-23,24300.00,CE,NIFTY26NOV24300CE,439.95,466.75,433.05,438.20,437.65,427.70,23897.70,438.20,18655,3445,191,307236585.50,106,F1,65,,,,,
2026-09-04,2026-09-04,FO,NSE,IDO,64276,,NIFTY,,2026-11-23,2026-11-23,22450.00,CE,NIFTY26NOV22450CE,0.00,0.00,0.00,2326.60,0.00,2326.60,23897.70,1899.85,0,0,0,0.00,0,F1,65,,,,,
2026-09-04,2026-09-04,FO,NSE,IDO,51536,,NIFTY,,2026-10-27,2026-10-27,27100.00,CE,NIFTY26OCT27100CE,5.25,5.25,4.50,5.05,4.95,5.95,23897.70,5.05,5005,1690,59,103947883.00,17,F1,65,,,,,
2026-09-04,2026-09-04,FO,NSE,IDO,51430,,NIFTY,,2026-10-27,2026-10-27,24800.00,CE,NIFTY26OCT24800CE,118.50,133.70,112.00,115.10,113.45,114.60,23897.70,115.10,298740,25220,2280,3693289239.25,1511,F1,65,,,,,
2026-09-04,2026-09-04,FO,NSE,IDO,51360,,NIFTY,,2026-10-27,2026-10-27,23200.00,CE,NIFTY26OCT23200CE,0.00,0.00,0.00,988.85,988.85,988.85,23897.70,1140.32,910,0,0,0.00,0,F1,65,,,,,
2026-09-04,2026-09-04,FO,NSE,IDO,40890,,NIFTY,,2026-10-06,2026-10-06,25600.00,CE,NIFTY26O0625600CE,0.00,0.00,0.00,79.40,0.00,79.40,23897.70,49.58,0,0,0,0.00,0,F1,65,,,,,
2026-09-04,2026-09-04,FO,NSE,IDO,74503,,NIFTY,,2026-09-29,2026-09-29,27100.00,CE,NIFTY26SEP27100CE,2.80,2.80,1.50,1.70,1.70,1.45,23897.70,0.56,14170,-130,26,45801704.00,10,F1,65,,,,,
2026-09-04,2026-09-04,FO,NSE,IDO,74489,,NIFTY,,2026-09-29,2026-09-29,26700.00,CE,NIFTY26SEP26700CE,2.10,2.10,2.10,2.10,2.10,2.10,23897.70,2.10,2860,-65,1,1735636.50,1,F1,65,,,,,
2026-09-04,2026-09-04,FO,NSE,IDO,65904,,NIFTY,,2026-09-29,2026-09-29,26000.00,CE,NIFTY26SEP26000CE,4.70,4.90,4.00,4.30,4.35,4.75,23897.70,4.30,4431040,433030,27451,46399981673.50,7386,F1,65,,,,,
2026-09-04,2026-09-04,FO,NSE,IDO,74388,,NIFTY,,2026-09-29,2026-09-29,25350.00,CE,NIFTY26SEP25350CE,9.30,9.55,8.00,8.05,8.00,9.80,23897.70,8.05,62920,-2730,234,385705495.50,153,F1,65,,,,,
2026-09-04,2026-09-04,FO,NSE,IDO,74370,,NIFTY,,2026-09-29,2026-09-29,25150.00,CE,NIFTY26SEP25150CE,14.10,14.15,11.05,11.50,11.65,14.20,23897.70,11.50,113620,2340,1085,1774601315.50,650,F1,65,,,,,
2026-09-04,2026-09-04,FO,NSE,IDO,74289,,NIFTY,,2026-09-29,2026-09-29,24600.00,CE,NIFTY26SEP24600CE,60.60,68.90,51.40,52.95,53.35,56.80,23897.70,52.95,1894945,38350,23346,37420582985.50,12038,F1,65,,,,,
2026-09-04,2026-09-04,FO,NSE,IDO,57996,,NIFTY,,2026-09-22,2026-09-22,25700.00,CE,NIFTY2692225700CE,3.50,3.50,2.30,2.80,3.00,3.50,23897.70,2.80,6435,2145,49,81864461.25,30,F1,65,,,,,
2026-09-04,2026-09-04,FO,NSE,IDO,57086,,NIFTY,,2026-09-22,2026-09-22,23850.00,CE,NIFTY2692223850CE,310.00,352.50,295.00,300.95,302.10,277.75,23897.70,300.95,15340,2275,306,480676937.00,222,F1,65,,,,,
2026-09-04,2026-09-04,FO,NSE,IDO,56935,,NIFTY,,2026-09-22,2026-09-22,22850.00,CE,NIFTY2692222850CE,0.00,0.00,0.00,1503.15,0.00,1503.15,23897.70,1148.72,0,0,0,0.00,0,F1,65,,,,,
2026-09-04,2026-09-04,FO,NSE,IDO,47393,,NIFTY,,2026-09-15,2026-09-15,25550.00,CE,NIFTY2691525550CE,1.35,1.65,1.20,1.35,1.30,1.60,23897.70,1.35,33280,11310,600,996505064.75,409,F1,65,,,,,
2026-09-04,2026-09-04,FO,NSE,IDO,40915,,NIFTY,,2026-10-06,2026-10-06,25800.00,PE,NIFTY26O0625800PE,0.00,0.00,0.00,1653.00,0.00,1653.00,23897.70,1791.64,0,0,0,0.00,0,F1,65,,,,,
2026-09-04,2026-09-04,FO,NSE,IDO,42593,,NIFTY,,2026-09-08,2026-09-08,23050.00,CE,NIFTY2690823050CE,922.50,925.80,921.30,924.60,924.60,872.10,23897.70,864.60,455,325,9,14024783.50,9,F1,65,,,,,
2026-09-04,2026-09-04,FO,NSE,IDO,40862,,NIFTY,,2026-10-06,2026-10-06,24900.00,PE,NIFTY26O0624900PE,0.00,0.00,0.00,913.30,0.00,913.30,23897.70,1013.72,0,0,0,0.00,0,F1,65,,,,,
2026-09-04,2026-09-04,FO,NSE,IDO,40698,,NIFTY,,2026-10-06,2026-10-06,22500.00,PE,NIFTY26O0622500PE,34.95,37.35,16.40,17.00,17.00,37.35,23897.70,41.01,845,845,22,32214334.75,7,F1,65,,,,,
2026-09-04,2026-09-04,FO,NSE,IDO,74396,,NIFTY,,2026-09-29,2026-09-29,25450.00,PE,NIFTY26SEP25450PE,0.00,0.00,0.00,946.50,946.50,946.50,23897.70,1486.62,715,0,0,0.00,0,F1,65,,,,,
2026-09-04,2026-09-04,FO,NSE,IDO,74350,,NIFTY,,2026-09-29,2026-09-29,24600.00,PE,NIFTY26SEP24600PE,620.00,630.00,548.00,599.85,604.00,654.75,23897.70,599.85,740220,2665,501,820168960.00,358,F1,65,,,,,
2026-09-04,2026-09-04,FO,NSE,IDO,74011,,NIFTY,,2026-09-29,2026-09-29,23750.00,PE,NIFTY26SEP23750PE,145.40,146.40,112.00,124.90,125.25,159.10,23897.70,124.90,192335,2730,3776,5859726827.50,2193,F1,65,,,,,
2026-09-04,2026-09-04,FO,NSE,IDO,73994,,NIFTY,,2026-09-29,2026-09-29,23500.00,PE,NIFTY26SEP23500PE,96.60,96.60,63.70,69.75,70.80,92.50,23897.70,69.75,4955405,-148980,44857,68729478268.75,25613,F1,65,,,,,
2026-09-04,2026-09-04,FO,NSE,IDO,74003,,NIFTY,,2026-09-29,2026-09-29,23600.00,CE,NIFTY26SEP23600CE,530.85,594.00,525.00,539.20,533.00,511.15,23897.70,539.20,51350,130,292,458470905.75,229,F1,65,,,,,
2026-09-04,2026-09-04,FO,NSE,IDO,73923,,NIFTY,,2026-09-29,2026-09-29,23300.00,CE,NIFTY26SEP23300CE,779.10,847.30,779.05,787.60,787.60,759.60,23897.70,787.60,10140,0,27,42301818.00,26,F1,65,,,,,
2026-09-04,2026-09-04,FO,NSE,IDO,73901,,NIFTY,,2026-09-29,2026-09-29,22950.00,CE,NIFTY26SEP22950CE,0.00,0.00,0.00,1529.05,1529.05,1529.05,23897.70,1112.83,260,0,0,0.00,0,F1,65,,,,,
2026-09-04,2026-09-04,FO,NSE,IDO,51319,,NIFTY,,2026-10-27,2026-10-27,22250.00,PE,NIFTY26OCT22250PE,32.75,32.75,24.15,25.55,24.55,31.20,23897.70,25.55,262990,7475,1135,1643432791.00,479,F1,65,,,,,
2026-09-04,2026-09-04,FO,NSE,IDO,40884,,NIFTY,,2026-10-06,2026-10-06,25450.00,PE,NIFTY26O0625450PE,0.00,0.00,0.00,1346.90,0.00,1346.90,23897.70,1473.19,0,0,0,0.00,0,F1,65,,,,,
2026-09-04,2026-09-04,FO,NSE,IDO,40868,,NIFTY,,2026-10-06,2026-10-06,25050.00,PE,NIFTY26O0625050PE,0.00,0.00,0.00,1024.75,0.00,1024.75,23897.70,1132.79,0,0,0,0.00,0,F1,65,,,,,
2026-09-04,2026-09-04,FO,NSE,IDO,40857,,NIFTY,,2026-10-06,2026-10-06,24800.00,PE,NIFTY26O0624800PE,0.00,0.00,0.00,842.45,0.00,842.45,23897.70,938.31,0,0,0,0.00,0,F1,65,,,,,
2026-09-04,2026-09-04,FO,NSE,IDO,40810,,NIFTY,,2026-10-06,2026-10-06,24150.00,PE,NIFTY26O0624150PE,0.00,0.00,0.00,455.15,0.00,455.15,23897.70,512.93,0,0,0,0.00,0,F1,65,,,,,
2026-09-04,2026-09-04,FO,NSE,IDO,40709,,NIFTY,,2026-10-06,2026-10-06,22650.00,PE,NIFTY26O0622650PE,0.00,0.00,0.00,50.20,0.00,50.20,23897.70,55.56,0,0,0,0.00,0,F1,65,,,,,
2026-09-04,2026-09-04,FO,NSE,IDO,74113,,NIFTY,,2026-09-29,2026-09-29,24350.00,PE,NIFTY26SEP24350PE,441.60,441.60,370.00,409.35,410.00,463.25,23897.70,409.35,359190,-9230,461,741710550.75,302,F1,65,,,,,
2026-09-04,2026-09-04,FO,NSE,IDO,73928,,NIFTY,,2026-09-29,2026-09-29,23400.00,PE,NIFTY26SEP23400PE,77.45,77.45,51.35,55.20,55.00,75.30,23897.70,55.20,1236235,109850,15318,23355657312.00,8657,F1,65,,,,,
2026-09-04,2026-09-04,FO,NSE,IDO,65899,,NIFTY,,2026-09-29,2026-09-29,23000.00,PE,NIFTY26SEP23000PE,35.95,35.95,22.70,23.75,23.80,34.60,23897.70,23.75,5775105,55055,44447,66521075871.25,20641,F1,65,,,,,
2026-09-04,2026-09-04,FO,NSE,IDO,73864,,NIFTY,,2026-09-29,2026-09-29,21950.00,PE,NIFTY26SEP21950PE,9.50,9.50,8.40,8.40,8.40,10.65,23897.70,8.40,24895,-130,10,14273532.00,3,F1,65,,,,,
2026-09-04,2026-09-04,FO,NSE,IDO,57797,,NIFTY,,2026-09-22,2026-09-22,25000.00,PE,NIFTY2692225000PE,0.00,0.00,0.00,680.00,680.00,680.00,23897.70,1079.40,0,0,0,0.00,0,F1,65,,,,,
2026-09-04,2026-09-04,FO,NSE,IDO,56981,,NIFTY,,2026-09-22,2026-09-22,23200.00,PE,NIFTY2692223200PE,35.80,35.80,20.65,22.10,21.50,34.15,23897.70,22.10,57720,54860,2002,3022004810.50,1173,F1,65,,,,,
2026-09-04,2026-09-04,FO,NSE,IDO,47340,,NIFTY,,2026-09-15,2026-09-15,24500.00,PE,NIFTY2691524500PE,529.00,550.00,460.70,516.55,521.60,562.20,23897.70,516.55,237380,33280,2401,3901895565.75,1939,F1,65,,,,,
2026-09-04,2026-09-04,FO,NSE,IDO,47243,,NIFTY,,2026-09-15,2026-09-15,22250.00,PE,NIFTY2691522250PE,3.10,3.70,3.00,3.50,3.70,4.05,23897.70,3.50,845,780,27,39054622.75,18,F1,65,,,,,
2026-09-04,2026-09-04,FO,NSE,IDO,42768,,NIFTY,,2026-09-08,2026-09-08,26350.00,PE,NIFTY2690826350PE,0.00,0.00,0.00,1656.40,0.00,1656.40,23897.70,2435.21,0,0,0,0.00,0,F1,65,,,,,
2026-09-04,2026-09-04,FO,NSE,IDO,42666,,NIFTY,,2026-09-08,2026-09-08,24600.00,PE,NIFTY2690824600PE,650.05,654.50,573.85,640.25,638.60,682.10,23897.70,640.25,255645,-4875,2712,4446326027.00,2176,F1,65,,,,,
2026-09-04,2026-09-04,FO,NSE,IDO,42638,,NIFTY,,2026-09-08,2026-09-08,23950.00,PE,NIFTY2690823950PE,95.00,111.30,63.55,79.90,77.45,116.75,23897.70,79.90,5838040,3087955,6184102,9659472704118.25,2422829,F1,65,,,,,
2026-09-04,2026-09-04,FO,NSE,IDO,42576,,NIFTY,,2026-09-08,2026-09-08,22600.00,PE,NIFTY2690822600PE,1.35,1.75,1.05,1.30,1.10,1.45,23897.70,1.30,1699945,333125,165425,243024408246.75,23611,F1,65,,,,,
2026-09-04,2026-09-04,FO,NSE,IDO,42564,,NIFTY,,2026-09-08,2026-09-08,22300.00,PE,NIFTY2690822300PE,1.15,1.35,0.80,0.95,0.85,1.05,23897.70,0.95,3245580,-208455,157510,228321306525.00,23546,F1,65,,,,,
2026-09-04,2026-09-04,FO,NSE,IDO,74643,,NIFTY,,2031-06-24,2031-06-24,19500.00,CE,NIFTY31JUN19500CE,0.00,0.00,0.00,9840.60,0.00,9840.60,23897.70,9793.09,0,0,0,0.00,0,F1,65,,,,,
2026-09-04,2026-09-04,FO,NSE,IDO,55642,,NIFTY,,2030-06-25,2030-06-25,19500.00,CE,NIFTY30JUN19500CE,0.00,0.00,0.00,11140.25,0.00,11140.25,23897.70,8838.83,0,0,0,0.00,0,F1,65,,,,,
2026-09-04,2026-09-04,FO,NSE,IDO,61748,,NIFTY,,2029-12-24,2029-12-24,24000.00,CE,NIFTY29DEC24000CE,0.00,0.00,0.00,7729.00,7729.00,7729.00,23897.70,5365.70,65,0,0,0.00,0,F1,65,,,,,
2026-09-04,2026-09-04,FO,NSE,IDO,55558,,NIFTY,,2029-06-26,2029-06-26,19500.00,CE,NIFTY29JUN19500CE,0.00,0.00,0.00,10206.95,0.00,10206.95,23897.70,7806.07,0,0,0,0.00,0,F1,65,,,,,
2026-09-04,2026-09-04,FO,NSE,IDO,74646,,NIFTY,,2031-06-24,2031-06-24,21000.00,PE,NIFTY31JUN21000PE,0.00,0.00,0.00,450.50,0.00,450.50,23897.70,336.77,0,0,0,0.00,0,F1,65,,,,,
2026-09-04,2026-09-04,FO,NSE,IDO,61749,,NIFTY,,2029-12-24,2029-12-24,24000.00,PE,NIFTY29DEC24000PE,0.00,0.00,0.00,995.00,995.00,995.00,23897.70,864.51,455,0,0,0.00,0,F1,65,,,,,
2026-09-04,2026-09-04,FO,NSE,IDO,55601,,NIFTY,,2029-12-24,2029-12-24,19500.00,PE,NIFTY29DEC19500PE,0.00,0.00,0.00,61.20,0.00,61.20,23897.70,192.20,0,0,0,0.00,0,F1,65,,,,,
2026-09-04,2026-09-04,FO,NSE,IDO,67779,,NIFTY,,2028-12-26,2028-12-26,22000.00,PE,NIFTY28DEC22000PE,459.95,459.95,459.95,459.95,459.95,460.05,23897.70,470.34,8695,-65,1,1459896.75,1,F1,65,,,,,
2026-09-04,2026-09-04,FO,NSE,IDO,55518,,NIFTY,,2028-12-26,2028-12-26,19500.00,CE,NIFTY28DEC19500CE,0.00,0.00,0.00,9716.40,0.00,9716.40,23897.70,7255.77,0,0,0,0.00,0,F1,65,,,,,
2026-09-04,2026-09-04,FO,NSE,IDO,42562,,NIFTY,,2026-09-08,2026-09-08,22300.00,CE,NIFTY2690822300CE,0.00,0.00,0.00,1610.00,1610.00,1610.00,23897.70,1612.16,130,0,0,0.00,0,F1,65,,,,,
2026-09-04,2026-09-04,FO,NSE,IDO,42714,,NIFTY,,2026-09-08,2026-09-08,25550.00,CE,NIFTY2690825550CE,0.70,1.00,0.50,0.55,0.50,0.85,23897.70,0.55,403260,5005,22335,37093737307.25,8077,F1,65,,,,,
2026-09-04,2026-09-04,FO,NSE,IDO,42735,,NIFTY,,2026-09-08,2026-09-08,25850.00,CE,NIFTY2690825850CE,0.60,0.90,0.45,0.50,0.50,0.65,23897.70,0.50,218400,3055,12264,20607012994.75,1639,F1,65,,,,,
2026-09-04,2026-09-04,FO,NSE,IDO,47435,,NIFTY,,2026-09-15,2026-09-15,26050.00,CE,NIFTY2691526050CE,0.00,0.00,0.00,1.15,1.25,1.15,23897.70,0.23,4225,0,0,0.00,0,F1,65,,,,,
2026-09-04,2026-09-04,FO,NSE,IDO,57251,,NIFTY,,2026-09-22,2026-09-22,24100.00,CE,NIFTY2692224100CE,170.90,201.60,154.35,164.75,159.00,159.50,23897.70,164.75,262080,48360,6054,9553254321.00,3297,F1,65,,,,,
2026-09-04,2026-09-04,FO,NSE,IDO,86163,,NIFTY,,2028-06-27,2028-06-27,27000.00,CE,NIFTY28JUN27000CE,0.00,0.00,0.00,1935.00,1935.00,1935.00,23897.70,1992.13,0,0,0,0.00,0,F1,65,,,,,
2026-09-04,2026-09-04,FO,NSE,IDO,55376,,NIFTY,,2027-06-29,2027-06-29,25500.00,CE,NIFTY27JUN25500CE,0.00,0.00,0.00,910.05,910.05,910.05,23897.70,1241.70,65,0,0,0.00,0,F1,65,,,,,
2026-09-04,2026-09-04,FO,NSE,IDO,71547,,NIFTY,,2027-06-29,2027-06-29,18000.00,CE,NIFTY27JUN18000CE,0.00,0.00,0.00,4066.45,0.00,4066.45,23897.70,6829.61,0,0,0,0.00,0,F1,65,,,,,
2026-09-04,2026-09-04,FO,NSE,IDO,38158,,NIFTY,,2026-12-29,2026-12-29,29000.00,CE,NIFTY26DEC29000CE,11.05,11.05,8.35,9.20,9.10,10.75,23897.70,9.20,552520,-7805,587,1106867394.75,283,F1,65,,,,,
2026-09-04,2026-09-04,FO,NSE,IDO,64491,,NIFTY,,2026-11-23,2026-11-23,25850.00,CE,NIFTY26NOV25850CE,0.00,0.00,0.00,358.95,0.00,358.95,23897.70,199.63,0,0,0,0.00,0,F1,65,,,,,
2026-09-04,2026-09-04,FO,NSE,IDO,64425,,NIFTY,,2026-11-23,2026-11-23,24700.00,CE,NIFTY26NOV24700CE,266.55,285.00,258.70,261.25,260.00,258.35,23897.70,261.25,26975,-975,289,469046129.50,188,F1,65,,,,,
2026-09-04,2026-09-04,FO,NSE,IDO,58012,,NIFTY,,2026-09-22,2026-09-22,25850.00,CE,NIFTY2692225850CE,3.60,3.60,2.15,2.75,2.50,3.00,23897.70,2.75,455,-390,30,50412381.50,12,F1,65,,,,,
2026-09-04,2026-09-04,FO,NSE,IDO,58032,,NIFTY,,2026-09-22,2026-09-22,26050.00,CE,NIFTY2692226050CE,0.00,0.00,0.00,2.90,2.90,2.90,23897.70,2.83,0,0,0,0.00,0,F1,65,,,,,
2026-09-04,2026-09-04,FO,NSE,IDO,73887,,NIFTY,,2026-09-29,2026-09-29,22600.00,CE,NIFTY26SEP22600CE,1480.00,1480.00,1480.00,1480.00,1480.00,1477.35,23897.70,1422.51,910,0,1,1565200.00,1,F1,65,,,,,
2026-09-04,2026-09-04,FO,NSE,IDO,86164,,NIFTY,,2028-06-27,2028-06-27,27000.00,PE,NIFTY28JUN27000PE,0.00,0.00,0.00,2752.35,0.00,2752.35,23897.70,2117.98,0,0,0,0.00,0,F1,65,,,,,
2026-09-04,2026-09-04,FO,NSE,IDO,55379,,NIFTY,,2027-06-29,2027-06-29,28500.00,PE,NIFTY27JUN28500PE,0.00,0.00,0.00,1807.05,0.00,1807.05,23897.70,3542.88,0,0,0,0.00,0,F1,65,,,,,
2026-09-04,2026-09-04,FO,NSE,IDO,64398,,NIFTY,,2026-11-23,2026-11-23,24000.00,PE,NIFTY26NOV24000PE,378.00,378.00,323.00,344.95,345.50,378.00,23897.70,344.95,376480,53885,1943,3074511687.00,1128,F1,65,,,,,
2026-09-04,2026-09-04,FO,NSE,IDO,64360,,NIFTY,,2026-11-23,2026-11-23,23350.00,PE,NIFTY26NOV23350PE,0.00,0.00,0.00,274.90,274.90,274.90,23897.70,348.13,65,0,0,0.00,0,F1,65,,,,,
2026-09-04,2026-09-04,FO,NSE,IDO,51510,,NIFTY,,2026-10-27,2026-10-27,26500.00,CE,NIFTY26OCT26500CE,9.05,9.80,7.95,8.30,7.95,9.25,23897.70,8.30,228085,-9035,725,1249216965.75,314,F1,65,,,,,
2026-09-04,2026-09-04,FO,NSE,IDO,51500,,NIFTY,,2026-10-27,2026-10-27,26250.00,CE,NIFTY26OCT26250CE,0.00,0.00,0.00,210.65,0.00,210.65,23897.70,57.47,0,0,0,0.00,0,F1,65,,,,,
2026-09-04,2026-09-04,FO,NSE,IDO,64350,,NIFTY,,2026-11-23,2026-11-23,23150.00,PE,NIFTY26NOV23150PE,0.00,0.00,0.00,226.95,0.00,226.95,23897.70,288.53,0,0,0,0.00,0,F1,65,,,,,
2026-09-04,2026-09-04,FO,NSE,IDO,51425,,NIFTY,,2026-10-27,2026-10-27,24650.00,PE,NIFTY26OCT24650PE,600.00,600.00,600.00,600.00,600.00,672.90,23897.70,885.24,5070,-65,1,1641250.00,1,F1,65,,,,,
2026-09-04,2026-09-04,FO,NSE,IDO,51385,,NIFTY,,2026-10-27,2026-10-27,23800.00,PE,NIFTY26OCT23800PE,233.50,234.45,200.10,216.45,216.20,241.55,23897.70,216.45,457535,11505,2010,3137431518.00,1492,F1,65,,,,,
2026-09-04,2026-09-04,FO,NSE,IDO,51472,,NIFTY,,2026-10-27,2026-10-27,25600.00,CE,NIFTY26OCT25600CE,24.60,26.60,21.15,21.95,22.05,25.85,23897.70,21.95,100425,-8710,729,1214190441.75,395,F1,65,,,,,
2026-09-04,2026-09-04,FO,NSE,IDO,40825,,NIFTY,,2026-10-06,2026-10-06,24500.00,CE,NIFTY26O0624500CE,161.75,161.75,99.40,118.15,99.40,344.55,23897.70,118.15,130,130,7,11201245.25,6,F1,65,,,,,
2026-09-04,2026-09-04,FO,NSE,IDO,40823,,NIFTY,,2026-10-06,2026-10-06,24450.00,CE,NIFTY26O0624450CE,0.00,0.00,0.00,364.35,0.00,364.35,23897.70,277.60,0,0,0,0.00,0,F1,65,,,,,
2026-09-04,2026-09-04,FO,NSE,IDO,40809,,NIFTY,,2026-10-06,2026-10-06,24150.00,CE,NIFTY26O0624150CE,255.00,255.00,230.35,231.10,230.35,230.10,23897.70,231.10,1300,-260,7,11097151.00,6,F1,65,,,,,
2026-09-04,2026-09-04,FO,NSE,IDO,74507,,NIFTY,,2026-09-29,2026-09-29,27200.00,CE,NIFTY26SEP27200CE,1.40,2.45,1.40,1.95,1.65,1.55,23897.70,1.95,43355,2730,85,150291108.50,24,F1,65,,,,,
2026-09-04,2026-09-04,FO,NSE,IDO,74477,,NIFTY,,2026-09-29,2026-09-29,26400.00,CE,NIFTY26SEP26400CE,3.30,3.45,2.50,2.65,2.65,3.45,23897.70,4.05,50570,0,8,13729527.50,6,F1,65,,,,,
2026-09-04,2026-09-04,FO,NSE,IDO,74363,,NIFTY,,2026-09-29,2026-09-29,24950.00,CE,NIFTY26SEP24950CE,23.60,23.90,18.20,18.85,18.80,22.50,23897.70,18.85,270725,11570,2283,3705562812.25,1293,F1,65,,,,,
2026-09-04,2026-09-04,FO,NSE,IDO,74010,,NIFTY,,2026-09-29,2026-09-29,23750.00,CE,NIFTY26SEP23750CE,423.20,475.90,418.00,422.35,420.35,405.80,23897.70,422.35,22360,1560,233,366409904.25,182,F1,65,,,,,
2026-09-04,2026-09-04,FO,NSE,IDO,67782,,NIFTY,,2028-12-26,2028-12-26,24000.00,CE,NIFTY28DEC24000CE,0.00,0.00,0.00,4350.00,4350.00,4350.00,23897.70,4135.16,1235,0,0,0.00,0,F1,65,,,,,
2026-09-04,2026-09-04,FO,NSE,IDO,42715,,NIFTY,,2026-09-08,2026-09-08,25550.00,PE,NIFTY2690825550PE,0.00,0.00,0.00,1495.00,1495.00,1495.00,23897.70,1635.73,455,0,0,0.00,0,F1,65,,,,,
2026-09-04,2026-09-04,FO,NSE,IDO,73872,,NIFTY,,2026-09-29,2026-09-29,22150.00,PE,NIFTY26SEP22150PE,13.30,13.30,9.10,9.75,9.75,12.00,23897.70,9.75,37700,-390,151,217502723.75,71,F1,65,,,,,
2026-09-04,2026-09-04,FO,NSE,IDO,74421,,NIFTY,,2026-09-29,2026-09-29,25800.00,PE,NIFTY26SEP25800PE,0.00,0.00,0.00,1684.10,1684.10,1684.10,23897.70,1815.44,20540,0,0,0.00,0,F1,65,,,,,
2026-09-04,2026-09-04,FO,NSE,IDO,74443,,NIFTY,,2026-09-29,2026-09-29,26100.00,PE,NIFTY26SEP26100PE,0.00,0.00,0.00,1712.15,1712.15,1712.15,23897.70,2105.34,9360,0,0,0.00,0,F1,65,,,,,
2026-09-04,2026-09-04,FO,NSE,IDO,64335,,NIFTY,,2026-11-23,2026-11-23,23000.00,CE,NIFTY26NOV23000CE,1375.00,1406.55,1350.85,1360.00,1360.00,1316.75,23897.70,1470.21,6760,325,14,22184509.75,13,F1,65,,,,,
2026-09-04,2026-09-04,FO,NSE,IDO,64325,,NIFTY,,2026-11-23,2026-11-23,22900.00,CE,NIFTY26NOV22900CE,1470.00,1470.00,1470.00,1470.00,1470.00,1951.70,23897.70,1543.78,65,65,1,1584050.00,1,F1,65,,,,,
2026-09-04,2026-09-04,FO,NSE,IDO,51508,,NIFTY,,2026-10-27,2026-10-27,26450.00,CE,NIFTY26OCT26450CE,0.00,0.00,0.00,178.65,0.00,178.65,23897.70,43.66,0,0,0,0.00,0,F1,65,,,,,
2026-09-04,2026-09-04,FO,NSE,IDO,51376,,NIFTY,,2026-10-27,2026-10-27,23600.00,CE,NIFTY26OCT23600CE,720.00,758.65,709.35,715.35,709.35,697.40,23897.70,715.35,5915,390,38,60108483.50,33,F1,65,,,,,
2026-09-04,2026-09-04,FO,NSE,IDO,73921,,NIFTY,,2026-09-29,2026-09-29,23250.00,CE,NIFTY26SEP23250CE,0.00,0.00,0.00,826.25,826.25,826.25,23897.70,870.32,390,0,0,0.00,0,F1,65,,,,,
2026-09-04,2026-09-04,FO,NSE,IDO,42729,,NIFTY,,2026-09-08,2026-09-08,25750.00,CE,NIFTY2690825750CE,0.75,0.75,0.45,0.50,0.50,0.75,23897.70,0.50,181090,7865,6721,11249515670.25,2714,F1,65,,,,,
2026-09-04,2026-09-04,FO,NSE,IDO,74484,,NIFTY,,2026-09-29,2026-09-29,26550.00,PE,NIFTY26SEP26550PE,0.00,0.00,0.00,2431.75,0.00,2431.75,23897.70,2547.58,0,0,0,0.00,0,F1,65,,,,,
2026-09-04,2026-09-04,FO,NSE,IDO,42705,,NIFTY,,2026-09-08,2026-09-08,25350.00,CE,NIFTY2690825350CE,1.05,1.05,0.55,0.60,0.60,1.05,23897.70,0.60,375635,47645,21749,35837976603.00,4915,F1,65,,,,,
2026-09-04,2026-09-04,FO,NSE,IDO,74648,,NIFTY,,2031-06-24,2031-06-24,22500.00,PE,NIFTY31JUN22500PE,0.00,0.00,0.00,663.60,0.00,663.60,23897.70,518.33,0,0,0,0.00,0,F1,65,,,,,
2026-09-04,2026-09-04,FO,NSE,IDO,73904,,NIFTY,,2026-09-29,2026-09-29,23050.00,CE,NIFTY26SEP23050CE,0.00,0.00,0.00,1151.00,1151.00,1151.00,23897.70,1029.27,260,0,0,0.00,0,F1,65,,,,,
2026-09-04,2026-09-04,FO,NSE,IDO,47303,,NIFTY,,2026-09-15,2026-09-15,23650.00,CE,NIFTY2691523650CE,385.55,450.00,378.75,388.40,383.00,361.65,23897.70,388.40,11635,-1495,374,584670212.75,312,F1,65,,,,,
2026-09-04,2026-09-04,FO,NSE,IDO,42673,,NIFTY,,2026-09-08,2026-09-08,24800.00,CE,NIFTY2690824800CE,1.85,2.00,1.00,1.30,1.05,2.05,23897.70,1.30,7116850,-644995,541918,873623454366.00,94877,F1,65,,,,,
2026-09-04,2026-09-04,FO,NSE,IDO,42601,,NIFTY,,2026-09-08,2026-09-08,23250.00,CE,NIFTY2690823250CE,650.30,747.70,650.30,720.65,720.65,1568.45,23897.70,670.38,65,65,13,20260717.75,12,F1,65,,,,,
2026-09-04,2026-09-04,FO,NSE,IDO,51331,,NIFTY,,2026-10-27,2026-10-27,22500.00,PE,NIFTY26OCT22500PE,38.75,38.85,32.00,33.10,32.30,41.75,23897.70,33.10,872300,42900,2981,4366344979.75,1681,F1,65,,,,,
2026-09-04,2026-09-04,FO,NSE,IDO,51399,,NIFTY,,2026-10-27,2026-10-27,24100.00,PE,NIFTY26OCT24100PE,353.90,353.90,305.00,329.55,328.85,366.50,23897.70,329.55,159250,9035,862,1368520874.50,650,F1,65,,,,,
2026-09-04,2026-09-04,FO,NSE,IDO,51499,,NIFTY,,2026-10-27,2026-10-27,26200.00,PE,NIFTY26OCT26200PE,0.00,0.00,0.00,2040.50,0.00,2040.50,23897.70,2119.91,0,0,0,0.00,0,F1,65,,,,,
2026-09-04,2026-09-04,FO,NSE,IDO,64285,,NIFTY,,2026-11-23,2026-11-23,22550.00,PE,NIFTY26NOV22550PE,0.00,0.00,0.00,121.55,0.00,121.55,23897.70,154.21,0,0,0,0.00,0,F1,65,,,,,
2026-09-04,2026-09-04,FO,NSE,IDO,80275,,NIFTY,,2027-03-30,2027-03-30,25500.00,PE,NIFTY27MAR25500PE,1144.55,1148.30,1087.75,1118.70,1122.40,1162.05,23897.70,1118.70,234520,-455,69,119388587.50,58,F1,65,,,,,
2026-09-04,2026-09-04,FO,NSE,IDO,80312,,NIFTY,,2027-03-30,2027-03-30,31500.00,PE,NIFTY27MAR31500PE,0.00,0.00,0.00,7066.15,0.00,7066.15,23897.70,6500.93,0,0,0,0.00,0,F1,65,,,,,
2026-09-04,2026-09-04,FO,NSE,IDO,80314,,NIFTY,,2027-03-30,2027-03-30,33000.00,PE,NIFTY27MAR33000PE,0.00,0.00,0.00,8415.45,0.00,8415.45,23897.70,7928.50,0,0,0,0.00,0,F1,65,,,,,
2026-09-04,2026-09-04,FO,NSE,IDO,71554,,NIFTY,,2027-06-29,2027-06-29,21000.00,PE,NIFTY27JUN21000PE,132.05,144.45,116.70,129.20,130.00,132.10,23897.70,129.20,13680,2990,58,79665953.25,39,F1,65,,,,,
2026-09-04,2026-09-04,FO,NSE,IDO,55699,,NIFTY,,2030-12-31,2030-12-31,18000.00,PE,NIFTY30DEC18000PE,0.00,0.00,0.00,32.30,0.00,32.30,23897.70,111.85,0,0,0,0.00,0,F1,65,,,,,
2026-09-04,2026-09-04,FO,NSE,IDO,60939,,NIFTY,,2030-06-25,2030-06-25,30000.00,PE,NIFTY30JUN30000PE,0.00,0.00,0.00,2100.85,0.00,2100.85,23897.70,2730.17,0,0,0,0.00,0,F1,65,,,,,
2026-09-04,2026-09-04,FO,NSE,IDO,64347,,NIFTY,,2026-11-23,2026-11-23,23100.00,CE,NIFTY26NOV23100CE,0.00,0.00,0.00,1793.90,0.00,1793.90,23897.70,1397.35,0,0,0,0.00,0,F1,65,,,,,
2026-09-04,2026-09-04,FO,NSE,IDO,64453,,NIFTY,,2026-11-23,2026-11-23,25250.00,CE,NIFTY26NOV25250CE,0.00,0.00,0.00,550.35,0.00,550.35,23897.70,335.33,0,0,0,0.00,0,F1,65,,,,,
2026-09-04,2026-09-04,FO,NSE,IDO,58642,,NIFTY,,2026-12-29,2026-12-29,19000.00,CE,NIFTY26DEC19000CE,5408.70,5408.70,5260.00,5269.05,5260.00,5242.35,23897.70,5269.05,58660,1625,41,64709320.00,22,F1,65,,,,,
2026-09-04,2026-09-04,FO,NSE,IDO,73853,,NIFTY,,2026-09-29,2026-09-29,21800.00,PE,NIFTY26SEP21800PE,8.20,9.40,8.20,8.50,8.60,9.70,23897.70,8.50,145730,1690,657,931339652.75,474,F1,65,,,,,
2026-09-04,2026-09-04,FO,NSE,IDO,56874,,NIFTY,,2026-09-22,2026-09-22,22500.00,PE,NIFTY2692222500PE,10.35,10.35,6.20,6.65,6.20,9.00,23897.70,6.65,58370,24765,987,1443963560.00,447,F1,65,,,,,
2026-09-04,2026-09-04,FO,NSE,IDO,47364,,NIFTY,,2026-09-15,2026-09-15,25000.00,PE,NIFTY2691525000PE,1019.05,1022.90,945.00,1005.40,1006.00,1051.50,23897.70,1005.40,19175,5590,215,363289602.00,185,F1,65,,,,,
2026-09-04,2026-09-04,FO,NSE,IDO,47346,,NIFTY,,2026-09-15,2026-09-15,24600.00,PE,NIFTY2691524600PE,629.60,631.05,552.95,614.00,616.30,664.95,23897.70,614.00,33215,9555,305,499293879.50,184,F1,65,,,,,
2026-09-04,2026-09-04,FO,NSE,IDO,47328,,NIFTY,,2026-09-15,2026-09-15,24200.00,PE,NIFTY2691524200PE,313.85,313.85,233.05,272.10,271.00,317.00,23897.70,272.10,473525,-75790,19439,30907308220.75,12817,F1,65,,,,,
2026-09-04,2026-09-04,FO,NSE,IDO,47306,,NIFTY,,2026-09-15,2026-09-15,23700.00,PE,NIFTY2691523700PE,69.00,72.00,47.10,53.05,51.90,78.10,23897.70,53.05,779025,129220,38814,59935157321.00,21555,F1,65,,,,,
2026-09-04,2026-09-04,FO,NSE,IDO,47304,,NIFTY,,2026-09-15,2026-09-15,23650.00,PE,NIFTY2691523650PE,54.95,60.55,39.40,44.00,43.05,65.10,23897.70,44.00,278395,1560,23650,36427930240.00,17045,F1,65,,,,,
2026-09-04,2026-09-04,FO,NSE,IDO,47268,,NIFTY,,2026-09-15,2026-09-15,22750.00,PE,NIFTY2691522750PE,5.00,5.40,4.00,4.25,4.10,6.25,23897.70,4.25,60320,21320,1686,2493693891.00,1052,F1,65,,,,,
2026-09-04,2026-09-04,FO,NSE,IDO,47252,,NIFTY,,2026-09-15,2026-09-15,22350.00,PE,NIFTY2691522350PE,3.95,4.10,3.05,3.60,3.05,4.60,23897.70,3.60,192270,455,941,1367266641.00,519,F1,65,,,,,
2026-09-04,2026-09-04,FO,NSE,IDO,47250,,NIFTY,,2026-09-15,2026-09-15,22300.00,PE,NIFTY2691522300PE,3.85,4.00,3.10,3.50,3.30,4.35,23897.70,3.50,180050,54795,4515,6545546985.25,1874,F1,65,,,,,
2026-09-04,2026-09-04,FO,NSE,IDO,42706,,NIFTY,,2026-09-08,2026-09-08,25350.00,PE,NIFTY2690825350PE,0.00,0.00,0.00,1218.00,1218.00,1218.00,23897.70,1435.88,780,0,0,0.00,0,F1,65,,,,,
2026-09-04,2026-09-04,FO,NSE,IDO,55764,,NIFTY,,2030-12-31,2030-12-31,31500.00,CE,NIFTY30DEC31500CE,0.00,0.00,0.00,4554.55,0.00,4554.55,23897.70,3180.95,0,0,0,0.00,0,F1,65,,,,,
2026-09-04,2026-09-04,FO,NSE,IDO,47198,,NIFTY,,2028-12-26,2028-12-26,33000.00,CE,NIFTY28DEC33000CE,0.00,0.00,0.00,2477.50,0.00,2477.50,23897.70,881.23,0,0,0,0.00,0,F1,65,,,,,
2026-09-04,2026-09-04,FO,NSE,IDO,64470,,NIFTY,,2026-11-23,2026-11-23,25450.00,CE,NIFTY26NOV25450CE,0.00,0.00,0.00,479.65,0.00,479.65,23897.70,284.76,0,0,0,0.00,0,F1,65,,,,,
2026-09-04,2026-09-04,FO,NSE,IDO,64445,,NIFTY,,2026-11-23,2026-11-23,25150.00,CE,NIFTY26NOV25150CE,0.00,0.00,0.00,588.45,0.00,588.45,23897.70,363.78,0,0,0,0.00,0,F1,65,,,,,
2026-09-04,2026-09-04,FO,NSE,IDO,64429,,NIFTY,,2026-11-23,2026-11-23,24800.00,CE,NIFTY26NOV24800CE,228.00,249.00,223.45,227.50,225.10,221.80,23897.70,227.50,24570,2990,201,327096539.25,140,F1,65,,,,,
2026-09-04,2026-09-04,FO,NSE,IDO,64342,,NIFTY,,2026-11-23,2026-11-23,23050.00,CE,NIFTY26NOV23050CE,0.00,0.00,0.00,1832.80,0.00,1832.80,23897.70,1433.55,0,0,0,0.00,0,F1,65,,,,,
2026-09-04,2026-09-04,FO,NSE,IDO,64291,,NIFTY,,2026-11-23,2026-11-23,22700.00,CE,NIFTY26NOV22700CE,0.00,0.00,0.00,2115.10,0.00,2115.10,23897.70,1698.01,0,0,0,0.00,0,F1,65,,,,,
2026-09-04,2026-09-04,FO,NSE,IDO,51454,,NIFTY,,2026-10-27,2026-10-27,25350.00,CE,NIFTY26OCT25350CE,0.00,0.00,0.00,417.40,0.00,417.40,23897.70,175.06,0,0,0,0.00,0,F1,65,,,,,
2026-09-04,2026-09-04,FO,NSE,IDO,51448,,NIFTY,,2026-10-27,2026-10-27,25200.00,CE,NIFTY26OCT25200CE,52.00,57.55,48.40,49.50,49.30,52.15,23897.70,49.50,304200,-10205,2622,4303716043.25,1494,F1,65,,,,,
2026-09-04,2026-09-04,FO,NSE,IDO,40745,,NIFTY,,2026-10-06,2026-10-06,23200.00,CE,NIFTY26O0623200CE,0.00,0.00,0.00,1120.50,0.00,1120.50,23897.70,975.60,0,0,0,0.00,0,F1,65,,,,,
2026-09-04,2026-09-04,FO,NSE,IDO,40717,,NIFTY,,2026-10-06,2026-10-06,22850.00,CE,NIFTY26O0622850CE,0.00,0.00,0.00,1410.45,0.00,1410.45,23897.70,1257.50,0,0,0,0.00,0,F1,65,,,,,
2026-09-04,2026-09-04,FO,NSE,IDO,40712,,NIFTY,,2026-10-06,2026-10-06,22750.00,CE,NIFTY26O0622750CE,0.00,0.00,0.00,1497.80,0.00,1497.80,23897.70,1343.17,0,0,0,0.00,0,F1,65,,,,,
2026-09-04,2026-09-04,FO,NSE,IDO,74361,,NIFTY,,2026-09-29,2026-09-29,24900.00,CE,NIFTY26SEP24900CE,24.30,27.45,20.70,21.45,21.75,25.05,23897.70,21.45,983580,-57980,10958,17752837973.00,5960,F1,65,,,,,
2026-09-04,2026-09-04,FO,NSE,IDO,74045,,NIFTY,,2026-09-29,2026-09-29,23800.00,CE,NIFTY26SEP23800CE,388.00,443.00,373.70,387.70,382.00,371.05,23897.70,387.70,554190,-87100,10746,16908408097.75,6476,F1,65,,,,,
2026-09-04,2026-09-04,FO,NSE,IDO,55284,,NIFTY,,2026-09-29,2026-09-29,22500.00,CE,NIFTY26SEP22500CE,1560.00,1616.70,1540.70,1565.75,1552.00,1511.80,23897.70,1565.75,523250,-585,185,289471552.50,136,F1,65,,,,,
2026-09-04,2026-09-04,FO,NSE,IDO,74486,,NIFTY,,2026-09-29,2026-09-29,26600.00,PE,NIFTY26SEP26600PE,0.00,0.00,0.00,2474.55,0.00,2474.55,23897.70,2597.03,0,0,0,0.00,0,F1,65,,,,,
2026-09-04,2026-09-04,FO,NSE,IDO,40674,,NIFTY,,2026-10-06,2026-10-06,22150.00,PE,NIFTY26O0622150PE,0.00,0.00,0.00,17.60,0.00,17.60,23897.70,18.86,0,0,0,0.00,0,F1,65,,,,,
2026-09-04,2026-09-04,FO,NSE,IDO,40732,,NIFTY,,2026-10-06,2026-10-06,23000.00,PE,NIFTY26O0623000PE,40.30,40.30,32.20,33.65,33.20,45.30,23897.70,33.65,17225,8190,232,347376354.00,138,F1,65,,,,,
2026-09-04,2026-09-04,FO,NSE,IDO,40750,,NIFTY,,2026-10-06,2026-10-06,23250.00,PE,NIFTY26O0623250PE,0.00,0.00,0.00,141.30,0.00,141.30,23897.70,159.33,0,0,0,0.00,0,F1,65,,,,,
2026-09-04,2026-09-04,FO,NSE,IDO,40764,,NIFTY,,2026-10-06,2026-10-06,23550.00,PE,NIFTY26O0623550PE,0.00,0.00,0.00,218.45,0.00,218.45,23897.70,247.15,0,0,0,0.00,0,F1,65,,,,,
2026-09-04,2026-09-04,FO,NSE,IDO,73852,,NIFTY,,2026-09-29,2026-09-29,21800.00,CE,NIFTY26SEP21800CE,0.00,0.00,0.00,2150.00,2150.00,2150.00,23897.70,2189.50,130,0,0,0.00,0,F1,65,,,,,
2026-09-04,2026-09-04,FO,NSE,IDO,57886,,NIFTY,,2026-09-22,2026-09-22,25300.00,CE,NIFTY2692225300CE,0.00,0.00,0.00,151.50,0.00,151.50,23897.70,24.28,0,0,0,0.00,0,F1,65,,,,,
2026-09-04,2026-09-04,FO,NSE,IDO,57153,,NIFTY,,2026-09-22,2026-09-22,24000.00,CE,NIFTY2692224000CE,219.00,253.10,202.45,207.95,206.50,207.75,23897.70,207.95,325390,148915,9240,14548461941.00,6835,F1,65,,,,,
2026-09-04,2026-09-04,FO,NSE,IDO,56937,,NIFTY,,2026-09-22,2026-09-22,22900.00,CE,NIFTY2692222900CE,0.00,0.00,0.00,1459.55,0.00,1459.55,23897.70,1103.73,0,0,0,0.00,0,F1,65,,,,,
2026-09-04,2026-09-04,FO,NSE,IDO,56827,,NIFTY,,2026-09-22,2026-09-22,22350.00,CE,NIFTY2692222350CE,0.00,0.00,0.00,1959.05,0.00,1959.05,23897.70,1620.47,0,0,0,0.00,0,F1,65,,,,,
2026-09-04,2026-09-04,FO,NSE,IDO,47441,,NIFTY,,2026-09-15,2026-09-15,26200.00,CE,NIFTY2691526200CE,0.95,0.95,0.85,0.90,0.95,0.95,23897.70,0.90,64090,-9360,948,1614499760.25,243,F1,65,,,,,
2026-09-04,2026-09-04,FO,NSE,IDO,47337,,NIFTY,,2026-09-15,2026-09-15,24450.00,CE,NIFTY2691524450CE,20.70,31.50,17.55,18.95,19.10,24.25,23897.70,18.95,591175,394875,25516,40588135711.50,15646,F1,65,,,,,
2026-09-04,2026-09-04,FO,NSE,IDO,42759,,NIFTY,,2026-09-08,2026-09-08,26150.00,CE,NIFTY2690826150CE,0.55,0.60,0.40,0.45,0.40,0.60,23897.70,0.45,46800,7670,1444,2454482988.75,556,F1,65,,,,,
2026-09-04,2026-09-04,FO,NSE,IDO,42699,,NIFTY,,2026-09-08,2026-09-08,25250.00,CE,NIFTY2690825250CE,1.00,1.15,0.65,0.70,0.65,1.20,23897.70,0.70,364455,-9555,29863,49014260828.00,6215,F1,65,,,,,
2026-09-04,2026-09-04,FO,NSE,IDO,42603,,NIFTY,,2026-09-08,2026-09-08,23300.00,CE,NIFTY2690823300CE,661.25,731.20,651.00,664.10,659.55,613.60,23897.70,664.10,25935,-4875,486,757937810.50,410,F1,65,,,,,
2026-09-04,2026-09-04,FO,NSE,IDO,42565,,NIFTY,,2026-09-08,2026-09-08,22350.00,CE,NIFTY2690822350CE,1621.25,1665.45,1611.85,1629.90,1629.90,1735.00,23897.70,1562.20,585,260,56,87295110.50,56,F1,65,,,,,
2026-09-04,2026-09-04,FO,NSE,IDO,40780,,NIFTY,,2026-10-06,2026-10-06,23750.00,PE,NIFTY26O0623750PE,0.00,0.00,0.00,284.60,0.00,284.60,23897.70,321.98,0,0,0,0.00,0,F1,65,,,,,
2026-09-04,2026-09-04,FO,NSE,IDO,57428,,NIFTY,,2026-09-22,2026-09-22,24250.00,PE,NIFTY2692224250PE,340.05,350.05,294.35,312.40,312.40,375.35,23897.70,499.60,14105,65,31,49497298.50,24,F1,65,,,,,
2026-09-04,2026-09-04,FO,NSE,IDO,40897,,NIFTY,,2026-10-06,2026-10-06,25700.00,PE,NIFTY26O0625700PE,0.00,0.00,0.00,1563.65,0.00,1563.65,23897.70,1699.12,0,0,0,0.00,0,F1,65,,,,,
2026-09-04,2026-09-04,FO,NSE,IDO,51345,,NIFTY,,2026-10-27,2026-10-27,22800.00,PE,NIFTY26OCT22800PE,56.05,57.45,47.35,50.00,49.55,61.50,23897.70,50.00,49140,18655,729,1082836582.75,477,F1,65,,,,,
2026-09-04,2026-09-04,FO,NSE,IDO,51501,,NIFTY,,2026-10-27,2026-10-27,26250.00,PE,NIFTY26OCT26250PE,0.00,0.00,0.00,2081.05,0.00,2081.05,23897.70,2165.45,0,0,0,0.00,0,F1,65,,,,,
2026-09-04,2026-09-04,FO,NSE,IDO,51503,,NIFTY,,2026-10-27,2026-10-27,26300.00,PE,NIFTY26OCT26300PE,0.00,0.00,0.00,2121.90,0.00,2121.90,23897.70,2211.21,0,0,0,0.00,0,F1,65,,,,,
2026-09-04,2026-09-04,FO,NSE,IDO,51507,,NIFTY,,2026-10-27,2026-10-27,26400.00,PE,NIFTY26OCT26400PE,0.00,0.00,0.00,2204.40,0.00,2204.40,23897.70,2303.38,0,0,0,0.00,0,F1,65,,,,,
2026-09-04,2026-09-04,FO,NSE,IDO,64293,,NIFTY,,2026-11-23,2026-11-23,22700.00,PE,NIFTY26NOV22700PE,79.10,79.10,71.85,75.30,75.20,89.00,23897.70,75.30,22880,3380,89,131753921.00,66,F1,65,,,,,
2026-09-04,2026-09-04,FO,NSE,IDO,64356,,NIFTY,,2026-11-23,2026-11-23,23250.00,PE,NIFTY26NOV23250PE,0.00,0.00,0.00,249.65,0.00,249.65,23897.70,317.34,0,0,0,0.00,0,F1,65,,,,,
2026-09-04,2026-09-04,FO,NSE,IDO,64388,,NIFTY,,2026-11-23,2026-11-23,23800.00,PE,NIFTY26NOV23800PE,310.10,310.10,261.00,273.45,269.50,300.25,23897.70,273.45,39195,3185,164,256599918.25,124,F1,65,,,,,
2026-09-04,2026-09-04,FO,NSE,IDO,55325,,NIFTY,,2026-12-29,2026-12-29,19500.00,PE,NIFTY26DEC19500PE,23.75,25.75,23.25,24.60,24.75,26.90,23897.70,24.60,159055,3705,273,346458459.75,186,F1,65,,,,,
2026-09-04,2026-09-04,FO,NSE,IDO,55327,,NIFTY,,2026-12-29,2026-12-29,22500.00,PE,NIFTY26DEC22500PE,123.50,123.75,102.00,107.15,107.15,118.10,23897.70,107.15,1235910,-13780,3442,5057850365.75,1601,F1,65,,,,,
2026-09-04,2026-09-04,FO,NSE,IDO,80271,,NIFTY,,2027-03-30,2027-03-30,22500.00,PE,NIFTY27MAR22500PE,219.80,223.90,188.00,195.90,196.40,206.10,23897.70,195.90,685035,-715,1048,1545908201.50,506,F1,65,,,,,
2026-09-04,2026-09-04,FO,NSE,IDO,55479,,NIFTY,,2028-06-27,2028-06-27,28500.00,PE,NIFTY28JUN28500PE,0.00,0.00,0.00,1560.85,0.00,1560.85,23897.70,2921.19,0,0,0,0.00,0,F1,65,,,,,
2026-09-04,2026-09-04,FO,NSE,IDO,55527,,NIFTY,,2028-12-26,2028-12-26,31500.00,PE,NIFTY28DEC31500PE,0.00,0.00,0.00,2673.40,0.00,2673.40,23897.70,4420.03,0,0,0,0.00,0,F1,65,,,,,
2026-09-04,2026-09-04,FO,NSE,IDO,55603,,NIFTY,,2029-12-24,2029-12-24,22500.00,PE,NIFTY29DEC22500PE,0.00,0.00,0.00,225.70,0.00,225.70,23897.70,563.37,0,0,0,0.00,0,F1,65,,,,,
2026-09-04,2026-09-04,FO,NSE,IDO,74664,,NIFTY,,2031-06-24,2031-06-24,31500.00,PE,NIFTY31JUN31500PE,0.00,0.00,0.00,3185.85,0.00,3185.85,23897.70,2893.96,0,0,0,0.00,0,F1,65,,,,,
2026-09-04,2026-09-04,FO,NSE,IDO,74413,,NIFTY,,2026-09-29,2026-09-29,25600.00,PE,NIFTY26SEP25600PE,1499.20,1526.95,1499.20,1526.95,1526.95,1550.00,23897.70,1625.95,32305,0,2,3524699.75,2,F1,65,,,,,
2026-09-04,2026-09-04,FO,NSE,IDO,74006,,NIFTY,,2026-09-29,2026-09-29,23650.00,PE,NIFTY26SEP23650PE,119.00,119.40,90.10,99.30,99.20,133.60,23897.70,99.30,129415,2405,1460,2253976588.50,1081,F1,65,,,,,
2026-09-04,2026-09-04,FO,NSE,IDO,73926,,NIFTY,,2026-09-29,2026-09-29,23350.00,PE,NIFTY26SEP23350PE,61.90,63.40,45.00,49.50,45.00,69.00,23897.70,49.50,134615,12675,2479,3770773155.50,1622,F1,65,,,,,
2026-09-04,2026-09-04,FO,NSE,IDO,51347,,NIFTY,,2026-10-27,2026-10-27,22850.00,PE,NIFTY26OCT22850PE,0.00,0.00,0.00,250.85,0.00,250.85,23897.70,145.48,0,0,0,0.00,0,F1,65,,,,,
2026-09-04,2026-09-04,FO,NSE,IDO,40860,,NIFTY,,2026-10-06,2026-10-06,24850.00,PE,NIFTY26O0624850PE,0.00,0.00,0.00,877.55,0.00,877.55,23897.70,975.24,0,0,0,0.00,0,F1,65,,,,,
2026-09-04,2026-09-04,FO,NSE,IDO,40828,,NIFTY,,2026-10-06,2026-10-06,24550.00,PE,NIFTY26O0624550PE,0.00,0.00,0.00,677.90,0.00,677.90,23897.70,758.51,0,0,0,0.00,0,F1,65,,,,,
2026-09-04,2026-09-04,FO,NSE,IDO,40758,,NIFTY,,2026-10-06,2026-10-06,23450.00,PE,NIFTY26O0623450PE,0.00,0.00,0.00,189.85,0.00,189.85,23897.70,214.69,0,0,0,0.00,0,F1,65,,,,,
2026-09-04,2026-09-04,FO,NSE,IDO,40700,,NIFTY,,2026-10-06,2026-10-06,22550.00,PE,NIFTY26O0622550PE,0.00,0.00,0.00,41.25,0.00,41.25,23897.70,45.47,0,0,0,0.00,0,F1,65,,,,,
2026-09-04,2026-09-04,FO,NSE,IDO,74360,,NIFTY,,2026-09-29,2026-09-29,24850.00,PE,NIFTY26SEP24850PE,0.00,0.00,0.00,871.00,871.00,871.00,23897.70,966.48,14040,0,0,0.00,0,F1,65,,,,,
2026-09-04,2026-09-04,FO,NSE,IDO,73896,,NIFTY,,2026-09-29,2026-09-29,22800.00,PE,NIFTY26SEP22800PE,22.50,23.20,16.60,16.90,16.65,26.40,23897.70,16.90,604825,-41340,5549,8230508390.00,2510,F1,65,,,,,
2026-09-04,2026-09-04,FO,NSE,IDO,73882,,NIFTY,,2026-09-29,2026-09-29,22400.00,PE,NIFTY26SEP22400PE,13.00,13.45,10.85,11.15,10.85,15.05,23897.70,11.15,85475,6175,711,1035767986.50,389,F1,65,,,,,
2026-09-04,2026-09-04,FO,NSE,IDO,73866,,NIFTY,,2026-09-29,2026-09-29,22000.00,PE,NIFTY26SEP22000PE,10.10,10.25,9.10,9.30,9.25,10.85,23897.70,9.30,3153085,505440,20390,29170529534.25,8786,F1,65,,,,,
2026-09-04,2026-09-04,FO,NSE,IDO,57894,,NIFTY,,2026-09-22,2026-09-22,25350.00,PE,NIFTY2692225350PE,0.00,0.00,0.00,1190.00,0.00,1190.00,23897.70,1399.77,0,0,0,0.00,0,F1,65,,,,,
2026-09-04,2026-09-04,FO,NSE,IDO,57702,,NIFTY,,2026-09-22,2026-09-22,24650.00,PE,NIFTY2692224650PE,0.00,0.00,0.00,689.35,0.00,689.35,23897.70,785.71,0,0,0,0.00,0,F1,65,,,,,
2026-09-04,2026-09-04,FO,NSE,IDO,57520,,NIFTY,,2026-09-22,2026-09-22,24400.00,PE,NIFTY2692224400PE,450.05,456.25,395.65,433.45,427.70,493.45,23897.70,433.45,23270,13715,282,454960083.50,282,F1,65,,,,,
2026-09-04,2026-09-04,FO,NSE,IDO,57053,,NIFTY,,2026-09-22,2026-09-22,23650.00,PE,NIFTY2692223650PE,91.40,91.40,69.45,75.20,74.45,101.85,23897.70,75.20,10790,7540,352,542867422.50,194,F1,65,,,,,
2026-09-04,2026-09-04,FO,NSE,IDO,47394,,NIFTY,,2026-09-15,2026-09-15,25550.00,PE,NIFTY2691525550PE,0.00,0.00,0.00,1105.50,0.00,1105.50,23897.70,1608.96,0,0,0,0.00,0,F1,65,,,,,
2026-09-04,2026-09-04,FO,NSE,IDO,42658,,NIFTY,,2026-09-08,2026-09-08,24400.00,PE,NIFTY2690824400PE,468.95,468.95,377.95,442.15,439.00,476.75,23897.70,442.15,480155,-65910,12403,20008371272.50,8226,F1,65,,,,,
2026-09-04,2026-09-04,FO,NSE,IDO,42636,,NIFTY,,2026-09-08,2026-09-08,23900.00,PE,NIFTY2690823900PE,78.00,87.40,47.40,59.85,56.55,93.80,23897.70,59.85,11118835,4181255,7170241,11168144885940.25,2418756,F1,65,,,,,
2026-09-04,2026-09-04,FO,NSE,IDO,42628,,NIFTY,,2026-09-08,2026-09-08,23700.00,PE,NIFTY2690823700PE,34.00,39.90,12.00,15.60,13.65,33.45,23897.70,15.60,7742345,1745900,2127416,3279914485662.75,582195,F1,65,,,,,
2026-09-04,2026-09-04,FO,NSE,IDO,42600,,NIFTY,,2026-09-08,2026-09-08,23200.00,PE,NIFTY2690823200PE,3.25,3.50,1.80,2.40,2.10,3.70,23897.70,2.40,4777695,988975,544636,821414357744.50,94830,F1,65,,,,,
2026-09-04,2026-09-04,FO,NSE,IDO,55480,,NIFTY,,2028-06-27,2028-06-27,31500.00,CE,NIFTY28JUN31500CE,0.00,0.00,0.00,1784.80,0.00,1784.80,23897.70,742.88,0,0,0,0.00,0,F1,65,,,,,
2026-09-04,2026-09-04,FO,NSE,IDO,64415,,NIFTY,,2026-11-23,2026-11-23,24450.00,CE,NIFTY26NOV24450CE,371.85,383.80,366.60,368.40,366.60,374.90,23897.70,368.40,1560,-130,10,16134027.00,7,F1,65,,,,,
2026-09-04,2026-09-04,FO,NSE,IDO,64288,,NIFTY,,2026-11-23,2026-11-23,22650.00,CE,NIFTY26NOV22650CE,0.00,0.00,0.00,2156.80,0.00,2156.80,23897.70,1737.60,0,0,0,0.00,0,F1,65,,,,,
2026-09-04,2026-09-04,FO,NSE,IDO,51502,,NIFTY,,2026-10-27,2026-10-27,26300.00,CE,NIFTY26OCT26300CE,0.00,0.00,0.00,202.25,0.00,202.25,23897.70,53.71,0,0,0,0.00,0,F1,65,,,,,
2026-09-04,2026-09-04,FO,NSE,IDO,40875,,NIFTY,,2026-10-06,2026-10-06,25250.00,CE,NIFTY26O0625250CE,0.00,0.00,0.00,133.20,0.00,133.20,23897.70,89.10,0,0,0,0.00,0,F1,65,,,,,
2026-09-04,2026-09-04,FO,NSE,IDO,40861,,NIFTY,,2026-10-06,2026-10-06,24900.00,CE,NIFTY26O0624900CE,0.00,0.00,0.00,212.90,0.00,212.90,23897.70,151.61,0,0,0,0.00,0,F1,65,,,,,
2026-09-04,2026-09-04,FO,NSE,IDO,40844,,NIFTY,,2026-10-06,2026-10-06,24700.00,CE,NIFTY26O0624700CE,125.50,278.30,125.50,278.30,278.30,272.85,23897.70,200.35,390,390,6,9721705.50,3,F1,65,,,,,
2026-09-04,2026-09-04,FO,NSE,IDO,40689,,NIFTY,,2026-10-06,2026-10-06,22450.00,CE,NIFTY26O0622450CE,0.00,0.00,0.00,1769.15,0.00,1769.15,23897.70,1611.02,0,0,0,0.00,0,F1,65,,,,,
2026-09-04,2026-09-04,FO,NSE,IDO,74442,,NIFTY,,2026-09-29,2026-09-29,26100.00,CE,NIFTY26SEP26100CE,3.95,4.35,3.60,3.90,4.25,4.20,23897.70,3.90,17160,-3640,180,305415347.25,69,F1,65,,,,,
2026-09-04,2026-09-04,FO,NSE,IDO,74418,,NIFTY,,2026-09-29,2026-09-29,25750.00,CE,NIFTY26SEP25750CE,5.00,6.80,5.00,5.65,5.65,5.70,23897.70,19.62,7085,520,33,55247279.75,4,F1,65,,,,,
2026-09-04,2026-09-04,FO,NSE,IDO,74058,,NIFTY,,2026-09-29,2026-09-29,23950.00,CE,NIFTY26SEP23950CE,297.05,342.40,287.95,294.30,290.25,279.20,23897.70,294.30,202800,21580,5248,8276346260.00,3593,F1,65,,,,,
2026-09-04,2026-09-04,FO,NSE,IDO,73879,,NIFTY,,2026-09-29,2026-09-29,22350.00,CE,NIFTY26SEP22350CE,0.00,0.00,0.00,1660.00,1650.00,1660.00,23897.70,1656.01,260,0,0,0.00,0,F1,65,,,,,
2026-09-04,2026-09-04,FO,NSE,IDO,73873,,NIFTY,,2026-09-29,2026-09-29,22200.00,CE,NIFTY26SEP22200CE,1900.00,1900.00,1830.00,1850.00,1830.00,1970.00,23897.70,1850.00,195,-65,3,4693000.00,3,F1,65,,,,,
2026-09-04,2026-09-04,FO,NSE,IDO,73856,,NIFTY,,2026-09-29,2026-09-29,21900.00,CE,NIFTY26SEP21900CE,0.00,0.00,0.00,2400.00,2400.00,2400.00,23897.70,2091.25,585,0,0,0.00,0,F1,65,,,,,
2026-09-04,2026-09-04,FO,NSE,IDO,73833,,NIFTY,,2026-09-29,2026-09-29,21700.00,CE,NIFTY26SEP21700CE,0.00,0.00,0.00,2580.00,2580.00,2580.00,23897.70,2288.09,65,0,0,0.00,0,F1,65,,,,,
2026-09-04,2026-09-04,FO,NSE,IDO,65887,,NIFTY,,2026-09-29,2026-09-29,18000.00,CE,NIFTY26SEP18000CE,0.00,0.00,0.00,5945.75,5945.75,5945.75,23897.70,5970.54,1365,0,0,0.00,0,F1,65,,,,,
2026-09-04,2026-09-04,FO,NSE,IDO,57712,,NIFTY,,2026-09-22,2026-09-22,24700.00,CE,NIFTY2692224700CE,23.40,28.05,18.05,19.30,18.05,24.60,23897.70,19.30,133575,-12870,4313,6930967797.00,2643,F1,65,,,,,
2026-09-04,2026-09-04,FO,NSE,IDO,57125,,NIFTY,,2026-09-22,2026-09-22,23900.00,CE,NIFTY2692223900CE,208.00,316.65,208.00,265.95,266.00,260.85,23897.70,265.95,146705,19630,4980,7828042101.75,3381,F1,65,,,,,
2026-09-04,2026-09-04,FO,NSE,IDO,56905,,NIFTY,,2026-09-22,2026-09-22,22700.00,CE,NIFTY2692222700CE,0.00,0.00,0.00,1636.35,0.00,1636.35,23897.70,1286.56,0,0,0,0.00,0,F1,65,,,,,
2026-09-04,2026-09-04,FO,NSE,IDO,47363,,NIFTY,,2026-09-15,2026-09-15,25000.00,CE,NIFTY2691525000CE,4.65,5.00,3.20,3.45,3.25,4.80,23897.70,3.45,3042780,740220,60296,97995619621.25,18192,F1,65,,,,,
2026-09-04,2026-09-04,FO,NSE,IDO,47315,,NIFTY,,2026-09-15,2026-09-15,23900.00,CE,NIFTY2691523900CE,210.30,257.75,195.45,203.65,200.00,194.65,23897.70,203.65,721305,34840,61497,96421325799.50,38979,F1,65,,,,,
2026-09-04,2026-09-04,FO,NSE,IDO,47269,,NIFTY,,2026-09-15,2026-09-15,22800.00,CE,NIFTY2691522800CE,0.00,0.00,0.00,1263.80,1263.80,1263.80,23897.70,1148.65,65,0,0,0.00,0,F1,65,,,,,
2026-09-04,2026-09-04,FO,NSE,IDO,47265,,NIFTY,,2026-09-15,2026-09-15,22700.00,CE,NIFTY2691522700CE,0.00,0.00,0.00,1363.45,1363.45,1363.45,23897.70,1245.04,65,0,0,0.00,0,F1,65,,,,,
2026-09-04,2026-09-04,FO,NSE,IDO,42671,,NIFTY,,2026-09-08,2026-09-08,24750.00,CE,NIFTY2690824750CE,2.25,2.35,1.10,1.35,1.15,2.35,23897.70,1.35,2685085,965835,293014,471416860671.25,53192,F1,65,,,,,
2026-09-04,2026-09-04,FO,NSE,IDO,42597,,NIFTY,,2026-09-08,2026-09-08,23150.00,CE,NIFTY2690823150CE,869.00,869.05,798.10,826.10,826.10,790.00,23897.70,826.10,910,130,15,23391800.25,11,F1,65,,,,,
2026-09-04,2026-09-04,FO,NSE,IDO,42589,,NIFTY,,2026-09-08,2026-09-08,22950.00,CE,NIFTY2690822950CE,1051.00,1075.80,1017.00,1020.00,1020.00,987.15,23897.70,1020.00,195,-65,10,15592050.50,9,F1,65,,,,,
2026-09-04,2026-09-04,FO,NSE,IDO,64326,,NIFTY,,2026-11-23,2026-11-23,22900.00,PE,NIFTY26NOV22900PE,0.00,0.00,0.00,176.95,0.00,176.95,23897.70,225.12,0,0,0,0.00,0,F1,65,,,,,
2026-09-04,2026-09-04,FO,NSE,IDO,64406,,NIFTY,,2026-11-23,2026-11-23,24200.00,PE,NIFTY26NOV24200PE,430.70,438.50,400.05,423.60,426.55,454.65,23897.70,423.60,16705,3055,116,185614877.50,78,F1,65,,,,,
2026-09-04,2026-09-04,FO,NSE,IDO,64426,,NIFTY,,2026-11-23,2026-11-23,24700.00,PE,NIFTY26NOV24700PE,0.00,0.00,0.00,704.50,704.00,704.50,23897.70,971.14,2015,0,0,0.00,0,F1,65,,,,,
2026-09-04,2026-09-04,FO,NSE,IDO,58635,,NIFTY,,2026-12-29,2026-12-29,15000.00,PE,NIFTY26DEC15000PE,9.00,9.35,7.50,9.35,9.35,9.00,23897.70,9.35,120430,650,18,17559577.75,9,F1,65,,,,,
2026-09-04,2026-09-04,FO,NSE,IDO,55377,,NIFTY,,2027-06-29,2027-06-29,25500.00,PE,NIFTY27JUN25500PE,0.00,0.00,0.00,667.15,0.00,667.15,23897.70,1537.89,0,0,0,0.00,0,F1,65,,,,,
2026-09-04,2026-09-04,FO,NSE,IDO,53595,,NIFTY,,2027-12-28,2027-12-28,15000.00,PE,NIFTY27DEC15000PE,0.00,0.00,0.00,21.70,21.70,21.70,23897.70,1.26,755,0,0,0.00,0,F1,65,,,,,
2026-09-04,2026-09-04,FO,NSE,IDO,53615,,NIFTY,,2027-12-28,2027-12-28,21000.00,PE,NIFTY27DEC21000PE,222.00,228.00,206.00,223.00,221.00,242.05,23897.70,223.00,36670,65,36,49654595.25,29,F1,65,,,,,
2026-09-04,2026-09-04,FO,NSE,IDO,47195,,NIFTY,,2027-12-28,2027-12-28,33000.00,PE,NIFTY27DEC33000PE,0.00,0.00,0.00,4155.55,0.00,4155.55,23897.70,6648.35,0,0,0,0.00,0,F1,65,,,,,
2026-09-04,2026-09-04,FO,NSE,IDO,89635,,NIFTY,,2029-06-26,2029-06-26,26000.00,PE,NIFTY29JUN26000PE,0.00,0.00,0.00,1650.00,1650.00,1650.00,23897.70,1484.75,50,0,0,0.00,0,F1,65,,,,,
2026-09-04,2026-09-04,FO,NSE,IDO,61933,,NIFTY,,2029-12-24,2029-12-24,30000.00,PE,NIFTY29DEC30000PE,0.00,0.00,0.00,2500.00,2500.00,2500.00,23897.70,2959.89,390,0,0,0.00,0,F1,65,,,,,
2026-09-04,2026-09-04,FO,NSE,IDO,60911,,NIFTY,,2030-06-25,2030-06-25,27000.00,PE,NIFTY30JUN27000PE,0.00,0.00,0.00,1286.05,0.00,1286.05,23897.70,1618.90,0,0,0,0.00,0,F1,65,,,,,
2026-09-04,2026-09-04,FO,NSE,IDO,60945,,NIFTY,,2030-06-25,2030-06-25,33000.00,PE,NIFTY30JUN33000PE,0.00,0.00,0.00,3143.90,0.00,3143.90,23897.70,4138.40,0,0,0,0.00,0,F1,65,,,,,
2026-09-04,2026-09-04,FO,NSE,IDO,55767,,NIFTY,,2030-12-31,2030-12-31,33000.00,PE,NIFTY30DEC33000PE,0.00,0.00,0.00,2387.30,0.00,2387.30,23897.70,3794.51,0,0,0,0.00,0,F1,65,,,,,
2026-09-04,2026-09-04,FO,NSE,IDO,51459,,NIFTY,,2026-10-27,2026-10-27,25450.00,PE,NIFTY26OCT25450PE,0.00,0.00,0.00,1058.80,1058.80,1058.80,23897.70,1471.65,130,0,0,0.00,0,F1,65,,,,,
2026-09-04,2026-09-04,FO,NSE,IDO,80273,,NIFTY,,2027-03-30,2027-03-30,24000.00,PE,NIFTY27MAR24000PE,507.40,507.40,472.00,493.10,497.95,516.30,23897.70,493.10,966225,30485,1401,2229978344.75,843,F1,65,,,,,
2026-09-04,2026-09-04,FO,NSE,IDO,47193,,NIFTY,,2027-06-29,2027-06-29,33000.00,PE,NIFTY27JUN33000PE,0.00,0.00,0.00,4691.70,0.00,4691.70,23897.70,7459.40,0,0,0,0.00,0,F1,65,,,,,
2026-09-04,2026-09-04,FO,NSE,IDO,64380,,NIFTY,,2026-11-23,2026-11-23,23650.00,PE,NIFTY26NOV23650PE,0.00,0.00,0.00,356.90,0.00,356.90,23897.70,452.80,0,0,0,0.00,0,F1,65,,,,,
2026-09-04,2026-09-04,FO,NSE,IDO,51445,,NIFTY,,2026-10-27,2026-10-27,25100.00,PE,NIFTY26OCT25100PE,1015.70,1015.70,928.10,928.10,928.10,935.00,23897.70,1199.67,5525,-65,4,6775671.50,4,F1,65,,,,,
2026-09-04,2026-09-04,FO,NSE,IDO,40882,,NIFTY,,2026-10-06,2026-10-06,25400.00,PE,NIFTY26O0625400PE,0.00,0.00,0.00,1304.85,0.00,1304.85,23897.70,1429.07,0,0,0,0.00,0,F1,65,,,,,
2026-09-04,2026-09-04,FO,NSE,IDO,40802,,NIFTY,,2026-10-06,2026-10-06,24050.00,PE,NIFTY26O0624050PE,407.60,407.60,267.20,267.20,267.20,407.60,23897.70,459.95,65,65,2,3170362.00,2,F1,65,,,,,
2026-09-04,2026-09-04,FO,NSE,IDO,40766,,NIFTY,,2026-10-06,2026-10-06,23600.00,PE,NIFTY26O0623600PE,124.35,124.40,98.50,106.05,106.00,131.90,23897.70,106.05,4485,1300,79,121727833.50,56,F1,65,,,,,
2026-09-04,2026-09-04,FO,NSE,IDO,40742,,NIFTY,,2026-10-06,2026-10-06,23100.00,PE,NIFTY26O0623100PE,0.00,0.00,0.00,111.40,0.00,111.40,23897.70,125.26,0,0,0,0.00,0,F1,65,,,,,
2026-09-04,2026-09-04,FO,NSE,IDO,55293,,NIFTY,,2026-09-29,2026-09-29,34500.00,PE,NIFTY26SEP34500PE,0.00,0.00,0.00,7064.95,0.00,7064.95,23897.70,10462.69,0,0,0,0.00,0,F1,65,,,,,
2026-09-04,2026-09-04,FO,NSE,IDO,65930,,NIFTY,,2026-09-29,2026-09-29,33000.00,PE,NIFTY26SEP33000PE,0.00,0.00,0.00,6552.15,0.00,6552.15,23897.70,8968.76,0,0,0,0.00,0,F1,65,,,,,
2026-09-04,2026-09-04,FO,NSE,IDO,74506,,NIFTY,,2026-09-29,2026-09-29,27150.00,PE,NIFTY26SEP27150PE,0.00,0.00,0.00,2959.15,0.00,2959.15,23897.70,3142.92,0,0,0,0.00,0,F1,65,,,,,
2026-09-04,2026-09-04,FO,NSE,IDO,65907,,NIFTY,,2026-09-29,2026-09-29,27000.00,PE,NIFTY26SEP27000PE,2919.30,2957.15,2876.20,2946.00,2947.50,2974.70,23897.70,2946.00,1549175,-7215,636,1237314321.75,628,F1,65,,,,,
2026-09-04,2026-09-04,FO,NSE,IDO,74373,,NIFTY,,2026-09-29,2026-09-29,25200.00,PE,NIFTY26SEP25200PE,1172.50,1173.30,1096.20,1152.70,1157.00,1219.75,23897.70,1152.70,100360,-2730,78,133535307.75,66,F1,65,,,,,
2026-09-04,2026-09-04,FO,NSE,IDO,74240,,NIFTY,,2026-09-29,2026-09-29,24450.00,PE,NIFTY26SEP24450PE,496.00,504.85,435.10,477.05,480.00,547.50,23897.70,477.05,101010,325,93,150581986.75,68,F1,65,,,,,
2026-09-04,2026-09-04,FO,NSE,IDO,74055,,NIFTY,,2026-09-29,2026-09-29,23850.00,PE,NIFTY26SEP23850PE,172.55,179.50,140.00,155.95,156.15,191.35,23897.70,155.95,178685,24050,2721,4245904744.25,2069,F1,65,,,,,
2026-09-04,2026-09-04,FO,NSE,IDO,73907,,NIFTY,,2026-09-29,2026-09-29,23100.00,PE,NIFTY26SEP23100PE,47.40,47.40,27.45,28.45,27.90,41.45,23897.70,28.45,639535,-82355,7309,10989330881.75,4202,F1,65,,,,,
2026-09-04,2026-09-04,FO,NSE,IDO,57757,,NIFTY,,2026-09-22,2026-09-22,24850.00,PE,NIFTY2692224850PE,0.00,0.00,0.00,818.90,0.00,818.90,23897.70,949.51,0,0,0,0.00,0,F1,65,,,,,
2026-09-04,2026-09-04,FO,NSE,IDO,57049,,NIFTY,,2026-09-22,2026-09-22,23600.00,PE,NIFTY2692223600PE,88.20,88.20,59.45,65.70,66.00,87.00,23897.70,65.70,124865,34645,2913,4481327555.25,2502,F1,65,,,,,
2026-09-04,2026-09-04,FO,NSE,IDO,56934,,NIFTY,,2026-09-22,2026-09-22,22800.00,PE,NIFTY2692222800PE,12.65,12.70,8.85,9.45,9.50,14.45,23897.70,9.45,48880,17485,956,1417439400.00,545,F1,65,,,,,
2026-09-04,2026-09-04,FO,NSE,IDO,47330,,NIFTY,,2026-09-15,2026-09-15,24250.00,PE,NIFTY2691524250PE,325.15,340.70,266.25,306.10,308.00,349.30,23897.70,306.10,55250,-5850,1094,1745697645.25,896,F1,65,,,,,
2026-09-04,2026-09-04,FO,NSE,IDO,47294,,NIFTY,,2026-09-15,2026-09-15,23400.00,PE,NIFTY2691523400PE,27.05,27.05,15.55,16.55,15.65,27.80,23897.70,16.55,1264640,289120,39527,60169198183.25,22505,F1,65,,,,,
2026-09-04,2026-09-04,FO,NSE,IDO,47282,,NIFTY,,2026-09-15,2026-09-15,23100.00,PE,NIFTY2691523100PE,9.95,10.45,6.55,7.05,7.05,11.45,23897.70,7.05,388115,-19110,23445,35214928287.50,11463,F1,65,,,,,
2026-09-04,2026-09-04,FO,NSE,IDO,61375,,NIFTY,,2029-12-24,2029-12-24,15000.00,PE,NIFTY29DEC15000PE,0.00,0.00,0.00,29.00,29.00,29.00,23897.70,16.32,65,0,0,0.00,0,F1,65,,,,,
2026-09-04,2026-09-04,FO,NSE,IDO,55609,,NIFTY,,2029-12-24,2029-12-24,31500.00,PE,NIFTY29DEC31500PE,0.00,0.00,0.00,2240.25,0.00,2240.25,23897.70,3699.40,0,0,0,0.00,0,F1,65,,,,,
2026-09-04,2026-09-04,FO,NSE,IDO,42664,,NIFTY,,2026-09-08,2026-09-08,24550.00,PE,NIFTY2690824550PE,598.95,609.25,523.65,592.45,592.10,640.50,23897.70,592.45,65195,6175,2603,4251440219.00,1794,F1,65,,,,,
2026-09-04,2026-09-04,FO,NSE,IDO,42652,,NIFTY,,2026-09-08,2026-09-08,24300.00,PE,NIFTY2690824300PE,375.55,375.55,286.00,344.10,341.50,383.90,23897.70,344.10,1111110,-31980,86079,137786352912.00,41154,F1,65,,,,,
2026-09-04,2026-09-04,FO,NSE,IDO,42648,,NIFTY,,2026-09-08,2026-09-08,24200.00,PE,NIFTY2690824200PE,264.05,282.35,202.70,251.50,251.40,299.60,23897.70,251.50,2004795,-615615,351020,557581675608.75,202703,F1,65,,,,,
2026-09-04,2026-09-04,FO,NSE,IDO,42624,,NIFTY,,2026-09-08,2026-09-08,23600.00,PE,NIFTY2690823600PE,12.25,22.25,6.60,7.95,7.55,18.60,23897.70,7.95,8273980,28080,1432847,2198962371329.75,362083,F1,65,,,,,
2026-09-04,2026-09-04,FO,NSE,IDO,74649,,NIFTY,,2031-06-24,2031-06-24,24000.00,CE,NIFTY31JUN24000CE,0.00,0.00,0.00,7181.90,0.00,7181.90,23897.70,7041.98,0,0,0,0.00,0,F1,65,,,,,
2026-09-04,2026-09-04,FO,NSE,IDO,55640,,NIFTY,,2030-06-25,2030-06-25,16500.00,CE,NIFTY30JUN16500CE,0.00,0.00,0.00,13374.05,0.00,13374.05,23897.70,11036.07,0,0,0,0.00,0,F1,65,,,,,
2026-09-04,2026-09-04,FO,NSE,IDO,67788,,NIFTY,,2028-12-26,2028-12-26,27000.00,CE,NIFTY28DEC27000CE,2100.05,2250.00,2100.05,2250.00,2250.00,2290.00,23897.70,2612.22,2795,1625,33,62687296.75,26,F1,65,,,,,
2026-09-04,2026-09-04,FO,NSE,IDO,55522,,NIFTY,,2028-12-26,2028-12-26,25500.00,CE,NIFTY28DEC25500CE,0.00,0.00,0.00,3800.00,3800.00,3800.00,23897.70,3312.61,0,0,0,0.00,0,F1,65,,,,,
2026-09-04,2026-09-04,FO,NSE,IDO,86145,,NIFTY,,2028-06-27,2028-06-27,21000.00,CE,NIFTY28JUN21000CE,0.00,0.00,0.00,5226.55,0.00,5226.55,23897.70,5499.34,0,0,0,0.00,0,F1,65,,,,,
2026-09-04,2026-09-04,FO,NSE,IDO,55470,,NIFTY,,2028-06-27,2028-06-27,19500.00,CE,NIFTY28JUN19500CE,0.00,0.00,0.00,9209.10,0.00,9209.10,23897.70,6679.81,0,0,0,0.00,0,F1,65,,,,,
2026-09-04,2026-09-04,FO,NSE,IDO,80192,,NIFTY,,2027-03-30,2027-03-30,18000.00,CE,NIFTY27MAR18000CE,0.00,0.00,0.00,5643.55,0.00,5643.55,23897.70,6546.25,0,0,0,0.00,0,F1,65,,,,,
2026-09-04,2026-09-04,FO,NSE,IDO,50547,,NIFTY,,2026-12-29,2026-12-29,28000.00,CE,NIFTY26DEC28000CE,20.75,20.95,15.85,16.15,16.25,20.85,23897.70,16.15,1675210,76945,4630,8432065846.75,1454,F1,65,,,,,
2026-09-04,2026-09-04,FO,NSE,IDO,55324,,NIFTY,,2026-12-29,2026-12-29,19500.00,CE,NIFTY26DEC19500CE,0.00,0.00,0.00,7586.85,0.00,7586.85,23897.70,4796.83,0,0,0,0.00,0,F1,65,,,,,
2026-09-04,2026-09-04,FO,NSE,IDO,55322,,NIFTY,,2026-12-29,2026-12-29,16500.00,CE,NIFTY26DEC16500CE,0.00,0.00,0.00,10405.00,0.00,10405.00,23897.70,7731.97,0,0,0,0.00,0,F1,65,,,,,
2026-09-04,2026-09-04,FO,NSE,IDO,64379,,NIFTY,,2026-11-23,2026-11-23,23650.00,CE,NIFTY26NOV23650CE,0.00,0.00,0.00,1392.80,0.00,1392.80,23897.70,1031.98,0,0,0,0.00,0,F1,65,,,,,
2026-09-04,2026-09-04,FO,NSE,IDO,64357,,NIFTY,,2026-11-23,2026-11-23,23300.00,CE,NIFTY26NOV23300CE,0.00,0.00,0.00,1642.30,0.00,1642.30,23897.70,1256.76,0,0,0,0.00,0,F1,65,,,,,
2026-09-04,2026-09-04,FO,NSE,IDO,51468,,NIFTY,,2026-10-27,2026-10-27,25500.00,CE,NIFTY26OCT25500CE,29.75,30.65,25.85,26.55,26.25,29.60,23897.70,26.55,959075,14170,5267,8739776071.00,2895,F1,65,,,,,
2026-09-04,2026-09-04,FO,NSE,IDO,51326,,NIFTY,,2026-10-27,2026-10-27,22400.00,CE,NIFTY26OCT22400CE,0.00,0.00,0.00,2083.15,0.00,2083.15,23897.70,1782.69,0,0,0,0.00,0,F1,65,,,,,
2026-09-04,2026-09-04,FO,NSE,IDO,40871,,NIFTY,,2026-10-06,2026-10-06,25150.00,CE,NIFTY26O0625150CE,0.00,0.00,0.00,153.05,0.00,153.05,23897.70,104.29,0,0,0,0.00,0,F1,65,,,,,
2026-09-04,2026-09-04,FO,NSE,IDO,40867,,NIFTY,,2026-10-06,2026-10-06,25050.00,CE,NIFTY26O0625050CE,0.00,0.00,0.00,175.20,0.00,175.20,23897.70,121.53,0,0,0,0.00,0,F1,65,,,,,
2026-09-04,2026-09-04,FO,NSE,IDO,40763,,NIFTY,,2026-10-06,2026-10-06,23550.00,CE,NIFTY26O0623550CE,0.00,0.00,0.00,860.25,0.00,860.25,23897.70,727.44,0,0,0,0.00,0,F1,65,,,,,
2026-09-04,2026-09-04,FO,NSE,IDO,74505,,NIFTY,,2026-09-29,2026-09-29,27150.00,CE,NIFTY26SEP27150CE,0.00,0.00,0.00,1.35,1.35,1.35,23897.70,0.48,7735,0,0,0.00,0,F1,65,,,,,
2026-09-04,2026-09-04,FO,NSE,IDO,74407,,NIFTY,,2026-09-29,2026-09-29,25600.00,CE,NIFTY26SEP25600CE,6.90,6.90,5.50,5.95,6.15,7.15,23897.70,5.95,283530,-2665,2027,3373740717.75,1313,F1,65,,,,,
2026-09-04,2026-09-04,FO,NSE,IDO,74391,,NIFTY,,2026-09-29,2026-09-29,25400.00,CE,NIFTY26SEP25400CE,9.10,9.10,6.95,7.25,7.30,9.10,23897.70,7.25,559520,24960,3658,6041228739.00,1804,F1,65,,,,,
2026-09-04,2026-09-04,FO,NSE,IDO,74097,,NIFTY,,2026-09-29,2026-09-29,24250.00,CE,NIFTY26SEP24250CE,140.35,178.95,140.35,147.20,147.95,146.40,23897.70,147.20,379795,14235,4997,7927937186.00,3707,F1,65,,,,,
2026-09-04,2026-09-04,FO,NSE,IDO,58010,,NIFTY,,2026-09-22,2026-09-22,25800.00,CE,NIFTY2692225800CE,3.15,3.15,2.30,2.90,2.80,3.15,23897.70,2.90,4810,65,9,15094699.75,6,F1,65,,,,,
2026-09-04,2026-09-04,FO,NSE,IDO,57843,,NIFTY,,2026-09-22,2026-09-22,25100.00,CE,NIFTY2692225100CE,7.85,8.45,5.45,6.00,6.45,8.05,23897.70,6.00,69420,5395,826,1347979574.50,425,F1,65,,,,,
2026-09-04,2026-09-04,FO,NSE,IDO,47437,,NIFTY,,2026-09-15,2026-09-15,26100.00,CE,NIFTY2691526100CE,0.80,1.10,0.80,1.00,1.00,1.10,23897.70,1.00,10465,-1235,448,760059686.75,196,F1,65,,,,,
2026-09-04,2026-09-04,FO,NSE,IDO,47397,,NIFTY,,2026-09-15,2026-09-15,25650.00,CE,NIFTY2691525650CE,1.25,1.40,1.05,1.25,1.05,1.45,23897.70,1.25,46150,13455,751,1252165395.00,434,F1,65,,,,,
2026-09-04,2026-09-04,FO,NSE,IDO,47291,,NIFTY,,2026-09-15,2026-09-15,23350.00,CE,NIFTY2691523350CE,666.70,698.50,654.00,662.30,662.30,670.85,23897.70,662.30,195,130,12,18739259.50,11,F1,65,,,,,
2026-09-04,2026-09-04,FO,NSE,IDO,42653,,NIFTY,,2026-09-08,2026-09-08,24350.00,CE,NIFTY2690824350CE,9.90,12.30,3.80,4.90,4.05,9.15,23897.70,4.90,4600960,281255,830438,1314778082507.50,201934,F1,65,,,,,
2026-09-04,2026-09-04,FO,NSE,IDO,64412,,NIFTY,,2026-11-23,2026-11-23,24350.00,PE,NIFTY26NOV24350PE,496.00,496.00,488.55,488.55,488.55,495.25,23897.70,771.97,4290,0,2,3229495.75,2,F1,65,,,,,
2026-09-04,2026-09-04,FO,NSE,IDO,58631,,NIFTY,,2026-12-29,2026-12-29,13000.00,PE,NIFTY26DEC13000PE,0.00,0.00,0.00,5.15,5.15,5.15,23897.70,0.00,7680,0,0,0.00,0,F1,65,,,,,
2026-09-04,2026-09-04,FO,NSE,IDO,42697,,NIFTY,,2026-09-08,2026-09-08,25200.00,CE,NIFTY2690825200CE,1.00,1.20,0.70,0.75,0.70,1.25,23897.70,0.75,3376555,-909740,219419,359420520251.00,33066,F1,65,,,,,
2026-09-04,2026-09-04,FO,NSE,IDO,47307,,NIFTY,,2026-09-15,2026-09-15,23750.00,CE,NIFTY2691523750CE,319.55,367.00,298.60,307.90,306.80,285.00,23897.70,307.90,33995,-585,1712,2679099592.00,1369,F1,65,,,,,
2026-09-04,2026-09-04,FO,NSE,IDO,47317,,NIFTY,,2026-09-15,2026-09-15,23950.00,CE,NIFTY2691523950CE,182.05,224.00,165.40,174.30,171.15,169.05,23897.70,174.30,294385,-98020,34463,54075248545.50,24211,F1,65,,,,,
2026-09-04,2026-09-04,FO,NSE,IDO,47353,,NIFTY,,2026-09-15,2026-09-15,24800.00,CE,NIFTY2691524800CE,7.45,7.45,4.20,4.60,4.30,6.45,23897.70,4.60,901355,241085,40830,65831783507.75,17600,F1,65,,,,,
2026-09-04,2026-09-04,FO,NSE,IDO,56903,,NIFTY,,2026-09-22,2026-09-22,22650.00,CE,NIFTY2692222650CE,0.00,0.00,0.00,1681.55,0.00,1681.55,23897.70,1333.34,0,0,0,0.00,0,F1,65,,,,,
2026-09-04,2026-09-04,FO,NSE,IDO,57951,,NIFTY,,2026-09-22,2026-09-22,25600.00,CE,NIFTY2692225600CE,3.20,4.00,3.00,3.25,3.30,4.15,23897.70,3.25,43485,3705,177,294566795.25,53,F1,65,,,,,
2026-09-04,2026-09-04,FO,NSE,IDO,73899,,NIFTY,,2026-09-29,2026-09-29,22900.00,CE,NIFTY26SEP22900CE,1200.00,1200.00,1160.25,1162.00,1162.00,1110.25,23897.70,1162.00,4225,0,4,6260403.50,4,F1,65,,,,,
2026-09-04,2026-09-04,FO,NSE,IDO,74116,,NIFTY,,2026-09-29,2026-09-29,24450.00,CE,NIFTY26SEP24450CE,92.00,106.50,82.00,84.40,84.10,85.60,23897.70,84.40,195195,8320,2115,3373907124.25,1528,F1,65,,,,,
2026-09-04,2026-09-04,FO,NSE,IDO,74351,,NIFTY,,2026-09-29,2026-09-29,24650.00,CE,NIFTY26SEP24650CE,58.75,58.75,44.35,46.20,45.45,49.60,23897.70,46.20,273455,12480,2838,4556342030.50,1757,F1,65,,,,,
2026-09-04,2026-09-04,FO,NSE,IDO,74475,,NIFTY,,2026-09-29,2026-09-29,26350.00,CE,NIFTY26SEP26350CE,0.00,0.00,0.00,2.50,2.50,2.50,23897.70,4.62,5525,0,0,0.00,0,F1,65,,,,,
2026-09-04,2026-09-04,FO,NSE,IDO,74481,,NIFTY,,2026-09-29,2026-09-29,26500.00,CE,NIFTY26SEP26500CE,2.90,2.90,2.30,2.50,2.45,2.65,23897.70,2.50,935870,16575,3344,5760607144.50,1349,F1,65,,,,,
2026-09-04,2026-09-04,FO,NSE,IDO,74487,,NIFTY,,2026-09-29,2026-09-29,26650.00,CE,NIFTY26SEP26650CE,2.00,2.00,2.00,2.00,2.00,2.00,23897.70,2.07,455,0,4,6929520.00,2,F1,65,,,,,
2026-09-04,2026-09-04,FO,NSE,IDO,40723,,NIFTY,,2026-10-06,2026-10-06,22950.00,CE,NIFTY26O0622950CE,0.00,0.00,0.00,1324.95,0.00,1324.95,23897.70,1173.94,0,0,0,0.00,0,F1,65,,,,,
2026-09-04,2026-09-04,FO,NSE,IDO,40755,,NIFTY,,2026-10-06,2026-10-06,23400.00,CE,NIFTY26O0623400CE,0.00,0.00,0.00,968.70,0.00,968.70,23897.70,829.10,0,0,0,0.00,0,F1,65,,,,,
2026-09-04,2026-09-04,FO,NSE,IDO,40831,,NIFTY,,2026-10-06,2026-10-06,24600.00,CE,NIFTY26O0624600CE,0.00,0.00,0.00,307.20,0.00,307.20,23897.70,229.00,0,0,0,0.00,0,F1,65,,,,,
2026-09-04,2026-09-04,FO,NSE,IDO,51312,,NIFTY,,2026-10-27,2026-10-27,22100.00,CE,NIFTY26OCT22100CE,0.00,0.00,0.00,2334.20,0.00,2334.20,23897.70,2050.69,0,0,0,0.00,0,F1,65,,,,,
2026-09-04,2026-09-04,FO,NSE,IDO,51524,,NIFTY,,2026-10-27,2026-10-27,26850.00,CE,NIFTY26OCT26850CE,0.00,0.00,0.00,7.70,7.70,7.70,23897.70,24.45,1495,0,0,0.00,0,F1,65,,,,,
2026-09-04,2026-09-04,FO,NSE,IDO,55326,,NIFTY,,2026-12-29,2026-12-29,22500.00,CE,NIFTY26DEC22500CE,2002.65,2035.00,2000.00,2007.00,2007.00,1976.90,23897.70,2063.34,17160,195,10,15932468.50,10,F1,65,,,,,
2026-09-04,2026-09-04,FO,NSE,IDO,35235,,NIFTY,,2026-12-29,2026-12-29,30000.00,CE,NIFTY26DEC30000CE,8.35,9.20,8.05,8.30,8.40,8.20,23897.70,8.30,807455,-5695,396,772417961.25,205,F1,65,,,,,
2026-09-04,2026-09-04,FO,NSE,IDO,71549,,NIFTY,,2027-06-29,2027-06-29,19000.00,CE,NIFTY27JUN19000CE,0.00,0.00,0.00,7800.00,7800.00,7800.00,23897.70,5899.96,75,0,0,0.00,0,F1,65,,,,,
2026-09-04,2026-09-04,FO,NSE,IDO,89642,,NIFTY,,2029-06-26,2029-06-26,30000.00,CE,NIFTY29JUN30000CE,0.00,0.00,0.00,5268.40,0.00,5268.40,23897.70,2080.05,0,0,0,0.00,0,F1,65,,,,,
2026-09-04,2026-09-04,FO,NSE,IDO,60910,,NIFTY,,2030-06-25,2030-06-25,27000.00,CE,NIFTY30JUN27000CE,0.00,0.00,0.00,6972.50,0.00,6972.50,23897.70,4388.84,0,0,0,0.00,0,F1,65,,,,,
2026-09-04,2026-09-04,FO,NSE,IDO,55762,,NIFTY,,2030-12-31,2030-12-31,30000.00,CE,NIFTY30DEC30000CE,0.00,0.00,0.00,5227.20,0.00,5227.20,23897.70,3709.57,0,0,0,0.00,0,F1,65,,,,,
2026-09-04,2026-09-04,FO,NSE,IDO,74653,,NIFTY,,2031-06-24,2031-06-24,27000.00,CE,NIFTY31JUN27000CE,0.00,0.00,0.00,5699.00,0.00,5699.00,23897.70,5502.70,0,0,0,0.00,0,F1,65,,,,,
2026-09-04,2026-09-04,FO,NSE,IDO,42734,,NIFTY,,2026-09-08,2026-09-08,25800.00,PE,NIFTY2690825800PE,1780.00,1780.00,1770.00,1770.00,1770.00,1750.00,23897.70,1885.57,520,-130,2,3584750.00,2,F1,65,,,,,
2026-09-04,2026-09-04,FO,NSE,IDO,47260,,NIFTY,,2026-09-15,2026-09-15,22550.00,PE,NIFTY2691522550PE,3.90,4.55,3.30,3.75,3.30,5.20,23897.70,3.75,14950,7670,378,554153804.75,200,F1,65,,,,,
2026-09-04,2026-09-04,FO,NSE,IDO,47308,,NIFTY,,2026-09-15,2026-09-15,23750.00,PE,NIFTY2691523750PE,92.60,92.60,56.00,64.30,62.65,90.35,23897.70,64.30,242775,82420,15913,24634343428.50,11671,F1,65,,,,,
2026-09-04,2026-09-04,FO,NSE,IDO,47350,,NIFTY,,2026-09-15,2026-09-15,24700.00,PE,NIFTY2691524700PE,724.40,724.40,646.00,700.45,712.10,774.00,23897.70,700.45,19435,1820,139,229396953.50,97,F1,65,,,,,
2026-09-04,2026-09-04,FO,NSE,IDO,47414,,NIFTY,,2026-09-15,2026-09-15,25800.00,PE,NIFTY2691525800PE,1770.00,1770.00,1740.00,1740.00,1740.00,1304.65,23897.70,1857.05,195,195,3,5374200.00,3,F1,65,,,,,
2026-09-04,2026-09-04,FO,NSE,IDO,56822,,NIFTY,,2026-09-22,2026-09-22,22200.00,PE,NIFTY2692222200PE,0.00,0.00,0.00,17.95,0.00,17.95,23897.70,4.52,0,0,0,0.00,0,F1,65,,,,,
2026-09-04,2026-09-04,FO,NSE,IDO,56826,,NIFTY,,2026-09-22,2026-09-22,22300.00,PE,NIFTY2692222300PE,6.05,7.50,5.55,5.95,6.35,8.25,23897.70,5.95,16185,11245,274,397275242.00,162,F1,65,,,,,
2026-09-04,2026-09-04,FO,NSE,IDO,57252,,NIFTY,,2026-09-22,2026-09-22,24100.00,PE,NIFTY2692224100PE,261.00,269.95,210.50,235.55,230.70,282.20,23897.70,235.55,105560,42835,2003,3167614313.50,1368,F1,65,,,,,
2026-09-04,2026-09-04,FO,NSE,IDO,58031,,NIFTY,,2026-09-22,2026-09-22,26000.00,PE,NIFTY2692226000PE,0.00,0.00,0.00,1748.60,0.00,1748.60,23897.70,2029.82,0,0,0,0.00,0,F1,65,,,,,
2026-09-04,2026-09-04,FO,NSE,IDO,73851,,NIFTY,,2026-09-29,2026-09-29,21750.00,PE,NIFTY26SEP21750PE,8.85,8.85,7.20,8.10,8.85,9.25,23897.70,8.10,6500,-130,36,50914727.50,13,F1,65,,,,,
2026-09-04,2026-09-04,FO,NSE,IDO,73900,,NIFTY,,2026-09-29,2026-09-29,22900.00,PE,NIFTY26SEP22900PE,25.00,26.80,19.35,19.80,19.45,30.00,23897.70,19.80,411515,-1755,2647,3943792261.50,1488,F1,65,,,,,
2026-09-04,2026-09-04,FO,NSE,IDO,47251,,NIFTY,,2026-09-15,2026-09-15,22350.00,CE,NIFTY2691522350CE,0.00,0.00,0.00,2265.30,0.00,2265.30,23897.70,1588.93,0,0,0,0.00,0,F1,65,,,,,
2026-09-04,2026-09-04,FO,NSE,IDO,74002,,NIFTY,,2026-09-29,2026-09-29,23550.00,PE,NIFTY26SEP23550PE,94.25,96.25,71.85,78.90,79.20,104.95,23897.70,78.90,164125,21385,2968,4558767326.75,2451,F1,65,,,,,
2026-09-04,2026-09-04,FO,NSE,IDO,74358,,NIFTY,,2026-09-29,2026-09-29,24800.00,PE,NIFTY26SEP24800PE,802.05,802.05,715.00,770.80,777.10,817.20,23897.70,770.80,366860,-2860,165,274047995.00,124,F1,65,,,,,
2026-09-04,2026-09-04,FO,NSE,IDO,74494,,NIFTY,,2026-09-29,2026-09-29,26800.00,PE,NIFTY26SEP26800PE,0.00,0.00,0.00,2222.10,2222.10,2222.10,23897.70,2795.21,1365,0,0,0.00,0,F1,65,,,,,
2026-09-04,2026-09-04,FO,NSE,IDO,40672,,NIFTY,,2026-10-06,2026-10-06,22100.00,PE,NIFTY26O0622100PE,22.50,22.50,22.50,22.50,22.50,15.65,23897.70,16.74,65,65,1,1437962.50,1,F1,65,,,,,
2026-09-04,2026-09-04,FO,NSE,IDO,40711,,NIFTY,,2026-10-06,2026-10-06,22700.00,PE,NIFTY26O0622700PE,22.00,22.00,21.10,21.10,21.10,36.70,23897.70,61.24,65,0,2,2953801.50,2,F1,65,,,,,
2026-09-04,2026-09-04,FO,NSE,IDO,51407,,NIFTY,,2026-10-27,2026-10-27,24300.00,PE,NIFTY26OCT24300PE,442.55,447.85,396.70,426.50,427.95,459.00,23897.70,426.50,179530,1690,605,972353404.75,433,F1,65,,,,,
2026-09-04,2026-09-04,FO,NSE,IDO,51449,,NIFTY,,2026-10-27,2026-10-27,25200.00,PE,NIFTY26OCT25200PE,1055.00,1055.60,1037.80,1037.80,1037.80,1055.00,23897.70,1274.42,12415,0,21,35833414.50,18,F1,65,,,,,
2026-09-04,2026-09-04,FO,NSE,IDO,64245,,NIFTY,,2026-11-23,2026-11-23,22150.00,PE,NIFTY26NOV22150PE,0.00,0.00,0.00,75.95,0.00,75.95,23897.70,95.63,0,0,0,0.00,0,F1,65,,,,,
2026-09-04,2026-09-04,FO,NSE,IDO,64358,,NIFTY,,2026-11-23,2026-11-23,23300.00,PE,NIFTY26NOV23300PE,0.00,0.00,0.00,261.60,0.00,261.60,23897.70,332.49,0,0,0,0.00,0,F1,65,,,,,
2026-09-04,2026-09-04,FO,NSE,IDO,64396,,NIFTY,,2026-11-23,2026-11-23,23950.00,PE,NIFTY26NOV23950PE,312.45,329.65,312.45,322.40,324.60,356.40,23897.70,322.40,1690,1105,31,48903754.25,18,F1,65,,,,,
2026-09-04,2026-09-04,FO,NSE,IDO,64400,,NIFTY,,2026-11-23,2026-11-23,24050.00,PE,NIFTY26NOV24050PE,372.70,375.85,361.25,361.25,361.25,385.05,23897.70,361.25,1235,585,10,15874238.25,4,F1,65,,,,,
2026-09-04,2026-09-04,FO,NSE,IDO,64471,,NIFTY,,2026-11-23,2026-11-23,25450.00,PE,NIFTY26NOV25450PE,0.00,0.00,0.00,1217.00,0.00,1217.00,23897.70,1480.36,0,0,0,0.00,0,F1,65,,,,,
2026-09-04,2026-09-04,FO,NSE,IDO,64482,,NIFTY,,2026-11-23,2026-11-23,25700.00,PE,NIFTY26NOV25700PE,0.00,0.00,0.00,1384.75,0.00,1384.75,23897.70,1670.57,0,0,0,0.00,0,F1,65,,,,,
2026-09-04,2026-09-04,FO,NSE,IDO,53627,,NIFTY,,2027-12-28,2027-12-28,25000.00,PE,NIFTY27DEC25000PE,970.05,970.05,864.05,881.50,881.00,959.45,23897.70,881.50,121940,20475,502,844569430.25,404,F1,65,,,,,
2026-09-04,2026-09-04,FO,NSE,IDO,89631,,NIFTY,,2029-06-26,2029-06-26,24000.00,PE,NIFTY29JUN24000PE,0.00,0.00,0.00,825.00,825.00,825.00,23897.70,894.24,155,0,0,0.00,0,F1,65,,,,,
2026-09-04,2026-09-04,FO,NSE,IDO,55703,,NIFTY,,2030-12-31,2030-12-31,21000.00,PE,NIFTY30DEC21000PE,0.00,0.00,0.00,450.00,450.00,450.00,23897.70,342.37,845,0,0,0.00,0,F1,65,,,,,
2026-09-04,2026-09-04,FO,NSE,IDO,42605,,NIFTY,,2026-09-08,2026-09-08,23350.00,CE,NIFTY2690823350CE,613.90,674.50,602.25,615.05,620.20,583.50,23897.70,615.05,7995,195,205,319577011.00,188,F1,65,,,,,
2026-09-04,2026-09-04,FO,NSE,IDO,42637,,NIFTY,,2026-09-08,2026-09-08,23950.00,CE,NIFTY2690823950CE,116.00,146.00,84.15,94.15,89.90,97.10,23897.70,94.15,7470060,1557985,4671934,7307225674690.50,2222035,F1,65,,,,,
2026-09-04,2026-09-04,FO,NSE,IDO,42647,,NIFTY,,2026-09-08,2026-09-08,24200.00,CE,NIFTY2690824200CE,19.90,33.65,13.05,15.10,13.75,23.10,23897.70,15.10,11718525,-68575,2877335,4530325058047.75,777153,F1,65,,,,,
2026-09-04,2026-09-04,FO,NSE,IDO,40836,,NIFTY,,2026-10-06,2026-10-06,24650.00,PE,NIFTY26O0624650PE,0.00,0.00,0.00,741.50,0.00,741.50,23897.70,827.83,0,0,0,0.00,0,F1,65,,,,,
2026-09-04,2026-09-04,FO,NSE,IDO,40893,,NIFTY,,2026-10-06,2026-10-06,25650.00,PE,NIFTY26O0625650PE,0.00,0.00,0.00,1519.50,0.00,1519.50,23897.70,1653.28,0,0,0,0.00,0,F1,65,,,,,
2026-09-04,2026-09-04,FO,NSE,IDO,51377,,NIFTY,,2026-10-27,2026-10-27,23600.00,PE,NIFTY26OCT23600PE,179.45,180.65,150.00,163.75,164.55,188.55,23897.70,163.75,151710,5330,860,1328295826.00,668,F1,65,,,,,
2026-09-04,2026-09-04,FO,NSE,IDO,64478,,NIFTY,,2026-11-23,2026-11-23,25600.00,PE,NIFTY26NOV25600PE,0.00,0.00,0.00,1316.40,0.00,1316.40,23897.70,1593.01,0,0,0,0.00,0,F1,65,,,,,
2026-09-04,2026-09-04,FO,NSE,IDO,64374,,NIFTY,,2026-11-23,2026-11-23,23500.00,PE,NIFTY26NOV23500PE,207.75,208.10,182.05,193.95,195.45,214.75,23897.70,193.95,157625,16575,1549,2385545805.50,815,F1,65,,,,,
2026-09-04,2026-09-04,FO,NSE,IDO,74645,,NIFTY,,2031-06-24,2031-06-24,21000.00,CE,NIFTY31JUN21000CE,0.00,0.00,0.00,8900.75,0.00,8900.75,23897.70,8823.96,0,0,0,0.00,0,F1,65,,,,,
2026-09-04,2026-09-04,FO,NSE,IDO,42650,,NIFTY,,2026-09-08,2026-09-08,24250.00,PE,NIFTY2690824250PE,307.55,325.25,243.25,296.15,292.95,345.65,23897.70,296.15,427635,-2145,56029,89343091656.00,36627,F1,65,,,,,
2026-09-04,2026-09-04,FO,NSE,IDO,64373,,NIFTY,,2026-11-23,2026-11-23,23500.00,CE,NIFTY26NOV23500CE,946.90,992.65,882.45,944.15,947.45,925.95,23897.70,944.15,56810,-715,101,160601632.75,70,F1,65,,,,,
2026-09-04,2026-09-04,FO,NSE,IDO,51535,,NIFTY,,2026-10-27,2026-10-27,27050.00,PE,NIFTY26OCT27050PE,0.00,0.00,0.00,2764.35,0.00,2764.35,23897.70,2918.56,0,0,0,0.00,0,F1,65,,,,,
2026-09-04,2026-09-04,FO,NSE,IDO,42708,,NIFTY,,2026-09-08,2026-09-08,25400.00,PE,NIFTY2690825400PE,1438.00,1438.00,1380.00,1436.45,1437.25,1390.15,23897.70,1436.45,16315,0,8,13946640.50,6,F1,65,,,,,
2026-09-04,2026-09-04,FO,NSE,IDO,55602,,NIFTY,,2029-12-24,2029-12-24,22500.00,CE,NIFTY29DEC22500CE,0.00,0.00,0.00,8486.15,0.00,8486.15,23897.70,6276.85,0,0,0,0.00,0,F1,65,,,,,
2026-09-04,2026-09-04,FO,NSE,IDO,55476,,NIFTY,,2028-06-27,2028-06-27,25500.00,CE,NIFTY28JUN25500CE,0.00,0.00,0.00,4676.60,0.00,4676.60,23897.70,2659.21,0,0,0,0.00,0,F1,65,,,,,
2026-09-04,2026-09-04,FO,NSE,IDO,64477,,NIFTY,,2026-11-23,2026-11-23,25600.00,CE,NIFTY26NOV25600CE,0.00,0.00,0.00,431.25,0.00,431.25,23897.70,249.51,0,0,0,0.00,0,F1,65,,,,,
2026-09-04,2026-09-04,FO,NSE,IDO,47254,,NIFTY,,2026-09-15,2026-09-15,22400.00,PE,NIFTY2691522400PE,4.05,4.20,3.40,3.70,3.40,4.55,23897.70,3.70,241995,20605,2408,3506638677.75,1398,F1,65,,,,,
2026-09-04,2026-09-04,FO,NSE,IDO,64327,,NIFTY,,2026-11-23,2026-11-23,22950.00,CE,NIFTY26NOV22950CE,0.00,0.00,0.00,1911.70,0.00,1911.70,23897.70,1506.31,0,0,0,0.00,0,F1,65,,,,,
2026-09-04,2026-09-04,FO,NSE,IDO,51530,,NIFTY,,2026-10-27,2026-10-27,27000.00,CE,NIFTY26OCT27000CE,5.90,6.20,4.40,4.65,4.50,5.55,23897.70,4.65,378820,34255,2225,3905582170.75,1170,F1,65,,,,,
2026-09-04,2026-09-04,FO,NSE,IDO,51444,,NIFTY,,2026-10-27,2026-10-27,25100.00,CE,NIFTY26OCT25100CE,64.95,71.45,60.60,61.55,60.80,64.95,23897.70,61.55,176540,-14235,1827,2988509078.75,1116,F1,65,,,,,
2026-09-04,2026-09-04,FO,NSE,IDO,51404,,NIFTY,,2026-10-27,2026-10-27,24250.00,CE,NIFTY26OCT24250CE,315.95,343.30,310.80,311.95,313.10,302.30,23897.70,311.95,13325,-130,80,127791966.25,44,F1,65,,,,,
2026-09-04,2026-09-04,FO,NSE,IDO,40793,,NIFTY,,2026-10-06,2026-10-06,24000.00,CE,NIFTY26O0624000CE,314.00,356.95,306.65,311.75,309.80,308.75,23897.70,311.75,14885,1560,288,455501751.25,211,F1,65,,,,,
2026-09-04,2026-09-04,FO,NSE,IDO,40751,,NIFTY,,2026-10-06,2026-10-06,23300.00,CE,NIFTY26O0623300CE,0.00,0.00,0.00,1042.85,0.00,1042.85,23897.70,901.81,0,0,0,0.00,0,F1,65,,,,,
2026-09-04,2026-09-04,FO,NSE,IDO,40715,,NIFTY,,2026-10-06,2026-10-06,22800.00,CE,NIFTY26O0622800CE,0.00,0.00,0.00,1453.90,0.00,1453.90,23897.70,1300.08,0,0,0,0.00,0,F1,65,,,,,
2026-09-04,2026-09-04,FO,NSE,IDO,74467,,NIFTY,,2026-09-29,2026-09-29,26250.00,CE,NIFTY26SEP26250CE,3.05,4.00,3.05,3.05,3.05,198.40,23897.70,3.05,65,65,3,5119406.50,3,F1,65,,,,,
2026-09-04,2026-09-04,FO,NSE,IDO,40870,,NIFTY,,2026-10-06,2026-10-06,25100.00,PE,NIFTY26O0625100PE,0.00,0.00,0.00,1063.10,0.00,1063.10,23897.70,1173.63,0,0,0,0.00,0,F1,65,,,,,
2026-09-04,2026-09-04,FO,NSE,IDO,74112,,NIFTY,,2026-09-29,2026-09-29,24350.00,CE,NIFTY26SEP24350CE,103.00,139.50,103.00,111.30,112.40,111.40,23897.70,111.30,491400,15990,3496,5560902308.00,2228,F1,65,,,,,
2026-09-04,2026-09-04,FO,NSE,IDO,74056,,NIFTY,,2026-09-29,2026-09-29,23900.00,CE,NIFTY26SEP23900CE,312.55,373.95,310.60,322.05,323.00,310.55,23897.70,322.05,520065,-97305,18332,28884617628.75,11783,F1,65,,,,,
2026-09-04,2026-09-04,FO,NSE,IDO,73859,,NIFTY,,2026-09-29,2026-09-29,21950.00,CE,NIFTY26SEP21950CE,0.00,0.00,0.00,2130.00,2130.00,2130.00,23897.70,2042.27,130,0,0,0.00,0,F1,65,,,,,
2026-09-04,2026-09-04,FO,NSE,IDO,73805,,NIFTY,,2026-09-29,2026-09-29,21600.00,CE,NIFTY26SEP21600CE,2440.00,2459.00,2430.65,2430.65,2430.65,2406.45,23897.70,2430.65,56615,8255,131,204746191.00,67,F1,65,,,,,
2026-09-04,2026-09-04,FO,NSE,IDO,58014,,NIFTY,,2026-09-22,2026-09-22,25900.00,CE,NIFTY2692225900CE,2.35,3.30,2.25,2.65,2.85,2.90,23897.70,2.65,23530,780,141,237398609.50,71,F1,65,,,,,
2026-09-04,2026-09-04,FO,NSE,IDO,57063,,NIFTY,,2026-09-22,2026-09-22,23700.00,CE,NIFTY2692223700CE,393.70,462.55,393.70,409.65,404.45,382.45,23897.70,409.65,24635,5785,272,426417485.00,221,F1,65,,,,,
2026-09-04,2026-09-04,FO,NSE,IDO,47387,,NIFTY,,2026-09-15,2026-09-15,25450.00,CE,NIFTY2691525450CE,1.80,2.00,1.45,1.70,1.60,2.15,23897.70,1.70,25805,7020,610,1009159092.50,407,F1,65,,,,,
2026-09-04,2026-09-04,FO,NSE,IDO,47305,,NIFTY,,2026-09-15,2026-09-15,23700.00,CE,NIFTY2691523700CE,349.60,410.00,336.70,346.00,344.10,332.65,23897.70,346.00,179920,-28210,5224,8171579916.50,3566,F1,65,,,,,
2026-09-04,2026-09-04,FO,NSE,IDO,47255,,NIFTY,,2026-09-15,2026-09-15,22450.00,CE,NIFTY2691522450CE,0.00,0.00,0.00,2169.40,0.00,2169.40,23897.70,1489.98,0,0,0,0.00,0,F1,65,,,,,
2026-09-04,2026-09-04,FO,NSE,IDO,42709,,NIFTY,,2026-09-08,2026-09-08,25450.00,CE,NIFTY2690825450CE,0.80,0.95,0.55,0.60,0.55,0.95,23897.70,0.60,404495,41275,17642,29185055175.25,5439,F1,65,,,,,
2026-09-04,2026-09-04,FO,NSE,IDO,42639,,NIFTY,,2026-09-08,2026-09-08,24000.00,CE,NIFTY2690824000CE,75.00,115.00,61.15,69.05,66.90,74.75,23897.70,69.05,15177890,-3215355,7532383,11793079263914.00,2974688,F1,65,,,,,
2026-09-04,2026-09-04,FO,NSE,IDO,42554,,NIFTY,,2026-09-08,2026-09-08,22100.00,CE,NIFTY2690822100CE,0.00,0.00,0.00,2649.55,0.00,2649.55,23897.70,1812.03,0,0,0,0.00,0,F1,65,,,,,
2026-09-04,2026-09-04,FO,NSE,IDO,47256,,NIFTY,,2026-09-15,2026-09-15,22450.00,PE,NIFTY2691522450PE,4.05,4.25,3.25,3.80,3.25,4.75,23897.70,3.80,9945,4225,352,513746018.50,191,F1,65,,,,,
2026-09-04,2026-09-04,FO,NSE,IDO,47292,,NIFTY,,2026-09-15,2026-09-15,23350.00,PE,NIFTY2691523350PE,24.25,26.80,13.20,13.85,14.00,23.70,23897.70,13.85,160615,62140,12740,19349338433.75,7312,F1,65,,,,,
2026-09-04,2026-09-04,FO,NSE,IDO,47322,,NIFTY,,2026-09-15,2026-09-15,24050.00,PE,NIFTY2691524050PE,212.45,212.45,152.40,177.95,173.75,222.05,23897.70,177.95,125840,12610,14270,22469938195.25,9407,F1,65,,,,,
2026-09-04,2026-09-04,FO,NSE,IDO,47392,,NIFTY,,2026-09-15,2026-09-15,25500.00,PE,NIFTY2691525500PE,1455.00,1509.30,1455.00,1502.65,1509.30,1590.00,23897.70,1502.65,1820,1430,23,40310351.25,22,F1,65,,,,,
2026-09-04,2026-09-04,FO,NSE,IDO,57997,,NIFTY,,2026-09-22,2026-09-22,25700.00,PE,NIFTY2692225700PE,0.00,0.00,0.00,1482.25,0.00,1482.25,23897.70,1735.59,0,0,0,0.00,0,F1,65,,,,,
2026-09-04,2026-09-04,FO,NSE,IDO,74387,,NIFTY,,2026-09-29,2026-09-29,25300.00,PE,NIFTY26SEP25300PE,1254.05,1254.05,1222.95,1248.65,1248.65,1260.00,23897.70,1350.33,36075,-195,4,6901680.50,4,F1,65,,,,,
2026-09-04,2026-09-04,FO,NSE,IDO,55287,,NIFTY,,2026-09-29,2026-09-29,25500.00,PE,NIFTY26SEP25500PE,1460.35,1473.00,1385.90,1447.45,1445.00,1497.50,23897.70,1447.45,1552590,-3315,448,784386047.25,406,F1,65,,,,,
2026-09-04,2026-09-04,FO,NSE,IDO,74427,,NIFTY,,2026-09-29,2026-09-29,25900.00,PE,NIFTY26SEP25900PE,0.00,0.00,0.00,1571.40,1571.40,1571.40,23897.70,1911.44,4940,0,0,0.00,0,F1,65,,,,,
2026-09-04,2026-09-04,FO,NSE,IDO,74478,,NIFTY,,2026-09-29,2026-09-29,26400.00,PE,NIFTY26SEP26400PE,0.00,0.00,0.00,1887.60,1887.60,1887.60,23897.70,2399.52,3770,0,0,0.00,0,F1,65,,,,,
2026-09-04,2026-09-04,FO,NSE,IDO,51387,,NIFTY,,2026-10-27,2026-10-27,23850.00,PE,NIFTY26OCT23850PE,245.00,246.25,218.30,233.80,233.65,267.95,23897.70,233.80,5980,1690,87,136153280.25,53,F1,65,,,,,
2026-09-04,2026-09-04,FO,NSE,IDO,51383,,NIFTY,,2026-10-27,2026-10-27,23750.00,PE,NIFTY26OCT23750PE,221.60,222.30,188.40,201.60,205.45,233.80,23897.70,201.60,12545,5005,213,331617851.50,138,F1,65,,,,,
2026-09-04,2026-09-04,FO,NSE,IDO,51469,,NIFTY,,2026-10-27,2026-10-27,25500.00,PE,NIFTY26OCT25500PE,1340.05,1360.00,1281.10,1343.95,1344.50,1385.75,23897.70,1343.95,243880,8385,184,320834205.25,172,F1,65,,,,,
2026-09-04,2026-09-04,FO,NSE,IDO,74048,,NIFTY,,2026-09-29,2026-09-29,23850.00,CE,NIFTY26SEP23850CE,356.65,405.25,349.05,356.40,353.10,338.10,23897.70,356.40,124150,-5330,1519,2391670768.50,1111,F1,65,,,,,
2026-09-04,2026-09-04,FO,NSE,IDO,73964,,NIFTY,,2026-09-29,2026-09-29,23450.00,CE,NIFTY26SEP23450CE,676.50,676.50,666.05,668.70,666.05,612.50,23897.70,668.70,845,0,4,6271365.75,4,F1,65,,,,,
2026-09-04,2026-09-04,FO,NSE,IDO,73908,,NIFTY,,2026-09-29,2026-09-29,23150.00,CE,NIFTY26SEP23150CE,0.00,0.00,0.00,1236.20,1236.20,1236.20,23897.70,948.36,780,0,0,0.00,0,F1,65,,,,,
2026-09-04,2026-09-04,FO,NSE,IDO,73871,,NIFTY,,2026-09-29,2026-09-29,22150.00,CE,NIFTY26SEP22150CE,0.00,0.00,0.00,2020.00,2020.00,2020.00,23897.70,1847.69,130,0,0,0.00,0,F1,65,,,,,
2026-09-04,2026-09-04,FO,NSE,IDO,73849,,NIFTY,,2026-09-29,2026-09-29,21750.00,CE,NIFTY26SEP21750CE,0.00,0.00,0.00,2550.00,2550.00,2550.00,23897.70,2238.76,65,0,0,0.00,0,F1,65,,,,,
2026-09-04,2026-09-04,FO,NSE,IDO,57796,,NIFTY,,2026-09-22,2026-09-22,25000.00,CE,NIFTY2692225000CE,11.55,11.55,6.80,7.40,7.35,10.25,23897.70,7.40,124865,109590,3110,5055416921.75,1153,F1,65,,,,,
2026-09-04,2026-09-04,FO,NSE,IDO,56999,,NIFTY,,2026-09-22,2026-09-22,23400.00,CE,NIFTY2692223400CE,0.00,0.00,0.00,1051.55,0.00,1051.55,23897.70,691.97,0,0,0,0.00,0,F1,65,,,,,
2026-09-04,2026-09-04,FO,NSE,IDO,47395,,NIFTY,,2026-09-15,2026-09-15,25600.00,CE,NIFTY2691525600CE,1.20,1.55,1.05,1.25,1.20,1.45,23897.70,1.25,231465,-5915,9064,15083198039.00,3366,F1,65,,,,,
2026-09-04,2026-09-04,FO,NSE,IDO,47365,,NIFTY,,2026-09-15,2026-09-15,25050.00,CE,NIFTY2691525050CE,2.95,3.85,2.85,3.10,2.90,4.30,23897.70,3.10,141700,25870,3569,5812004669.25,2113,F1,65,,,,,
2026-09-04,2026-09-04,FO,NSE,IDO,47333,,NIFTY,,2026-09-15,2026-09-15,24350.00,CE,NIFTY2691524350CE,40.90,50.85,30.25,32.60,31.85,38.55,23897.70,32.60,381420,97370,22168,35141926339.00,15237,F1,65,,,,,
2026-09-04,2026-09-04,FO,NSE,IDO,47301,,NIFTY,,2026-09-15,2026-09-15,23600.00,CE,NIFTY2691523600CE,433.80,492.20,420.00,430.55,427.15,407.35,23897.70,430.55,42770,1950,1556,2432764750.00,1147,F1,65,,,,,
2026-09-04,2026-09-04,FO,NSE,IDO,47283,,NIFTY,,2026-09-15,2026-09-15,23150.00,CE,NIFTY2691523150CE,0.00,0.00,0.00,1525.35,0.00,1525.35,23897.70,824.99,0,0,0,0.00,0,F1,65,,,,,
2026-09-04,2026-09-04,FO,NSE,IDO,42610,,NIFTY,,2026-09-08,2026-09-08,23450.00,CE,NIFTY2690823450CE,501.40,584.20,500.00,514.95,511.80,487.15,23897.70,514.95,44070,1040,1622,2529155547.75,1287,F1,65,,,,,
2026-09-04,2026-09-04,FO,NSE,IDO,51384,,NIFTY,,2026-10-27,2026-10-27,23800.00,CE,NIFTY26OCT23800CE,570.00,623.85,560.80,571.70,565.40,554.25,23897.70,571.70,60125,-2015,560,887714392.50,445,F1,65,,,,,
2026-09-04,2026-09-04,FO,NSE,IDO,51490,,NIFTY,,2026-10-27,2026-10-27,26000.00,CE,NIFTY26OCT26000CE,15.50,15.90,13.30,13.90,13.40,15.80,23897.70,13.90,1320605,28275,3447,5828657799.25,1986,F1,65,,,,,
2026-09-04,2026-09-04,FO,NSE,IDO,64389,,NIFTY,,2026-11-23,2026-11-23,23850.00,CE,NIFTY26NOV23850CE,0.00,0.00,0.00,1260.30,0.00,1260.30,23897.70,915.15,0,0,0,0.00,0,F1,65,,,,,
2026-09-04,2026-09-04,FO,NSE,IDO,64391,,NIFTY,,2026-11-23,2026-11-23,23900.00,CE,NIFTY26NOV23900CE,667.55,700.00,664.55,667.85,664.55,647.35,23897.70,667.85,6890,1105,54,86253768.25,36,F1,65,,,,,
2026-09-04,2026-09-04,FO,NSE,IDO,80276,,NIFTY,,2027-03-30,2027-03-30,27000.00,CE,NIFTY27MAR27000CE,151.90,159.80,150.10,152.35,150.50,154.75,23897.70,152.35,868855,1105,899,1586772934.50,529,F1,65,,,,,
2026-09-04,2026-09-04,FO,NSE,IDO,67794,,NIFTY,,2028-12-26,2028-12-26,30000.00,CE,NIFTY28DEC30000CE,1070.00,1085.00,1055.00,1068.60,1070.00,1101.50,23897.70,1068.60,18975,260,75,151495045.00,25,F1,65,,,,,
2026-09-04,2026-09-04,FO,NSE,IDO,42621,,NIFTY,,2026-09-08,2026-09-08,23550.00,PE,NIFTY2690823550PE,15.75,15.75,4.95,6.05,5.70,14.00,23897.70,6.05,2852070,714545,653283,1000361644259.25,189336,F1,65,,,,,
2026-09-04,2026-09-04,FO,NSE,IDO,42654,,NIFTY,,2026-09-08,2026-09-08,24350.00,PE,NIFTY2690824350PE,396.80,416.75,331.00,391.60,390.80,432.60,23897.70,391.60,165750,-23465,11006,17685179547.75,7392,F1,65,,,,,
2026-09-04,2026-09-04,FO,NSE,IDO,42760,,NIFTY,,2026-09-08,2026-09-08,26150.00,PE,NIFTY2690826150PE,0.00,0.00,0.00,1482.45,0.00,1482.45,23897.70,2235.34,0,0,0,0.00,0,F1,65,,,,,
2026-09-04,2026-09-04,FO,NSE,IDO,42764,,NIFTY,,2026-09-08,2026-09-08,26250.00,PE,NIFTY2690826250PE,0.00,0.00,0.00,1568.65,0.00,1568.65,23897.70,2335.28,0,0,0,0.00,0,F1,65,,,,,
2026-09-04,2026-09-04,FO,NSE,IDO,47264,,NIFTY,,2026-09-15,2026-09-15,22650.00,PE,NIFTY2691522650PE,5.30,5.30,3.80,4.10,3.85,5.35,23897.70,4.10,23660,6435,779,1147111257.50,428,F1,65,,,,,
2026-09-04,2026-09-04,FO,NSE,IDO,47284,,NIFTY,,2026-09-15,2026-09-15,23150.00,PE,NIFTY2691523150PE,10.90,11.95,7.35,7.85,7.80,13.20,23897.70,7.85,129350,19110,6199,9331508507.75,3845,F1,65,,,,,
2026-09-04,2026-09-04,FO,NSE,IDO,47316,,NIFTY,,2026-09-15,2026-09-15,23900.00,PE,NIFTY2691523900PE,128.90,136.90,95.35,109.90,107.70,146.60,23897.70,109.90,1276145,37765,73464,114655967159.50,49178,F1,65,,,,,
2026-09-04,2026-09-04,FO,NSE,IDO,47380,,NIFTY,,2026-09-15,2026-09-15,25300.00,PE,NIFTY2691525300PE,0.00,0.00,0.00,1322.95,1322.95,1322.95,23897.70,1363.17,325,0,0,0.00,0,F1,65,,,,,
2026-09-04,2026-09-04,FO,NSE,IDO,56966,,NIFTY,,2026-09-22,2026-09-22,23050.00,PE,NIFTY2692223050PE,0.00,0.00,0.00,93.30,0.00,93.30,23897.70,57.35,0,0,0,0.00,0,F1,65,,,,,
2026-09-04,2026-09-04,FO,NSE,IDO,57147,,NIFTY,,2026-09-22,2026-09-22,23950.00,PE,NIFTY2692223950PE,184.75,193.70,148.50,165.05,164.70,203.95,23897.70,165.05,33930,14820,2079,3258449421.50,1116,F1,65,,,,,
2026-09-04,2026-09-04,FO,NSE,IDO,57446,,NIFTY,,2026-09-22,2026-09-22,24300.00,PE,NIFTY2692224300PE,393.75,393.80,325.00,363.10,365.10,409.50,23897.70,363.10,26455,-5265,447,716152167.25,366,F1,65,,,,,
2026-09-04,2026-09-04,FO,NSE,IDO,73890,,NIFTY,,2026-09-29,2026-09-29,22650.00,PE,NIFTY26SEP22650PE,17.20,17.70,13.55,13.70,13.60,20.10,23897.70,13.70,48620,4550,476,701263296.50,363,F1,65,,,,,
2026-09-04,2026-09-04,FO,NSE,IDO,73898,,NIFTY,,2026-09-29,2026-09-29,22850.00,PE,NIFTY26SEP22850PE,23.00,23.60,17.90,18.25,18.00,27.50,23897.70,18.25,102375,-4550,641,952882788.00,441,F1,65,,,,,
2026-09-04,2026-09-04,FO,NSE,IDO,65901,,NIFTY,,2026-09-29,2026-09-29,24000.00,PE,NIFTY26SEP24000PE,230.00,247.55,192.00,214.90,215.65,255.90,23897.70,214.90,6879610,-321910,82231,129410704488.00,51751,F1,65,,,,,
2026-09-04,2026-09-04,FO,NSE,IDO,74242,,NIFTY,,2026-09-29,2026-09-29,24500.00,PE,NIFTY26SEP24500PE,548.00,563.30,471.20,520.75,522.00,570.55,23897.70,520.75,3566160,-91910,7587,12333004485.75,4934,F1,65,,,,,
2026-09-04,2026-09-04,FO,NSE,IDO,74423,,NIFTY,,2026-09-29,2026-09-29,25850.00,PE,NIFTY26SEP25850PE,0.00,0.00,0.00,1859.75,0.00,1859.75,23897.70,1863.35,0,0,0,0.00,0,F1,65,,,,,
2026-09-04,2026-09-04,FO,NSE,IDO,74439,,NIFTY,,2026-09-29,2026-09-29,26050.00,PE,NIFTY26SEP26050PE,0.00,0.00,0.00,1710.00,1710.00,1710.00,23897.70,2056.66,260,0,0,0.00,0,F1,65,,,,,
2026-09-04,2026-09-04,FO,NSE,IDO,74476,,NIFTY,,2026-09-29,2026-09-29,26350.00,PE,NIFTY26SEP26350PE,0.00,0.00,0.00,2262.90,0.00,2262.90,23897.70,2350.29,0,0,0,0.00,0,F1,65,,,,,
2026-09-04,2026-09-04,FO,NSE,IDO,42573,,NIFTY,,2026-09-08,2026-09-08,22550.00,CE,NIFTY2690822550CE,0.00,0.00,0.00,2213.60,0.00,2213.60,23897.70,1362.35,0,0,0,0.00,0,F1,65,,,,,
2026-09-04,2026-09-04,FO,NSE,IDO,42560,,NIFTY,,2026-09-08,2026-09-08,22250.00,CE,NIFTY2690822250CE,0.00,0.00,0.00,2503.15,0.00,2503.15,23897.70,1662.13,0,0,0,0.00,0,F1,65,,,,,
2026-09-04,2026-09-04,FO,NSE,IDO,42556,,NIFTY,,2026-09-08,2026-09-08,22150.00,CE,NIFTY2690822150CE,0.00,0.00,0.00,2600.65,0.00,2600.65,23897.70,1762.07,0,0,0,0.00,0,F1,65,,,,,
2026-09-04,2026-09-04,FO,NSE,IDO,40824,,NIFTY,,2026-10-06,2026-10-06,24450.00,PE,NIFTY26O0624450PE,0.00,0.00,0.00,617.35,0.00,617.35,23897.70,692.24,0,0,0,0.00,0,F1,65,,,,,
2026-09-04,2026-09-04,FO,NSE,IDO,51325,,NIFTY,,2026-10-27,2026-10-27,22350.00,PE,NIFTY26OCT22350PE,0.00,0.00,0.00,31.95,31.95,31.95,23897.70,70.82,2145,0,0,0.00,0,F1,65,,,,,
2026-09-04,2026-09-04,FO,NSE,IDO,51431,,NIFTY,,2026-10-27,2026-10-27,24800.00,PE,NIFTY26OCT24800PE,754.00,765.05,702.00,738.95,743.25,791.70,23897.70,738.95,144625,260,66,109528968.25,50,F1,65,,,,,
2026-09-04,2026-09-04,FO,NSE,IDO,51483,,NIFTY,,2026-10-27,2026-10-27,25800.00,PE,NIFTY26OCT25800PE,0.00,0.00,0.00,1675.45,1675.45,1675.45,23897.70,1765.04,390,0,0,0.00,0,F1,65,,,,,
2026-09-04,2026-09-04,FO,NSE,IDO,58647,,NIFTY,,2026-12-29,2026-12-29,21000.00,PE,NIFTY26DEC21000PE,46.70,46.70,41.00,42.25,41.50,45.55,23897.70,42.25,1136770,3575,1879,2569981495.25,1073,F1,65,,,,,
2026-09-04,2026-09-04,FO,NSE,IDO,55475,,NIFTY,,2028-06-27,2028-06-27,22500.00,PE,NIFTY28JUN22500PE,0.00,0.00,0.00,206.95,0.00,206.95,23897.70,543.45,0,0,0,0.00,0,F1,65,,,,,
2026-09-04,2026-09-04,FO,NSE,IDO,47197,,NIFTY,,2028-06-27,2028-06-27,33000.00,PE,NIFTY28JUN33000PE,0.00,0.00,0.00,3707.80,0.00,3707.80,23897.70,5979.92,0,0,0,0.00,0,F1,65,,,,,
2026-09-04,2026-09-04,FO,NSE,IDO,67785,,NIFTY,,2028-12-26,2028-12-26,25000.00,PE,NIFTY28DEC25000PE,990.00,990.00,928.00,928.00,928.00,955.00,23897.70,1216.34,9440,455,10,16857363.25,7,F1,65,,,,,
2026-09-04,2026-09-04,FO,NSE,IDO,55697,,NIFTY,,2030-12-31,2030-12-31,16500.00,PE,NIFTY30DEC16500PE,0.00,0.00,0.00,13.65,0.00,13.65,23897.70,55.17,0,0,0,0.00,0,F1,65,,,,,
2026-09-04,2026-09-04,FO,NSE,IDO,74656,,NIFTY,,2031-06-24,2031-06-24,28500.00,PE,NIFTY31JUN28500PE,0.00,0.00,0.00,2104.20,0.00,2104.20,23897.70,1845.81,0,0,0,0.00,0,F1,65,,,,,
2026-09-04,2026-09-04,FO,NSE,IDO,51358,,NIFTY,,2026-10-27,2026-10-27,23150.00,CE,NIFTY26OCT23150CE,0.00,0.00,0.00,1510.70,0.00,1510.70,23897.70,1176.84,0,0,0,0.00,0,F1,65,,,,,
2026-09-04,2026-09-04,FO,NSE,IDO,40879,,NIFTY,,2026-10-06,2026-10-06,25350.00,CE,NIFTY26O0625350CE,0.00,0.00,0.00,115.45,0.00,115.45,23897.70,75.79,0,0,0,0.00,0,F1,65,,,,,
2026-09-04,2026-09-04,FO,NSE,IDO,40813,,NIFTY,,2026-10-06,2026-10-06,24250.00,CE,NIFTY26O0624250CE,195.25,218.35,189.05,191.05,191.05,183.20,23897.70,191.05,4160,1430,58,92196373.75,36,F1,65,,,,,
2026-09-04,2026-09-04,FO,NSE,IDO,74499,,NIFTY,,2026-09-29,2026-09-29,26950.00,CE,NIFTY26SEP26950CE,1.90,2.00,1.90,2.00,2.00,2.05,23897.70,2.00,2860,65,3,5255633.50,3,F1,65,,,,,
2026-09-04,2026-09-04,FO,NSE,IDO,74465,,NIFTY,,2026-09-29,2026-09-29,26200.00,CE,NIFTY26SEP26200CE,3.55,3.95,3.40,3.45,3.45,3.95,23897.70,3.45,195325,-15730,408,694916745.25,160,F1,65,,,,,
2026-09-04,2026-09-04,FO,NSE,IDO,74397,,NIFTY,,2026-09-29,2026-09-29,25550.00,CE,NIFTY26SEP25550CE,6.10,7.25,5.95,6.20,6.20,7.60,23897.70,6.20,87425,12805,617,1024951879.25,540,F1,65,,,,,
2026-09-04,2026-09-04,FO,NSE,IDO,65888,,NIFTY,,2026-09-29,2026-09-29,18000.00,PE,NIFTY26SEP18000PE,1.90,2.10,1.35,1.45,1.40,1.75,23897.70,1.45,961415,-325,364,425918015.25,67,F1,65,,,,,
2026-09-04,2026-09-04,FO,NSE,IDO,58013,,NIFTY,,2026-09-22,2026-09-22,25850.00,PE,NIFTY2692225850PE,0.00,0.00,0.00,1613.85,0.00,1613.85,23897.70,1882.21,0,0,0,0.00,0,F1,65,,,,,
2026-09-04,2026-09-04,FO,NSE,IDO,57911,,NIFTY,,2026-09-22,2026-09-22,25400.00,PE,NIFTY2692225400PE,0.00,0.00,0.00,1230.35,0.00,1230.35,23897.70,1447.01,0,0,0,0.00,0,F1,65,,,,,
2026-09-04,2026-09-04,FO,NSE,IDO,57030,,NIFTY,,2026-09-22,2026-09-22,23550.00,PE,NIFTY2692223550PE,70.00,70.05,52.85,56.40,55.75,75.45,23897.70,56.40,18525,5265,311,477243630.50,187,F1,65,,,,,
2026-09-04,2026-09-04,FO,NSE,IDO,56796,,NIFTY,,2026-09-22,2026-09-22,22100.00,PE,NIFTY2692222100PE,0.00,0.00,0.00,14.30,0.00,14.30,23897.70,3.14,0,0,0,0.00,0,F1,65,,,,,
2026-09-04,2026-09-04,FO,NSE,IDO,47320,,NIFTY,,2026-09-15,2026-09-15,24000.00,PE,NIFTY2691524000PE,175.10,181.95,130.30,151.70,150.00,192.95,23897.70,151.70,1542710,234455,98890,155233367575.00,68340,F1,65,,,,,
2026-09-04,2026-09-04,FO,NSE,IDO,42672,,NIFTY,,2026-09-08,2026-09-08,24750.00,PE,NIFTY2690824750PE,804.25,804.35,717.90,792.90,797.85,806.50,23897.70,792.90,13975,-130,75,124442253.00,61,F1,65,,,,,
2026-09-04,2026-09-04,FO,NSE,IDO,42644,,NIFTY,,2026-09-08,2026-09-08,24100.00,PE,NIFTY2690824100PE,211.90,211.90,135.00,169.70,168.10,214.25,23897.70,169.70,2664610,-660335,1241317,1957668489851.75,693941,F1,65,,,,,
2026-09-04,2026-09-04,FO,NSE,IDO,42588,,NIFTY,,2026-09-08,2026-09-08,22900.00,PE,NIFTY2690822900PE,1.85,2.25,1.25,1.60,1.30,2.15,23897.70,1.60,3407495,1251120,285591,425136485995.00,48246,F1,65,,,,,
2026-09-04,2026-09-04,FO,NSE,IDO,74647,,NIFTY,,2031-06-24,2031-06-24,22500.00,CE,NIFTY31JUN22500CE,0.00,0.00,0.00,8012.75,0.00,8012.75,23897.70,7904.77,0,0,0,0.00,0,F1,65,,,,,
2026-09-04,2026-09-04,FO,NSE,IDO,55758,,NIFTY,,2030-12-31,2030-12-31,27000.00,CE,NIFTY30DEC27000CE,0.00,0.00,0.00,6772.80,0.00,6772.80,23897.70,4973.68,0,0,0,0.00,0,F1,65,,,,,
2026-09-04,2026-09-04,FO,NSE,IDO,67770,,NIFTY,,2028-12-26,2028-12-26,18000.00,CE,NIFTY28DEC18000CE,0.00,0.00,0.00,9380.30,0.00,9380.30,23897.70,8458.67,0,0,0,0.00,0,F1,65,,,,,
2026-09-04,2026-09-04,FO,NSE,IDO,80270,,NIFTY,,2027-03-30,2027-03-30,22500.00,CE,NIFTY27MAR22500CE,2410.00,2461.75,2407.65,2418.65,2407.65,2389.25,23897.70,2418.65,43680,3705,90,145912581.75,59,F1,65,,,,,
2026-09-04,2026-09-04,FO,NSE,IDO,64419,,NIFTY,,2026-11-23,2026-11-23,24550.00,CE,NIFTY26NOV24550CE,326.55,330.60,317.40,319.45,317.40,320.85,23897.70,319.45,5460,195,17,27486078.75,15,F1,65,,,,,
2026-09-04,2026-09-04,FO,NSE,IDO,64413,,NIFTY,,2026-11-23,2026-11-23,24400.00,CE,NIFTY26NOV24400CE,391.50,415.00,383.60,388.70,386.00,379.15,23897.70,388.70,19760,2210,91,146675087.00,55,F1,65,,,,,
2026-09-04,2026-09-04,FO,NSE,IDO,64304,,NIFTY,,2026-11-23,2026-11-23,22800.00,CE,NIFTY26NOV22800CE,0.00,0.00,0.00,2032.75,0.00,2032.75,23897.70,1620.05,0,0,0,0.00,0,F1,65,,,,,
2026-09-04,2026-09-04,FO,NSE,IDO,64266,,NIFTY,,2026-11-23,2026-11-23,22250.00,CE,NIFTY26NOV22250CE,0.00,0.00,0.00,2500.90,0.00,2500.90,23897.70,2067.83,0,0,0,0.00,0,F1,65,,,,,
2026-09-04,2026-09-04,FO,NSE,IDO,51486,,NIFTY,,2026-10-27,2026-10-27,25900.00,CE,NIFTY26OCT25900CE,0.00,0.00,0.00,277.95,0.00,277.95,23897.70,90.79,0,0,0,0.00,0,F1,65,,,,,
2026-09-04,2026-09-04,FO,NSE,IDO,73886,,NIFTY,,2026-09-29,2026-09-29,22550.00,PE,NIFTY26SEP22550PE,15.50,15.50,11.90,12.45,12.05,17.20,23897.70,12.45,51350,975,396,580810122.75,272,F1,65,,,,,
2026-09-04,2026-09-04,FO,NSE,IDO,74468,,NIFTY,,2026-09-29,2026-09-29,26250.00,PE,NIFTY26SEP26250PE,0.00,0.00,0.00,2180.00,0.00,2180.00,23897.70,2252.04,0,0,0,0.00,0,F1,65,,,,,
2026-09-04,2026-09-04,FO,NSE,IDO,74482,,NIFTY,,2026-09-29,2026-09-29,26500.00,PE,NIFTY26SEP26500PE,2442.00,2454.50,2380.40,2434.15,2442.80,2473.00,23897.70,2434.15,853320,520,39,73313422.00,38,F1,65,,,,,
2026-09-04,2026-09-04,FO,NSE,IDO,40752,,NIFTY,,2026-10-06,2026-10-06,23300.00,PE,NIFTY26O0623300PE,92.70,92.70,56.20,59.00,58.00,152.50,23897.70,59.00,585,585,12,18221183.50,12,F1,65,,,,,
2026-09-04,2026-09-04,FO,NSE,IDO,51371,,NIFTY,,2026-10-27,2026-10-27,23450.00,PE,NIFTY26OCT23450PE,140.15,142.90,120.00,128.50,130.20,154.25,23897.70,128.50,45955,-3510,137,209959642.75,72,F1,65,,,,,
2026-09-04,2026-09-04,FO,NSE,IDO,64275,,NIFTY,,2026-11-23,2026-11-23,22400.00,PE,NIFTY26NOV22400PE,0.00,0.00,0.00,102.45,0.00,102.45,23897.70,129.67,0,0,0,0.00,0,F1,65,,,,,
2026-09-04,2026-09-04,FO,NSE,IDO,64305,,NIFTY,,2026-11-23,2026-11-23,22800.00,PE,NIFTY26NOV22800PE,0.00,0.00,0.00,159.45,0.00,159.45,23897.70,202.79,0,0,0,0.00,0,F1,65,,,,,
2026-09-04,2026-09-04,FO,NSE,IDO,64392,,NIFTY,,2026-11-23,2026-11-23,23900.00,PE,NIFTY26NOV23900PE,315.90,323.25,290.00,307.75,310.10,332.95,23897.70,307.75,13845,1235,256,402822962.75,194,F1,65,,,,,
2026-09-04,2026-09-04,FO,NSE,IDO,64408,,NIFTY,,2026-11-23,2026-11-23,24250.00,PE,NIFTY26NOV24250PE,432.00,449.00,432.00,449.00,449.00,464.75,23897.70,449.00,1690,65,2,3209765.00,2,F1,65,,,,,
2026-09-04,2026-09-04,FO,NSE,IDO,64410,,NIFTY,,2026-11-23,2026-11-23,24300.00,PE,NIFTY26NOV24300PE,479.90,487.40,442.00,472.65,473.20,500.45,23897.70,472.65,17160,455,67,107842140.25,56,F1,65,,,,,
2026-09-04,2026-09-04,FO,NSE,IDO,64418,,NIFTY,,2026-11-23,2026-11-23,24500.00,PE,NIFTY26NOV24500PE,590.30,590.30,539.00,569.40,568.25,601.25,23897.70,569.40,200655,7280,449,731509675.00,352,F1,65,,,,,
2026-09-04,2026-09-04,FO,NSE,IDO,64459,,NIFTY,,2026-11-23,2026-11-23,25350.00,PE,NIFTY26NOV25350PE,0.00,0.00,0.00,1152.95,0.00,1152.95,23897.70,1405.63,0,0,0,0.00,0,F1,65,,,,,
2026-09-04,2026-09-04,FO,NSE,IDO,58633,,NIFTY,,2026-12-29,2026-12-29,14000.00,PE,NIFTY26DEC14000PE,6.10,6.10,6.10,6.10,6.10,6.00,23897.70,6.10,9545,130,2,1820793.00,1,F1,65,,,,,
2026-09-04,2026-09-04,FO,NSE,IDO,80267,,NIFTY,,2027-03-30,2027-03-30,19500.00,PE,NIFTY27MAR19500PE,47.10,47.10,40.95,42.55,43.00,47.00,23897.70,42.55,124865,19890,395,501755894.25,154,F1,65,,,,,
2026-09-04,2026-09-04,FO,NSE,IDO,55519,,NIFTY,,2028-12-26,2028-12-26,19500.00,PE,NIFTY28DEC19500PE,0.00,0.00,0.00,49.00,0.00,49.00,23897.70,160.11,0,0,0,0.00,0,F1,65,,,,,
2026-09-04,2026-09-04,FO,NSE,IDO,67777,,NIFTY,,2028-12-26,2028-12-26,21000.00,PE,NIFTY28DEC21000PE,340.00,370.00,332.00,370.00,370.00,349.55,23897.70,317.23,8685,0,9,12486760.00,5,F1,65,,,,,
2026-09-04,2026-09-04,FO,NSE,IDO,60893,,NIFTY,,2030-06-25,2030-06-25,18000.00,PE,NIFTY30JUN18000PE,0.00,0.00,0.00,116.65,0.00,116.65,23897.70,105.71,0,0,0,0.00,0,F1,65,,,,,
2026-09-04,2026-09-04,FO,NSE,IDO,55765,,NIFTY,,2030-12-31,2030-12-31,31500.00,PE,NIFTY30DEC31500PE,0.00,0.00,0.00,1885.50,0.00,1885.50,23897.70,3123.88,0,0,0,0.00,0,F1,65,,,,,
2026-09-04,2026-09-04,FO,NSE,IDO,74642,,NIFTY,,2031-06-24,2031-06-24,18000.00,PE,NIFTY31JUN18000PE,0.00,0.00,0.00,173.45,0.00,173.45,23897.70,115.51,0,0,0,0.00,0,F1,65,,,,,
2026-09-04,2026-09-04,FO,NSE,IDO,51446,,NIFTY,,2026-10-27,2026-10-27,25150.00,CE,NIFTY26OCT25150CE,0.00,0.00,0.00,479.95,0.00,479.95,23897.70,219.12,0,0,0,0.00,0,F1,65,,,,,
2026-09-04,2026-09-04,FO,NSE,IDO,51424,,NIFTY,,2026-10-27,2026-10-27,24650.00,CE,NIFTY26OCT24650CE,158.90,176.70,154.55,157.35,154.55,152.50,23897.70,157.35,19175,2080,111,179032857.25,73,F1,65,,,,,
2026-09-04,2026-09-04,FO,NSE,IDO,51422,,NIFTY,,2026-10-27,2026-10-27,24600.00,CE,NIFTY26OCT24600CE,176.00,198.20,168.70,172.05,170.80,171.40,23897.70,172.05,162175,-4225,1119,1802480962.75,790,F1,65,,,,,
2026-09-04,2026-09-04,FO,NSE,IDO,51356,,NIFTY,,2026-10-27,2026-10-27,23100.00,CE,NIFTY26OCT23100CE,0.00,0.00,0.00,1070.00,1070.00,1070.00,23897.70,1212.93,65,0,0,0.00,0,F1,65,,,,,
2026-09-04,2026-09-04,FO,NSE,IDO,51354,,NIFTY,,2026-10-27,2026-10-27,23050.00,CE,NIFTY26OCT23050CE,0.00,0.00,0.00,1446.75,1446.75,1446.75,23897.70,1250.46,65,0,0,0.00,0,F1,65,,,,,
2026-09-04,2026-09-04,FO,NSE,IDO,40819,,NIFTY,,2026-10-06,2026-10-06,24350.00,CE,NIFTY26O0624350CE,0.00,0.00,0.00,406.45,0.00,406.45,23897.70,313.95,0,0,0,0.00,0,F1,65,,,,,
2026-09-04,2026-09-04,FO,NSE,IDO,74483,,NIFTY,,2026-09-29,2026-09-29,26550.00,CE,NIFTY26SEP26550CE,3.40,3.40,2.05,2.70,3.25,2.15,23897.70,2.70,4940,-260,11,18985239.00,8,F1,65,,,,,
2026-09-04,2026-09-04,FO,NSE,IDO,74243,,NIFTY,,2026-09-29,2026-09-29,24550.00,CE,NIFTY26SEP24550CE,68.00,79.75,60.85,62.40,62.20,64.60,23897.70,62.40,202410,-325,2301,3682090418.50,1461,F1,65,,,,,
2026-09-04,2026-09-04,FO,NSE,IDO,73995,,NIFTY,,2026-09-29,2026-09-29,23550.00,CE,NIFTY26SEP23550CE,580.00,614.45,571.15,587.65,587.65,527.55,23897.70,655.62,4355,780,26,40794097.50,26,F1,65,,,,,
2026-09-04,2026-09-04,FO,NSE,IDO,73903,,NIFTY,,2026-09-29,2026-09-29,23000.00,CE,NIFTY26SEP23000CE,1049.50,1133.00,1044.90,1067.35,1061.60,1035.30,23897.70,1067.35,548795,14170,1052,1646769042.75,860,F1,65,,,,,
2026-09-04,2026-09-04,FO,NSE,IDO,57756,,NIFTY,,2026-09-22,2026-09-22,24850.00,CE,NIFTY2692224850CE,16.95,18.85,10.35,11.00,10.35,16.35,23897.70,11.00,16575,-3055,136,219795267.25,62,F1,65,,,,,
2026-09-04,2026-09-04,FO,NSE,IDO,57427,,NIFTY,,2026-09-22,2026-09-22,24250.00,CE,NIFTY2692224250CE,110.70,128.30,98.40,101.45,100.45,100.30,23897.70,101.45,28340,5720,626,991250604.50,452,F1,65,,,,,
2026-09-04,2026-09-04,FO,NSE,IDO,47439,,NIFTY,,2026-09-15,2026-09-15,26150.00,CE,NIFTY2691526150CE,1.10,1.10,0.85,1.00,1.00,1.05,23897.70,1.00,5720,0,103,175080971.00,56,F1,65,,,,,
2026-09-04,2026-09-04,FO,NSE,IDO,47421,,NIFTY,,2026-09-15,2026-09-15,25900.00,CE,NIFTY2691525900CE,0.90,1.20,0.90,1.10,1.05,1.10,23897.70,1.10,85605,35620,1955,3291379126.75,466,F1,65,,,,,
2026-09-04,2026-09-04,FO,NSE,IDO,47230,,NIFTY,,2026-09-15,2026-09-15,22200.00,CE,NIFTY2691522200CE,0.00,0.00,0.00,2410.30,0.00,2410.30,23897.70,1737.91,0,0,0,0.00,0,F1,65,,,,,
2026-09-04,2026-09-04,FO,NSE,IDO,42669,,NIFTY,,2026-09-08,2026-09-08,24700.00,CE,NIFTY2690824700CE,2.15,2.35,1.25,1.60,1.30,2.60,23897.70,1.60,5227365,-831090,504557,810125975093.50,87859,F1,65,,,,,
2026-09-04,2026-09-04,FO,NSE,IDO,42661,,NIFTY,,2026-09-08,2026-09-08,24500.00,CE,NIFTY2690824500CE,4.05,4.50,2.25,2.75,2.25,4.85,23897.70,2.75,10801375,719810,857190,1365265185934.00,152047,F1,65,,,,,
2026-09-04,2026-09-04,FO,NSE,IDO,42631,,NIFTY,,2026-09-08,2026-09-08,23800.00,CE,NIFTY2690823800CE,196.00,260.00,181.25,195.60,190.65,184.35,23897.70,195.60,1997320,-812630,855933,1336177631935.25,505696,F1,65,,,,,
2026-09-04,2026-09-04,FO,NSE,IDO,42608,,NIFTY,,2026-09-08,2026-09-08,23400.00,CE,NIFTY2690823400CE,559.30,631.75,544.90,565.55,567.15,537.25,23897.70,565.55,57980,-3055,1697,2645709511.25,1255,F1,65,,,,,
2026-09-04,2026-09-04,FO,NSE,IDO,47224,,NIFTY,,2026-09-15,2026-09-15,22100.00,CE,NIFTY2691522100CE,0.00,0.00,0.00,2507.55,0.00,2507.55,23897.70,1837.46,0,0,0,0.00,0,F1,65,,,,,
2026-09-04,2026-09-04,FO,NSE,IDO,55372,,NIFTY,,2027-06-29,2027-06-29,19500.00,CE,NIFTY27JUN19500CE,0.00,0.00,0.00,8143.40,0.00,8143.40,23897.70,5443.22,0,0,0,0.00,0,F1,65,,,,,
2026-09-04,2026-09-04,FO,NSE,IDO,53613,,NIFTY,,2027-12-28,2027-12-28,21000.00,CE,NIFTY27DEC21000CE,0.00,0.00,0.00,4902.40,0.00,4902.40,23897.70,4839.46,0,0,0,0.00,0,F1,65,,,,,
2026-09-04,2026-09-04,FO,NSE,IDO,61390,,NIFTY,,2029-12-24,2029-12-24,18000.00,CE,NIFTY29DEC18000CE,0.00,0.00,0.00,11362.40,0.00,11362.40,23897.70,9447.47,0,0,0,0.00,0,F1,65,,,,,
2026-09-04,2026-09-04,FO,NSE,IDO,60904,,NIFTY,,2030-06-25,2030-06-25,24000.00,CE,NIFTY30JUN24000CE,0.00,0.00,0.00,8591.55,0.00,8591.55,23897.70,5947.74,0,0,0,0.00,0,F1,65,,,,,
2026-09-04,2026-09-04,FO,NSE,IDO,42561,,NIFTY,,2026-09-08,2026-09-08,22250.00,PE,NIFTY2690822250PE,1.00,1.20,0.70,0.80,0.70,1.00,23897.70,0.80,142610,28080,23789,34406330562.50,6430,F1,65,,,,,
2026-09-04,2026-09-04,FO,NSE,IDO,42582,,NIFTY,,2026-09-08,2026-09-08,22750.00,PE,NIFTY2690822750PE,1.50,1.95,1.10,1.50,1.10,1.75,23897.70,1.50,616005,72865,85939,127091401645.00,15505,F1,65,,,,,
2026-09-04,2026-09-04,FO,NSE,IDO,42668,,NIFTY,,2026-09-08,2026-09-08,24650.00,PE,NIFTY2690824650PE,686.45,708.25,622.75,693.90,687.70,711.90,23897.70,693.90,39975,390,97,159677040.25,53,F1,65,,,,,
2026-09-04,2026-09-04,FO,NSE,IDO,42746,,NIFTY,,2026-09-08,2026-09-08,26000.00,PE,NIFTY2690826000PE,2052.60,2053.00,1972.05,2034.65,2040.00,2047.90,23897.70,2034.65,173290,13780,458,833604151.25,353,F1,65,,,,,
2026-09-04,2026-09-04,FO,NSE,IDO,47326,,NIFTY,,2026-09-15,2026-09-15,24150.00,PE,NIFTY2691524150PE,320.85,320.85,204.55,237.95,238.00,282.65,23897.70,237.95,96460,32500,4534,7184866201.50,3251,F1,65,,,,,
2026-09-04,2026-09-04,FO,NSE,IDO,47370,,NIFTY,,2026-09-15,2026-09-15,25150.00,PE,NIFTY2691525150PE,0.00,0.00,0.00,817.10,0.00,817.10,23897.70,1217.82,0,0,0,0.00,0,F1,65,,,,,
2026-09-04,2026-09-04,FO,NSE,IDO,57847,,NIFTY,,2026-09-22,2026-09-22,25100.00,PE,NIFTY2692225100PE,0.00,0.00,0.00,997.60,0.00,997.60,23897.70,1168.76,0,0,0,0.00,0,F1,65,,,,,
2026-09-04,2026-09-04,FO,NSE,IDO,65894,,NIFTY,,2026-09-29,2026-09-29,21000.00,PE,NIFTY26SEP21000PE,6.05,6.10,5.35,5.60,5.50,6.45,23897.70,5.60,1714245,-39715,6441,8794354296.00,2122,F1,65,,,,,
2026-09-04,2026-09-04,FO,NSE,IDO,73924,,NIFTY,,2026-09-29,2026-09-29,23300.00,PE,NIFTY26SEP23300PE,65.60,65.65,41.15,43.10,43.40,60.55,23897.70,43.10,2145065,-57655,19767,29995405141.00,11192,F1,65,,,,,
2026-09-04,2026-09-04,FO,NSE,IDO,64405,,NIFTY,,2026-11-23,2026-11-23,24200.00,CE,NIFTY26NOV24200CE,493.65,526.00,485.00,489.70,489.85,478.60,23897.70,489.70,20280,650,118,189479862.00,73,F1,65,,,,,
2026-09-04,2026-09-04,FO,NSE,IDO,51528,,NIFTY,,2026-10-27,2026-10-27,26950.00,CE,NIFTY26OCT26950CE,0.00,0.00,0.00,6.75,6.75,6.75,23897.70,21.02,845,0,0,0.00,0,F1,65,,,,,
2026-09-04,2026-09-04,FO,NSE,IDO,51366,,NIFTY,,2026-10-27,2026-10-27,23350.00,CE,NIFTY26OCT23350CE,0.00,0.00,0.00,1240.00,1240.00,1240.00,23897.70,1033.68,65,0,0,0.00,0,F1,65,,,,,
2026-09-04,2026-09-04,FO,NSE,IDO,51342,,NIFTY,,2026-10-27,2026-10-27,22750.00,CE,NIFTY26OCT22750CE,0.00,0.00,0.00,1805.40,0.00,1805.40,23897.70,1486.54,0,0,0,0.00,0,F1,65,,,,,
2026-09-04,2026-09-04,FO,NSE,IDO,51332,,NIFTY,,2026-10-27,2026-10-27,22550.00,CE,NIFTY26OCT22550CE,0.00,0.00,0.00,1962.00,0.00,1962.00,23897.70,1653.33,0,0,0,0.00,0,F1,65,,,,,
2026-09-04,2026-09-04,FO,NSE,IDO,40757,,NIFTY,,2026-10-06,2026-10-06,23450.00,CE,NIFTY26O0623450CE,0.00,0.00,0.00,931.10,0.00,931.10,23897.70,794.42,0,0,0,0.00,0,F1,65,,,,,
2026-09-04,2026-09-04,FO,NSE,IDO,40704,,NIFTY,,2026-10-06,2026-10-06,22650.00,CE,NIFTY26O0622650CE,0.00,0.00,0.00,1586.80,0.00,1586.80,23897.70,1430.78,0,0,0,0.00,0,F1,65,,,,,
2026-09-04,2026-09-04,FO,NSE,IDO,55290,,NIFTY,,2026-09-29,2026-09-29,31500.00,CE,NIFTY26SEP31500CE,0.00,0.00,0.00,0.80,0.80,0.80,23897.70,0.00,17160,0,0,0.00,0,F1,65,,,,,
2026-09-04,2026-09-04,FO,NSE,IDO,74497,,NIFTY,,2026-09-29,2026-09-29,26900.00,CE,NIFTY26SEP26900CE,1.80,2.65,1.80,2.55,2.45,2.20,23897.70,2.55,4940,130,17,29727093.50,10,F1,65,,,,,
2026-09-04,2026-09-04,FO,NSE,IDO,74416,,NIFTY,,2026-09-29,2026-09-29,25700.00,CE,NIFTY26SEP25700CE,5.35,5.65,5.20,5.45,5.50,6.10,23897.70,5.45,300690,-86580,2814,4701781786.00,1166,F1,65,,,,,
2026-09-04,2026-09-04,FO,NSE,IDO,74372,,NIFTY,,2026-09-29,2026-09-29,25200.00,CE,NIFTY26SEP25200CE,13.45,13.45,9.90,10.20,10.35,13.10,23897.70,10.20,903630,-66170,8666,14201326802.00,3181,F1,65,,,,,
2026-09-04,2026-09-04,FO,NSE,IDO,74107,,NIFTY,,2026-09-29,2026-09-29,24300.00,CE,NIFTY26SEP24300CE,120.35,158.75,120.35,128.90,127.80,127.35,23897.70,128.90,4390360,-38155,23003,36543837372.25,14589,F1,65,,,,,
2026-09-04,2026-09-04,FO,NSE,IDO,73883,,NIFTY,,2026-09-29,2026-09-29,22450.00,CE,NIFTY26SEP22450CE,0.00,0.00,0.00,1843.95,1843.95,1843.95,23897.70,1561.66,65,0,0,0.00,0,F1,65,,,,,
2026-09-04,2026-09-04,FO,NSE,IDO,57856,,NIFTY,,2026-09-22,2026-09-22,25150.00,CE,NIFTY2692225150CE,0.00,0.00,0.00,185.60,0.00,185.60,23897.70,35.18,0,0,0,0.00,0,F1,65,,,,,
2026-09-04,2026-09-04,FO,NSE,IDO,57679,,NIFTY,,2026-09-22,2026-09-22,24600.00,CE,NIFTY2692224600CE,33.85,40.00,26.70,28.05,26.85,33.70,23897.70,28.05,182260,38935,4301,6886145747.00,2438,F1,65,,,,,
2026-09-04,2026-09-04,FO,NSE,IDO,56967,,NIFTY,,2026-09-22,2026-09-22,23100.00,CE,NIFTY2692223100CE,0.00,0.00,0.00,1289.85,0.00,1289.85,23897.70,929.71,0,0,0,0.00,0,F1,65,,,,,
2026-09-04,2026-09-04,FO,NSE,IDO,47345,,NIFTY,,2026-09-15,2026-09-15,24600.00,CE,NIFTY2691524600CE,13.45,14.60,8.30,8.90,8.65,12.70,23897.70,8.90,1323205,370110,51191,81891666756.25,24783,F1,65,,,,,
2026-09-04,2026-09-04,FO,NSE,IDO,47311,,NIFTY,,2026-09-15,2026-09-15,23850.00,CE,NIFTY2691523850CE,249.20,293.10,228.30,235.35,235.00,223.65,23897.70,235.35,129480,-24050,8824,13826239729.25,6429,F1,65,,,,,
2026-09-04,2026-09-04,FO,NSE,IDO,42687,,NIFTY,,2026-09-08,2026-09-08,25050.00,CE,NIFTY2690825050CE,1.45,1.45,0.80,0.95,0.80,1.60,23897.70,0.95,1123720,-73450,47638,77569946122.50,10854,F1,65,,,,,
2026-09-04,2026-09-04,FO,NSE,IDO,74371,,NIFTY,,2026-09-29,2026-09-29,25150.00,PE,NIFTY26SEP25150PE,0.00,0.00,0.00,880.05,880.05,880.05,23897.70,1217.72,1365,0,0,0.00,0,F1,65,,,,,
2026-09-04,2026-09-04,FO,NSE,IDO,74390,,NIFTY,,2026-09-29,2026-09-29,25350.00,PE,NIFTY26SEP25350PE,0.00,0.00,0.00,850.00,850.00,850.00,23897.70,1395.38,1040,0,0,0.00,0,F1,65,,,,,
2026-09-04,2026-09-04,FO,NSE,IDO,40756,,NIFTY,,2026-10-06,2026-10-06,23400.00,PE,NIFTY26O0623400PE,0.00,0.00,0.00,177.75,0.00,177.75,23897.70,199.66,0,0,0,0.00,0,F1,65,,,,,
2026-09-04,2026-09-04,FO,NSE,IDO,42571,,NIFTY,,2026-09-08,2026-09-08,22500.00,CE,NIFTY2690822500CE,1458.70,1520.20,1455.75,1467.55,1455.75,1440.00,23897.70,1467.55,16185,-260,30,46760987.00,27,F1,65,,,,,
2026-09-04,2026-09-04,FO,NSE,IDO,40820,,NIFTY,,2026-10-06,2026-10-06,24350.00,PE,NIFTY26O0624350PE,0.00,0.00,0.00,560.00,0.00,560.00,23897.70,629.16,0,0,0,0.00,0,F1,65,,,,,
2026-09-04,2026-09-04,FO,NSE,IDO,40826,,NIFTY,,2026-10-06,2026-10-06,24500.00,PE,NIFTY26O0624500PE,526.60,526.60,511.00,511.00,511.00,647.25,23897.70,724.99,130,130,2,3252444.00,2,F1,65,,,,,
2026-09-04,2026-09-04,FO,NSE,IDO,51313,,NIFTY,,2026-10-27,2026-10-27,22100.00,PE,NIFTY26OCT22100PE,0.00,0.00,0.00,116.95,0.00,116.95,23897.70,47.29,0,0,0,0.00,0,F1,65,,,,,
2026-09-04,2026-09-04,FO,NSE,IDO,51367,,NIFTY,,2026-10-27,2026-10-27,23350.00,PE,NIFTY26OCT23350PE,0.00,0.00,0.00,387.65,0.00,387.65,23897.70,268.64,0,0,0,0.00,0,F1,65,,,,,
2026-09-04,2026-09-04,FO,NSE,IDO,51373,,NIFTY,,2026-10-27,2026-10-27,23500.00,PE,NIFTY26OCT23500PE,170.15,170.15,129.30,141.65,142.75,165.25,23897.70,141.65,982735,45760,6122,9406810400.00,3626,F1,65,,,,,
2026-09-04,2026-09-04,FO,NSE,IDO,51497,,NIFTY,,2026-10-27,2026-10-27,26150.00,PE,NIFTY26OCT26150PE,0.00,0.00,0.00,1657.00,1657.00,1657.00,23897.70,2074.60,130,0,0,0.00,0,F1,65,,,,,
2026-09-04,2026-09-04,FO,NSE,IDO,51521,,NIFTY,,2026-10-27,2026-10-27,26750.00,PE,NIFTY26OCT26750PE,0.00,0.00,0.00,2501.20,0.00,2501.20,23897.70,2631.69,0,0,0,0.00,0,F1,65,,,,,
2026-09-04,2026-09-04,FO,NSE,IDO,64243,,NIFTY,,2026-11-23,2026-11-23,22100.00,PE,NIFTY26NOV22100PE,0.00,0.00,0.00,71.40,0.00,71.40,23897.70,89.76,0,0,0,0.00,0,F1,65,,,,,
2026-09-04,2026-09-04,FO,NSE,IDO,58629,,NIFTY,,2026-12-29,2026-12-29,12000.00,PE,NIFTY26DEC12000PE,0.00,0.00,0.00,4.35,4.35,4.35,23897.70,0.00,18410,0,0,0.00,0,F1,65,,,,,
2026-09-04,2026-09-04,FO,NSE,IDO,55323,,NIFTY,,2026-12-29,2026-12-29,16500.00,PE,NIFTY26DEC16500PE,9.50,9.50,9.50,9.50,9.50,12.00,23897.70,0.00,3640,-65,1,1073117.50,1,F1,65,,,,,
2026-09-04,2026-09-04,FO,NSE,IDO,58641,,NIFTY,,2026-12-29,2026-12-29,18000.00,PE,NIFTY26DEC18000PE,17.25,17.50,16.20,16.60,16.70,17.70,23897.70,16.60,535995,-6110,275,322050027.00,128,F1,65,,,,,
2026-09-04,2026-09-04,FO,NSE,IDO,71548,,NIFTY,,2027-06-29,2027-06-29,18000.00,PE,NIFTY27JUN18000PE,0.00,0.00,0.00,220.00,220.00,220.00,23897.70,9.94,230,0,0,0.00,0,F1,65,,,,,
2026-09-04,2026-09-04,FO,NSE,IDO,55481,,NIFTY,,2028-06-27,2028-06-27,31500.00,PE,NIFTY28JUN31500PE,0.00,0.00,0.00,2935.60,0.00,2935.60,23897.70,4872.66,0,0,0,0.00,0,F1,65,,,,,
2026-09-04,2026-09-04,FO,NSE,IDO,67781,,NIFTY,,2028-12-26,2028-12-26,23000.00,PE,NIFTY28DEC23000PE,0.00,0.00,0.00,613.00,613.00,613.00,23897.70,669.45,1870,0,0,0.00,0,F1,65,,,,,
2026-09-04,2026-09-04,FO,NSE,IDO,67789,,NIFTY,,2028-12-26,2028-12-26,27000.00,PE,NIFTY28DEC27000PE,1600.00,1600.00,1550.00,1550.00,1550.00,1650.00,23897.70,1550.00,16285,130,6,11147175.00,6,F1,65,,,,,
2026-09-04,2026-09-04,FO,NSE,IDO,55525,,NIFTY,,2028-12-26,2028-12-26,28500.00,PE,NIFTY28DEC28500PE,0.00,0.00,0.00,1451.15,0.00,1451.15,23897.70,2688.40,0,0,0,0.00,0,F1,65,,,,,
2026-09-04,2026-09-04,FO,NSE,IDO,55559,,NIFTY,,2029-06-26,2029-06-26,19500.00,PE,NIFTY29JUN19500PE,0.00,0.00,0.00,56.00,0.00,56.00,23897.70,179.44,0,0,0,0.00,0,F1,65,,,,,
2026-09-04,2026-09-04,FO,NSE,IDO,61660,,NIFTY,,2029-12-24,2029-12-24,21000.00,PE,NIFTY29DEC21000PE,0.00,0.00,0.00,390.05,390.05,390.05,23897.70,343.09,780,0,0,0.00,0,F1,65,,,,,
2026-09-04,2026-09-04,FO,NSE,IDO,61779,,NIFTY,,2029-12-24,2029-12-24,26000.00,PE,NIFTY29DEC26000PE,0.00,0.00,0.00,1400.00,1400.00,1400.00,23897.70,1401.15,4055,0,0,0.00,0,F1,65,,,,,
2026-09-04,2026-09-04,FO,NSE,IDO,60899,,NIFTY,,2030-06-25,2030-06-25,21000.00,PE,NIFTY30JUN21000PE,0.00,0.00,0.00,220.00,220.00,220.00,23897.70,345.09,65,0,0,0.00,0,F1,65,,,,,
2026-09-04,2026-09-04,FO,NSE,IDO,55374,,NIFTY,,2027-06-29,2027-06-29,22500.00,CE,NIFTY27JUN22500CE,0.00,0.00,0.00,5539.60,0.00,5539.60,23897.70,2955.81,0,0,0,0.00,0,F1,65,,,,,
2026-09-04,2026-09-04,FO,NSE,IDO,64487,,NIFTY,,2026-11-23,2026-11-23,25750.00,CE,NIFTY26NOV25750CE,0.00,0.00,0.00,386.65,0.00,386.65,23897.70,218.51,0,0,0,0.00,0,F1,65,,,,,
2026-09-04,2026-09-04,FO,NSE,IDO,71561,,NIFTY,,2027-06-29,2027-06-29,24000.00,PE,NIFTY27JUN24000PE,586.95,594.00,550.00,572.30,578.30,605.00,23897.70,572.30,28600,585,67,106976502.75,67,F1,65,,,,,
2026-09-04,2026-09-04,FO,NSE,IDO,47331,,NIFTY,,2026-09-15,2026-09-15,24300.00,CE,NIFTY2691524300CE,65.45,65.45,39.10,42.00,41.70,47.45,23897.70,42.00,1520155,127660,75968,120232594771.25,44105,F1,65,,,,,
2026-09-04,2026-09-04,FO,NSE,IDO,47341,,NIFTY,,2026-09-15,2026-09-15,24550.00,CE,NIFTY2691524550CE,14.25,18.90,10.50,11.45,11.00,15.50,23897.70,11.45,332800,-104975,23754,37926871437.00,13994,F1,65,,,,,
2026-09-04,2026-09-04,FO,NSE,IDO,56863,,NIFTY,,2026-09-22,2026-09-22,22450.00,CE,NIFTY2692222450CE,0.00,0.00,0.00,1865.40,0.00,1865.40,23897.70,1523.74,0,0,0,0.00,0,F1,65,,,,,
2026-09-04,2026-09-04,FO,NSE,IDO,57960,,NIFTY,,2026-09-22,2026-09-22,25650.00,CE,NIFTY2692225650CE,2.75,2.75,2.60,2.60,2.60,92.45,23897.70,9.47,520,520,16,26678795.00,6,F1,65,,,,,
2026-09-04,2026-09-04,FO,NSE,IDO,73927,,NIFTY,,2026-09-29,2026-09-29,23400.00,CE,NIFTY26SEP23400CE,703.00,755.85,698.00,703.80,698.00,671.50,23897.70,703.80,38285,455,66,103505008.75,55,F1,65,,,,,
2026-09-04,2026-09-04,FO,NSE,IDO,42727,,NIFTY,,2026-09-08,2026-09-08,25700.00,CE,NIFTY2690825700CE,0.55,0.70,0.45,0.50,0.45,0.75,23897.70,0.50,1469000,1365,31904,53296783764.25,7152,F1,65,,,,,
2026-09-04,2026-09-04,FO,NSE,IDO,65900,,NIFTY,,2026-09-29,2026-09-29,24000.00,CE,NIFTY26SEP24000CE,255.00,309.90,232.95,263.80,261.55,254.30,23897.70,263.80,5119920,-320580,76746,121132450234.25,47330,F1,65,,,,,
2026-09-04,2026-09-04,FO,NSE,IDO,40821,,NIFTY,,2026-10-06,2026-10-06,24400.00,CE,NIFTY26O0624400CE,139.95,159.60,128.85,131.80,129.00,132.05,23897.70,131.80,5395,2600,167,266403819.50,127,F1,65,,,,,
2026-09-04,2026-09-04,FO,NSE,IDO,40858,,NIFTY,,2026-10-06,2026-10-06,24850.00,CE,NIFTY26O0624850CE,0.00,0.00,0.00,226.85,0.00,226.85,23897.70,162.85,0,0,0,0.00,0,F1,65,,,,,
2026-09-04,2026-09-04,FO,NSE,IDO,40881,,NIFTY,,2026-10-06,2026-10-06,25400.00,CE,NIFTY26O0625400CE,0.00,0.00,0.00,107.30,0.00,107.30,23897.70,69.78,0,0,0,0.00,0,F1,65,,,,,
2026-09-04,2026-09-04,FO,NSE,IDO,40887,,NIFTY,,2026-10-06,2026-10-06,25550.00,CE,NIFTY26O0625550CE,0.00,0.00,0.00,85.70,0.00,85.70,23897.70,54.09,0,0,0,0.00,0,F1,65,,,,,
2026-09-04,2026-09-04,FO,NSE,IDO,51368,,NIFTY,,2026-10-27,2026-10-27,23400.00,CE,NIFTY26OCT23400CE,0.00,0.00,0.00,910.00,910.00,910.00,23897.70,999.67,390,0,0,0.00,0,F1,65,,,,,
2026-09-04,2026-09-04,FO,NSE,IDO,51398,,NIFTY,,2026-10-27,2026-10-27,24100.00,CE,NIFTY26OCT24100CE,385.40,431.50,369.55,387.85,385.55,376.45,23897.70,387.85,134615,1950,1127,1795085324.50,857,F1,65,,,,,
2026-09-04,2026-09-04,FO,NSE,IDO,51484,,NIFTY,,2026-10-27,2026-10-27,25850.00,CE,NIFTY26OCT25850CE,0.00,0.00,0.00,288.85,0.00,288.85,23897.70,96.67,0,0,0,0.00,0,F1,65,,,,,
2026-09-04,2026-09-04,FO,NSE,IDO,51516,,NIFTY,,2026-10-27,2026-10-27,26650.00,CE,NIFTY26OCT26650CE,0.00,0.00,0.00,150.80,0.00,150.80,23897.70,32.83,0,0,0,0.00,0,F1,65,,,,,
2026-09-04,2026-09-04,FO,NSE,IDO,51518,,NIFTY,,2026-10-27,2026-10-27,26700.00,CE,NIFTY26OCT26700CE,0.00,0.00,0.00,85.60,85.60,85.60,23897.70,30.53,65,0,0,0.00,0,F1,65,,,,,
2026-09-04,2026-09-04,FO,NSE,IDO,64242,,NIFTY,,2026-11-23,2026-11-23,22100.00,CE,NIFTY26NOV22100CE,0.00,0.00,0.00,2634.25,0.00,2634.25,23897.70,2197.21,0,0,0,0.00,0,F1,65,,,,,
2026-09-04,2026-09-04,FO,NSE,IDO,64481,,NIFTY,,2026-11-23,2026-11-23,25700.00,CE,NIFTY26NOV25700CE,0.00,0.00,0.00,401.10,0.00,401.10,23897.70,228.48,0,0,0,0.00,0,F1,65,,,,,
2026-09-04,2026-09-04,FO,NSE,IDO,53631,,NIFTY,,2027-12-28,2027-12-28,27000.00,CE,NIFTY27DEC27000CE,860.00,923.25,821.00,824.25,821.00,876.70,23897.70,824.25,78155,12740,565,1022726786.25,377,F1,65,,,,,
2026-09-04,2026-09-04,FO,NSE,IDO,47196,,NIFTY,,2028-06-27,2028-06-27,33000.00,CE,NIFTY28JUN33000CE,0.00,0.00,0.00,2004.15,0.00,2004.15,23897.70,515.50,0,0,0,0.00,0,F1,65,,,,,
2026-09-04,2026-09-04,FO,NSE,IDO,89648,,NIFTY,,2029-06-26,2029-06-26,33000.00,CE,NIFTY29JUN33000CE,0.00,0.00,0.00,4179.45,0.00,4179.45,23897.70,1294.55,0,0,0,0.00,0,F1,65,,,,,
2026-09-04,2026-09-04,FO,NSE,IDO,55754,,NIFTY,,2030-12-31,2030-12-31,24000.00,CE,NIFTY30DEC24000CE,0.00,0.00,0.00,8563.30,0.00,8563.30,23897.70,6526.10,0,0,0,0.00,0,F1,65,,,,,
2026-09-04,2026-09-04,FO,NSE,IDO,42640,,NIFTY,,2026-09-08,2026-09-08,24000.00,PE,NIFTY2690824000PE,118.00,138.00,85.00,105.20,103.50,146.90,23897.70,105.20,6590285,-801775,5505649,8625693095672.25,2473175,F1,65,,,,,
2026-09-04,2026-09-04,FO,NSE,IDO,42724,,NIFTY,,2026-09-08,2026-09-08,25600.00,PE,NIFTY2690825600PE,1619.45,1619.45,1619.45,1619.45,1619.45,1586.00,23897.70,1685.70,715,65,1,1769264.25,1,F1,65,,,,,
2026-09-04,2026-09-04,FO,NSE,IDO,42762,,NIFTY,,2026-09-08,2026-09-08,26200.00,PE,NIFTY2690826200PE,0.00,0.00,0.00,2190.00,2190.00,2190.00,23897.70,2285.31,2405,0,0,0.00,0,F1,65,,,,,
2026-09-04,2026-09-04,FO,NSE,IDO,47225,,NIFTY,,2026-09-15,2026-09-15,22100.00,PE,NIFTY2691522100PE,2.50,3.60,2.50,3.35,3.15,7.80,23897.70,3.35,1842295,1842295,45134,64844875221.75,8114,F1,65,,,,,
2026-09-04,2026-09-04,FO,NSE,IDO,86146,,NIFTY,,2028-06-27,2028-06-27,21000.00,PE,NIFTY28JUN21000PE,0.00,0.00,0.00,907.20,0.00,907.20,23897.70,286.63,0,0,0,0.00,0,F1,65,,,,,
2026-09-04,2026-09-04,FO,NSE,IDO,47257,,NIFTY,,2026-09-15,2026-09-15,22500.00,CE,NIFTY2691522500CE,0.00,0.00,0.00,1563.35,1563.35,1563.35,23897.70,1440.66,65,0,0,0.00,0,F1,65,,,,,
2026-09-04,2026-09-04,FO,NSE,IDO,47332,,NIFTY,,2026-09-15,2026-09-15,24300.00,PE,NIFTY2691524300PE,357.15,378.95,301.00,344.85,348.00,387.45,23897.70,344.85,187135,-16445,4169,6675749541.50,2800,F1,65,,,,,
2026-09-04,2026-09-04,FO,NSE,IDO,47343,,NIFTY,,2026-09-15,2026-09-15,24550.00,PE,NIFTY2691524550PE,522.00,568.45,510.00,568.45,568.45,630.10,23897.70,568.45,5070,-520,35,57067218.00,19,F1,65,,,,,
2026-09-04,2026-09-04,FO,NSE,IDO,47368,,NIFTY,,2026-09-15,2026-09-15,25100.00,PE,NIFTY2691525100PE,1102.00,1102.00,1095.00,1095.00,1095.00,1109.35,23897.70,1169.90,325,0,2,3405805.00,2,F1,65,,,,,
2026-09-04,2026-09-04,FO,NSE,IDO,47372,,NIFTY,,2026-09-15,2026-09-15,25200.00,PE,NIFTY2691525200PE,0.00,0.00,0.00,1181.20,1181.20,1181.20,23897.70,1266.02,0,0,0,0.00,0,F1,65,,,,,
2026-09-04,2026-09-04,FO,NSE,IDO,56908,,NIFTY,,2026-09-22,2026-09-22,22750.00,PE,NIFTY2692222750PE,0.00,0.00,0.00,55.05,0.00,55.05,23897.70,26.15,0,0,0,0.00,0,F1,65,,,,,
2026-09-04,2026-09-04,FO,NSE,IDO,57889,,NIFTY,,2026-09-22,2026-09-22,25300.00,PE,NIFTY2692225300PE,0.00,0.00,0.00,1150.25,0.00,1150.25,23897.70,1352.83,0,0,0,0.00,0,F1,65,,,,,
2026-09-04,2026-09-04,FO,NSE,IDO,58008,,NIFTY,,2026-09-22,2026-09-22,25750.00,PE,NIFTY2692225750PE,0.00,0.00,0.00,1525.75,0.00,1525.75,23897.70,1784.33,0,0,0,0.00,0,F1,65,,,,,
2026-09-04,2026-09-04,FO,NSE,IDO,55285,,NIFTY,,2026-09-29,2026-09-29,22500.00,PE,NIFTY26SEP22500PE,15.25,15.45,11.50,11.90,11.60,16.65,23897.70,11.90,2323230,82160,12019,17587828833.25,5176,F1,65,,,,,
2026-09-04,2026-09-04,FO,NSE,IDO,73888,,NIFTY,,2026-09-29,2026-09-29,22600.00,PE,NIFTY26SEP22600PE,18.90,18.90,12.85,13.20,12.95,18.90,23897.70,13.20,340405,-7995,2367,3479376303.00,1332,F1,65,,,,,
2026-09-04,2026-09-04,FO,NSE,IDO,74057,,NIFTY,,2026-09-29,2026-09-29,23900.00,PE,NIFTY26SEP23900PE,213.45,213.45,155.60,173.60,172.45,209.25,23897.70,173.60,998920,-40300,27718,43373138471.00,17954,F1,65,,,,,
2026-09-04,2026-09-04,FO,NSE,IDO,74108,,NIFTY,,2026-09-29,2026-09-29,24300.00,PE,NIFTY26SEP24300PE,444.00,444.00,336.90,377.55,377.00,424.40,23897.70,377.55,3820960,-78910,13882,22257328466.75,8804,F1,65,,,,,
2026-09-04,2026-09-04,FO,NSE,IDO,74433,,NIFTY,,2026-09-29,2026-09-29,25950.00,PE,NIFTY26SEP25950PE,0.00,0.00,0.00,1299.00,1299.00,1299.00,23897.70,1959.70,65,0,0,0.00,0,F1,65,,,,,
2026-09-04,2026-09-04,FO,NSE,IDO,65924,,NIFTY,,2026-09-29,2026-09-29,30000.00,PE,NIFTY26SEP30000PE,5980.70,5980.70,5869.00,5943.00,5943.00,5948.85,23897.70,5943.00,142935,-845,62,144721271.50,37,F1,65,,,,,
2026-09-04,2026-09-04,FO,NSE,IDO,40681,,NIFTY,,2026-10-06,2026-10-06,22300.00,PE,NIFTY26O0622300PE,0.00,0.00,0.00,24.55,0.00,24.55,23897.70,26.63,0,0,0,0.00,0,F1,65,,,,,
2026-09-04,2026-09-04,FO,NSE,IDO,40794,,NIFTY,,2026-10-06,2026-10-06,24000.00,PE,NIFTY26O0624000PE,246.70,249.00,211.65,230.95,232.60,260.40,23897.70,230.95,8710,5070,224,352724323.25,139,F1,65,,,,,
2026-09-04,2026-09-04,FO,NSE,IDO,40872,,NIFTY,,2026-10-06,2026-10-06,25150.00,PE,NIFTY26O0625150PE,0.00,0.00,0.00,1102.00,0.00,1102.00,23897.70,1214.99,0,0,0,0.00,0,F1,65,,,,,
2026-09-04,2026-09-04,FO,NSE,IDO,40878,,NIFTY,,2026-10-06,2026-10-06,25300.00,PE,NIFTY26O0625300PE,0.00,0.00,0.00,1222.15,0.00,1222.15,23897.70,1342.08,0,0,0,0.00,0,F1,65,,,,,
2026-09-04,2026-09-04,FO,NSE,IDO,51359,,NIFTY,,2026-10-27,2026-10-27,23150.00,PE,NIFTY26OCT23150PE,0.00,0.00,0.00,327.65,0.00,327.65,23897.70,213.67,0,0,0,0.00,0,F1,65,,,,,
2026-09-04,2026-09-04,FO,NSE,IDO,64432,,NIFTY,,2026-11-23,2026-11-23,24800.00,PE,NIFTY26NOV24800PE,762.00,762.00,725.00,725.00,725.00,756.95,23897.70,1032.70,3380,975,15,24889280.00,7,F1,65,,,,,
2026-09-04,2026-09-04,FO,NSE,IDO,64488,,NIFTY,,2026-11-23,2026-11-23,25750.00,PE,NIFTY26NOV25750PE,0.00,0.00,0.00,1419.55,0.00,1419.55,23897.70,1709.90,0,0,0,0.00,0,F1,65,,,,,
2026-09-04,2026-09-04,FO,NSE,IDO,64490,,NIFTY,,2026-11-23,2026-11-23,25800.00,PE,NIFTY26NOV25800PE,0.00,0.00,0.00,1454.80,0.00,1454.80,23897.70,1749.58,0,0,0,0.00,0,F1,65,,,,,
2026-09-04,2026-09-04,FO,NSE,IDO,58649,,NIFTY,,2026-12-29,2026-12-29,22000.00,PE,NIFTY26DEC22000PE,78.00,79.55,70.15,74.20,73.40,82.00,23897.70,74.20,1915230,74460,6051,8681997060.75,3514,F1,65,,,,,
2026-09-04,2026-09-04,FO,NSE,IDO,35237,,NIFTY,,2026-12-29,2026-12-29,30000.00,PE,NIFTY26DEC30000PE,5435.80,5435.80,5325.00,5395.00,5395.00,5425.00,23897.70,5395.00,383965,910,43,98848197.50,34,F1,65,,,,,
2026-09-04,2026-09-04,FO,NSE,IDO,57082,,NIFTY,,2026-09-22,2026-09-22,23750.00,CE,NIFTY2692223750CE,379.15,417.35,365.10,372.30,365.10,349.55,23897.70,372.30,2145,-1820,72,112969714.00,51,F1,65,,,,,
2026-09-04,2026-09-04,FO,NSE,IDO,74395,,NIFTY,,2026-09-29,2026-09-29,25450.00,CE,NIFTY26SEP25450CE,8.10,8.10,6.35,6.95,6.35,9.00,23897.70,6.95,84825,2340,851,1408184069.50,702,F1,65,,,,,
2026-09-04,2026-09-04,FO,NSE,IDO,74495,,NIFTY,,2026-09-29,2026-09-29,26850.00,CE,NIFTY26SEP26850CE,1.80,2.10,1.70,1.80,1.80,2.40,23897.70,1.80,4030,-845,79,137884178.25,15,F1,65,,,,,
2026-09-04,2026-09-04,FO,NSE,IDO,55288,,NIFTY,,2026-09-29,2026-09-29,28500.00,CE,NIFTY26SEP28500CE,0.90,0.90,0.70,0.75,0.70,0.90,23897.70,0.75,560040,-4745,1063,1969260039.50,172,F1,65,,,,,
2026-09-04,2026-09-04,FO,NSE,IDO,40671,,NIFTY,,2026-10-06,2026-10-06,22100.00,CE,NIFTY26O0622100CE,0.00,0.00,0.00,2099.10,0.00,2099.10,23897.70,1938.86,0,0,0,0.00,0,F1,65,,,,,
2026-09-04,2026-09-04,FO,NSE,IDO,40701,,NIFTY,,2026-10-06,2026-10-06,22600.00,CE,NIFTY26O0622600CE,0.00,0.00,0.00,1631.85,0.00,1631.85,23897.70,1475.25,0,0,0,0.00,0,F1,65,,,,,
2026-09-04,2026-09-04,FO,NSE,IDO,40865,,NIFTY,,2026-10-06,2026-10-06,25000.00,CE,NIFTY26O0625000CE,0.00,0.00,0.00,188.10,0.00,188.10,23897.70,130.97,0,0,0,0.00,0,F1,65,,,,,
2026-09-04,2026-09-04,FO,NSE,IDO,51344,,NIFTY,,2026-10-27,2026-10-27,22800.00,CE,NIFTY26OCT22800CE,1420.00,1420.00,1420.00,1420.00,1420.00,1767.20,23897.70,1445.96,65,65,1,1574300.00,1,F1,65,,,,,
2026-09-04,2026-09-04,FO,NSE,IDO,51400,,NIFTY,,2026-10-27,2026-10-27,24150.00,CE,NIFTY26OCT24150CE,364.30,406.85,357.95,362.10,358.35,347.05,23897.70,362.10,98605,27560,656,1046079199.75,478,F1,65,,,,,
2026-09-04,2026-09-04,FO,NSE,IDO,51450,,NIFTY,,2026-10-27,2026-10-27,25250.00,CE,NIFTY26OCT25250CE,0.00,0.00,0.00,447.85,0.00,447.85,23897.70,195.67,0,0,0,0.00,0,F1,65,,,,,
2026-09-04,2026-09-04,FO,NSE,IDO,51470,,NIFTY,,2026-10-27,2026-10-27,25550.00,CE,NIFTY26OCT25550CE,0.00,0.00,0.00,361.35,0.00,361.35,23897.70,139.09,0,0,0,0.00,0,F1,65,,,,,
2026-09-04,2026-09-04,FO,NSE,IDO,64433,,NIFTY,,2026-11-23,2026-11-23,24850.00,CE,NIFTY26NOV24850CE,0.00,0.00,0.00,714.05,0.00,714.05,23897.70,460.23,0,0,0,0.00,0,F1,65,,,,,
2026-09-04,2026-09-04,FO,NSE,IDO,71503,,NIFTY,,2026-12-29,2026-12-29,25000.00,CE,NIFTY26DEC25000CE,333.00,353.40,324.10,326.80,325.00,324.55,23897.70,326.80,2594745,25130,5710,9403491324.50,3462,F1,65,,,,,
2026-09-04,2026-09-04,FO,NSE,IDO,80268,,NIFTY,,2027-03-30,2027-03-30,21000.00,CE,NIFTY27MAR21000CE,0.00,0.00,0.00,3711.00,3711.00,3711.00,23897.70,3753.33,6695,0,0,0.00,0,F1,65,,,,,
2026-09-04,2026-09-04,FO,NSE,IDO,50981,,NIFTY,,2027-06-29,2027-06-29,27000.00,CE,NIFTY27JUN27000CE,0.00,0.00,0.00,385.00,385.00,385.00,23897.70,727.46,1495,0,0,0.00,0,F1,65,,,,,
2026-09-04,2026-09-04,FO,NSE,IDO,53603,,NIFTY,,2027-12-28,2027-12-28,18000.00,CE,NIFTY27DEC18000CE,0.00,0.00,0.00,6285.70,0.00,6285.70,23897.70,7389.75,0,0,0,0.00,0,F1,65,,,,,
2026-09-04,2026-09-04,FO,NSE,IDO,42566,,NIFTY,,2026-09-08,2026-09-08,22350.00,PE,NIFTY2690822350PE,1.05,1.45,0.75,0.90,0.75,1.20,23897.70,0.90,2208310,-291785,139817,203128481445.50,20096,F1,65,,,,,
2026-09-04,2026-09-04,FO,NSE,IDO,42614,,NIFTY,,2026-09-08,2026-09-08,23500.00,PE,NIFTY2690823500PE,13.50,13.50,3.80,4.70,4.10,10.55,23897.70,4.70,10395840,-149110,1174754,1794920524439.25,240599,F1,65,,,,,
2026-09-04,2026-09-04,FO,NSE,IDO,42682,,NIFTY,,2026-09-08,2026-09-08,24950.00,PE,NIFTY2690824950PE,763.55,995.00,763.55,978.60,978.60,1000.10,23897.70,1036.85,1755,520,32,53794819.00,15,F1,65,,,,,
2026-09-04,2026-09-04,FO,NSE,IDO,42710,,NIFTY,,2026-09-08,2026-09-08,25450.00,PE,NIFTY2690825450PE,0.00,0.00,0.00,1493.35,1493.35,1493.35,23897.70,1535.80,650,0,0,0.00,0,F1,65,,,,,
2026-09-04,2026-09-04,FO,NSE,IDO,47278,,NIFTY,,2026-09-15,2026-09-15,23000.00,PE,NIFTY2691523000PE,10.00,10.00,5.60,6.05,5.90,9.70,23897.70,6.05,1393600,617695,43418,64929462117.00,15366,F1,65,,,,,
2026-09-04,2026-09-04,FO,NSE,IDO,47362,,NIFTY,,2026-09-15,2026-09-15,24950.00,PE,NIFTY2691524950PE,0.00,0.00,0.00,689.20,0.00,689.20,23897.70,1028.28,0,0,0,0.00,0,F1,65,,,,,
2026-09-04,2026-09-04,FO,NSE,IDO,47384,,NIFTY,,2026-09-15,2026-09-15,25350.00,PE,NIFTY2691525350PE,0.00,0.00,0.00,956.10,0.00,956.10,23897.70,1412.04,0,0,0,0.00,0,F1,65,,,,,
2026-09-04,2026-09-04,FO,NSE,IDO,56820,,NIFTY,,2026-09-22,2026-09-22,22150.00,PE,NIFTY2692222150PE,0.00,0.00,0.00,16.05,0.00,16.05,23897.70,3.77,0,0,0,0.00,0,F1,65,,,,,
2026-09-04,2026-09-04,FO,NSE,IDO,56996,,NIFTY,,2026-09-22,2026-09-22,23350.00,PE,NIFTY2692223350PE,0.00,0.00,0.00,149.80,0.00,149.80,23897.70,112.87,0,0,0,0.00,0,F1,65,,,,,
2026-09-04,2026-09-04,FO,NSE,IDO,57723,,NIFTY,,2026-09-22,2026-09-22,24750.00,PE,NIFTY2692224750PE,0.00,0.00,0.00,752.65,0.00,752.65,23897.70,866.13,0,0,0,0.00,0,F1,65,,,,,
2026-09-04,2026-09-04,FO,NSE,IDO,73806,,NIFTY,,2026-09-29,2026-09-29,21600.00,PE,NIFTY26SEP21600PE,7.60,7.75,7.00,7.45,7.00,8.00,23897.70,7.45,258765,17550,1202,1688188427.25,606,F1,65,,,,,
2026-09-04,2026-09-04,FO,NSE,IDO,74364,,NIFTY,,2026-09-29,2026-09-29,24950.00,PE,NIFTY26SEP24950PE,0.00,0.00,0.00,942.55,942.55,942.55,23897.70,1047.89,4940,0,0,0.00,0,F1,65,,,,,
2026-09-04,2026-09-04,FO,NSE,IDO,74417,,NIFTY,,2026-09-29,2026-09-29,25700.00,PE,NIFTY26SEP25700PE,0.00,0.00,0.00,1561.45,1561.45,1561.45,23897.70,1720.23,12025,0,0,0.00,0,F1,65,,,,,
2026-09-04,2026-09-04,FO,NSE,IDO,40792,,NIFTY,,2026-10-06,2026-10-06,23950.00,PE,NIFTY26O0623950PE,230.00,232.00,200.05,211.50,213.90,232.90,23897.70,211.50,1105,585,22,34566044.50,14,F1,65,,,,,
2026-09-04,2026-09-04,FO,NSE,IDO,40812,,NIFTY,,2026-10-06,2026-10-06,24200.00,PE,NIFTY26O0624200PE,0.00,0.00,0.00,480.05,0.00,480.05,23897.70,540.72,0,0,0,0.00,0,F1,65,,,,,
2026-09-04,2026-09-04,FO,NSE,IDO,51327,,NIFTY,,2026-10-27,2026-10-27,22400.00,PE,NIFTY26OCT22400PE,34.00,34.00,27.00,29.75,30.90,34.00,23897.70,29.75,42380,-390,54,78735371.00,30,F1,65,,,,,
2026-09-04,2026-09-04,FO,NSE,IDO,51419,,NIFTY,,2026-10-27,2026-10-27,24500.00,PE,NIFTY26OCT24500PE,555.50,567.05,503.85,543.60,545.00,587.15,23897.70,543.60,633425,13000,1877,3054272900.25,1528,F1,65,,,,,
2026-09-04,2026-09-04,FO,NSE,IDO,51423,,NIFTY,,2026-10-27,2026-10-27,24600.00,PE,NIFTY26OCT24600PE,621.05,621.25,566.95,600.85,611.00,655.70,23897.70,600.85,98345,-975,98,160522859.25,81,F1,65,,,,,
2026-09-04,2026-09-04,FO,NSE,IDO,51435,,NIFTY,,2026-10-27,2026-10-27,24900.00,PE,NIFTY26OCT24900PE,829.00,836.00,780.00,819.45,819.05,873.85,23897.70,819.45,77870,1365,54,90263127.50,44,F1,65,,,,,
2026-09-04,2026-09-04,FO,NSE,IDO,64277,,NIFTY,,2026-11-23,2026-11-23,22450.00,PE,NIFTY26NOV22450PE,0.00,0.00,0.00,108.55,0.00,108.55,23897.70,137.49,0,0,0,0.00,0,F1,65,,,,,
2026-09-04,2026-09-04,FO,NSE,IDO,64455,,NIFTY,,2026-11-23,2026-11-23,25250.00,PE,NIFTY26NOV25250PE,0.00,0.00,0.00,1090.70,0.00,1090.70,23897.70,1333.73,0,0,0,0.00,0,F1,65,,,,,
2026-09-04,2026-09-04,FO,NSE,IDO,64476,,NIFTY,,2026-11-23,2026-11-23,25550.00,PE,NIFTY26NOV25550PE,0.00,0.00,0.00,1282.80,0.00,1282.80,23897.70,1554.79,0,0,0,0.00,0,F1,65,,,,,
2026-09-04,2026-09-04,FO,NSE,IDO,37810,,NIFTY,,2026-12-29,2026-12-29,23000.00,PE,NIFTY26DEC23000PE,196.85,196.90,159.05,167.10,167.00,184.75,23897.70,167.10,3034505,84835,6630,9984102267.75,3195,F1,65,,,,,
2026-09-04,2026-09-04,FO,NSE,IDO,53632,,NIFTY,,2027-12-28,2027-12-28,27000.00,PE,NIFTY27DEC27000PE,1800.00,1800.00,1700.00,1721.85,1720.65,1804.85,23897.70,1721.85,51180,1820,59,110252450.75,51,F1,65,,,,,
2026-09-04,2026-09-04,FO,NSE,IDO,55477,,NIFTY,,2028-06-27,2028-06-27,25500.00,PE,NIFTY28JUN25500PE,0.00,0.00,0.00,667.45,0.00,667.45,23897.70,1450.42,0,0,0,0.00,0,F1,65,,,,,
2026-09-04,2026-09-04,FO,NSE,IDF,68407,,NIFTY,,2026-09-29,2026-09-29,,,NIFTY26SEPFUT,24041.00,24120.00,24025.00,24048.10,24048.00,24000.10,23897.70,24048.10,16814460,-173485,28252,44198251552.00,18788,F1,65,,,,,
2026-09-04,2026-09-04,FO,NSE,IDO,42567,,NIFTY,,2026-09-08,2026-09-08,22400.00,CE,NIFTY2690822400CE,0.00,0.00,0.00,2357.75,0.00,2357.75,23897.70,1512.23,0,0,0,0.00,0,F1,65,,,,,
2026-09-04,2026-09-04,FO,NSE,IDO,42581,,NIFTY,,2026-09-08,2026-09-08,22750.00,CE,NIFTY2690822750CE,0.00,0.00,0.00,2023.95,0.00,2023.95,23897.70,1162.62,0,0,0,0.00,0,F1,65,,,,,
2026-09-04,2026-09-04,FO,NSE,IDO,42641,,NIFTY,,2026-09-08,2026-09-08,24050.00,CE,NIFTY2690824050CE,60.00,89.00,43.45,49.45,46.80,56.05,23897.70,49.45,7066280,-725855,3318427,5201466835617.00,1358842,F1,65,,,,,
2026-09-04,2026-09-04,FO,NSE,IDO,42694,,NIFTY,,2026-09-08,2026-09-08,25150.00,CE,NIFTY2690825150CE,1.10,1.20,0.70,0.80,0.70,1.30,23897.70,0.80,551785,-58955,46025,75242102880.75,8062,F1,65,,,,,
2026-09-04,2026-09-04,FO,NSE,IDO,47319,,NIFTY,,2026-09-15,2026-09-15,24000.00,CE,NIFTY2691524000CE,150.20,193.45,139.50,146.20,144.90,143.20,23897.70,146.20,1986920,276705,118802,186595831864.00,76029,F1,65,,,,,
2026-09-04,2026-09-04,FO,NSE,IDO,47373,,NIFTY,,2026-09-15,2026-09-15,25250.00,CE,NIFTY2691525250CE,2.45,6.40,1.85,2.15,2.00,3.10,23897.70,2.15,64090,42055,4798,7875400861.25,2157,F1,65,,,,,
2026-09-04,2026-09-04,FO,NSE,IDO,42651,,NIFTY,,2026-09-08,2026-09-08,24300.00,CE,NIFTY2690824300CE,11.50,15.50,5.00,6.65,5.70,12.05,23897.70,6.65,10487945,275665,1752784,2769732623131.50,397707,F1,65,,,,,
2026-09-04,2026-09-04,FO,NSE,IDO,42635,,NIFTY,,2026-09-08,2026-09-08,23900.00,CE,NIFTY2690823900CE,145.00,180.50,112.00,123.80,119.60,120.95,23897.70,123.80,5027750,-2745275,3733592,5834975286884.25,1914158,F1,65,,,,,
2026-09-04,2026-09-04,FO,NSE,IDO,74644,,NIFTY,,2031-06-24,2031-06-24,19500.00,PE,NIFTY31JUN19500PE,0.00,0.00,0.00,289.20,0.00,289.20,23897.70,205.15,0,0,0,0.00,0,F1,65,,,,,
2026-09-04,2026-09-04,FO,NSE,IDO,61747,,NIFTY,,2029-12-24,2029-12-24,23000.00,PE,NIFTY29DEC23000PE,0.00,0.00,0.00,725.00,725.00,725.00,23897.70,654.20,1560,0,0,0.00,0,F1,65,,,,,
2026-09-04,2026-09-04,FO,NSE,IDO,64496,,NIFTY,,2026-11-23,2026-11-23,25950.00,PE,NIFTY26NOV25950PE,0.00,0.00,0.00,1562.80,0.00,1562.80,23897.70,1870.69,0,0,0,0.00,0,F1,65,,,,,
2026-09-04,2026-09-04,FO,NSE,IDO,64428,,NIFTY,,2026-11-23,2026-11-23,24750.00,PE,NIFTY26NOV24750PE,0.00,0.00,0.00,807.55,0.00,807.55,23897.70,1001.67,0,0,0,0.00,0,F1,65,,,,,
2026-09-04,2026-09-04,FO,NSE,IDO,64420,,NIFTY,,2026-11-23,2026-11-23,24550.00,PE,NIFTY26NOV24550PE,599.30,599.30,599.30,599.30,599.30,660.00,23897.70,599.30,975,0,1,1634704.50,1,F1,65,,,,,
2026-09-04,2026-09-04,FO,NSE,IDO,64390,,NIFTY,,2026-11-23,2026-11-23,23850.00,PE,NIFTY26NOV23850PE,292.25,292.25,292.25,292.25,292.25,313.35,23897.70,292.25,2665,65,1,1569246.25,1,F1,65,,,,,
2026-09-04,2026-09-04,FO,NSE,IDO,64362,,NIFTY,,2026-11-23,2026-11-23,23400.00,PE,NIFTY26NOV23400PE,181.00,181.00,165.05,172.75,172.75,193.55,23897.70,172.75,6435,4550,88,134810867.75,39,F1,65,,,,,
2026-09-04,2026-09-04,FO,NSE,IDO,64352,,NIFTY,,2026-11-23,2026-11-23,23200.00,PE,NIFTY26NOV23200PE,141.10,141.10,130.50,137.45,137.15,152.30,23897.70,137.45,9750,2080,121,183529619.00,68,F1,65,,,,,
2026-09-04,2026-09-04,FO,NSE,IDO,64324,,NIFTY,,2026-11-23,2026-11-23,22850.00,PE,NIFTY26NOV22850PE,0.00,0.00,0.00,168.05,0.00,168.05,23897.70,213.74,0,0,0,0.00,0,F1,65,,,,,
2026-09-04,2026-09-04,FO,NSE,IDO,51491,,NIFTY,,2026-10-27,2026-10-27,26000.00,PE,NIFTY26OCT26000PE,1836.00,1846.55,1760.00,1822.00,1823.15,1867.40,23897.70,1822.00,243425,11115,234,422989508.50,215,F1,65,,,,,
2026-09-04,2026-09-04,FO,NSE,IDO,51353,,NIFTY,,2026-10-27,2026-10-27,23000.00,PE,NIFTY26OCT23000PE,80.35,80.35,62.00,65.85,66.60,80.35,23897.70,65.85,1163825,-57915,7054,10576440410.25,3672,F1,65,,,,,
2026-09-04,2026-09-04,FO,NSE,IDO,40880,,NIFTY,,2026-10-06,2026-10-06,25350.00,PE,NIFTY26O0625350PE,0.00,0.00,0.00,1263.25,0.00,1263.25,23897.70,1385.36,0,0,0,0.00,0,F1,65,,,,,
2026-09-04,2026-09-04,FO,NSE,IDO,40744,,NIFTY,,2026-10-06,2026-10-06,23150.00,PE,NIFTY26O0623150PE,0.00,0.00,0.00,120.75,120.75,120.75,23897.70,135.94,130,0,0,0.00,0,F1,65,,,,,
2026-09-04,2026-09-04,FO,NSE,IDO,74504,,NIFTY,,2026-09-29,2026-09-29,27100.00,PE,NIFTY26SEP27100PE,0.00,0.00,0.00,2914.15,0.00,2914.15,23897.70,3093.20,0,0,0,0.00,0,F1,65,,,,,
2026-09-04,2026-09-04,FO,NSE,IDO,74394,,NIFTY,,2026-09-29,2026-09-29,25400.00,PE,NIFTY26SEP25400PE,1373.25,1373.25,1335.80,1335.80,1335.80,1320.00,23897.70,1440.82,31395,-130,3,5216744.00,3,F1,65,,,,,
2026-09-04,2026-09-04,FO,NSE,IDO,73922,,NIFTY,,2026-09-29,2026-09-29,23250.00,PE,NIFTY26SEP23250PE,55.00,55.00,36.70,39.20,39.05,54.70,23897.70,39.20,108355,-4225,1008,1526001961.25,533,F1,65,,,,,
2026-09-04,2026-09-04,FO,NSE,IDO,57874,,NIFTY,,2026-09-22,2026-09-22,25250.00,PE,NIFTY2692225250PE,0.00,0.00,0.00,1111.00,0.00,1111.00,23897.70,1306.23,0,0,0,0.00,0,F1,65,,,,,
2026-09-04,2026-09-04,FO,NSE,IDO,56956,,NIFTY,,2026-09-22,2026-09-22,23000.00,PE,NIFTY2692223000PE,20.00,20.00,12.80,13.45,14.50,20.50,23897.70,13.45,149175,42380,4338,6489477221.50,2530,F1,65,,,,,
2026-09-04,2026-09-04,FO,NSE,IDO,56938,,NIFTY,,2026-09-22,2026-09-22,22900.00,PE,NIFTY2692222900PE,0.00,0.00,0.00,72.20,0.00,72.20,23897.70,39.28,0,0,0,0.00,0,F1,65,,,,,
2026-09-04,2026-09-04,FO,NSE,IDO,47424,,NIFTY,,2026-09-15,2026-09-15,25950.00,PE,NIFTY2691525950PE,0.00,0.00,0.00,1430.00,0.00,1430.00,23897.70,2006.41,0,0,0,0.00,0,F1,65,,,,,
2026-09-04,2026-09-04,FO,NSE,IDO,47352,,NIFTY,,2026-09-15,2026-09-15,24750.00,PE,NIFTY2691524750PE,733.50,747.55,708.00,746.90,746.95,749.00,23897.70,746.90,2600,65,8,13250445.00,8,F1,65,,,,,
2026-09-04,2026-09-04,FO,NSE,IDO,47318,,NIFTY,,2026-09-15,2026-09-15,23950.00,PE,NIFTY2691523950PE,157.20,158.35,112.15,130.30,126.30,169.40,23897.70,130.30,296530,111865,35825,56072370230.50,24897,F1,65,,,,,
2026-09-04,2026-09-04,FO,NSE,IDO,42750,,NIFTY,,2026-09-08,2026-09-08,26050.00,PE,NIFTY2690826050PE,0.00,0.00,0.00,1397.80,0.00,1397.80,23897.70,2135.41,0,0,0,0.00,0,F1,65,,,,,
2026-09-04,2026-09-04,FO,NSE,IDO,42728,,NIFTY,,2026-09-08,2026-09-08,25700.00,PE,NIFTY2690825700PE,0.00,0.00,0.00,1116.50,0.00,1116.50,23897.70,1785.63,0,0,0,0.00,0,F1,65,,,,,
2026-09-04,2026-09-04,FO,NSE,IDO,42674,,NIFTY,,2026-09-08,2026-09-08,24800.00,PE,NIFTY2690824800PE,839.60,853.55,773.25,841.60,841.65,883.50,23897.70,841.60,81900,-2340,452,752881782.25,243,F1,65,,,,,
2026-09-04,2026-09-04,FO,NSE,IDO,42646,,NIFTY,,2026-09-08,2026-09-08,24150.00,PE,NIFTY2690824150PE,232.00,241.20,168.15,208.95,207.60,252.15,23897.70,208.95,758095,47320,286812,453926480858.50,176730,F1,65,,,,,
2026-09-04,2026-09-04,FO,NSE,IDO,42598,,NIFTY,,2026-09-08,2026-09-08,23150.00,PE,NIFTY2690823150PE,3.00,3.25,1.80,2.25,1.80,3.25,23897.70,2.25,1700595,522535,312999,471040498691.75,53913,F1,65,,,,,
2026-09-04,2026-09-04,FO,NSE,IDO,42590,,NIFTY,,2026-09-08,2026-09-08,22950.00,PE,NIFTY2690822950PE,2.40,2.50,1.25,1.70,1.40,2.40,23897.70,1.70,1499940,770640,184871,275805302805.50,34196,F1,65,,,,,
2026-09-04,2026-09-04,FO,NSE,IDO,55696,,NIFTY,,2030-12-31,2030-12-31,16500.00,CE,NIFTY30DEC16500CE,0.00,0.00,0.00,13763.55,0.00,13763.55,23897.70,11464.92,0,0,0,0.00,0,F1,65,,,,,
2026-09-04,2026-09-04,FO,NSE,IDO,55556,,NIFTY,,2029-06-26,2029-06-26,16500.00,CE,NIFTY29JUN16500CE,0.00,0.00,0.00,12587.95,0.00,12587.95,23897.70,10165.19,0,0,0,0.00,0,F1,65,,,,,
2026-09-04,2026-09-04,FO,NSE,IDO,55524,,NIFTY,,2028-12-26,2028-12-26,28500.00,CE,NIFTY28DEC28500CE,0.00,0.00,0.00,3608.65,0.00,3608.65,23897.70,2029.26,0,0,0,0.00,0,F1,65,,,,,
2026-09-04,2026-09-04,FO,NSE,IDO,55516,,NIFTY,,2028-12-26,2028-12-26,16500.00,CE,NIFTY28DEC16500CE,0.00,0.00,0.00,12176.65,0.00,12176.65,23897.70,9706.80,0,0,0,0.00,0,F1,65,,,,,
2026-09-04,2026-09-04,FO,NSE,IDO,55478,,NIFTY,,2028-06-27,2028-06-27,28500.00,CE,NIFTY28JUN28500CE,0.00,0.00,0.00,2990.00,0.00,2990.00,23897.70,1460.70,0,0,0,0.00,0,F1,65,,,,,
2026-09-04,2026-09-04,FO,NSE,IDO,55422,,NIFTY,,2027-12-28,2027-12-28,19500.00,CE,NIFTY27DEC19500CE,0.00,0.00,0.00,8684.70,0.00,8684.70,23897.70,6075.71,0,0,0,0.00,0,F1,65,,,,,
2026-09-04,2026-09-04,FO,NSE,IDO,71560,,NIFTY,,2027-06-29,2027-06-29,24000.00,CE,NIFTY27JUN24000CE,1721.00,1721.00,1682.00,1700.00,1700.00,1721.00,23897.70,1981.65,2620,195,6,10023848.25,6,F1,65,,,,,
2026-09-04,2026-09-04,FO,NSE,IDO,64473,,NIFTY,,2026-11-23,2026-11-23,25500.00,CE,NIFTY26NOV25500CE,79.05,82.05,73.25,74.55,74.10,76.35,23897.70,74.55,230620,36335,2101,3493060356.50,1371,F1,65,,,,,
2026-09-04,2026-09-04,FO,NSE,IDO,64462,,NIFTY,,2026-11-23,2026-11-23,25400.00,CE,NIFTY26NOV25400CE,0.00,0.00,0.00,496.65,0.00,496.65,23897.70,296.96,0,0,0,0.00,0,F1,65,,,,,
2026-09-04,2026-09-04,FO,NSE,IDO,64351,,NIFTY,,2026-11-23,2026-11-23,23200.00,CE,NIFTY26NOV23200CE,0.00,0.00,0.00,1717.30,0.00,1717.30,23897.70,1325.56,0,0,0,0.00,0,F1,65,,,,,
2026-09-04,2026-09-04,FO,NSE,IDO,64284,,NIFTY,,2026-11-23,2026-11-23,22550.00,CE,NIFTY26NOV22550CE,0.00,0.00,0.00,2241.10,0.00,2241.10,23897.70,1817.97,0,0,0,0.00,0,F1,65,,,,,
2026-09-04,2026-09-04,FO,NSE,IDO,64274,,NIFTY,,2026-11-23,2026-11-23,22400.00,CE,NIFTY26NOV22400CE,0.00,0.00,0.00,2369.80,0.00,2369.80,23897.70,1941.33,0,0,0,0.00,0,F1,65,,,,,
2026-09-04,2026-09-04,FO,NSE,IDO,51442,,NIFTY,,2026-10-27,2026-10-27,25050.00,CE,NIFTY26OCT25050CE,70.90,79.50,67.35,69.00,67.55,70.40,23897.70,69.00,13260,910,177,289029744.25,130,F1,65,,,,,
2026-09-04,2026-09-04,FO,NSE,IDO,51440,,NIFTY,,2026-10-27,2026-10-27,25000.00,CE,NIFTY26OCT25000CE,80.00,89.00,75.00,76.10,75.55,77.15,23897.70,76.10,1435785,76895,10766,17551348282.00,5916,F1,65,,,,,
2026-09-04,2026-09-04,FO,NSE,IDO,65929,,NIFTY,,2026-09-29,2026-09-29,33000.00,CE,NIFTY26SEP33000CE,0.85,1.00,0.65,0.80,0.65,0.75,23897.70,0.80,37440,-1170,54,115832739.75,12,F1,65,,,,,
2026-09-04,2026-09-04,FO,NSE,IDO,74491,,NIFTY,,2026-09-29,2026-09-29,26750.00,CE,NIFTY26SEP26750CE,2.05,2.05,2.05,2.05,2.05,1.65,23897.70,1.56,7800,0,1,1738883.25,1,F1,65,,,,,
2026-09-04,2026-09-04,FO,NSE,IDO,55286,,NIFTY,,2026-09-29,2026-09-29,25500.00,CE,NIFTY26SEP25500CE,8.60,8.60,6.40,6.70,6.80,8.40,23897.70,6.70,3110250,10920,16675,27646620569.75,8050,F1,65,,,,,
2026-09-04,2026-09-04,FO,NSE,IDO,73895,,NIFTY,,2026-09-29,2026-09-29,22800.00,CE,NIFTY26SEP22800CE,1305.00,1305.00,1265.00,1265.00,1265.00,1218.00,23897.70,1242.57,2665,-65,2,3131050.00,2,F1,65,,,,,
2026-09-04,2026-09-04,FO,NSE,IDO,73893,,NIFTY,,2026-09-29,2026-09-29,22750.00,CE,NIFTY26SEP22750CE,0.00,0.00,0.00,1548.85,1548.85,1548.85,23897.70,1286.87,195,0,0,0.00,0,F1,65,,,,,
2026-09-04,2026-09-04,FO,NSE,IDO,73831,,NIFTY,,2026-09-29,2026-09-29,21650.00,CE,NIFTY26SEP21650CE,0.00,0.00,0.00,2300.00,2300.00,2300.00,23897.70,2337.49,65,0,0,0.00,0,F1,65,,,,,
2026-09-04,2026-09-04,FO,NSE,IDO,57916,,NIFTY,,2026-09-22,2026-09-22,25450.00,CE,NIFTY2692225450CE,4.60,4.60,4.60,4.60,4.60,4.60,23897.70,16.43,3380,260,4,6618196.00,1,F1,65,,,,,
2026-09-04,2026-09-04,FO,NSE,IDO,47356,,NIFTY,,2026-09-15,2026-09-15,24850.00,CE,NIFTY2691524850CE,4.95,5.65,3.85,4.15,3.90,5.75,23897.70,4.15,113035,66105,6714,10846773512.25,4251,F1,65,,,,,
2026-09-04,2026-09-04,FO,NSE,IDO,47297,,NIFTY,,2026-09-15,2026-09-15,23500.00,CE,NIFTY2691523500CE,520.05,582.00,505.00,521.00,515.85,482.75,23897.70,521.00,64610,6500,2004,3131526638.50,1419,F1,65,,,,,
2026-09-04,2026-09-04,FO,NSE,IDO,47295,,NIFTY,,2026-09-15,2026-09-15,23450.00,CE,NIFTY2691523450CE,586.70,593.05,556.00,566.25,561.10,580.90,23897.70,566.25,455,390,16,24988583.75,16,F1,65,,,,,
2026-09-04,2026-09-04,FO,NSE,IDO,42725,,NIFTY,,2026-09-08,2026-09-08,25650.00,CE,NIFTY2690825650CE,0.65,0.75,0.45,0.50,0.50,0.70,23897.70,0.50,409435,3575,12770,21291279886.50,2603,F1,65,,,,,
2026-09-04,2026-09-04,FO,NSE,IDO,74500,,NIFTY,,2026-09-29,2026-09-29,26950.00,PE,NIFTY26SEP26950PE,0.00,0.00,0.00,2780.25,0.00,2780.25,23897.70,2944.12,0,0,0,0.00,0,F1,65,,,,,
2026-09-04,2026-09-04,FO,NSE,IDO,42763,,NIFTY,,2026-09-08,2026-09-08,26250.00,CE,NIFTY2690826250CE,0.65,0.65,0.40,0.45,0.40,0.65,23897.70,0.45,83915,30095,4115,7021346176.00,1094,F1,65,,,,,
2026-09-04,2026-09-04,FO,NSE,IDO,42677,,NIFTY,,2026-09-08,2026-09-08,24900.00,CE,NIFTY2690824900CE,1.70,1.70,0.95,1.15,1.00,1.90,23897.70,1.15,3410875,-130780,335464,542976722749.50,50376,F1,65,,,,,
2026-09-04,2026-09-04,FO,NSE,IDO,47385,,NIFTY,,2026-09-15,2026-09-15,25400.00,CE,NIFTY2691525400CE,1.90,2.10,1.45,1.65,1.65,2.30,23897.70,1.65,185835,105040,7244,11960618985.25,3161,F1,65,,,,,
2026-09-04,2026-09-04,FO,NSE,IDO,56957,,NIFTY,,2026-09-22,2026-09-22,23050.00,CE,NIFTY2692223050CE,0.00,0.00,0.00,1331.55,0.00,1331.55,23897.70,972.24,0,0,0,0.00,0,F1,65,,,,,
2026-09-04,2026-09-04,FO,NSE,IDO,58040,,NIFTY,,2026-09-22,2026-09-22,26100.00,CE,NIFTY2692226100CE,2.35,2.40,2.20,2.30,2.20,2.25,23897.70,2.30,3510,455,9,15269874.75,6,F1,65,,,,,
2026-09-04,2026-09-04,FO,NSE,IDO,74414,,NIFTY,,2026-09-29,2026-09-29,25650.00,CE,NIFTY26SEP25650CE,6.10,6.10,5.65,6.05,6.05,6.70,23897.70,6.05,21190,-2080,64,106728420.50,29,F1,65,,,,,
2026-09-04,2026-09-04,FO,NSE,IDO,40673,,NIFTY,,2026-10-06,2026-10-06,22150.00,CE,NIFTY26O0622150CE,0.00,0.00,0.00,2051.30,0.00,2051.30,23897.70,1891.26,0,0,0,0.00,0,F1,65,,,,,
2026-09-04,2026-09-04,FO,NSE,IDO,40721,,NIFTY,,2026-10-06,2026-10-06,22900.00,CE,NIFTY26O0622900CE,0.00,0.00,0.00,1367.45,0.00,1367.45,23897.70,1215.44,0,0,0,0.00,0,F1,65,,,,,
2026-09-04,2026-09-04,FO,NSE,IDO,40885,,NIFTY,,2026-10-06,2026-10-06,25500.00,CE,NIFTY26O0625500CE,0.00,0.00,0.00,92.50,0.00,92.50,23897.70,58.95,0,0,0,0.00,0,F1,65,,,,,
2026-09-04,2026-09-04,FO,NSE,IDO,51338,,NIFTY,,2026-10-27,2026-10-27,22650.00,CE,NIFTY26OCT22650CE,0.00,0.00,0.00,1882.95,0.00,1882.95,23897.70,1569.07,0,0,0,0.00,0,F1,65,,,,,
2026-09-04,2026-09-04,FO,NSE,IDO,42558,,NIFTY,,2026-09-08,2026-09-08,22200.00,CE,NIFTY2690822200CE,0.00,0.00,0.00,2551.85,0.00,2551.85,23897.70,1712.10,0,0,0,0.00,0,F1,65,,,,,
2026-09-04,2026-09-04,FO,NSE,IDO,55523,,NIFTY,,2028-12-26,2028-12-26,25500.00,PE,NIFTY28DEC25500PE,0.00,0.00,0.00,648.20,0.00,648.20,23897.70,1386.82,0,0,0,0.00,0,F1,65,,,,,
2026-09-04,2026-09-04,FO,NSE,IDO,80310,,NIFTY,,2027-03-30,2027-03-30,30000.00,PE,NIFTY27MAR30000PE,0.00,0.00,0.00,4575.00,4575.00,4575.00,23897.70,5102.78,3120,0,0,0.00,0,F1,65,,,,,
2026-09-04,2026-09-04,FO,NSE,IDO,58644,,NIFTY,,2026-12-29,2026-12-29,20000.00,CE,NIFTY26DEC20000CE,4310.70,4375.55,4299.95,4308.30,4305.00,4268.45,23897.70,4308.30,596075,5005,137,216542030.25,78,F1,65,,,,,
2026-09-04,2026-09-04,FO,NSE,IDO,51351,,NIFTY,,2026-10-27,2026-10-27,22950.00,PE,NIFTY26OCT22950PE,0.00,0.00,0.00,274.90,0.00,274.90,23897.70,165.81,0,0,0,0.00,0,F1,65,,,,,
2026-09-04,2026-09-04,FO,NSE,IDO,51339,,NIFTY,,2026-10-27,2026-10-27,22650.00,PE,NIFTY26OCT22650PE,37.95,38.00,36.15,38.00,38.00,50.55,23897.70,110.55,5070,-325,7,10322906.75,4,F1,65,,,,,
2026-09-04,2026-09-04,FO,NSE,IDO,40676,,NIFTY,,2026-10-06,2026-10-06,22200.00,PE,NIFTY26O0622200PE,15.00,15.25,11.15,13.10,13.50,19.70,23897.70,13.10,2600,2340,76,109734066.00,29,F1,65,,,,,
2026-09-04,2026-09-04,FO,NSE,IDO,74498,,NIFTY,,2026-09-29,2026-09-29,26900.00,PE,NIFTY26SEP26900PE,2776.00,2776.00,2776.00,2776.00,2776.00,2127.90,23897.70,2894.46,65,0,1,1928940.00,1,F1,65,,,,,
2026-09-04,2026-09-04,FO,NSE,IDO,74046,,NIFTY,,2026-09-29,2026-09-29,23800.00,PE,NIFTY26SEP23800PE,177.60,177.60,125.40,140.20,140.00,172.00,23897.70,140.20,2090335,157560,29355,45683292674.50,18089,F1,65,,,,,
2026-09-04,2026-09-04,FO,NSE,IDO,73905,,NIFTY,,2026-09-29,2026-09-29,23050.00,PE,NIFTY26SEP23050PE,33.15,33.55,24.80,25.75,25.55,37.00,23897.70,25.75,103480,-3770,691,1036487185.50,517,F1,65,,,,,
2026-09-04,2026-09-04,FO,NSE,IDO,47240,,NIFTY,,2026-09-15,2026-09-15,22250.00,CE,NIFTY2691522250CE,0.00,0.00,0.00,2361.80,0.00,2361.80,23897.70,1688.19,0,0,0,0.00,0,F1,65,,,,,
2026-09-04,2026-09-04,FO,NSE,IDO,47277,,NIFTY,,2026-09-15,2026-09-15,23000.00,CE,NIFTY2691523000CE,990.00,1061.05,983.00,997.90,993.50,942.70,23897.70,997.90,28275,910,96,149867071.25,61,F1,65,,,,,
2026-09-04,2026-09-04,FO,NSE,IDO,73855,,NIFTY,,2026-09-29,2026-09-29,21850.00,PE,NIFTY26SEP21850PE,9.00,9.00,9.00,9.00,9.00,9.20,23897.70,4.21,3575,0,1,1420835.00,1,F1,65,,,,,
2026-09-04,2026-09-04,FO,NSE,IDO,57126,,NIFTY,,2026-09-22,2026-09-22,23900.00,PE,NIFTY2692223900PE,180.00,180.00,130.45,144.75,143.40,179.00,23897.70,144.75,163410,68445,5446,8511429104.75,3692,F1,65,,,,,
2026-09-04,2026-09-04,FO,NSE,IDO,56994,,NIFTY,,2026-09-22,2026-09-22,23300.00,PE,NIFTY2692223300PE,39.00,39.40,25.25,28.00,26.90,42.60,23897.70,28.00,102960,24505,2375,3601627360.50,1682,F1,65,,,,,
2026-09-04,2026-09-04,FO,NSE,IDO,47432,,NIFTY,,2026-09-15,2026-09-15,26000.00,PE,NIFTY2691526000PE,2010.00,2010.00,1936.00,2000.75,1997.30,2052.15,23897.70,2000.75,14950,3900,60,109108710.75,58,F1,65,,,,,
2026-09-04,2026-09-04,FO,NSE,IDO,47360,,NIFTY,,2026-09-15,2026-09-15,24900.00,PE,NIFTY2691524900PE,919.00,927.40,880.70,905.95,905.85,928.55,23897.70,905.95,13780,13130,219,367162432.00,213,F1,65,,,,,
2026-09-04,2026-09-04,FO,NSE,IDO,47302,,NIFTY,,2026-09-15,2026-09-15,23600.00,PE,NIFTY2691523600PE,55.30,55.30,32.80,36.05,35.25,56.10,23897.70,36.05,785915,212485,41988,64516256005.50,25586,F1,65,,,,,
2026-09-04,2026-09-04,FO,NSE,IDO,47347,,NIFTY,,2026-09-15,2026-09-15,24650.00,CE,NIFTY2691524650CE,10.45,11.75,6.45,7.10,6.80,10.30,23897.70,7.10,943865,766415,27710,44412736420.00,13472,F1,65,,,,,
2026-09-04,2026-09-04,FO,NSE,IDO,64499,,NIFTY,,2026-11-23,2026-11-23,26050.00,CE,NIFTY26NOV26050CE,0.00,0.00,0.00,309.45,0.00,309.45,23897.70,165.86,0,0,0,0.00,0,F1,65,,,,,
2026-09-04,2026-09-04,FO,NSE,IDO,47290,,NIFTY,,2026-09-15,2026-09-15,23300.00,PE,NIFTY2691523300PE,16.90,18.70,11.10,11.70,11.80,20.50,23897.70,11.70,572130,245310,30659,46459930331.75,16112,F1,65,,,,,
2026-09-04,2026-09-04,FO,NSE,IDO,47262,,NIFTY,,2026-09-15,2026-09-15,22600.00,PE,NIFTY2691522600PE,4.65,4.70,3.65,3.95,3.65,5.15,23897.70,3.95,130585,12415,3162,4645865285.75,1656,F1,65,,,,,
2026-09-04,2026-09-04,FO,NSE,IDO,64437,,NIFTY,,2026-11-23,2026-11-23,24950.00,CE,NIFTY26NOV24950CE,0.00,0.00,0.00,670.25,0.00,670.25,23897.70,426.17,0,0,0,0.00,0,F1,65,,,,,
2026-09-04,2026-09-04,FO,NSE,IDO,58643,,NIFTY,,2026-12-29,2026-12-29,19000.00,PE,NIFTY26DEC19000PE,23.00,23.70,22.05,22.55,22.30,24.05,23897.70,22.55,616500,-4875,417,515614781.50,188,F1,65,,,,,
2026-09-04,2026-09-04,FO,NSE,IDO,42692,,NIFTY,,2026-09-08,2026-09-08,25100.00,PE,NIFTY2690825100PE,1115.00,1128.00,1090.00,1107.70,1107.70,1194.00,23897.70,1186.25,16640,-260,14,23849013.50,13,F1,65,,,,,
2026-09-04,2026-09-04,FO,NSE,IDO,42634,,NIFTY,,2026-09-08,2026-09-08,23850.00,PE,NIFTY2690823850PE,50.00,74.70,34.50,43.70,41.00,74.70,23897.70,43.70,5900375,2206945,2981841,4631686319152.75,1043777,F1,65,,,,,
2026-09-04,2026-09-04,FO,NSE,IDO,42630,,NIFTY,,2026-09-08,2026-09-08,23750.00,PE,NIFTY2690823750PE,35.00,38.85,18.25,22.40,20.65,43.10,23897.70,22.40,4260360,1568385,1768391,2732917961176.00,564883,F1,65,,,,,
2026-09-04,2026-09-04,FO,NSE,IDO,42574,,NIFTY,,2026-09-08,2026-09-08,22550.00,PE,NIFTY2690822550PE,1.30,1.65,1.00,1.20,1.00,1.45,23897.70,1.20,361205,122265,41048,60169799105.00,8207,F1,65,,,,,
2026-09-04,2026-09-04,FO,NSE,IDO,55700,,NIFTY,,2030-12-31,2030-12-31,19500.00,CE,NIFTY30DEC19500CE,0.00,0.00,0.00,11601.15,0.00,11601.15,23897.70,9343.36,0,0,0,0.00,0,F1,65,,,,,
2026-09-04,2026-09-04,FO,NSE,IDO,55336,,NIFTY,,2026-12-29,2026-12-29,34500.00,CE,NIFTY26DEC34500CE,0.00,0.00,0.00,4.90,4.90,4.90,23897.70,0.04,975,0,0,0.00,0,F1,65,,,,,
2026-09-04,2026-09-04,FO,NSE,IDO,51409,,NIFTY,,2026-10-27,2026-10-27,24350.00,PE,NIFTY26OCT24350PE,470.50,476.90,431.60,455.85,459.35,481.90,23897.70,455.85,16640,-65,29,46766648.50,24,F1,65,,,,,
2026-09-04,2026-09-04,FO,NSE,IDO,74368,,NIFTY,,2026-09-29,2026-09-29,25100.00,CE,NIFTY26SEP25100CE,14.05,16.05,12.25,12.70,13.00,15.65,23897.70,12.70,632385,-11700,6220,10153690114.75,3375,F1,65,,,,,
2026-09-04,2026-09-04,FO,NSE,IDO,40753,,NIFTY,,2026-10-06,2026-10-06,23350.00,CE,NIFTY26O0623350CE,0.00,0.00,0.00,1005.00,0.00,1005.00,23897.70,864.56,0,0,0,0.00,0,F1,65,,,,,
2026-09-04,2026-09-04,FO,NSE,IDO,40835,,NIFTY,,2026-10-06,2026-10-06,24650.00,CE,NIFTY26O0624650CE,0.00,0.00,0.00,289.65,0.00,289.65,23897.70,214.31,0,0,0,0.00,0,F1,65,,,,,
2026-09-04,2026-09-04,FO,NSE,IDO,40904,,NIFTY,,2026-10-06,2026-10-06,25800.00,CE,NIFTY26O0625800CE,8.80,16.70,6.75,7.30,7.55,7.40,23897.70,7.30,16120,14430,342,573738460.75,117,F1,65,,,,,
2026-09-04,2026-09-04,FO,NSE,IDO,55759,,NIFTY,,2030-12-31,2030-12-31,27000.00,PE,NIFTY30DEC27000PE,0.00,0.00,0.00,779.50,0.00,779.50,23897.70,1510.81,0,0,0,0.00,0,F1,65,,,,,
2026-09-04,2026-09-04,FO,NSE,IDO,47259,,NIFTY,,2026-09-15,2026-09-15,22550.00,CE,NIFTY2691522550CE,0.00,0.00,0.00,2074.25,0.00,2074.25,23897.70,1391.48,0,0,0,0.00,0,F1,65,,,,,
2026-09-04,2026-09-04,FO,NSE,IDO,42753,,NIFTY,,2026-09-08,2026-09-08,26100.00,CE,NIFTY2690826100CE,0.60,0.65,0.40,0.45,0.40,0.60,23897.70,0.45,194285,32695,7718,13093833168.00,1359,F1,65,,,,,
2026-09-04,2026-09-04,FO,NSE,IDO,42657,,NIFTY,,2026-09-08,2026-09-08,24400.00,CE,NIFTY2690824400CE,7.00,7.05,2.85,3.70,3.00,7.00,23897.70,3.70,9981465,2069990,1063700,1687390177872.75,211461,F1,65,,,,,
2026-09-04,2026-09-04,FO,NSE,IDO,42612,,NIFTY,,2026-09-08,2026-09-08,23500.00,CE,NIFTY2690823500CE,449.95,539.15,449.95,468.05,467.00,437.50,23897.70,468.05,262145,-62205,24414,38063348748.75,13734,F1,65,,,,,
2026-09-04,2026-09-04,FO,NSE,IDO,51328,,NIFTY,,2026-10-27,2026-10-27,22450.00,CE,NIFTY26OCT22450CE,0.00,0.00,0.00,2042.45,0.00,2042.45,23897.70,1739.19,0,0,0,0.00,0,F1,65,,,,,
2026-09-04,2026-09-04,FO,NSE,IDO,58023,,NIFTY,,2026-09-22,2026-09-22,25950.00,CE,NIFTY2692225950CE,2.20,2.40,1.90,2.00,2.40,3.90,23897.70,2.00,650,0,30,50606549.50,10,F1,65,,,,,
2026-09-04,2026-09-04,FO,NSE,IDO,74366,,NIFTY,,2026-09-29,2026-09-29,25050.00,CE,NIFTY26SEP25050CE,19.00,19.00,13.90,14.55,14.55,17.70,23897.70,14.55,275145,8645,873,1422386277.00,634,F1,65,,,,,
2026-09-04,2026-09-04,FO,NSE,IDO,47415,,NIFTY,,2026-09-15,2026-09-15,25850.00,CE,NIFTY2691525850CE,1.50,1.50,0.95,1.15,1.10,1.50,23897.70,1.15,6435,3770,229,384793857.50,165,F1,65,,,,,
2026-09-04,2026-09-04,FO,NSE,IDO,51350,,NIFTY,,2026-10-27,2026-10-27,22950.00,CE,NIFTY26OCT22950CE,0.00,0.00,0.00,1654.95,0.00,1654.95,23897.70,1327.12,0,0,0,0.00,0,F1,65,,,,,
2026-09-04,2026-09-04,FO,NSE,IDO,51362,,NIFTY,,2026-10-27,2026-10-27,23250.00,CE,NIFTY26OCT23250CE,0.00,0.00,0.00,1441.30,0.00,1441.30,23897.70,1103.51,0,0,0,0.00,0,F1,65,,,,,
2026-09-04,2026-09-04,FO,NSE,IDO,60905,,NIFTY,,2030-06-25,2030-06-25,24000.00,PE,NIFTY30JUN24000PE,0.00,0.00,0.00,698.15,0.00,698.15,23897.70,830.27,0,0,0,0.00,0,F1,65,,,,,
2026-09-04,2026-09-04,FO,NSE,IDO,55427,,NIFTY,,2027-12-28,2027-12-28,25500.00,PE,NIFTY27DEC25500PE,0.00,0.00,0.00,676.05,0.00,676.05,23897.70,1504.50,0,0,0,0.00,0,F1,65,,,,,
2026-09-04,2026-09-04,FO,NSE,IDO,53604,,NIFTY,,2027-12-28,2027-12-28,18000.00,PE,NIFTY27DEC18000PE,0.00,0.00,0.00,181.05,195.00,181.05,23897.70,30.39,11915,0,0,0.00,0,F1,65,,,,,
2026-09-04,2026-09-04,FO,NSE,IDO,58637,,NIFTY,,2026-12-29,2026-12-29,16000.00,PE,NIFTY26DEC16000PE,10.05,11.00,9.40,10.15,10.75,10.05,23897.70,10.15,117450,65,54,56196240.75,20,F1,65,,,,,
2026-09-04,2026-09-04,FO,NSE,IDO,64480,,NIFTY,,2026-11-23,2026-11-23,25650.00,PE,NIFTY26NOV25650PE,0.00,0.00,0.00,1350.35,0.00,1350.35,23897.70,1631.60,0,0,0,0.00,0,F1,65,,,,,
2026-09-04,2026-09-04,FO,NSE,IDO,64452,,NIFTY,,2026-11-23,2026-11-23,25200.00,PE,NIFTY26NOV25200PE,0.00,0.00,0.00,1060.25,0.00,1060.25,23897.70,1298.43,0,0,0,0.00,0,F1,65,,,,,
2026-09-04,2026-09-04,FO,NSE,IDO,51509,,NIFTY,,2026-10-27,2026-10-27,26450.00,PE,NIFTY26OCT26450PE,0.00,0.00,0.00,2246.05,0.00,2246.05,23897.70,2349.77,0,0,0,0.00,0,F1,65,,,,,
2026-09-04,2026-09-04,FO,NSE,IDO,51481,,NIFTY,,2026-10-27,2026-10-27,25750.00,PE,NIFTY26OCT25750PE,1531.45,1531.45,1531.45,1531.45,1531.45,1149.95,23897.70,1722.04,260,0,1,1773294.25,1,F1,65,,,,,
2026-09-04,2026-09-04,FO,NSE,IDO,51405,,NIFTY,,2026-10-27,2026-10-27,24250.00,PE,NIFTY26OCT24250PE,414.15,414.15,380.00,404.30,404.30,440.80,23897.70,404.30,17485,-260,67,107293823.00,29,F1,65,,,,,
2026-09-04,2026-09-04,FO,NSE,IDO,40818,,NIFTY,,2026-10-06,2026-10-06,24300.00,PE,NIFTY26O0624300PE,0.00,0.00,0.00,532.55,0.00,532.55,23897.70,598.84,0,0,0,0.00,0,F1,65,,,,,
2026-09-04,2026-09-04,FO,NSE,IDO,40814,,NIFTY,,2026-10-06,2026-10-06,24250.00,PE,NIFTY26O0624250PE,0.00,0.00,0.00,505.90,0.00,505.90,23897.70,569.36,0,0,0,0.00,0,F1,65,,,,,
2026-09-04,2026-09-04,FO,NSE,IDO,74488,,NIFTY,,2026-09-29,2026-09-29,26650.00,PE,NIFTY26SEP26650PE,0.00,0.00,0.00,2517.60,0.00,2517.60,23897.70,2646.52,0,0,0,0.00,0,F1,65,,,,,
2026-09-04,2026-09-04,FO,NSE,IDO,74067,,NIFTY,,2026-09-29,2026-09-29,24150.00,PE,NIFTY26SEP24150PE,303.95,316.65,257.45,286.85,290.00,334.00,23897.70,286.85,200460,-10140,710,1127511424.00,491,F1,65,,,,,
2026-09-04,2026-09-04,FO,NSE,IDO,73876,,NIFTY,,2026-09-29,2026-09-29,22250.00,PE,NIFTY26SEP22250PE,12.00,12.00,10.30,10.90,10.90,13.40,23897.70,13.68,26130,650,33,47749536.25,13,F1,65,,,,,
2026-09-04,2026-09-04,FO,NSE,IDO,57867,,NIFTY,,2026-09-22,2026-09-22,25200.00,PE,NIFTY2692225200PE,0.00,0.00,0.00,1072.35,0.00,1072.35,23897.70,1259.99,0,0,0,0.00,0,F1,65,,,,,
2026-09-04,2026-09-04,FO,NSE,IDO,57087,,NIFTY,,2026-09-22,2026-09-22,23850.00,PE,NIFTY2692223850PE,140.85,145.00,115.35,129.20,128.95,164.65,23897.70,129.20,19240,5330,519,808863344.25,395,F1,65,,,,,
2026-09-04,2026-09-04,FO,NSE,IDO,47436,,NIFTY,,2026-09-15,2026-09-15,26050.00,PE,NIFTY2691526050PE,0.00,0.00,0.00,1515.75,0.00,1515.75,23897.70,2106.09,0,0,0,0.00,0,F1,65,,,,,
2026-09-04,2026-09-04,FO,NSE,IDO,47422,,NIFTY,,2026-09-15,2026-09-15,25900.00,PE,NIFTY2691525900PE,0.00,0.00,0.00,1387.75,0.00,1387.75,23897.70,1956.60,0,0,0,0.00,0,F1,65,,,,,
2026-09-04,2026-09-04,FO,NSE,IDO,47396,,NIFTY,,2026-09-15,2026-09-15,25600.00,PE,NIFTY2691525600PE,0.00,0.00,0.00,1144.25,0.00,1144.25,23897.70,1658.46,0,0,0,0.00,0,F1,65,,,,,
2026-09-04,2026-09-04,FO,NSE,IDO,42766,,NIFTY,,2026-09-08,2026-09-08,26300.00,PE,NIFTY2690826300PE,2337.00,2337.00,2337.00,2337.00,2337.00,2380.00,23897.70,2385.24,2210,-65,1,1861405.00,1,F1,65,,,,,
2026-09-04,2026-09-04,FO,NSE,IDO,42632,,NIFTY,,2026-09-08,2026-09-08,23800.00,PE,NIFTY2690823800PE,47.00,52.00,25.40,31.80,29.60,57.90,23897.70,31.80,11021660,3865485,3578353,5543865561711.75,1136025,F1,65,,,,,
2026-09-04,2026-09-04,FO,NSE,IDO,74661,,NIFTY,,2031-06-24,2031-06-24,31500.00,CE,NIFTY31JUN31500CE,0.00,0.00,0.00,3928.35,0.00,3928.35,23897.70,3675.90,0,0,0,0.00,0,F1,65,,,,,
2026-09-04,2026-09-04,FO,NSE,IDO,55702,,NIFTY,,2030-12-31,2030-12-31,21000.00,CE,NIFTY30DEC21000CE,0.00,0.00,0.00,10552.50,0.00,10552.50,23897.70,8346.32,0,0,0,0.00,0,F1,65,,,,,
2026-09-04,2026-09-04,FO,NSE,IDO,61794,,NIFTY,,2029-12-24,2029-12-24,27000.00,CE,NIFTY29DEC27000CE,0.00,0.00,0.00,6201.65,0.00,6201.65,23897.70,3807.88,0,0,0,0.00,0,F1,65,,,,,
2026-09-04,2026-09-04,FO,NSE,IDO,55280,,NIFTY,,2026-09-29,2026-09-29,16500.00,CE,NIFTY26SEP16500CE,0.00,0.00,0.00,10168.85,0.00,10168.85,23897.70,7464.47,0,0,0,0.00,0,F1,65,,,,,
2026-09-04,2026-09-04,FO,NSE,IDO,55426,,NIFTY,,2027-12-28,2027-12-28,25500.00,CE,NIFTY27DEC25500CE,0.00,0.00,0.00,2400.00,2400.00,2400.00,23897.70,1972.88,0,0,0,0.00,0,F1,65,,,,,
2026-09-04,2026-09-04,FO,NSE,IDO,55424,,NIFTY,,2027-12-28,2027-12-28,22500.00,CE,NIFTY27DEC22500CE,3011.00,3011.00,3011.00,3011.00,3011.00,6183.00,23897.70,3011.00,65,65,1,1658215.00,1,F1,65,,,,,
2026-09-04,2026-09-04,FO,NSE,IDO,47192,,NIFTY,,2027-06-29,2027-06-29,33000.00,CE,NIFTY27JUN33000CE,0.00,0.00,0.00,1122.75,0.00,1122.75,23897.70,47.37,0,0,0,0.00,0,F1,65,,,,,
2026-09-04,2026-09-04,FO,NSE,IDO,80249,,NIFTY,,2027-03-30,2027-03-30,19500.00,CE,NIFTY27MAR19500CE,0.00,0.00,0.00,4365.40,0.00,4365.40,23897.70,5119.25,0,0,0,0.00,0,F1,65,,,,,
2026-09-04,2026-09-04,FO,NSE,IDO,64427,,NIFTY,,2026-11-23,2026-11-23,24750.00,CE,NIFTY26NOV24750CE,256.25,256.25,239.00,246.35,239.00,235.35,23897.70,246.35,14495,455,10,16248232.00,6,F1,65,,,,,
2026-09-04,2026-09-04,FO,NSE,IDO,64399,,NIFTY,,2026-11-23,2026-11-23,24050.00,CE,NIFTY26NOV24050CE,598.85,601.55,598.85,601.55,601.55,629.85,23897.70,806.98,455,260,4,6409052.00,2,F1,65,,,,,
2026-09-04,2026-09-04,FO,NSE,IDO,51512,,NIFTY,,2026-10-27,2026-10-27,26550.00,CE,NIFTY26OCT26550CE,0.00,0.00,0.00,164.25,0.00,164.25,23897.70,37.91,0,0,0,0.00,0,F1,65,,,,,
2026-09-04,2026-09-04,FO,NSE,IDO,55421,,NIFTY,,2027-12-28,2027-12-28,16500.00,PE,NIFTY27DEC16500PE,0.00,0.00,0.00,52.05,52.05,52.05,23897.70,7.40,130,0,0,0.00,0,F1,65,,,,,
2026-09-04,2026-09-04,FO,NSE,IDO,50984,,NIFTY,,2027-06-29,2027-06-29,27000.00,PE,NIFTY27JUN27000PE,0.00,0.00,0.00,2070.00,2070.00,2070.00,23897.70,2446.81,65,0,0,0.00,0,F1,65,,,,,
2026-09-04,2026-09-04,FO,NSE,IDO,55373,,NIFTY,,2027-06-29,2027-06-29,19500.00,PE,NIFTY27JUN19500PE,0.00,0.00,0.00,17.30,0.00,17.30,23897.70,46.73,0,0,0,0.00,0,F1,65,,,,,
2026-09-04,2026-09-04,FO,NSE,IDO,64457,,NIFTY,,2026-11-23,2026-11-23,25300.00,PE,NIFTY26NOV25300PE,0.00,0.00,0.00,1121.60,0.00,1121.60,23897.70,1369.47,0,0,0,0.00,0,F1,65,,,,,
2026-09-04,2026-09-04,FO,NSE,IDO,64414,,NIFTY,,2026-11-23,2026-11-23,24400.00,PE,NIFTY26NOV24400PE,530.00,534.00,500.00,523.85,518.00,533.00,23897.70,523.85,13390,195,17,27538917.25,10,F1,65,,,,,
2026-09-04,2026-09-04,FO,NSE,IDO,64376,,NIFTY,,2026-11-23,2026-11-23,23550.00,PE,NIFTY26NOV23550PE,0.00,0.00,0.00,327.35,0.00,327.35,23897.70,415.82,0,0,0,0.00,0,F1,65,,,,,
2026-09-04,2026-09-04,FO,NSE,IDO,64346,,NIFTY,,2026-11-23,2026-11-23,23050.00,PE,NIFTY26NOV23050PE,0.00,0.00,0.00,205.80,0.00,205.80,23897.70,262.78,0,0,0,0.00,0,F1,65,,,,,
2026-09-04,2026-09-04,FO,NSE,IDO,51523,,NIFTY,,2026-10-27,2026-10-27,26800.00,PE,NIFTY26OCT26800PE,0.00,0.00,0.00,2544.55,0.00,2544.55,23897.70,2679.20,0,0,0,0.00,0,F1,65,,,,,
2026-09-04,2026-09-04,FO,NSE,IDO,51505,,NIFTY,,2026-10-27,2026-10-27,26350.00,PE,NIFTY26OCT26350PE,0.00,0.00,0.00,2163.00,0.00,2163.00,23897.70,2257.20,0,0,0,0.00,0,F1,65,,,,,
2026-09-04,2026-09-04,FO,NSE,IDO,40874,,NIFTY,,2026-10-06,2026-10-06,25200.00,PE,NIFTY26O0625200PE,0.00,0.00,0.00,1141.50,0.00,1141.50,23897.70,1256.87,0,0,0,0.00,0,F1,65,,,,,
2026-09-04,2026-09-04,FO,NSE,IDO,40834,,NIFTY,,2026-10-06,2026-10-06,24600.00,PE,NIFTY26O0624600PE,0.00,0.00,0.00,709.30,0.00,709.30,23897.70,792.80,0,0,0,0.00,0,F1,65,,,,,
2026-09-04,2026-09-04,FO,NSE,IDO,40788,,NIFTY,,2026-10-06,2026-10-06,23850.00,PE,NIFTY26O0623850PE,0.00,0.00,0.00,322.35,0.00,322.35,23897.70,364.52,0,0,0,0.00,0,F1,65,,,,,
2026-09-04,2026-09-04,FO,NSE,IDO,40746,,NIFTY,,2026-10-06,2026-10-06,23200.00,PE,NIFTY26O0623200PE,0.00,0.00,0.00,130.70,0.00,130.70,23897.70,147.28,0,0,0,0.00,0,F1,65,,,,,
2026-09-04,2026-09-04,FO,NSE,IDO,40722,,NIFTY,,2026-10-06,2026-10-06,22900.00,PE,NIFTY26O0622900PE,0.00,0.00,0.00,79.40,0.00,79.40,23897.70,88.81,0,0,0,0.00,0,F1,65,,,,,
2026-09-04,2026-09-04,FO,NSE,IDO,73892,,NIFTY,,2026-09-29,2026-09-29,22700.00,PE,NIFTY26SEP22700PE,19.25,19.55,14.30,14.65,14.30,21.60,23897.70,14.65,369330,-2405,2910,4296774423.50,1564,F1,65,,,,,
2026-09-04,2026-09-04,FO,NSE,IDO,73874,,NIFTY,,2026-09-29,2026-09-29,22200.00,PE,NIFTY26SEP22200PE,11.80,11.80,9.65,9.90,9.70,12.40,23897.70,9.90,201435,27950,2511,3625067007.25,1886,F1,65,,,,,
2026-09-04,2026-09-04,FO,NSE,IDO,58041,,NIFTY,,2026-09-22,2026-09-22,26100.00,PE,NIFTY2692226100PE,0.00,0.00,0.00,1839.95,0.00,1839.95,23897.70,2128.62,0,0,0,0.00,0,F1,65,,,,,
2026-09-04,2026-09-04,FO,NSE,IDO,57085,,NIFTY,,2026-09-22,2026-09-22,23800.00,PE,NIFTY2692223800PE,128.85,134.75,97.90,109.55,112.00,140.40,23897.70,109.55,158275,17290,6866,10670772050.25,3463,F1,65,,,,,
2026-09-04,2026-09-04,FO,NSE,IDO,57006,,NIFTY,,2026-09-22,2026-09-22,23450.00,PE,NIFTY2692223450PE,52.85,54.00,41.05,41.75,43.15,59.95,23897.70,41.75,17095,11700,361,551277723.75,143,F1,65,,,,,
2026-09-04,2026-09-04,FO,NSE,IDO,56906,,NIFTY,,2026-09-22,2026-09-22,22700.00,PE,NIFTY2692222700PE,13.75,13.75,7.35,7.95,7.95,12.80,23897.70,7.95,15795,14430,351,518090618.50,112,F1,65,,,,,
2026-09-04,2026-09-04,FO,NSE,IDO,42698,,NIFTY,,2026-09-08,2026-09-08,25200.00,PE,NIFTY2690825200PE,1263.95,1263.95,1199.60,1243.30,1243.30,1276.75,23897.70,1243.30,15080,-260,13,22333294.75,12,F1,65,,,,,
2026-09-04,2026-09-04,FO,NSE,IDO,42676,,NIFTY,,2026-09-08,2026-09-08,24850.00,PE,NIFTY2690824850PE,674.05,906.75,674.00,896.80,892.35,901.15,23897.70,896.80,2795,130,199,332718421.75,69,F1,65,,,,,
2026-09-04,2026-09-04,FO,NSE,IDO,42586,,NIFTY,,2026-09-08,2026-09-08,22850.00,PE,NIFTY2690822850PE,2.00,2.20,1.15,1.55,1.15,2.00,23897.70,1.55,690300,282815,109014,161925757272.50,23094,F1,65,,,,,
2026-09-04,2026-09-04,FO,NSE,IDO,89624,,NIFTY,,2029-06-26,2029-06-26,21000.00,CE,NIFTY29JUN21000CE,0.00,0.00,0.00,9799.75,0.00,9799.75,23897.70,6709.72,0,0,0,0.00,0,F1,65,,,,,
2026-09-04,2026-09-04,FO,NSE,IDO,55472,,NIFTY,,2028-06-27,2028-06-27,22500.00,CE,NIFTY28JUN22500CE,0.00,0.00,0.00,6796.05,0.00,6796.05,23897.70,4421.52,0,0,0,0.00,0,F1,65,,,,,
2026-09-04,2026-09-04,FO,NSE,IDO,80313,,NIFTY,,2027-03-30,2027-03-30,33000.00,CE,NIFTY27MAR33000CE,14.95,15.05,14.95,15.05,15.05,15.25,23897.70,15.05,4225,195,6,12875846.75,6,F1,65,,,,,
2026-09-04,2026-09-04,FO,NSE,IDO,80272,,NIFTY,,2027-03-30,2027-03-30,24000.00,CE,NIFTY27MAR24000CE,1276.00,1320.00,1270.05,1275.20,1271.00,1258.00,23897.70,1275.20,580905,-1755,393,646007365.25,279,F1,65,,,,,
2026-09-04,2026-09-04,FO,NSE,IDO,64451,,NIFTY,,2026-11-23,2026-11-23,25200.00,CE,NIFTY26NOV25200CE,0.00,0.00,0.00,569.15,0.00,569.15,23897.70,349.33,0,0,0,0.00,0,F1,65,,,,,
2026-09-04,2026-09-04,FO,NSE,IDO,51428,,NIFTY,,2026-10-27,2026-10-27,24750.00,CE,NIFTY26OCT24750CE,132.00,147.45,125.95,128.00,127.05,125.65,23897.70,128.00,18200,650,51,82493781.50,34,F1,65,,,,,
2026-09-04,2026-09-04,FO,NSE,IDO,51396,,NIFTY,,2026-10-27,2026-10-27,24050.00,CE,NIFTY26OCT24050CE,416.00,456.65,414.00,421.20,414.00,402.85,23897.70,421.20,14040,-3510,125,199001465.00,122,F1,65,,,,,
2026-09-04,2026-09-04,FO,NSE,IDO,40892,,NIFTY,,2026-10-06,2026-10-06,25650.00,CE,NIFTY26O0625650CE,0.00,0.00,0.00,73.45,0.00,73.45,23897.70,45.39,0,0,0,0.00,0,F1,65,,,,,
2026-09-04,2026-09-04,FO,NSE,IDO,40789,,NIFTY,,2026-10-06,2026-10-06,23900.00,CE,NIFTY26O0623900CE,381.00,420.00,366.60,373.00,373.60,365.55,23897.70,373.00,5265,2470,104,164195827.25,53,F1,65,,,,,
2026-09-04,2026-09-04,FO,NSE,IDO,40735,,NIFTY,,2026-10-06,2026-10-06,23050.00,CE,NIFTY26O0623050CE,0.00,0.00,0.00,1241.50,0.00,1241.50,23897.70,1092.71,0,0,0,0.00,0,F1,65,,,,,
2026-09-04,2026-09-04,FO,NSE,IDO,73897,,NIFTY,,2026-09-29,2026-09-29,22850.00,CE,NIFTY26SEP22850CE,0.00,0.00,0.00,1575.95,1575.95,1575.95,23897.70,1198.78,325,0,0,0.00,0,F1,65,,,,,
2026-09-04,2026-09-04,FO,NSE,IDO,57920,,NIFTY,,2026-09-22,2026-09-22,25500.00,CE,NIFTY2692225500CE,4.15,4.15,3.00,3.15,3.40,4.25,23897.70,3.15,90935,34125,1198,1985948539.25,336,F1,65,,,,,
2026-09-04,2026-09-04,FO,NSE,IDO,57828,,NIFTY,,2026-09-22,2026-09-22,25050.00,CE,NIFTY2692225050CE,0.00,0.00,0.00,209.50,0.00,209.50,23897.70,44.55,0,0,0,0.00,0,F1,65,,,,,
2026-09-04,2026-09-04,FO,NSE,IDO,57519,,NIFTY,,2026-09-22,2026-09-22,24400.00,CE,NIFTY2692224400CE,69.35,80.65,57.70,60.45,59.35,63.95,23897.70,60.45,117455,8775,2851,4534387978.25,1908,F1,65,,,,,
2026-09-04,2026-09-04,FO,NSE,IDO,57031,,NIFTY,,2026-09-22,2026-09-22,23600.00,CE,NIFTY2692223600CE,481.00,538.40,481.00,492.80,492.80,451.25,23897.70,492.80,5135,0,24,37602854.25,13,F1,65,,,,,
2026-09-04,2026-09-04,FO,NSE,IDO,57007,,NIFTY,,2026-09-22,2026-09-22,23500.00,CE,NIFTY2692223500CE,570.00,629.00,556.80,568.80,568.95,538.05,23897.70,568.80,18200,9295,286,447839619.50,272,F1,65,,,,,
2026-09-04,2026-09-04,FO,NSE,IDO,56995,,NIFTY,,2026-09-22,2026-09-22,23350.00,CE,NIFTY2692223350CE,0.00,0.00,0.00,1089.75,0.00,1089.75,23897.70,728.64,0,0,0,0.00,0,F1,65,,,,,
2026-09-04,2026-09-04,FO,NSE,IDO,56980,,NIFTY,,2026-09-22,2026-09-22,23200.00,CE,NIFTY2692223200CE,0.00,0.00,0.00,1208.10,0.00,1208.10,23897.70,846.83,0,0,0,0.00,0,F1,65,,,,,
2026-09-04,2026-09-04,FO,NSE,IDO,56803,,NIFTY,,2026-09-22,2026-09-22,22150.00,CE,NIFTY2692222150CE,0.00,0.00,0.00,2149.05,0.00,2149.05,23897.70,1816.04,0,0,0,0.00,0,F1,65,,,,,
2026-09-04,2026-09-04,FO,NSE,IDO,47323,,NIFTY,,2026-09-15,2026-09-15,24100.00,CE,NIFTY2691524100CE,110.00,139.50,96.30,101.10,99.40,102.65,23897.70,101.10,1258270,36595,74332,117003349973.25,44036,F1,65,,,,,
2026-09-04,2026-09-04,FO,NSE,IDO,42733,,NIFTY,,2026-09-08,2026-09-08,25800.00,CE,NIFTY2690825800CE,0.60,0.70,0.45,0.50,0.45,0.75,23897.70,0.50,515385,-5850,30267,50758791242.25,5277,F1,65,,,,,
2026-09-04,2026-09-04,FO,NSE,IDO,42629,,NIFTY,,2026-09-08,2026-09-08,23750.00,CE,NIFTY2690823750CE,239.85,302.05,220.65,234.85,233.00,220.60,23897.70,234.85,481130,56030,133304,207994767750.25,89820,F1,65,,,,,
2026-09-04,2026-09-04,FO,NSE,IDO,89613,,NIFTY,,2029-06-26,2029-06-26,18000.00,PE,NIFTY29JUN18000PE,0.00,0.00,0.00,118.45,0.00,118.45,23897.70,85.62,0,0,0,0.00,0,F1,65,,,,,
2026-09-04,2026-09-04,FO,NSE,IDO,55567,,NIFTY,,2029-06-26,2029-06-26,31500.00,PE,NIFTY29JUN31500PE,0.00,0.00,0.00,2443.35,0.00,2443.35,23897.70,4034.31,0,0,0,0.00,0,F1,65,,,,,
2026-09-04,2026-09-04,FO,NSE,IDO,55469,,NIFTY,,2028-06-27,2028-06-27,16500.00,PE,NIFTY28JUN16500PE,0.00,0.00,0.00,3.80,0.00,3.80,23897.70,16.47,0,0,0,0.00,0,F1,65,,,,,
2026-09-04,2026-09-04,FO,NSE,IDO,42736,,NIFTY,,2026-09-08,2026-09-08,25850.00,PE,NIFTY2690825850PE,0.00,0.00,0.00,1234.05,0.00,1234.05,23897.70,1935.53,0,0,0,0.00,0,F1,65,,,,,
2026-09-04,2026-09-04,FO,NSE,IDO,56836,,NIFTY,,2026-09-22,2026-09-22,22350.00,PE,NIFTY2692222350PE,6.55,7.30,5.60,6.00,6.00,8.15,23897.70,6.00,35490,585,73,106081478.75,29,F1,65,,,,,
2026-09-04,2026-09-04,FO,NSE,IDO,56862,,NIFTY,,2026-09-22,2026-09-22,22400.00,PE,NIFTY2692222400PE,6.75,7.90,6.15,6.65,6.90,8.00,23897.70,6.65,9230,1820,80,116517056.50,26,F1,65,,,,,
2026-09-04,2026-09-04,FO,NSE,IDO,57502,,NIFTY,,2026-09-22,2026-09-22,24350.00,PE,NIFTY2692224350PE,391.45,395.70,361.65,395.70,395.70,442.20,23897.70,395.70,2210,780,23,36960062.75,21,F1,65,,,,,
2026-09-04,2026-09-04,FO,NSE,IDO,57639,,NIFTY,,2026-09-22,2026-09-22,24550.00,PE,NIFTY2692224550PE,0.00,0.00,0.00,548.50,548.50,548.50,23897.70,709.51,65,0,0,0.00,0,F1,65,,,,,
2026-09-04,2026-09-04,FO,NSE,IDO,57919,,NIFTY,,2026-09-22,2026-09-22,25450.00,PE,NIFTY2692225450PE,0.00,0.00,0.00,1271.15,0.00,1271.15,23897.70,1494.54,0,0,0,0.00,0,F1,65,,,,,
2026-09-04,2026-09-04,FO,NSE,IDO,58033,,NIFTY,,2026-09-22,2026-09-22,26050.00,PE,NIFTY2692226050PE,0.00,0.00,0.00,1794.15,0.00,1794.15,23897.70,2079.19,0,0,0,0.00,0,F1,65,,,,,
2026-09-04,2026-09-04,FO,NSE,IDO,65882,,NIFTY,,2026-09-29,2026-09-29,15000.00,PE,NIFTY26SEP15000PE,1.50,1.50,1.00,1.10,1.05,1.30,23897.70,1.10,81510,-2015,127,123834493.25,18,F1,65,,,,,
2026-09-04,2026-09-04,FO,NSE,IDO,73848,,NIFTY,,2026-09-29,2026-09-29,21700.00,PE,NIFTY26SEP21700PE,8.00,8.90,7.60,8.20,8.40,8.75,23897.70,8.20,82810,7345,309,436010861.00,229,F1,65,,,,,
2026-09-04,2026-09-04,FO,NSE,IDO,74385,,NIFTY,,2026-09-29,2026-09-29,25250.00,PE,NIFTY26SEP25250PE,0.00,0.00,0.00,1164.40,1164.40,1164.40,23897.70,1305.68,1950,0,0,0.00,0,F1,65,,,,,
2026-09-04,2026-09-04,FO,NSE,IDO,40703,,NIFTY,,2026-10-06,2026-10-06,22600.00,PE,NIFTY26O0622600PE,0.00,0.00,0.00,45.55,0.00,45.55,23897.70,50.31,0,0,0,0.00,0,F1,65,,,,,
2026-09-04,2026-09-04,FO,NSE,IDO,40760,,NIFTY,,2026-10-06,2026-10-06,23500.00,PE,NIFTY26O0623500PE,90.05,92.40,82.20,89.10,89.10,107.00,23897.70,230.52,2340,1170,35,53663200.50,29,F1,65,,,,,
2026-09-04,2026-09-04,FO,NSE,IDO,51349,,NIFTY,,2026-10-27,2026-10-27,22900.00,PE,NIFTY26OCT22900PE,0.00,0.00,0.00,262.65,0.00,262.65,23897.70,155.39,0,0,0,0.00,0,F1,65,,,,,
2026-09-04,2026-09-04,FO,NSE,IDO,51357,,NIFTY,,2026-10-27,2026-10-27,23100.00,PE,NIFTY26OCT23100PE,86.35,88.00,71.00,76.15,77.20,92.10,23897.70,76.15,112255,-5980,944,1422181315.75,566,F1,65,,,,,
2026-09-04,2026-09-04,FO,NSE,IDO,51369,,NIFTY,,2026-10-27,2026-10-27,23400.00,PE,NIFTY26OCT23400PE,128.55,133.45,110.90,120.40,122.10,138.90,23897.70,120.40,99775,15990,1037,1585314724.50,719,F1,65,,,,,
2026-09-04,2026-09-04,FO,NSE,IDO,51411,,NIFTY,,2026-10-27,2026-10-27,24400.00,PE,NIFTY26OCT24400PE,495.50,499.70,446.55,482.20,483.45,523.55,23897.70,482.20,164190,-6890,298,481706078.75,214,F1,65,,,,,
2026-09-04,2026-09-04,FO,NSE,IDO,51537,,NIFTY,,2026-10-27,2026-10-27,27100.00,PE,NIFTY26OCT27100PE,0.00,0.00,0.00,2808.90,0.00,2808.90,23897.70,2966.74,0,0,0,0.00,0,F1,65,,,,,
2026-09-04,2026-09-04,FO,NSE,IDO,64378,,NIFTY,,2026-11-23,2026-11-23,23600.00,PE,NIFTY26NOV23600PE,224.90,224.90,206.30,218.05,217.80,241.30,23897.70,218.05,15730,1430,69,106806677.25,58,F1,65,,,,,
2026-09-04,2026-09-04,FO,NSE,IDO,64436,,NIFTY,,2026-11-23,2026-11-23,24900.00,PE,NIFTY26NOV24900PE,0.00,0.00,0.00,887.45,0.00,887.45,23897.70,1096.26,0,0,0,0.00,0,F1,65,,,,,
2026-09-04,2026-09-04,FO,NSE,IDO,64442,,NIFTY,,2026-11-23,2026-11-23,25050.00,PE,NIFTY26NOV25050PE,0.00,0.00,0.00,950.35,950.35,950.35,23897.70,1195.24,65,0,0,0.00,0,F1,65,,,,,
2026-09-04,2026-09-04,FO,NSE,IDO,50979,,NIFTY,,2026-12-29,2026-12-29,27000.00,PE,NIFTY26DEC27000PE,2500.00,2531.55,2449.00,2494.85,2502.25,2531.55,23897.70,2494.85,1028985,5980,232,444741852.75,173,F1,65,,,,,
2026-09-04,2026-09-04,FO,NSE,IDO,55425,,NIFTY,,2027-12-28,2027-12-28,22500.00,PE,NIFTY27DEC22500PE,0.00,0.00,0.00,186.50,0.00,186.50,23897.70,497.77,0,0,0,0.00,0,F1,65,,,,,
2026-09-04,2026-09-04,FO,NSE,IDO,53619,,NIFTY,,2027-12-28,2027-12-28,23000.00,PE,NIFTY27DEC23000PE,455.00,455.00,420.10,433.70,437.55,461.05,23897.70,433.70,63470,3575,278,423521010.25,135,F1,65,,,,,
2026-09-04,2026-09-04,FO,NSE,IDO,55561,,NIFTY,,2029-06-26,2029-06-26,22500.00,PE,NIFTY29JUN22500PE,0.00,0.00,0.00,224.45,0.00,224.45,23897.70,568.32,0,0,0,0.00,0,F1,65,,,,,
2026-09-04,2026-09-04,FO,NSE,IDO,74660,,NIFTY,,2031-06-24,2031-06-24,30000.00,PE,NIFTY31JUN30000PE,0.00,0.00,0.00,2616.25,0.00,2616.25,23897.70,2338.71,0,0,0,0.00,0,F1,65,,,,,
2026-09-04,2026-09-04,FO,NSE,IDO,42611,,NIFTY,,2026-09-08,2026-09-08,23450.00,PE,NIFTY2690823450PE,8.00,8.05,3.15,3.90,3.60,8.35,23897.70,3.90,2580500,561470,449932,685962011627.75,105378,F1,65,,,,,
2026-09-04,2026-09-04,FO,NSE,IDO,42607,,NIFTY,,2026-09-08,2026-09-08,23350.00,PE,NIFTY2690823350PE,5.70,5.70,2.35,3.10,2.40,5.50,23897.70,3.10,2051790,332930,405480,615521019467.25,87188,F1,65,,,,,
2026-09-04,2026-09-04,FO,NSE,IDO,42592,,NIFTY,,2026-09-08,2026-09-08,23000.00,PE,NIFTY2690823000PE,2.40,2.65,1.55,1.95,1.60,2.70,23897.70,1.95,11828895,1164020,771093,1152895092774.75,121820,F1,65,,,,,
2026-09-04,2026-09-04,FO,NSE,IDO,42555,,NIFTY,,2026-09-08,2026-09-08,22100.00,PE,NIFTY2690822100PE,0.60,1.05,0.55,0.65,0.60,6.20,23897.70,0.65,1319955,1319955,107299,154140285094.25,42025,F1,65,,,,,
2026-09-04,2026-09-04,FO,NSE,IDO,86151,,NIFTY,,2028-06-27,2028-06-27,24000.00,CE,NIFTY28JUN24000CE,0.00,0.00,0.00,3918.85,0.00,3918.85,23897.70,3469.49,0,0,0,0.00,0,F1,65,,,,,
2026-09-04,2026-09-04,FO,NSE,IDO,64441,,NIFTY,,2026-11-23,2026-11-23,25050.00,CE,NIFTY26NOV25050CE,0.00,0.00,0.00,628.40,0.00,628.40,23897.70,394.04,0,0,0,0.00,0,F1,65,,,,,
2026-09-04,2026-09-04,FO,NSE,IDO,51496,,NIFTY,,2026-10-27,2026-10-27,26150.00,CE,NIFTY26OCT26150CE,0.00,0.00,0.00,228.35,0.00,228.35,23897.70,65.70,0,0,0,0.00,0,F1,65,,,,,
2026-09-04,2026-09-04,FO,NSE,IDO,51436,,NIFTY,,2026-10-27,2026-10-27,24950.00,CE,NIFTY26OCT24950CE,88.25,95.70,82.70,84.35,83.55,83.35,23897.70,84.35,24635,3575,148,240873025.25,111,F1,65,,,,,
2026-09-04,2026-09-04,FO,NSE,IDO,47438,,NIFTY,,2026-09-15,2026-09-15,26100.00,PE,NIFTY2691526100PE,0.00,0.00,0.00,1559.20,0.00,1559.20,23897.70,2155.95,0,0,0,0.00,0,F1,65,,,,,
2026-09-04,2026-09-04,FO,NSE,IDO,42583,,NIFTY,,2026-09-08,2026-09-08,22800.00,CE,NIFTY2690822800CE,0.00,0.00,0.00,1977.10,0.00,1977.10,23897.70,1112.74,0,0,0,0.00,0,F1,65,,,,,
2026-09-04,2026-09-04,FO,NSE,IDO,42587,,NIFTY,,2026-09-08,2026-09-08,22900.00,CE,NIFTY2690822900CE,1075.10,1075.10,1072.80,1072.80,1072.80,1036.60,23897.70,1013.15,65,-65,2,3116613.50,2,F1,65,,,,,
2026-09-04,2026-09-04,FO,NSE,IDO,42599,,NIFTY,,2026-09-08,2026-09-08,23200.00,CE,NIFTY2690823200CE,760.00,825.00,749.40,758.45,759.55,724.50,23897.70,758.45,16445,-1105,204,318041334.00,152,F1,65,,,,,
2026-09-04,2026-09-04,FO,NSE,IDO,42761,,NIFTY,,2026-09-08,2026-09-08,26200.00,CE,NIFTY2690826200CE,0.50,0.55,0.40,0.45,0.40,0.55,23897.70,0.45,121550,45305,9052,15415831697.50,1848,F1,65,,,,,
2026-09-04,2026-09-04,FO,NSE,IDO,47287,,NIFTY,,2026-09-15,2026-09-15,23250.00,CE,NIFTY2691523250CE,0.00,0.00,0.00,1438.90,0.00,1438.90,23897.70,738.36,0,0,0,0.00,0,F1,65,,,,,
2026-09-04,2026-09-04,FO,NSE,IDO,47321,,NIFTY,,2026-09-15,2026-09-15,24050.00,CE,NIFTY2691524050CE,129.95,165.55,115.30,122.70,121.25,120.10,23897.70,122.70,367445,121615,24411,38379502518.50,16740,F1,65,,,,,
2026-09-04,2026-09-04,FO,NSE,IDO,57893,,NIFTY,,2026-09-22,2026-09-22,25350.00,CE,NIFTY2692225350CE,0.00,0.00,0.00,141.55,0.00,141.55,23897.70,21.37,0,0,0,0.00,0,F1,65,,,,,
2026-09-04,2026-09-04,FO,NSE,IDO,57998,,NIFTY,,2026-09-22,2026-09-22,25750.00,CE,NIFTY2692225750CE,0.00,0.00,0.00,3.90,3.90,3.90,23897.70,7.10,780,0,0,0.00,0,F1,65,,,,,
2026-09-04,2026-09-04,FO,NSE,IDO,73891,,NIFTY,,2026-09-29,2026-09-29,22700.00,CE,NIFTY26SEP22700CE,0.00,0.00,0.00,1280.55,1280.55,1280.55,23897.70,1331.65,1625,0,0,0.00,0,F1,65,,,,,
2026-09-04,2026-09-04,FO,NSE,IDO,74479,,NIFTY,,2026-09-29,2026-09-29,26450.00,CE,NIFTY26SEP26450CE,0.00,0.00,0.00,3.15,3.15,3.15,23897.70,3.55,2795,0,0,0.00,0,F1,65,,,,,
2026-09-04,2026-09-04,FO,NSE,IDO,40697,,NIFTY,,2026-10-06,2026-10-06,22500.00,CE,NIFTY26O0622500CE,0.00,0.00,0.00,1723.05,0.00,1723.05,23897.70,1565.39,0,0,0,0.00,0,F1,65,,,,,
2026-09-04,2026-09-04,FO,NSE,IDO,40749,,NIFTY,,2026-10-06,2026-10-06,23250.00,CE,NIFTY26O0623250CE,0.00,0.00,0.00,1081.35,0.00,1081.35,23897.70,937.93,0,0,0,0.00,0,F1,65,,,,,
2026-09-04,2026-09-04,FO,NSE,IDO,51340,,NIFTY,,2026-10-27,2026-10-27,22700.00,CE,NIFTY26OCT22700CE,0.00,0.00,0.00,1740.00,1740.00,1740.00,23897.70,1527.58,260,0,0,0.00,0,F1,65,,,,,
2026-09-04,2026-09-04,FO,NSE,IDO,42712,,NIFTY,,2026-09-08,2026-09-08,25500.00,PE,NIFTY2690825500PE,1551.35,1570.70,1476.25,1527.50,1530.45,1598.75,23897.70,1527.50,115310,-1820,41,72001887.75,22,F1,65,,,,,
2026-09-04,2026-09-04,FO,NSE,IDO,47327,,NIFTY,,2026-09-15,2026-09-15,24200.00,CE,NIFTY2691524200CE,71.25,96.75,63.80,67.35,66.50,69.85,23897.70,67.35,1913470,519675,81085,127955077389.75,43353,F1,65,,,,,
2026-09-04,2026-09-04,FO,NSE,IDO,40714,,NIFTY,,2026-10-06,2026-10-06,22750.00,PE,NIFTY26O0622750PE,0.00,0.00,0.00,60.60,0.00,60.60,23897.70,67.39,0,0,0,0.00,0,F1,65,,,,,
2026-09-04,2026-09-04,FO,NSE,IDO,42649,,NIFTY,,2026-09-08,2026-09-08,24250.00,CE,NIFTY2690824250CE,14.00,23.00,8.00,10.10,8.80,16.90,23897.70,10.10,5408000,995280,1402172,2211584114275.25,368548,F1,65,,,,,
2026-09-04,2026-09-04,FO,NSE,IDO,42681,,NIFTY,,2026-09-08,2026-09-08,24950.00,CE,NIFTY2690824950CE,1.35,1.60,0.90,1.10,0.95,1.75,23897.70,1.10,1028625,154700,117166,190023328248.00,26563,F1,65,,,,,
2026-09-04,2026-09-04,FO,NSE,IDO,42701,,NIFTY,,2026-09-08,2026-09-08,25300.00,CE,NIFTY2690825300CE,0.80,1.05,0.60,0.65,0.65,1.05,23897.70,0.65,2965820,-1290315,208541,342955853435.00,30254,F1,65,,,,,
2026-09-04,2026-09-04,FO,NSE,IDO,47261,,NIFTY,,2026-09-15,2026-09-15,22600.00,CE,NIFTY2691522600CE,0.00,0.00,0.00,1463.40,1463.40,1463.40,23897.70,1342.47,65,0,0,0.00,0,F1,65,,,,,
2026-09-04,2026-09-04,FO,NSE,IDO,55761,,NIFTY,,2030-12-31,2030-12-31,28500.00,PE,NIFTY30DEC28500PE,0.00,0.00,0.00,1083.10,0.00,1083.10,23897.70,1978.65,0,0,0,0.00,0,F1,65,,,,,
2026-09-04,2026-09-04,FO,NSE,IDO,61795,,NIFTY,,2029-12-24,2029-12-24,27000.00,PE,NIFTY29DEC27000PE,0.00,0.00,0.00,1177.90,0.00,1177.90,23897.70,1731.24,0,0,0,0.00,0,F1,65,,,,,
2026-09-04,2026-09-04,FO,NSE,IDO,61391,,NIFTY,,2029-12-24,2029-12-24,18000.00,PE,NIFTY29DEC18000PE,0.00,0.00,0.00,96.50,0.00,96.50,23897.70,97.14,0,0,0,0.00,0,F1,65,,,,,
2026-09-04,2026-09-04,FO,NSE,IDO,55565,,NIFTY,,2029-06-26,2029-06-26,28500.00,PE,NIFTY29JUN28500PE,0.00,0.00,0.00,1349.10,0.00,1349.10,23897.70,2483.93,0,0,0,0.00,0,F1,65,,,,,
2026-09-04,2026-09-04,FO,NSE,IDO,64404,,NIFTY,,2026-11-23,2026-11-23,24150.00,PE,NIFTY26NOV24150PE,390.00,405.20,390.00,405.20,405.20,415.80,23897.70,405.20,5850,65,2,3191188.00,2,F1,65,,,,,
2026-09-04,2026-09-04,FO,NSE,IDO,64402,,NIFTY,,2026-11-23,2026-11-23,24100.00,PE,NIFTY26NOV24100PE,393.50,397.05,358.05,375.25,381.05,409.80,23897.70,375.25,9815,1625,44,70008978.00,32,F1,65,,,,,
2026-09-04,2026-09-04,FO,NSE,IDO,64348,,NIFTY,,2026-11-23,2026-11-23,23100.00,PE,NIFTY26NOV23100PE,0.00,0.00,0.00,216.20,0.00,216.20,23897.70,275.89,0,0,0,0.00,0,F1,65,,,,,
2026-09-04,2026-09-04,FO,NSE,IDO,51477,,NIFTY,,2026-10-27,2026-10-27,25650.00,PE,NIFTY26OCT25650PE,0.00,0.00,0.00,1057.40,1057.40,1057.40,23897.70,1637.07,130,0,0,0.00,0,F1,65,,,,,
2026-09-04,2026-09-04,FO,NSE,IDO,51455,,NIFTY,,2026-10-27,2026-10-27,25350.00,PE,NIFTY26OCT25350PE,0.00,0.00,0.00,865.70,865.70,865.70,23897.70,1391.41,260,0,0,0.00,0,F1,65,,,,,
2026-09-04,2026-09-04,FO,NSE,IDO,51403,,NIFTY,,2026-10-27,2026-10-27,24200.00,PE,NIFTY26OCT24200PE,405.85,405.85,348.00,376.15,376.95,417.75,23897.70,376.15,268385,650,1309,2090284901.25,1042,F1,65,,,,,
2026-09-04,2026-09-04,FO,NSE,IDO,51393,,NIFTY,,2026-10-27,2026-10-27,24000.00,PE,NIFTY26OCT24000PE,300.60,311.20,266.90,287.75,289.40,321.15,23897.70,287.75,1111045,78455,6337,10003436917.50,4615,F1,65,,,,,
2026-09-04,2026-09-04,FO,NSE,IDO,51333,,NIFTY,,2026-10-27,2026-10-27,22550.00,PE,NIFTY26OCT22550PE,0.00,0.00,0.00,41.00,41.00,41.00,23897.70,95.74,3120,0,0,0.00,0,F1,65,,,,,
2026-09-04,2026-09-04,FO,NSE,IDO,40891,,NIFTY,,2026-10-06,2026-10-06,25600.00,PE,NIFTY26O0625600PE,0.00,0.00,0.00,1475.75,0.00,1475.75,23897.70,1607.75,0,0,0,0.00,0,F1,65,,,,,
2026-09-04,2026-09-04,FO,NSE,IDO,40720,,NIFTY,,2026-10-06,2026-10-06,22850.00,PE,NIFTY26O0622850PE,0.00,0.00,0.00,72.70,0.00,72.70,23897.70,81.15,0,0,0,0.00,0,F1,65,,,,,
2026-09-04,2026-09-04,FO,NSE,IDO,74356,,NIFTY,,2026-09-29,2026-09-29,24750.00,PE,NIFTY26SEP24750PE,699.00,700.10,681.00,700.10,700.10,744.50,23897.70,887.69,32695,-260,5,8268572.00,4,F1,65,,,,,
2026-09-04,2026-09-04,FO,NSE,IDO,74288,,NIFTY,,2026-09-29,2026-09-29,24550.00,PE,NIFTY26SEP24550PE,568.75,571.95,517.35,553.15,552.30,613.45,23897.70,553.15,62790,-780,37,60337865.25,29,F1,65,,,,,
2026-09-04,2026-09-04,FO,NSE,IDO,73884,,NIFTY,,2026-09-29,2026-09-29,22450.00,PE,NIFTY26SEP22450PE,14.50,14.50,11.05,11.45,11.65,15.40,23897.70,11.45,18135,1495,92,134327433.50,55,F1,65,,,,,
2026-09-04,2026-09-04,FO,NSE,IDO,56979,,NIFTY,,2026-09-22,2026-09-22,23150.00,PE,NIFTY2692223150PE,0.00,0.00,0.00,109.90,0.00,109.90,23897.70,72.70,0,0,0,0.00,0,F1,65,,,,,
2026-09-04,2026-09-04,FO,NSE,IDO,47440,,NIFTY,,2026-09-15,2026-09-15,26150.00,PE,NIFTY2691526150PE,0.00,0.00,0.00,1603.05,0.00,1603.05,23897.70,2205.82,0,0,0,0.00,0,F1,65,,,,,
2026-09-04,2026-09-04,FO,NSE,IDO,42604,,NIFTY,,2026-09-08,2026-09-08,23300.00,PE,NIFTY2690823300PE,4.00,4.25,2.20,2.80,2.55,4.80,23897.70,2.80,4261075,700570,618424,936744840629.00,110712,F1,65,,,,,
2026-09-04,2026-09-04,FO,NSE,IDO,55698,,NIFTY,,2030-12-31,2030-12-31,18000.00,CE,NIFTY30DEC18000CE,0.00,0.00,0.00,12674.15,0.00,12674.15,23897.70,10386.33,0,0,0,0.00,0,F1,65,,,,,
2026-09-04,2026-09-04,FO,NSE,IDO,55560,,NIFTY,,2029-06-26,2029-06-26,22500.00,CE,NIFTY29JUN22500CE,0.00,0.00,0.00,7946.50,0.00,7946.50,23897.70,5691.71,0,0,0,0.00,0,F1,65,,,,,
2026-09-04,2026-09-04,FO,NSE,IDO,47293,,NIFTY,,2026-09-15,2026-09-15,23400.00,CE,NIFTY2691523400CE,614.95,670.95,600.75,607.15,604.00,562.10,23897.70,607.15,6110,2990,190,296754974.75,137,F1,65,,,,,
2026-09-04,2026-09-04,FO,NSE,IDO,47194,,NIFTY,,2027-12-28,2027-12-28,33000.00,CE,NIFTY27DEC33000CE,86.00,86.00,77.20,77.20,77.20,86.00,23897.70,77.20,5915,260,41,88160650.50,21,F1,65,,,,,
2026-09-04,2026-09-04,FO,NSE,IDO,35346,,NIFTY,,2027-12-28,2027-12-28,30000.00,CE,NIFTY27DEC30000CE,241.05,245.00,207.55,211.45,212.00,250.00,23897.70,211.45,176735,10335,466,915308800.25,308,F1,65,,,,,
2026-09-04,2026-09-04,FO,NSE,IDO,53626,,NIFTY,,2027-12-28,2027-12-28,25000.00,CE,NIFTY27DEC25000CE,1825.05,1877.40,1794.95,1810.10,1810.20,1824.45,23897.70,1810.10,95950,30420,574,999944484.50,156,F1,65,,,,,
2026-09-04,2026-09-04,FO,NSE,IDO,80311,,NIFTY,,2027-03-30,2027-03-30,31500.00,CE,NIFTY27MAR31500CE,0.00,0.00,0.00,94.65,0.00,94.65,23897.70,28.34,0,0,0,0.00,0,F1,65,,,,,
2026-09-04,2026-09-04,FO,NSE,IDO,55330,,NIFTY,,2026-12-29,2026-12-29,28500.00,CE,NIFTY26DEC28500CE,15.60,16.90,14.50,14.85,14.50,16.90,23897.70,14.85,114140,-845,124,229835183.50,86,F1,65,,,,,
2026-09-04,2026-09-04,FO,NSE,IDO,64375,,NIFTY,,2026-11-23,2026-11-23,23550.00,CE,NIFTY26NOV23550CE,0.00,0.00,0.00,1461.75,0.00,1461.75,23897.70,1093.60,0,0,0,0.00,0,F1,65,,,,,
2026-09-04,2026-09-04,FO,NSE,IDO,51538,,NIFTY,,2026-10-27,2026-10-27,27150.00,CE,NIFTY26OCT27150CE,6.05,6.05,4.50,4.50,4.50,6.00,23897.70,4.50,2210,455,8,14121025.75,5,F1,65,,,,,
2026-09-04,2026-09-04,FO,NSE,IDO,51514,,NIFTY,,2026-10-27,2026-10-27,26600.00,CE,NIFTY26OCT26600CE,0.00,0.00,0.00,157.40,0.00,157.40,23897.70,35.29,0,0,0,0.00,0,F1,65,,,,,
2026-09-04,2026-09-04,FO,NSE,IDO,40873,,NIFTY,,2026-10-06,2026-10-06,25200.00,CE,NIFTY26O0625200CE,0.00,0.00,0.00,142.85,0.00,142.85,23897.70,96.45,0,0,0,0.00,0,F1,65,,,,,
2026-09-04,2026-09-04,FO,NSE,IDO,40817,,NIFTY,,2026-10-06,2026-10-06,24300.00,CE,NIFTY26O0624300CE,214.70,214.70,214.70,214.70,214.70,428.70,23897.70,333.35,65,65,1,1593455.50,1,F1,65,,,,,
2026-09-04,2026-09-04,FO,NSE,IDO,40743,,NIFTY,,2026-10-06,2026-10-06,23150.00,CE,NIFTY26O0623150CE,0.00,0.00,0.00,1160.25,0.00,1160.25,23897.70,1013.97,0,0,0,0.00,0,F1,65,,,,,
2026-09-04,2026-09-04,FO,NSE,IDO,57716,,NIFTY,,2026-09-22,2026-09-22,24750.00,CE,NIFTY2692224750CE,0.00,0.00,0.00,300.70,0.00,300.70,23897.70,85.98,0,0,0,0.00,0,F1,65,,,,,
2026-09-04,2026-09-04,FO,NSE,IDO,57584,,NIFTY,,2026-09-22,2026-09-22,24450.00,CE,NIFTY2692224450CE,56.00,68.30,47.30,49.45,48.40,54.30,23897.70,49.45,31135,8515,710,1130885876.25,353,F1,65,,,,,
2026-09-04,2026-09-04,FO,NSE,IDO,57387,,NIFTY,,2026-09-22,2026-09-22,24200.00,CE,NIFTY2692224200CE,115.25,150.00,111.00,119.30,118.50,116.15,23897.70,119.30,133575,29575,3838,6069997680.50,2653,F1,65,,,,,
2026-09-04,2026-09-04,FO,NSE,IDO,57003,,NIFTY,,2026-09-22,2026-09-22,23450.00,CE,NIFTY2692223450CE,0.00,0.00,0.00,1013.95,0.00,1013.95,23897.70,654.26,0,0,0,0.00,0,F1,65,,,,,
2026-09-04,2026-09-04,FO,NSE,IDO,56865,,NIFTY,,2026-09-22,2026-09-22,22500.00,CE,NIFTY2692222500CE,0.00,0.00,0.00,1819.00,0.00,1819.00,23897.70,1475.71,0,0,0,0.00,0,F1,65,,,,,
2026-09-04,2026-09-04,FO,NSE,IDO,47389,,NIFTY,,2026-09-15,2026-09-15,25500.00,CE,NIFTY2691525500CE,1.80,1.80,1.25,1.55,1.50,1.75,23897.70,1.55,646165,182390,21244,35213980772.75,6176,F1,65,,,,,
2026-09-04,2026-09-04,FO,NSE,IDO,47369,,NIFTY,,2026-09-15,2026-09-15,25150.00,CE,NIFTY2691525150CE,2.85,4.60,2.10,2.50,2.30,3.55,23897.70,2.50,64025,43550,2771,4530355722.75,1790,F1,65,,,,,
2026-09-04,2026-09-04,FO,NSE,IDO,57794,,NIFTY,,2026-09-22,2026-09-22,24950.00,CE,NIFTY2692224950CE,0.00,0.00,0.00,237.20,0.00,237.20,23897.70,55.94,0,0,0,0.00,0,F1,65,,,,,
2026-09-04,2026-09-04,FO,NSE,IDO,73854,,NIFTY,,2026-09-29,2026-09-29,21850.00,CE,NIFTY26SEP21850CE,0.00,0.00,0.00,2400.00,2400.00,2400.00,23897.70,2140.33,65,0,0,0.00,0,F1,65,,,,,
2026-09-04,2026-09-04,FO,NSE,IDO,73875,,NIFTY,,2026-09-29,2026-09-29,22250.00,CE,NIFTY26SEP22250CE,0.00,0.00,0.00,1920.00,1920.00,1920.00,23897.70,1751.41,130,0,0,0.00,0,F1,65,,,,,
2026-09-04,2026-09-04,FO,NSE,IDO,74007,,NIFTY,,2026-09-29,2026-09-29,23700.00,CE,NIFTY26SEP23700CE,438.45,517.45,438.45,459.55,458.50,437.10,23897.70,459.55,147290,-11700,2306,3623663478.50,1446,F1,65,,,,,
2026-09-04,2026-09-04,FO,NSE,IDO,74422,,NIFTY,,2026-09-29,2026-09-29,25850.00,CE,NIFTY26SEP25850CE,3.75,5.20,3.75,4.75,4.45,5.45,23897.70,4.75,8450,-1170,44,73944633.75,15,F1,65,,,,,
2026-09-04,2026-09-04,FO,NSE,IDO,74426,,NIFTY,,2026-09-29,2026-09-29,25900.00,CE,NIFTY26SEP25900CE,5.00,5.00,4.20,4.40,4.35,5.00,23897.70,4.40,19890,-1105,182,306450329.25,58,F1,65,,,,,
2026-09-04,2026-09-04,FO,NSE,IDO,55292,,NIFTY,,2026-09-29,2026-09-29,34500.00,CE,NIFTY26SEP34500CE,0.00,0.00,0.00,0.65,0.65,0.65,23897.70,0.00,9880,0,0,0.00,0,F1,65,,,,,
2026-09-04,2026-09-04,FO,NSE,IDO,40677,,NIFTY,,2026-10-06,2026-10-06,22250.00,CE,NIFTY26O0622250CE,0.00,0.00,0.00,1956.30,0.00,1956.30,23897.70,1796.75,0,0,0,0.00,0,F1,65,,,,,
2026-09-04,2026-09-04,FO,NSE,IDO,40791,,NIFTY,,2026-10-06,2026-10-06,23950.00,CE,NIFTY26O0623950CE,348.00,361.85,347.75,361.85,361.85,342.00,23897.70,493.08,2665,1950,49,77394934.50,10,F1,65,,,,,
2026-09-04,2026-09-04,FO,NSE,IDO,40801,,NIFTY,,2026-10-06,2026-10-06,24050.00,CE,NIFTY26O0624050CE,0.00,0.00,0.00,276.35,276.75,276.35,23897.70,443.05,3445,0,0,0.00,0,F1,65,,,,,
2026-09-04,2026-09-04,FO,NSE,IDO,51374,,NIFTY,,2026-10-27,2026-10-27,23550.00,CE,NIFTY26OCT23550CE,0.00,0.00,0.00,1244.00,0.00,1244.00,23897.70,901.42,0,0,0,0.00,0,F1,65,,,,,
2026-09-04,2026-09-04,FO,NSE,IDO,51406,,NIFTY,,2026-10-27,2026-10-27,24300.00,CE,NIFTY26OCT24300CE,290.15,325.00,285.60,290.85,290.30,278.70,23897.70,290.85,203580,-4225,903,1444048287.50,638,F1,65,,,,,
2026-09-04,2026-09-04,FO,NSE,IDO,51412,,NIFTY,,2026-10-27,2026-10-27,24450.00,CE,NIFTY26OCT24450CE,229.45,254.80,223.40,227.35,223.40,216.45,23897.70,227.35,20410,-1365,75,120357347.50,60,F1,65,,,,,
2026-09-04,2026-09-04,FO,NSE,IDO,51522,,NIFTY,,2026-10-27,2026-10-27,26800.00,CE,NIFTY26OCT26800CE,6.70,6.70,6.70,6.70,6.70,7.25,23897.70,26.34,845,0,1,1742435.50,1,F1,65,,,,,
2026-09-04,2026-09-04,FO,NSE,IDO,64268,,NIFTY,,2026-11-23,2026-11-23,22300.00,CE,NIFTY26NOV22300CE,0.00,0.00,0.00,2456.95,0.00,2456.95,23897.70,2025.33,0,0,0,0.00,0,F1,65,,,,,
2026-09-04,2026-09-04,FO,NSE,IDO,64397,,NIFTY,,2026-11-23,2026-11-23,24000.00,CE,NIFTY26NOV24000CE,585.80,649.90,585.80,602.05,605.70,592.00,23897.70,602.05,250445,21450,1311,2097556656.00,807,F1,65,,,,,
2026-09-04,2026-09-04,FO,NSE,IDO,64403,,NIFTY,,2026-11-23,2026-11-23,24150.00,CE,NIFTY26NOV24150CE,518.20,518.20,517.55,518.05,517.55,505.70,23897.70,518.05,1300,-195,4,6413689.75,2,F1,65,,,,,
2026-09-04,2026-09-04,FO,NSE,IDO,55564,,NIFTY,,2029-06-26,2029-06-26,28500.00,CE,NIFTY29JUN28500CE,0.00,0.00,0.00,4213.30,0.00,4213.30,23897.70,2600.83,0,0,0,0.00,0,F1,65,,,,,
2026-09-04,2026-09-04,FO,NSE,IDO,61932,,NIFTY,,2029-12-24,2029-12-24,30000.00,CE,NIFTY29DEC30000CE,0.00,0.00,0.00,2401.00,2401.00,2401.00,23897.70,2611.97,8275,0,0,0.00,0,F1,65,,,,,
2026-09-04,2026-09-04,FO,NSE,IDO,42580,,NIFTY,,2026-09-08,2026-09-08,22700.00,PE,NIFTY2690822700PE,1.30,1.90,1.05,1.40,1.05,1.60,23897.70,1.40,2103335,210080,212681,313832091293.50,32929,F1,65,,,,,
2026-09-04,2026-09-04,FO,NSE,IDO,42695,,NIFTY,,2026-09-08,2026-09-08,25150.00,PE,NIFTY2690825150PE,0.00,0.00,0.00,1160.00,1160.00,1160.00,23897.70,1236.14,715,0,0,0.00,0,F1,65,,,,,
2026-09-04,2026-09-04,FO,NSE,IDO,47334,,NIFTY,,2026-09-15,2026-09-15,24350.00,PE,NIFTY2691524350PE,442.65,442.65,339.45,382.80,387.60,437.65,23897.70,382.80,22425,-1950,326,523981838.25,280,F1,65,,,,,
2026-09-04,2026-09-04,FO,NSE,IDO,47338,,NIFTY,,2026-09-15,2026-09-15,24450.00,PE,NIFTY2691524450PE,480.00,486.00,420.00,473.40,473.05,548.30,23897.70,473.40,9555,65,99,160303864.50,72,F1,65,,,,,
2026-09-04,2026-09-04,FO,NSE,IDO,47442,,NIFTY,,2026-09-15,2026-09-15,26200.00,PE,NIFTY2691526200PE,0.00,0.00,0.00,1647.25,0.00,1647.25,23897.70,2255.70,0,0,0,0.00,0,F1,65,,,,,
2026-09-04,2026-09-04,FO,NSE,IDO,56864,,NIFTY,,2026-09-22,2026-09-22,22450.00,PE,NIFTY2692222450PE,0.00,0.00,0.00,12.95,12.95,12.95,23897.70,10.59,195,0,0,0.00,0,F1,65,,,,,
2026-09-04,2026-09-04,FO,NSE,IDO,57784,,NIFTY,,2026-09-22,2026-09-22,24900.00,PE,NIFTY2692224900PE,0.00,0.00,0.00,853.10,0.00,853.10,23897.70,992.20,0,0,0,0.00,0,F1,65,,,,,
2026-09-04,2026-09-04,FO,NSE,IDO,73909,,NIFTY,,2026-09-29,2026-09-29,23150.00,PE,NIFTY26SEP23150PE,38.25,40.50,30.00,31.00,30.95,45.30,23897.70,31.00,210600,135460,4038,6085032430.75,2016,F1,65,,,,,
2026-09-04,2026-09-04,FO,NSE,IDO,74004,,NIFTY,,2026-09-29,2026-09-29,23600.00,PE,NIFTY26SEP23600PE,104.20,107.45,79.95,88.20,88.55,113.30,23897.70,88.20,1082185,-19825,12536,19302646834.25,8036,F1,65,,,,,
2026-09-04,2026-09-04,FO,NSE,IDO,74354,,NIFTY,,2026-09-29,2026-09-29,24700.00,PE,NIFTY26SEP24700PE,711.30,711.30,630.00,689.50,687.20,725.05,23897.70,689.50,294385,-1560,293,483194822.50,221,F1,65,,,,,
2026-09-04,2026-09-04,FO,NSE,IDO,74472,,NIFTY,,2026-09-29,2026-09-29,26300.00,PE,NIFTY26SEP26300PE,2281.00,2281.00,2281.00,2281.00,2281.00,2289.25,23897.70,2281.00,81575,-65,1,1857765.00,1,F1,65,,,,,
2026-09-04,2026-09-04,FO,NSE,IDO,55289,,NIFTY,,2026-09-29,2026-09-29,28500.00,PE,NIFTY26SEP28500PE,4430.00,4432.00,4380.30,4430.00,4430.00,4442.55,23897.70,4486.98,433680,-650,24,51355239.00,24,F1,65,,,,,
2026-09-04,2026-09-04,FO,NSE,IDO,40770,,NIFTY,,2026-10-06,2026-10-06,23700.00,PE,NIFTY26O0623700PE,0.00,0.00,0.00,266.90,0.00,266.90,23897.70,302.01,0,0,0,0.00,0,F1,65,,,,,
2026-09-04,2026-09-04,FO,NSE,IDO,40804,,NIFTY,,2026-10-06,2026-10-06,24100.00,PE,NIFTY26O0624100PE,263.85,263.85,263.85,263.85,263.85,310.00,23897.70,486.01,260,65,1,1583650.25,1,F1,65,,,,,
2026-09-04,2026-09-04,FO,NSE,IDO,40876,,NIFTY,,2026-10-06,2026-10-06,25250.00,PE,NIFTY26O0625250PE,0.00,0.00,0.00,1181.55,0.00,1181.55,23897.70,1299.24,0,0,0,0.00,0,F1,65,,,,,
2026-09-04,2026-09-04,FO,NSE,IDO,51391,,NIFTY,,2026-10-27,2026-10-27,23950.00,PE,NIFTY26OCT23950PE,284.15,285.45,252.45,267.70,269.35,304.55,23897.70,267.70,6500,2470,136,214088660.50,103,F1,65,,,,,
2026-09-04,2026-09-04,FO,NSE,IDO,51453,,NIFTY,,2026-10-27,2026-10-27,25300.00,PE,NIFTY26OCT25300PE,1150.00,1150.00,1150.00,1150.00,1150.00,940.05,23897.70,1351.95,585,-65,1,1719250.00,1,F1,65,,,,,
2026-09-04,2026-09-04,FO,NSE,IDO,51489,,NIFTY,,2026-10-27,2026-10-27,25950.00,PE,NIFTY26OCT25950PE,0.00,0.00,0.00,1842.30,0.00,1842.30,23897.70,1895.98,0,0,0,0.00,0,F1,65,,,,,
2026-09-04,2026-09-04,FO,NSE,IDO,51513,,NIFTY,,2026-10-27,2026-10-27,26550.00,PE,NIFTY26OCT26550PE,0.00,0.00,0.00,2330.10,0.00,2330.10,23897.70,2443.09,0,0,0,0.00,0,F1,65,,,,,
2026-09-04,2026-09-04,FO,NSE,IDO,64372,,NIFTY,,2026-11-23,2026-11-23,23450.00,PE,NIFTY26NOV23450PE,0.00,0.00,0.00,300.70,0.00,300.70,23897.70,380.94,0,0,0,0.00,0,F1,65,,,,,
2026-09-04,2026-09-04,FO,NSE,IDO,64386,,NIFTY,,2026-11-23,2026-11-23,23750.00,PE,NIFTY26NOV23750PE,0.00,0.00,0.00,388.25,0.00,388.25,23897.70,491.91,0,0,0,0.00,0,F1,65,,,,,
2026-09-04,2026-09-04,FO,NSE,IDO,64492,,NIFTY,,2026-11-23,2026-11-23,25850.00,PE,NIFTY26NOV25850PE,0.00,0.00,0.00,1490.40,0.00,1490.40,23897.70,1789.61,0,0,0,0.00,0,F1,65,,,,,
2026-09-04,2026-09-04,FO,NSE,IDO,55429,,NIFTY,,2027-12-28,2027-12-28,28500.00,PE,NIFTY27DEC28500PE,0.00,0.00,0.00,2979.70,2979.70,2979.70,23897.70,3195.25,260,0,0,0.00,0,F1,65,,,,,
2026-09-04,2026-09-04,FO,NSE,IDO,67771,,NIFTY,,2028-12-26,2028-12-26,18000.00,PE,NIFTY28DEC18000PE,0.00,0.00,0.00,250.00,250.00,250.00,23897.70,70.55,75,0,0,0.00,0,F1,65,,,,,
2026-09-04,2026-09-04,FO,NSE,IDO,62007,,NIFTY,,2029-12-24,2029-12-24,33000.00,PE,NIFTY29DEC33000PE,0.00,0.00,0.00,2953.70,0.00,2953.70,23897.70,4513.00,0,0,0,0.00,0,F1,65,,,,,
2026-09-04,2026-09-04,FO,NSE,IDO,42627,,NIFTY,,2026-09-08,2026-09-08,23700.00,CE,NIFTY2690823700CE,287.10,346.80,263.55,277.60,275.15,258.15,23897.70,277.60,432120,-180050,123555,192732939389.25,72161,F1,65,,,,,
2026-09-04,2026-09-04,FO,NSE,IDO,47226,,NIFTY,,2026-09-15,2026-09-15,22150.00,CE,NIFTY2691522150CE,0.00,0.00,0.00,2458.85,0.00,2458.85,23897.70,1787.67,0,0,0,0.00,0,F1,65,,,,,
2026-09-04,2026-09-04,FO,NSE,IDO,58030,,NIFTY,,2026-09-22,2026-09-22,26000.00,CE,NIFTY2692226000CE,2.50,3.40,2.35,2.70,2.65,2.75,23897.70,2.70,90480,28470,1267,2141445309.25,688,F1,65,,,,,
2026-09-04,2026-09-04,FO,NSE,IDO,73867,,NIFTY,,2026-09-29,2026-09-29,22050.00,CE,NIFTY26SEP22050CE,0.00,0.00,0.00,1900.00,1900.00,1900.00,23897.70,1944.68,65,0,0,0.00,0,F1,65,,,,,
2026-09-04,2026-09-04,FO,NSE,IDO,74060,,NIFTY,,2026-09-29,2026-09-29,24050.00,CE,NIFTY26SEP24050CE,231.00,279.75,231.00,236.15,237.70,226.65,23897.70,236.15,190190,2795,3524,5566434555.50,2494,F1,65,,,,,
2026-09-04,2026-09-04,FO,NSE,IDO,74064,,NIFTY,,2026-09-29,2026-09-29,24100.00,CE,NIFTY26SEP24100CE,213.00,253.30,205.55,211.45,210.50,204.60,23897.70,211.45,1430065,-10790,31213,49357785727.25,20850,F1,65,,,,,
2026-09-04,2026-09-04,FO,NSE,IDO,40710,,NIFTY,,2026-10-06,2026-10-06,22700.00,CE,NIFTY26O0622700CE,0.00,0.00,0.00,1542.10,0.00,1542.10,23897.70,1386.75,0,0,0,0.00,0,F1,65,,,,,
2026-09-04,2026-09-04,FO,NSE,IDO,40846,,NIFTY,,2026-10-06,2026-10-06,24750.00,CE,NIFTY26O0624750CE,0.00,0.00,0.00,256.80,0.00,256.80,23897.70,187.10,0,0,0,0.00,0,F1,65,,,,,
2026-09-04,2026-09-04,FO,NSE,IDO,40894,,NIFTY,,2026-10-06,2026-10-06,25700.00,CE,NIFTY26O0625700CE,8.45,10.55,7.45,8.05,8.40,8.45,23897.70,8.05,11960,9490,318,531398276.50,130,F1,65,,,,,
2026-09-04,2026-09-04,FO,NSE,IDO,51476,,NIFTY,,2026-10-27,2026-10-27,25650.00,CE,NIFTY26OCT25650CE,23.00,26.90,20.60,23.95,21.00,25.00,23897.70,23.95,14170,585,16,26699777.00,12,F1,65,,,,,
2026-09-04,2026-09-04,FO,NSE,IDO,55328,,NIFTY,,2026-12-29,2026-12-29,25500.00,CE,NIFTY26DEC25500CE,189.45,197.50,130.00,181.35,180.00,181.55,23897.70,181.35,1287195,108225,6281,10487804434.25,2228,F1,65,,,,,
2026-09-04,2026-09-04,FO,NSE,IDO,55378,,NIFTY,,2027-06-29,2027-06-29,28500.00,CE,NIFTY27JUN28500CE,0.00,0.00,0.00,1711.90,0.00,1711.90,23897.70,400.36,0,0,0,0.00,0,F1,65,,,,,
2026-09-04,2026-09-04,FO,NSE,IDO,86139,,NIFTY,,2028-06-27,2028-06-27,18000.00,CE,NIFTY28JUN18000CE,0.00,0.00,0.00,6809.35,0.00,6809.35,23897.70,7933.86,0,0,0,0.00,0,F1,65,,,,,
2026-09-04,2026-09-04,FO,NSE,IDO,55606,,NIFTY,,2029-12-24,2029-12-24,28500.00,CE,NIFTY29DEC28500CE,0.00,0.00,0.00,4802.10,0.00,4802.10,23897.70,3166.21,0,0,0,0.00,0,F1,65,,,,,
2026-09-04,2026-09-04,FO,NSE,IDO,55644,,NIFTY,,2030-06-25,2030-06-25,22500.00,CE,NIFTY30JUN22500CE,0.00,0.00,0.00,9012.40,0.00,9012.40,23897.70,6843.18,0,0,0,0.00,0,F1,65,,,,,
2026-09-04,2026-09-04,FO,NSE,IDO,74651,,NIFTY,,2031-06-24,2031-06-24,25500.00,CE,NIFTY31JUN25500CE,0.00,0.00,0.00,6409.80,0.00,6409.80,23897.70,6240.71,0,0,0,0.00,0,F1,65,,,,,
2026-09-04,2026-09-04,FO,NSE,IDO,42670,,NIFTY,,2026-09-08,2026-09-08,24700.00,PE,NIFTY2690824700PE,775.00,775.00,680.00,738.55,740.00,788.60,23897.70,738.55,123630,-6370,405,669164011.75,311,F1,65,,,,,
2026-09-04,2026-09-04,FO,NSE,IDO,47296,,NIFTY,,2026-09-15,2026-09-15,23450.00,PE,NIFTY2691523450PE,27.80,30.80,18.75,20.10,19.60,33.50,23897.70,20.10,179985,108810,11249,17162630670.25,7376,F1,65,,,,,
2026-09-04,2026-09-04,FO,NSE,IDO,47300,,NIFTY,,2026-09-15,2026-09-15,23550.00,PE,NIFTY2691523550PE,38.00,43.10,27.10,29.75,28.30,48.05,23897.70,29.75,195455,90805,17096,26205746576.75,11908,F1,65,,,,,
2026-09-04,2026-09-04,FO,NSE,IDO,47358,,NIFTY,,2026-09-15,2026-09-15,24850.00,PE,NIFTY2691524850PE,0.00,0.00,0.00,629.70,0.00,629.70,23897.70,936.11,0,0,0,0.00,0,F1,65,,,,,
2026-09-04,2026-09-04,FO,NSE,IDO,56876,,NIFTY,,2026-09-22,2026-09-22,22550.00,PE,NIFTY2692222550PE,7.15,7.15,7.15,7.15,7.15,8.90,23897.70,14.51,910,65,1,1466214.75,1,F1,65,,,,,
2026-09-04,2026-09-04,FO,NSE,IDO,57229,,NIFTY,,2026-09-22,2026-09-22,24050.00,PE,NIFTY2692224050PE,230.10,234.35,190.65,211.80,210.40,251.90,23897.70,211.80,19500,-650,654,1031270646.25,433,F1,65,,,,,
2026-09-04,2026-09-04,FO,NSE,IDO,57857,,NIFTY,,2026-09-22,2026-09-22,25150.00,PE,NIFTY2692225150PE,0.00,0.00,0.00,1035.20,0.00,1035.20,23897.70,1214.16,0,0,0,0.00,0,F1,65,,,,,
2026-09-04,2026-09-04,FO,NSE,IDO,73868,,NIFTY,,2026-09-29,2026-09-29,22050.00,PE,NIFTY26SEP22050PE,11.60,11.60,8.95,9.00,8.95,10.85,23897.70,9.00,14170,390,58,83163408.25,29,F1,65,,,,,
2026-09-04,2026-09-04,FO,NSE,IDO,73911,,NIFTY,,2026-09-29,2026-09-29,23200.00,PE,NIFTY26SEP23200PE,30.90,46.60,30.90,34.55,34.55,50.50,23897.70,34.55,1141075,31785,10705,16168983122.50,6169,F1,65,,,,,
2026-09-04,2026-09-04,FO,NSE,IDO,74065,,NIFTY,,2026-09-29,2026-09-29,24100.00,PE,NIFTY26SEP24100PE,295.05,295.15,232.25,261.70,262.20,305.15,23897.70,261.70,1291485,-455,25690,40671464678.00,17896,F1,65,,,,,
2026-09-04,2026-09-04,FO,NSE,IDO,74490,,NIFTY,,2026-09-29,2026-09-29,26700.00,PE,NIFTY26SEP26700PE,0.00,0.00,0.00,2560.85,0.00,2560.85,23897.70,2696.05,0,0,0,0.00,0,F1,65,,,,,
2026-09-04,2026-09-04,FO,NSE,IDO,40754,,NIFTY,,2026-10-06,2026-10-06,23350.00,PE,NIFTY26O0623350PE,0.00,0.00,0.00,164.35,0.00,164.35,23897.70,185.40,0,0,0,0.00,0,F1,65,,,,,
2026-09-04,2026-09-04,FO,NSE,IDO,51363,,NIFTY,,2026-10-27,2026-10-27,23250.00,PE,NIFTY26OCT23250PE,0.00,0.00,0.00,356.75,0.00,356.75,23897.70,239.41,0,0,0,0.00,0,F1,65,,,,,
2026-09-04,2026-09-04,FO,NSE,IDO,51365,,NIFTY,,2026-10-27,2026-10-27,23300.00,PE,NIFTY26OCT23300PE,111.40,114.45,94.70,102.10,102.90,121.95,23897.70,102.10,297635,2795,1099,1671792265.00,765,F1,65,,,,,
2026-09-04,2026-09-04,FO,NSE,IDO,51421,,NIFTY,,2026-10-27,2026-10-27,24550.00,PE,NIFTY26OCT24550PE,556.85,556.85,556.85,556.85,556.85,515.55,23897.70,822.06,8775,-65,1,1631945.25,1,F1,65,,,,,
2026-09-04,2026-09-04,FO,NSE,IDO,51457,,NIFTY,,2026-10-27,2026-10-27,25400.00,PE,NIFTY26OCT25400PE,0.00,0.00,0.00,996.50,996.50,996.50,23897.70,1431.32,780,0,0,0.00,0,F1,65,,,,,
2026-09-04,2026-09-04,FO,NSE,IDO,51531,,NIFTY,,2026-10-27,2026-10-27,27000.00,PE,NIFTY26OCT27000PE,2800.00,2819.00,2731.05,2797.15,2797.75,2842.50,23897.70,2797.15,111085,35360,676,1308886621.25,674,F1,65,,,,,
2026-09-04,2026-09-04,FO,NSE,IDO,64502,,NIFTY,,2026-11-23,2026-11-23,26100.00,PE,NIFTY26NOV26100PE,0.00,0.00,0.00,1675.50,0.00,1675.50,23897.70,1994.68,0,0,0,0.00,0,F1,65,,,,,
2026-09-04,2026-09-04,FO,NSE,IDO,58639,,NIFTY,,2026-12-29,2026-12-29,17000.00,PE,NIFTY26DEC17000PE,11.60,12.40,9.80,11.00,11.10,12.00,23897.70,11.00,187210,1040,331,365992383.25,89,F1,65,,,,,
2026-09-04,2026-09-04,FO,NSE,IDO,71506,,NIFTY,,2026-12-29,2026-12-29,26000.00,PE,NIFTY26DEC26000PE,1599.65,1624.95,1549.55,1600.10,1602.60,1641.70,23897.70,1600.10,1459170,35,201,360466151.50,156,F1,65,,,,,
2026-09-04,2026-09-04,FO,NSE,IDO,55375,,NIFTY,,2027-06-29,2027-06-29,22500.00,PE,NIFTY27JUN22500PE,0.00,0.00,0.00,297.35,297.35,297.35,23897.70,405.65,1365,0,0,0.00,0,F1,65,,,,,
2026-09-04,2026-09-04,FO,NSE,IDO,55431,,NIFTY,,2027-12-28,2027-12-28,31500.00,PE,NIFTY27DEC31500PE,0.00,0.00,0.00,3240.00,0.00,3240.00,23897.70,5413.28,0,0,0,0.00,0,F1,65,,,,,
2026-09-04,2026-09-04,FO,NSE,IDO,89625,,NIFTY,,2029-06-26,2029-06-26,21000.00,PE,NIFTY29JUN21000PE,0.00,0.00,0.00,320.25,0.00,320.25,23897.70,334.71,0,0,0,0.00,0,F1,65,,,,,
2026-09-04,2026-09-04,FO,NSE,IDO,47263,,NIFTY,,2026-09-15,2026-09-15,22650.00,CE,NIFTY2691522650CE,0.00,0.00,0.00,1979.90,0.00,1979.90,23897.70,1293.64,0,0,0,0.00,0,F1,65,,,,,
2026-09-04,2026-09-04,FO,NSE,IDO,47244,,NIFTY,,2026-09-15,2026-09-15,22300.00,CE,NIFTY2691522300CE,0.00,0.00,0.00,2313.50,0.00,2313.50,23897.70,1638.53,0,0,0,0.00,0,F1,65,,,,,
2026-09-04,2026-09-04,FO,NSE,IDO,42667,,NIFTY,,2026-09-08,2026-09-08,24650.00,CE,NIFTY2690824650CE,2.80,2.80,1.40,1.85,1.50,3.05,23897.70,1.85,2040350,-700960,303373,486121204370.75,54650,F1,65,,,,,
2026-09-04,2026-09-04,FO,NSE,IDO,42665,,NIFTY,,2026-09-08,2026-09-08,24600.00,CE,NIFTY2690824600CE,3.30,3.30,1.55,2.10,1.60,3.40,23897.70,2.10,6656195,-1154205,680467,1088172510837.75,113605,F1,65,,,,,
2026-09-04,2026-09-04,FO,NSE,IDO,42591,,NIFTY,,2026-09-08,2026-09-08,23000.00,CE,NIFTY2690823000CE,942.30,1028.55,942.25,965.45,960.00,919.20,23897.70,965.45,64675,-20215,1435,2237013684.75,712,F1,65,,,,,
2026-09-04,2026-09-04,FO,NSE,IDO,47325,,NIFTY,,2026-09-15,2026-09-15,24150.00,CE,NIFTY2691524150CE,94.05,116.65,78.70,83.15,81.50,86.45,23897.70,83.15,391755,21775,22475,35418336190.25,15372,F1,65,,,,,
2026-09-04,2026-09-04,FO,NSE,IDO,47339,,NIFTY,,2026-09-15,2026-09-15,24500.00,CE,NIFTY2691524500CE,24.95,24.95,13.60,14.60,14.75,19.80,23897.70,14.60,2641275,478790,100845,160714680496.50,47422,F1,65,,,,,
2026-09-04,2026-09-04,FO,NSE,IDO,47407,,NIFTY,,2026-09-15,2026-09-15,25750.00,CE,NIFTY2691525750CE,1.00,1.20,0.95,1.05,1.10,1.15,23897.70,1.05,20930,-585,287,480385327.50,81,F1,65,,,,,
2026-09-04,2026-09-04,FO,NSE,IDO,64353,,NIFTY,,2026-11-23,2026-11-23,23250.00,CE,NIFTY26NOV23250CE,0.00,0.00,0.00,1679.60,0.00,1679.60,23897.70,1290.91,0,0,0,0.00,0,F1,65,,,,,
2026-09-04,2026-09-04,FO,NSE,IDO,55645,,NIFTY,,2030-06-25,2030-06-25,22500.00,PE,NIFTY30JUN22500PE,0.00,0.00,0.00,223.75,0.00,223.75,23897.70,551.94,0,0,0,0.00,0,F1,65,,,,,
2026-09-04,2026-09-04,FO,NSE,IDO,51520,,NIFTY,,2026-10-27,2026-10-27,26750.00,CE,NIFTY26OCT26750CE,0.00,0.00,0.00,138.30,0.00,138.30,23897.70,28.37,0,0,0,0.00,0,F1,65,,,,,
2026-09-04,2026-09-04,FO,NSE,IDO,51488,,NIFTY,,2026-10-27,2026-10-27,25950.00,CE,NIFTY26OCT25950CE,0.00,0.00,0.00,267.40,0.00,267.40,23897.70,85.21,0,0,0,0.00,0,F1,65,,,,,
2026-09-04,2026-09-04,FO,NSE,IDO,51432,,NIFTY,,2026-10-27,2026-10-27,24850.00,CE,NIFTY26OCT24850CE,109.45,119.55,102.20,104.90,102.60,103.70,23897.70,104.90,25545,4030,160,259592443.50,118,F1,65,,,,,
2026-09-04,2026-09-04,FO,NSE,IDO,51418,,NIFTY,,2026-10-27,2026-10-27,24500.00,CE,NIFTY26OCT24500CE,216.00,238.90,203.50,207.85,207.90,203.60,23897.70,207.85,1007500,113425,8105,13023328812.00,4746,F1,65,,,,,
2026-09-04,2026-09-04,FO,NSE,IDO,51318,,NIFTY,,2026-10-27,2026-10-27,22250.00,CE,NIFTY26OCT22250CE,0.00,0.00,0.00,2190.00,2190.00,2190.00,23897.70,1915.27,10075,0,0,0.00,0,F1,65,,,,,
2026-09-04,2026-09-04,FO,NSE,IDO,40731,,NIFTY,,2026-10-06,2026-10-06,23000.00,CE,NIFTY26O0623000CE,0.00,0.00,0.00,1283.00,0.00,1283.00,23897.70,1133.02,0,0,0,0.00,0,F1,65,,,,,
2026-09-04,2026-09-04,FO,NSE,IDO,40687,,NIFTY,,2026-10-06,2026-10-06,22400.00,CE,NIFTY26O0622400CE,0.00,0.00,0.00,1815.55,0.00,1815.55,23897.70,1656.99,0,0,0,0.00,0,F1,65,,,,,
2026-09-04,2026-09-04,FO,NSE,IDO,74463,,NIFTY,,2026-09-29,2026-09-29,26150.00,CE,NIFTY26SEP26150CE,3.15,3.55,3.10,3.35,3.35,3.75,23897.70,3.35,10530,-4095,99,168296781.25,53,F1,65,,,,,
2026-09-04,2026-09-04,FO,NSE,IDO,74438,,NIFTY,,2026-09-29,2026-09-29,26050.00,CE,NIFTY26SEP26050CE,10.50,10.50,3.90,4.05,3.90,4.40,23897.70,4.05,83395,-4095,308,521606488.00,125,F1,65,,,,,
2026-09-04,2026-09-04,FO,NSE,IDO,73906,,NIFTY,,2026-09-29,2026-09-29,23100.00,CE,NIFTY26SEP23100CE,1001.00,1034.65,988.35,988.35,988.35,948.05,23897.70,988.47,4420,-325,12,18809017.50,12,F1,65,,,,,
2026-09-04,2026-09-04,FO,NSE,IDO,57783,,NIFTY,,2026-09-22,2026-09-22,24900.00,CE,NIFTY2692224900CE,13.65,13.70,9.15,9.60,9.75,12.80,23897.70,9.60,120315,34970,1624,2629607474.00,774,F1,65,,,,,
2026-09-04,2026-09-04,FO,NSE,IDO,57142,,NIFTY,,2026-09-22,2026-09-22,23950.00,CE,NIFTY2692223950CE,240.00,282.10,232.65,237.40,234.60,226.15,23897.70,237.40,34580,4095,1677,2638443102.75,1110,F1,65,,,,,
2026-09-04,2026-09-04,FO,NSE,IDO,56978,,NIFTY,,2026-09-22,2026-09-22,23150.00,CE,NIFTY2692223150CE,0.00,0.00,0.00,1248.70,0.00,1248.70,23897.70,887.89,0,0,0,0.00,0,F1,65,,,,,
2026-09-04,2026-09-04,FO,NSE,IDO,47429,,NIFTY,,2026-09-15,2026-09-15,26000.00,CE,NIFTY2691526000CE,1.00,1.05,0.90,0.95,0.95,1.05,23897.70,0.95,541255,305045,9828,16609941487.75,1203,F1,65,,,,,
2026-09-04,2026-09-04,FO,NSE,IDO,47359,,NIFTY,,2026-09-15,2026-09-15,24900.00,CE,NIFTY2691524900CE,4.20,5.00,3.60,3.95,3.95,5.25,23897.70,3.95,373165,-7670,20230,32747935161.50,10379,F1,65,,,,,
2026-09-04,2026-09-04,FO,NSE,IDO,47309,,NIFTY,,2026-09-15,2026-09-15,23800.00,CE,NIFTY2691523800CE,269.00,330.00,261.65,270.55,270.00,256.80,23897.70,270.55,292045,-11570,15652,24509962678.50,10319,F1,65,,,,,
2026-09-04,2026-09-04,FO,NSE,IDO,47275,,NIFTY,,2026-09-15,2026-09-15,22950.00,CE,NIFTY2691522950CE,0.00,0.00,0.00,1703.20,0.00,1703.20,23897.70,1006.79,0,0,0,0.00,0,F1,65,,,,,
2026-09-04,2026-09-04,FO,NSE,IDO,42745,,NIFTY,,2026-09-08,2026-09-08,26000.00,CE,NIFTY2690826000CE,0.60,0.60,0.40,0.45,0.45,0.65,23897.70,0.45,2730715,-452270,102148,172633345875.25,14579,F1,65,,,,,
2026-09-04,2026-09-04,FO,NSE,IDO,42711,,NIFTY,,2026-09-08,2026-09-08,25500.00,CE,NIFTY2690825500CE,0.80,0.90,0.50,0.60,0.55,0.90,23897.70,0.60,5805280,-1328340,358848,594805101829.25,45418,F1,65,,,,,
2026-09-04,2026-09-04,FO,NSE,IDO,71553,,NIFTY,,2027-06-29,2027-06-29,21000.00,CE,NIFTY27JUN21000CE,0.00,0.00,0.00,3061.80,0.00,3061.80,23897.70,4130.29,0,0,0,0.00,0,F1,65,,,,,
2026-09-04,2026-09-04,FO,NSE,IDO,55526,,NIFTY,,2028-12-26,2028-12-26,31500.00,CE,NIFTY28DEC31500CE,0.00,0.00,0.00,750.00,750.00,750.00,23897.70,1175.97,585,0,0,0.00,0,F1,65,,,,,
2026-09-04,2026-09-04,FO,NSE,IDO,55760,,NIFTY,,2030-12-31,2030-12-31,28500.00,CE,NIFTY30DEC28500CE,0.00,0.00,0.00,5968.30,0.00,5968.30,23897.70,4306.25,0,0,0,0.00,0,F1,65,,,,,
2026-09-04,2026-09-04,FO,NSE,IDO,74655,,NIFTY,,2031-06-24,2031-06-24,28500.00,CE,NIFTY31JUN28500CE,0.00,0.00,0.00,5048.95,0.00,5048.95,23897.70,4829.25,0,0,0,0.00,0,F1,65,,,,,
2026-09-04,2026-09-04,FO,NSE,IDO,74665,,NIFTY,,2031-06-24,2031-06-24,33000.00,CE,NIFTY31JUN33000CE,0.00,0.00,0.00,3451.55,0.00,3451.55,23897.70,3189.90,0,0,0,0.00,0,F1,65,,,,,
2026-09-04,2026-09-04,FO,NSE,IDO,47237,,NIFTY,,2026-09-15,2026-09-15,22200.00,PE,NIFTY2691522200PE,4.00,4.00,3.20,3.45,3.20,4.30,23897.70,3.45,554385,294320,11232,16210319547.50,3189,F1,65,,,,,
2026-09-04,2026-09-04,FO,NSE,IDO,47266,,NIFTY,,2026-09-15,2026-09-15,22700.00,PE,NIFTY2691522700PE,4.95,5.35,3.80,4.15,4.10,5.75,23897.70,4.15,360035,178100,9751,14390607760.75,4284,F1,65,,,,,
2026-09-04,2026-09-04,FO,NSE,IDO,47276,,NIFTY,,2026-09-15,2026-09-15,22950.00,PE,NIFTY2691522950PE,7.60,7.75,5.15,5.55,5.75,8.85,23897.70,5.55,83265,-73450,8549,12756387137.00,4672,F1,65,,,,,
2026-09-04,2026-09-04,FO,NSE,IDO,47298,,NIFTY,,2026-09-15,2026-09-15,23500.00,PE,NIFTY2691523500PE,41.80,41.85,22.70,24.65,24.25,40.55,23897.70,24.65,2641470,485160,74769,114344812133.50,43600,F1,65,,,,,
2026-09-04,2026-09-04,FO,NSE,IDO,47310,,NIFTY,,2026-09-15,2026-09-15,23800.00,PE,NIFTY2691523800PE,108.00,108.00,68.40,77.15,76.05,108.45,23897.70,77.15,1016080,238420,54106,83981106153.75,32884,F1,65,,,,,
2026-09-04,2026-09-04,FO,NSE,IDO,74009,,NIFTY,,2026-09-29,2026-09-29,23700.00,PE,NIFTY26SEP23700PE,127.25,133.30,100.50,111.50,112.35,141.25,23897.70,111.50,1454375,-112645,12470,19301587899.75,7054,F1,65,,,,,
2026-09-04,2026-09-04,FO,NSE,IDO,74464,,NIFTY,,2026-09-29,2026-09-29,26150.00,PE,NIFTY26SEP26150PE,0.00,0.00,0.00,1720.00,1720.00,1720.00,23897.70,2154.14,65,0,0,0.00,0,F1,65,,,,,
2026-09-04,2026-09-04,FO,NSE,IDO,74492,,NIFTY,,2026-09-29,2026-09-29,26750.00,PE,NIFTY26SEP26750PE,0.00,0.00,0.00,2201.15,2201.15,2201.15,23897.70,2745.62,65,0,0,0.00,0,F1,65,,,,,
2026-09-04,2026-09-04,FO,NSE,IDO,64444,,NIFTY,,2026-11-23,2026-11-23,25100.00,PE,NIFTY26NOV25100PE,0.00,0.00,0.00,859.60,859.60,859.60,23897.70,1229.18,130,0,0,0.00,0,F1,65,,,,,
2026-09-04,2026-09-04,FO,NSE,IDO,64500,,NIFTY,,2026-11-23,2026-11-23,26050.00,PE,NIFTY26NOV26050PE,0.00,0.00,0.00,1637.90,0.00,1637.90,23897.70,1953.04,0,0,0,0.00,0,F1,65,,,,,
2026-09-04,2026-09-04,FO,NSE,IDO,58645,,NIFTY,,2026-12-29,2026-12-29,20000.00,PE,NIFTY26DEC20000PE,30.25,31.55,29.65,30.25,30.30,31.90,23897.70,30.25,1139745,-2210,1715,2232888375.25,907,F1,65,,,,,
2026-09-04,2026-09-04,FO,NSE,IDO,55517,,NIFTY,,2028-12-26,2028-12-26,16500.00,PE,NIFTY28DEC16500PE,0.00,0.00,0.00,5.90,0.00,5.90,23897.70,26.21,0,0,0,0.00,0,F1,65,,,,,
2026-09-04,2026-09-04,FO,NSE,IDO,67787,,NIFTY,,2028-12-26,2028-12-26,26000.00,PE,NIFTY28DEC26000PE,0.00,0.00,0.00,1300.10,1300.10,1300.10,23897.70,1570.81,6875,0,0,0.00,0,F1,65,,,,,
2026-09-04,2026-09-04,FO,NSE,IDO,55557,,NIFTY,,2029-06-26,2029-06-26,16500.00,PE,NIFTY29JUN16500PE,0.00,0.00,0.00,8.10,0.00,8.10,23897.70,35.32,0,0,0,0.00,0,F1,65,,,,,
2026-09-04,2026-09-04,FO,NSE,IDO,89643,,NIFTY,,2029-06-26,2029-06-26,30000.00,PE,NIFTY29JUN30000PE,0.00,0.00,0.00,2031.05,0.00,2031.05,23897.70,3214.76,0,0,0,0.00,0,F1,65,,,,,
2026-09-04,2026-09-04,FO,NSE,IDO,55607,,NIFTY,,2029-12-24,2029-12-24,28500.00,PE,NIFTY29DEC28500PE,0.00,0.00,0.00,1255.90,0.00,1255.90,23897.70,2301.86,0,0,0,0.00,0,F1,65,,,,,
2026-09-04,2026-09-04,FO,NSE,IDO,64439,,NIFTY,,2026-11-23,2026-11-23,25000.00,CE,NIFTY26NOV25000CE,175.00,185.70,165.40,167.95,167.00,169.10,23897.70,167.95,290030,37180,2772,4535940808.75,1866,F1,65,,,,,
2026-09-04,2026-09-04,FO,NSE,IDO,64417,,NIFTY,,2026-11-23,2026-11-23,24500.00,CE,NIFTY26NOV24500CE,350.95,373.30,338.50,341.70,340.15,339.85,23897.70,341.70,219440,15275,903,1458637901.50,585,F1,65,,,,,
2026-09-04,2026-09-04,FO,NSE,IDO,47271,,NIFTY,,2026-09-15,2026-09-15,22850.00,CE,NIFTY2691522850CE,0.00,0.00,0.00,1794.25,0.00,1794.25,23897.70,1100.95,0,0,0,0.00,0,F1,65,,,,,
2026-09-04,2026-09-04,FO,NSE,IDO,42643,,NIFTY,,2026-09-08,2026-09-08,24100.00,CE,NIFTY2690824100CE,40.00,65.95,29.75,33.90,32.30,42.05,23897.70,33.90,11139765,-998140,3919928,6152418619574.50,1379440,F1,65,,,,,
2026-09-04,2026-09-04,FO,NSE,IDO,42623,,NIFTY,,2026-09-08,2026-09-08,23600.00,CE,NIFTY2690823600CE,351.00,439.60,351.00,370.00,370.20,341.25,23897.70,370.00,252395,-20150,27473,42840159979.50,17294,F1,65,,,,,
2026-09-04,2026-09-04,FO,NSE,IDO,56909,,NIFTY,,2026-09-22,2026-09-22,22800.00,CE,NIFTY2692222800CE,0.00,0.00,0.00,1547.15,0.00,1547.15,23897.70,1194.21,0,0,0,0.00,0,F1,65,,,,,
2026-09-04,2026-09-04,FO,NSE,IDO,55282,,NIFTY,,2026-09-29,2026-09-29,19500.00,CE,NIFTY26SEP19500CE,4550.00,4570.00,4550.00,4570.00,4570.00,4457.55,23897.70,4476.61,140465,0,6,9382529.00,6,F1,65,,,,,
2026-09-04,2026-09-04,FO,NSE,IDO,74359,,NIFTY,,2026-09-29,2026-09-29,24850.00,CE,NIFTY26SEP24850CE,28.90,31.55,23.45,24.45,24.10,29.50,23897.70,24.45,363545,189280,6738,10895558469.25,3563,F1,65,,,,,
2026-09-04,2026-09-04,FO,NSE,IDO,74432,,NIFTY,,2026-09-29,2026-09-29,25950.00,CE,NIFTY26SEP25950CE,4.95,4.95,4.00,4.00,4.00,5.05,23897.70,4.00,93795,-3575,97,163642332.75,30,F1,65,,,,,
2026-09-04,2026-09-04,FO,NSE,IDO,74485,,NIFTY,,2026-09-29,2026-09-29,26600.00,CE,NIFTY26SEP26600CE,3.05,3.05,2.15,2.50,2.50,3.40,23897.70,2.50,59865,260,12,20750099.50,10,F1,65,,,,,
2026-09-04,2026-09-04,FO,NSE,IDO,40699,,NIFTY,,2026-10-06,2026-10-06,22550.00,CE,NIFTY26O0622550CE,0.00,0.00,0.00,1677.30,0.00,1677.30,23897.70,1520.12,0,0,0,0.00,0,F1,65,,,,,
2026-09-04,2026-09-04,FO,NSE,IDO,40883,,NIFTY,,2026-10-06,2026-10-06,25450.00,CE,NIFTY26O0625450CE,0.00,0.00,0.00,99.65,0.00,99.65,23897.70,64.17,0,0,0,0.00,0,F1,65,,,,,
2026-09-04,2026-09-04,FO,NSE,IDO,51346,,NIFTY,,2026-10-27,2026-10-27,22850.00,CE,NIFTY26OCT22850CE,0.00,0.00,0.00,1729.40,0.00,1729.40,23897.70,1405.85,0,0,0,0.00,0,F1,65,,,,,
2026-09-04,2026-09-04,FO,NSE,IDO,51378,,NIFTY,,2026-10-27,2026-10-27,23650.00,CE,NIFTY26OCT23650CE,683.65,683.65,683.65,683.65,683.65,1181.90,23897.70,683.65,130,130,2,3163374.50,1,F1,65,,,,,
2026-09-04,2026-09-04,FO,NSE,IDO,51388,,NIFTY,,2026-10-27,2026-10-27,23900.00,CE,NIFTY26OCT23900CE,506.00,554.95,502.00,509.85,507.00,491.25,23897.70,509.85,35750,715,452,717503195.50,363,F1,65,,,,,
2026-09-04,2026-09-04,FO,NSE,IDO,64246,,NIFTY,,2026-11-23,2026-11-23,22200.00,CE,NIFTY26NOV22200CE,0.00,0.00,0.00,2545.10,0.00,2545.10,23897.70,2110.65,0,0,0,0.00,0,F1,65,,,,,
2026-09-04,2026-09-04,FO,NSE,IDO,64349,,NIFTY,,2026-11-23,2026-11-23,23150.00,CE,NIFTY26NOV23150CE,0.00,0.00,0.00,1755.40,0.00,1755.40,23897.70,1360.70,0,0,0,0.00,0,F1,65,,,,,
2026-09-04,2026-09-04,FO,NSE,IDO,64495,,NIFTY,,2026-11-23,2026-11-23,25950.00,CE,NIFTY26NOV25950CE,0.00,0.00,0.00,332.85,0.00,332.85,23897.70,182.10,0,0,0,0.00,0,F1,65,,,,,
2026-09-04,2026-09-04,FO,NSE,IDO,64501,,NIFTY,,2026-11-23,2026-11-23,26100.00,CE,NIFTY26NOV26100CE,0.00,0.00,0.00,297.80,0.00,297.80,23897.70,158.20,0,0,0,0.00,0,F1,65,,,,,
2026-09-04,2026-09-04,FO,NSE,IDO,58646,,NIFTY,,2026-12-29,2026-12-29,21000.00,CE,NIFTY26DEC21000CE,3390.00,3423.40,3355.00,3367.55,3364.95,3349.70,23897.70,3367.55,202960,-390,70,110991926.50,55,F1,65,,,,,
2026-09-04,2026-09-04,FO,NSE,IDO,42136,,NIFTY,,2026-12-29,2026-12-29,31000.00,CE,NIFTY26DEC31000CE,7.70,8.00,7.05,7.95,7.50,7.80,23897.70,7.95,159140,-325,72,145115883.25,33,F1,65,,,,,
2026-09-04,2026-09-04,FO,NSE,IDO,55332,,NIFTY,,2026-12-29,2026-12-29,31500.00,CE,NIFTY26DEC31500CE,0.00,0.00,0.00,5.30,5.50,5.30,23897.70,1.65,31980,0,0,0.00,0,F1,65,,,,,
2026-09-04,2026-09-04,FO,NSE,IDO,55468,,NIFTY,,2028-06-27,2028-06-27,16500.00,CE,NIFTY28JUN16500CE,0.00,0.00,0.00,11752.80,0.00,11752.80,23897.70,9233.11,0,0,0,0.00,0,F1,65,,,,,
2026-09-04,2026-09-04,FO,NSE,IDO,89612,,NIFTY,,2029-06-26,2029-06-26,18000.00,CE,NIFTY29JUN18000CE,0.00,0.00,0.00,11678.65,0.00,11678.65,23897.70,8963.87,0,0,0,0.00,0,F1,65,,,,,
2026-09-04,2026-09-04,FO,NSE,IDO,55598,,NIFTY,,2029-12-24,2029-12-24,16500.00,CE,NIFTY29DEC16500CE,0.00,0.00,0.00,12984.85,0.00,12984.85,23897.70,10605.79,0,0,0,0.00,0,F1,65,,,,,
2026-09-04,2026-09-04,FO,NSE,IDO,55704,,NIFTY,,2030-12-31,2030-12-31,22500.00,CE,NIFTY30DEC22500CE,0.00,0.00,0.00,9536.95,0.00,9536.95,23897.70,7404.48,0,0,0,0.00,0,F1,65,,,,,
2026-09-04,2026-09-04,FO,NSE,IDO,42584,,NIFTY,,2026-09-08,2026-09-08,22800.00,PE,NIFTY2690822800PE,1.80,2.05,1.15,1.55,1.35,1.85,23897.70,1.55,3098225,460980,342870,508170915430.75,61487,F1,65,,,,,
2026-09-04,2026-09-04,FO,NSE,IDO,42688,,NIFTY,,2026-09-08,2026-09-08,25050.00,PE,NIFTY2690825050PE,0.00,0.00,0.00,1049.95,1050.00,1049.95,23897.70,1136.39,1300,0,0,0.00,0,F1,65,,,,,
2026-09-04,2026-09-04,FO,NSE,IDO,47412,,NIFTY,,2026-09-15,2026-09-15,25750.00,PE,NIFTY2691525750PE,0.00,0.00,0.00,1263.75,0.00,1263.75,23897.70,1807.33,0,0,0,0.00,0,F1,65,,,,,
2026-09-04,2026-09-04,FO,NSE,IDO,55281,,NIFTY,,2026-09-29,2026-09-29,16500.00,PE,NIFTY26SEP16500PE,0.75,1.10,0.75,0.85,0.85,0.85,23897.70,0.85,132925,0,43,46120174.75,15,F1,65,,,,,
2026-09-04,2026-09-04,FO,NSE,IDO,74083,,NIFTY,,2026-09-29,2026-09-29,24200.00,PE,NIFTY26SEP24200PE,332.50,346.00,282.10,316.40,317.60,362.60,23897.70,316.40,2474225,-161915,15928,25373780500.25,10553,F1,65,,,,,
2026-09-04,2026-09-04,FO,NSE,IDO,42765,,NIFTY,,2026-09-08,2026-09-08,26300.00,CE,NIFTY2690826300CE,0.50,0.65,0.35,0.45,0.35,0.55,23897.70,0.45,162955,-110435,23816,40714174267.00,8880,F1,65,,,,,
2026-09-04,2026-09-04,FO,NSE,IDO,51451,,NIFTY,,2026-10-27,2026-10-27,25250.00,PE,NIFTY26OCT25250PE,0.00,0.00,0.00,883.60,883.60,883.60,23897.70,1312.95,130,0,0,0.00,0,F1,65,,,,,
2026-09-04,2026-09-04,FO,NSE,IDO,51527,,NIFTY,,2026-10-27,2026-10-27,26900.00,PE,NIFTY26OCT26900PE,0.00,0.00,0.00,2631.85,0.00,2631.85,23897.70,2774.60,0,0,0,0.00,0,F1,65,,,,,
2026-09-04,2026-09-04,FO,NSE,IDO,64271,,NIFTY,,2026-11-23,2026-11-23,22350.00,PE,NIFTY26NOV22350PE,0.00,0.00,0.00,96.65,0.00,96.65,23897.70,122.20,0,0,0,0.00,0,F1,65,,,,,
2026-09-04,2026-09-04,FO,NSE,IDO,64279,,NIFTY,,2026-11-23,2026-11-23,22500.00,PE,NIFTY26NOV22500PE,71.40,71.40,58.65,62.70,62.10,73.60,23897.70,62.70,169715,21645,1243,1822913121.25,959,F1,65,,,,,
2026-09-04,2026-09-04,FO,NSE,IDO,64469,,NIFTY,,2026-11-23,2026-11-23,25400.00,PE,NIFTY26NOV25400PE,0.00,0.00,0.00,1184.75,0.00,1184.75,23897.70,1443.25,0,0,0,0.00,0,F1,65,,,,,
2026-09-04,2026-09-04,FO,NSE,IDO,38159,,NIFTY,,2026-12-29,2026-12-29,29000.00,PE,NIFTY26DEC29000PE,4503.50,4503.50,4395.85,4398.70,4398.70,4448.65,23897.70,4539.56,219000,-195,4,8693282.00,4,F1,65,,,,,
2026-09-04,2026-09-04,FO,NSE,IDO,55423,,NIFTY,,2027-12-28,2027-12-28,19500.00,PE,NIFTY27DEC19500PE,0.00,0.00,0.00,29.25,0.00,29.25,23897.70,94.54,0,0,0,0.00,0,F1,65,,,,,
2026-09-04,2026-09-04,FO,NSE,IDO,55521,,NIFTY,,2028-12-26,2028-12-26,22500.00,PE,NIFTY28DEC22500PE,0.00,0.00,0.00,218.80,0.00,218.80,23897.70,563.56,0,0,0,0.00,0,F1,65,,,,,
2026-09-04,2026-09-04,FO,NSE,IDO,55599,,NIFTY,,2029-12-24,2029-12-24,16500.00,PE,NIFTY29DEC16500PE,0.00,0.00,0.00,10.15,0.00,10.15,23897.70,43.19,0,0,0,0.00,0,F1,65,,,,,
2026-09-04,2026-09-04,FO,NSE,IDO,55651,,NIFTY,,2030-06-25,2030-06-25,31500.00,PE,NIFTY30JUN31500PE,0.00,0.00,0.00,2056.30,0.00,2056.30,23897.70,3399.73,0,0,0,0.00,0,F1,65,,,,,
2026-09-04,2026-09-04,FO,NSE,IDO,40786,,NIFTY,,2026-10-06,2026-10-06,23850.00,CE,NIFTY26O0623850CE,0.00,0.00,0.00,665.90,0.00,665.90,23897.70,546.50,0,0,0,0.00,0,F1,65,,,,,
2026-09-04,2026-09-04,FO,NSE,IDO,51482,,NIFTY,,2026-10-27,2026-10-27,25800.00,CE,NIFTY26OCT25800CE,16.70,25.00,16.70,18.20,16.75,18.15,23897.70,18.20,44655,65,371,622593754.25,165,F1,65,,,,,
2026-09-04,2026-09-04,FO,NSE,IDO,51492,,NIFTY,,2026-10-27,2026-10-27,26050.00,CE,NIFTY26OCT26050CE,0.00,0.00,0.00,247.25,0.00,247.25,23897.70,74.91,0,0,0,0.00,0,F1,65,,,,,
2026-09-04,2026-09-04,FO,NSE,IDO,64393,,NIFTY,,2026-11-23,2026-11-23,23950.00,CE,NIFTY26NOV23950CE,649.95,650.00,645.00,645.00,645.00,644.80,23897.70,859.98,390,0,5,7994665.25,5,F1,65,,,,,
2026-09-04,2026-09-04,FO,NSE,IDO,64411,,NIFTY,,2026-11-23,2026-11-23,24350.00,CE,NIFTY26NOV24350CE,415.90,422.30,415.90,422.30,422.30,417.65,23897.70,660.96,1950,65,2,3219983.00,2,F1,65,,,,,
2026-09-04,2026-09-04,FO,NSE,IDO,51458,,NIFTY,,2026-10-27,2026-10-27,25450.00,CE,NIFTY26OCT25450CE,37.00,38.30,30.00,38.30,38.30,37.10,23897.70,38.30,5850,1105,80,132511343.25,32,F1,65,,,,,
2026-09-04,2026-09-04,FO,NSE,IDO,64494,,NIFTY,,2026-11-23,2026-11-23,25900.00,PE,NIFTY26NOV25900PE,0.00,0.00,0.00,1526.40,0.00,1526.40,23897.70,1829.98,0,0,0,0.00,0,F1,65,,,,,
2026-09-04,2026-09-04,FO,NSE,IDO,64440,,NIFTY,,2026-11-23,2026-11-23,25000.00,PE,NIFTY26NOV25000PE,894.05,900.00,844.00,889.40,893.00,924.10,23897.70,889.40,71240,7020,279,469293064.50,156,F1,65,,,,,
2026-09-04,2026-09-04,FO,NSE,IDO,64290,,NIFTY,,2026-11-23,2026-11-23,22650.00,PE,NIFTY26NOV22650PE,0.00,0.00,0.00,135.80,0.00,135.80,23897.70,172.44,0,0,0,0.00,0,F1,65,,,,,
2026-09-04,2026-09-04,FO,NSE,IDO,51539,,NIFTY,,2026-10-27,2026-10-27,27150.00,PE,NIFTY26OCT27150PE,0.00,0.00,0.00,2853.65,0.00,2853.65,23897.70,3015.02,0,0,0,0.00,0,F1,65,,,,,
2026-09-04,2026-09-04,FO,NSE,IDO,40886,,NIFTY,,2026-10-06,2026-10-06,25500.00,PE,NIFTY26O0625500PE,0.00,0.00,0.00,1389.40,0.00,1389.40,23897.70,1517.68,0,0,0,0.00,0,F1,65,,,,,
2026-09-04,2026-09-04,FO,NSE,IDO,40686,,NIFTY,,2026-10-06,2026-10-06,22350.00,PE,NIFTY26O0622350PE,27.35,27.35,27.35,27.35,27.35,27.35,23897.70,29.75,65,65,1,1454527.75,1,F1,65,,,,,
2026-09-04,2026-09-04,FO,NSE,IDO,55291,,NIFTY,,2026-09-29,2026-09-29,31500.00,PE,NIFTY26SEP31500PE,0.00,0.00,0.00,4341.20,0.00,4341.20,23897.70,7474.83,0,0,0,0.00,0,F1,65,,,,,
2026-09-04,2026-09-04,FO,NSE,IDO,74480,,NIFTY,,2026-09-29,2026-09-29,26450.00,PE,NIFTY26SEP26450PE,0.00,0.00,0.00,2346.80,0.00,2346.80,23897.70,2448.82,0,0,0,0.00,0,F1,65,,,,,
2026-09-04,2026-09-04,FO,NSE,IDO,74369,,NIFTY,,2026-09-29,2026-09-29,25100.00,PE,NIFTY26SEP25100PE,1045.00,1059.00,1045.00,1054.40,1059.00,1102.95,23897.70,1054.40,93340,-5655,87,147901910.00,52,F1,65,,,,,
2026-09-04,2026-09-04,FO,NSE,IDO,57680,,NIFTY,,2026-09-22,2026-09-22,24600.00,PE,NIFTY2692224600PE,656.70,656.85,560.65,560.65,560.65,693.50,23897.70,746.70,390,260,10,16384927.00,8,F1,65,,,,,
2026-09-04,2026-09-04,FO,NSE,IDO,56984,,NIFTY,,2026-09-22,2026-09-22,23250.00,PE,NIFTY2692223250PE,31.50,31.65,23.00,25.10,24.25,36.95,23897.70,25.10,28535,3250,213,322253919.00,88,F1,65,,,,,
2026-09-04,2026-09-04,FO,NSE,IDO,56977,,NIFTY,,2026-09-22,2026-09-22,23100.00,PE,NIFTY2692223100PE,0.00,0.00,0.00,101.35,0.00,101.35,23897.70,64.67,0,0,0,0.00,0,F1,65,,,,,
2026-09-04,2026-09-04,FO,NSE,IDO,47348,,NIFTY,,2026-09-15,2026-09-15,24650.00,PE,NIFTY2691524650PE,0.00,0.00,0.00,694.10,694.10,694.10,23897.70,759.16,3250,0,0,0.00,0,F1,65,,,,,
2026-09-04,2026-09-04,FO,NSE,IDO,47270,,NIFTY,,2026-09-15,2026-09-15,22800.00,PE,NIFTY2691522800PE,5.75,6.00,4.35,4.75,4.50,6.70,23897.70,4.75,313430,109915,11793,17481254482.25,4871,F1,65,,,,,
2026-09-04,2026-09-04,FO,NSE,IDO,60892,,NIFTY,,2030-06-25,2030-06-25,18000.00,CE,NIFTY30JUN18000CE,0.00,0.00,0.00,12423.90,0.00,12423.90,23897.70,9918.24,0,0,0,0.00,0,F1,65,,,,,
2026-09-04,2026-09-04,FO,NSE,IDO,55562,,NIFTY,,2029-06-26,2029-06-26,25500.00,CE,NIFTY29JUN25500CE,0.00,0.00,0.00,5917.35,0.00,5917.35,23897.70,3939.53,0,0,0,0.00,0,F1,65,,,,,
2026-09-04,2026-09-04,FO,NSE,IDO,67790,,NIFTY,,2028-12-26,2028-12-26,28000.00,CE,NIFTY28DEC28000CE,1900.00,1900.00,1845.00,1848.00,1848.00,1901.00,23897.70,1848.00,10020,715,19,36864948.25,13,F1,65,,,,,
2026-09-04,2026-09-04,FO,NSE,IDO,55520,,NIFTY,,2028-12-26,2028-12-26,22500.00,CE,NIFTY28DEC22500CE,0.00,0.00,0.00,7382.90,0.00,7382.90,23897.70,5074.28,0,0,0,0.00,0,F1,65,,,,,
2026-09-04,2026-09-04,FO,NSE,IDO,64497,,NIFTY,,2026-11-23,2026-11-23,26000.00,CE,NIFTY26NOV26000CE,37.50,40.55,35.95,37.35,37.00,38.30,23897.70,37.35,244335,60580,2405,4070466601.50,1548,F1,65,,,,,
2026-09-04,2026-09-04,FO,NSE,IDO,42577,,NIFTY,,2026-09-08,2026-09-08,22650.00,CE,NIFTY2690822650CE,0.00,0.00,0.00,2118.35,0.00,2118.35,23897.70,1262.45,0,0,0,0.00,0,F1,65,,,,,
2026-09-04,2026-09-04,FO,NSE,IDO,42625,,NIFTY,,2026-09-08,2026-09-08,23650.00,CE,NIFTY2690823650CE,327.85,392.00,308.30,323.95,321.25,298.35,23897.70,323.95,114400,-13390,19997,31185045791.25,13546,F1,65,,,,,
2026-09-04,2026-09-04,FO,NSE,IDO,42741,,NIFTY,,2026-09-08,2026-09-08,25900.00,CE,NIFTY2690825900CE,0.65,0.65,0.40,0.45,0.45,0.65,23897.70,0.45,575120,-115180,34555,58174456125.50,6544,F1,65,,,,,
2026-09-04,2026-09-04,FO,NSE,IDO,47289,,NIFTY,,2026-09-15,2026-09-15,23300.00,CE,NIFTY2691523300CE,686.00,761.15,686.00,710.30,700.00,666.90,23897.70,710.30,1365,715,50,78072062.25,41,F1,65,,,,,
2026-09-04,2026-09-04,FO,NSE,IDO,56877,,NIFTY,,2026-09-22,2026-09-22,22600.00,CE,NIFTY2692222600CE,0.00,0.00,0.00,1727.05,0.00,1727.05,23897.70,1380.48,0,0,0,0.00,0,F1,65,,,,,
2026-09-04,2026-09-04,FO,NSE,IDO,57084,,NIFTY,,2026-09-22,2026-09-22,23800.00,CE,NIFTY2692223800CE,346.90,390.50,328.00,336.10,332.90,315.35,23897.70,336.10,32110,7215,632,992220433.75,506,F1,65,,,,,
2026-09-04,2026-09-04,FO,NSE,IDO,73925,,NIFTY,,2026-09-29,2026-09-29,23350.00,CE,NIFTY26SEP23350CE,0.00,0.00,0.00,820.65,820.65,820.65,23897.70,796.24,520,0,0,0.00,0,F1,65,,,,,
2026-09-04,2026-09-04,FO,NSE,IDO,74114,,NIFTY,,2026-09-29,2026-09-29,24400.00,CE,NIFTY26SEP24400CE,110.00,122.70,95.25,98.15,98.60,98.00,23897.70,98.15,2977195,-17355,18495,29461394989.00,11752,F1,65,,,,,
2026-09-04,2026-09-04,FO,NSE,IDO,74353,,NIFTY,,2026-09-29,2026-09-29,24700.00,CE,NIFTY26SEP24700CE,45.00,50.60,37.85,39.45,39.35,43.45,23897.70,39.45,1558115,37440,38733,62297483927.25,18170,F1,65,,,,,
2026-09-04,2026-09-04,FO,NSE,IDO,74365,,NIFTY,,2026-09-29,2026-09-29,25000.00,CE,NIFTY26SEP25000CE,20.95,21.10,16.25,16.85,17.05,20.45,23897.70,16.85,7029165,246610,38875,63219693013.75,17512,F1,65,,,,,
2026-09-04,2026-09-04,FO,NSE,IDO,40759,,NIFTY,,2026-10-06,2026-10-06,23500.00,CE,NIFTY26O0623500CE,0.00,0.00,0.00,895.30,0.00,895.30,23897.70,760.53,0,0,0,0.00,0,F1,65,,,,,
2026-09-04,2026-09-04,FO,NSE,IDO,74352,,NIFTY,,2026-09-29,2026-09-29,24650.00,PE,NIFTY26SEP24650PE,611.95,620.55,604.40,604.40,604.40,594.95,23897.70,812.61,42120,-585,12,19708929.50,6,F1,65,,,,,
2026-09-04,2026-09-04,FO,NSE,IDO,74496,,NIFTY,,2026-09-29,2026-09-29,26850.00,PE,NIFTY26SEP26850PE,0.00,0.00,0.00,2691.90,0.00,2691.90,23897.70,2844.82,0,0,0,0.00,0,F1,65,,,,,
2026-09-04,2026-09-04,FO,NSE,IDO,74508,,NIFTY,,2026-09-29,2026-09-29,27200.00,PE,NIFTY26SEP27200PE,0.00,0.00,0.00,3004.30,0.00,3004.30,23897.70,3192.65,0,0,0,0.00,0,F1,65,,,,,
2026-09-04,2026-09-04,FO,NSE,IDO,74666,,NIFTY,,2031-06-24,2031-06-24,33000.00,PE,NIFTY31JUN33000PE,0.00,0.00,0.00,3810.15,0.00,3810.15,23897.70,3508.71,0,0,0,0.00,0,F1,65,,,,,
2026-09-04,2026-09-04,FO,NSE,IDO,74639,,NIFTY,,2031-06-24,2031-06-24,16500.00,PE,NIFTY31JUN16500PE,0.00,0.00,0.00,95.65,0.00,95.65,23897.70,59.00,0,0,0,0.00,0,F1,65,,,,,
2026-09-04,2026-09-04,FO,NSE,IDO,47199,,NIFTY,,2028-12-26,2028-12-26,33000.00,PE,NIFTY28DEC33000PE,0.00,0.00,0.00,3315.40,0.00,3315.40,23897.70,5417.75,0,0,0,0.00,0,F1,65,,,,,
2026-09-04,2026-09-04,FO,NSE,IDO,86148,,NIFTY,,2028-06-27,2028-06-27,22000.00,PE,NIFTY28JUN22000PE,370.00,410.00,370.00,390.00,410.00,375.05,23897.70,390.00,2015,0,2,2910700.00,2,F1,65,,,,,
2026-09-04,2026-09-04,FO,NSE,IDO,55471,,NIFTY,,2028-06-27,2028-06-27,19500.00,PE,NIFTY28JUN19500PE,0.00,0.00,0.00,40.05,0.00,40.05,23897.70,132.46,0,0,0,0.00,0,F1,65,,,,,
2026-09-04,2026-09-04,FO,NSE,IDO,53611,,NIFTY,,2027-12-28,2027-12-28,20000.00,PE,NIFTY27DEC20000PE,161.00,161.05,147.00,152.50,152.50,169.50,23897.70,152.50,59765,3835,156,204387017.25,94,F1,65,,,,,
2026-09-04,2026-09-04,FO,NSE,IDO,71550,,NIFTY,,2027-06-29,2027-06-29,19000.00,PE,NIFTY27JUN19000PE,0.00,0.00,0.00,195.00,195.00,195.00,23897.70,29.08,1135,0,0,0.00,0,F1,65,,,,,
2026-09-04,2026-09-04,FO,NSE,IDO,80306,,NIFTY,,2027-03-30,2027-03-30,28500.00,PE,NIFTY27MAR28500PE,0.00,0.00,0.00,2937.15,2937.15,2937.15,23897.70,3768.59,65,0,0,0.00,0,F1,65,,,,,
2026-09-04,2026-09-04,FO,NSE,IDO,80248,,NIFTY,,2027-03-30,2027-03-30,18000.00,PE,NIFTY27MAR18000PE,0.00,0.00,0.00,26.50,27.30,26.50,23897.70,3.00,715,0,0,0.00,0,F1,65,,,,,
2026-09-04,2026-09-04,FO,NSE,IDO,42691,,NIFTY,,2026-09-08,2026-09-08,25100.00,CE,NIFTY2690825100CE,1.25,1.25,0.75,0.85,0.75,1.35,23897.70,0.85,3527095,-587535,185963,303410691194.00,32968,F1,65,,,,,
2026-09-04,2026-09-04,FO,NSE,IDO,42767,,NIFTY,,2026-09-08,2026-09-08,26350.00,CE,NIFTY2690826350CE,0.50,0.55,0.35,0.40,0.35,0.50,23897.70,0.40,218595,6305,9819,16817769358.00,1820,F1,65,,,,,
2026-09-04,2026-09-04,FO,NSE,IDO,47371,,NIFTY,,2026-09-15,2026-09-15,25200.00,CE,NIFTY2691525200CE,3.00,3.00,2.05,2.30,2.05,3.25,23897.70,2.30,454285,155675,14109,23112775029.50,5413,F1,65,,,,,
2026-09-04,2026-09-04,FO,NSE,IDO,56983,,NIFTY,,2026-09-22,2026-09-22,23250.00,CE,NIFTY2692223250CE,0.00,0.00,0.00,735.00,735.00,735.00,23897.70,806.57,65,0,0,0.00,0,F1,65,,,,,
2026-09-04,2026-09-04,FO,NSE,IDO,74471,,NIFTY,,2026-09-29,2026-09-29,26300.00,CE,NIFTY26SEP26300CE,3.40,3.60,2.80,3.15,3.35,3.05,23897.70,3.15,171600,-1755,482,824078888.75,264,F1,65,,,,,
2026-09-04,2026-09-04,FO,NSE,IDO,40779,,NIFTY,,2026-10-06,2026-10-06,23750.00,CE,NIFTY26O0623750CE,0.00,0.00,0.00,727.55,0.00,727.55,23897.70,603.40,0,0,0,0.00,0,F1,65,,,,,
2026-09-04,2026-09-04,FO,NSE,IDO,80191,,NIFTY,,2027-03-30,2027-03-30,16500.00,PE,NIFTY27MAR16500PE,0.00,0.00,0.00,20.25,20.25,20.25,23897.70,0.22,1560,0,0,0.00,0,F1,65,,,,,
2026-09-04,2026-09-04,FO,NSE,IDO,51320,,NIFTY,,2026-10-27,2026-10-27,22300.00,CE,NIFTY26OCT22300CE,0.00,0.00,0.00,2165.60,0.00,2165.60,23897.70,1870.75,0,0,0,0.00,0,F1,65,,,,,
2026-09-04,2026-09-04,FO,NSE,IDO,51348,,NIFTY,,2026-10-27,2026-10-27,22900.00,CE,NIFTY26OCT22900CE,0.00,0.00,0.00,1691.95,0.00,1691.95,23897.70,1366.24,0,0,0,0.00,0,F1,65,,,,,
2026-09-04,2026-09-04,FO,NSE,IDO,64247,,NIFTY,,2026-11-23,2026-11-23,22200.00,PE,NIFTY26NOV22200PE,0.00,0.00,0.00,80.75,0.00,80.75,23897.70,101.80,0,0,0,0.00,0,F1,65,,,,,
2026-09-04,2026-09-04,FO,NSE,IDO,51529,,NIFTY,,2026-10-27,2026-10-27,26950.00,PE,NIFTY26OCT26950PE,0.00,0.00,0.00,2675.85,0.00,2675.85,23897.70,2822.48,0,0,0,0.00,0,F1,65,,,,,
2026-09-04,2026-09-04,FO,NSE,IDO,51352,,NIFTY,,2026-10-27,2026-10-27,23000.00,CE,NIFTY26OCT23000CE,1208.00,1267.85,1186.75,1204.25,1200.95,1183.00,23897.70,1204.25,67535,-1365,209,329249804.00,166,F1,65,,,,,
2026-09-04,2026-09-04,FO,NSE,IDO,51364,,NIFTY,,2026-10-27,2026-10-27,23300.00,CE,NIFTY26OCT23300CE,966.00,989.15,953.85,953.90,953.85,919.60,23897.70,953.90,2080,0,10,15774788.25,10,F1,65,,,,,
2026-09-04,2026-09-04,FO,NSE,IDO,65903,,NIFTY,,2026-09-29,2026-09-29,25000.00,PE,NIFTY26SEP25000PE,978.80,988.55,898.45,960.90,965.80,1015.85,23897.70,960.90,2230340,-34905,1670,2816406833.50,1270,F1,65,,,,,
2026-09-04,2026-09-04,FO,NSE,IDO,51390,,NIFTY,,2026-10-27,2026-10-27,23950.00,CE,NIFTY26OCT23950CE,470.15,522.00,469.85,479.60,472.45,461.55,23897.70,479.60,7865,2795,167,265323311.50,141,F1,65,,,,,
2026-09-04,2026-09-04,FO,NSE,IDO,51540,,NIFTY,,2026-10-27,2026-10-27,27200.00,CE,NIFTY26OCT27200CE,5.90,5.90,5.05,5.10,5.10,5.45,23897.70,14.25,5135,65,4,7073426.75,4,F1,65,,,,,
2026-09-04,2026-09-04,FO,NSE,IDO,64435,,NIFTY,,2026-11-23,2026-11-23,24900.00,CE,NIFTY26NOV24900CE,0.00,0.00,0.00,691.90,0.00,691.90,23897.70,442.96,0,0,0,0.00,0,F1,65,,,,,
2026-09-04,2026-09-04,FO,NSE,IDO,58648,,NIFTY,,2026-12-29,2026-12-29,22000.00,CE,NIFTY26DEC22000CE,2437.50,2493.80,2428.50,2446.15,2442.25,2397.80,23897.70,2446.15,268125,-780,118,187552127.75,92,F1,65,,,,,
2026-09-04,2026-09-04,FO,NSE,IDO,51525,,NIFTY,,2026-10-27,2026-10-27,26850.00,PE,NIFTY26OCT26850PE,0.00,0.00,0.00,2588.10,0.00,2588.10,23897.70,2726.84,0,0,0,0.00,0,F1,65,,,,,
2026-09-04,2026-09-04,FO,NSE,IDO,53624,,NIFTY,,2027-12-28,2027-12-28,24000.00,CE,NIFTY27DEC24000CE,2450.00,2467.95,2400.00,2442.65,2440.00,2425.20,23897.70,2442.65,64350,4810,264,453527080.50,141,F1,65,,,,,
2026-09-04,2026-09-04,FO,NSE,IDO,61659,,NIFTY,,2029-12-24,2029-12-24,21000.00,CE,NIFTY29DEC21000CE,0.00,0.00,0.00,9463.95,0.00,9463.95,23897.70,7268.85,0,0,0,0.00,0,F1,65,,,,,
2026-09-04,2026-09-04,FO,NSE,IDO,74657,,NIFTY,,2031-06-24,2031-06-24,30000.00,CE,NIFTY31JUN30000CE,0.00,0.00,0.00,4459.90,0.00,4459.90,23897.70,4221.40,0,0,0,0.00,0,F1,65,,,,,
2026-09-04,2026-09-04,FO,NSE,IDO,51515,,NIFTY,,2026-10-27,2026-10-27,26600.00,PE,NIFTY26OCT26600PE,0.00,0.00,0.00,2372.55,0.00,2372.55,23897.70,2490.01,0,0,0,0.00,0,F1,65,,,,,
2026-09-04,2026-09-04,FO,NSE,IDO,51487,,NIFTY,,2026-10-27,2026-10-27,25900.00,PE,NIFTY26OCT25900PE,0.00,0.00,0.00,1231.50,1231.50,1231.50,23897.70,1852.02,65,0,0,0.00,0,F1,65,,,,,
2026-09-04,2026-09-04,FO,NSE,IDO,42572,,NIFTY,,2026-09-08,2026-09-08,22500.00,PE,NIFTY2690822500PE,1.20,1.65,1.00,1.20,1.05,1.45,23897.70,1.20,9015240,39910,449116,656869860523.50,60946,F1,65,,,,,
2026-09-04,2026-09-04,FO,NSE,IDO,51337,,NIFTY,,2026-10-27,2026-10-27,22600.00,PE,NIFTY26OCT22600PE,47.85,47.85,34.90,37.30,37.70,50.55,23897.70,37.30,43550,-1170,140,206011477.75,55,F1,65,,,,,
2026-09-04,2026-09-04,FO,NSE,IDO,51329,,NIFTY,,2026-10-27,2026-10-27,22450.00,PE,NIFTY26OCT22450PE,0.00,0.00,0.00,43.05,43.05,43.05,23897.70,82.53,845,0,0,0.00,0,F1,65,,,,,
2026-09-04,2026-09-04,FO,NSE,IDO,47378,,NIFTY,,2026-09-15,2026-09-15,25250.00,PE,NIFTY2691525250PE,0.00,0.00,0.00,885.25,0.00,885.25,23897.70,1314.49,0,0,0,0.00,0,F1,65,,,,,
2026-09-04,2026-09-04,FO,NSE,IDO,56904,,NIFTY,,2026-09-22,2026-09-22,22650.00,PE,NIFTY2692222650PE,0.00,0.00,0.00,12.90,12.90,12.90,23897.70,19.61,2665,0,0,0.00,0,F1,65,,,,,
2026-09-04,2026-09-04,FO,NSE,IDO,40889,,NIFTY,,2026-10-06,2026-10-06,25550.00,PE,NIFTY26O0625550PE,0.00,0.00,0.00,1432.35,0.00,1432.35,23897.70,1562.55,0,0,0,0.00,0,F1,65,,,,,
2026-09-04,2026-09-04,FO,NSE,IDO,73858,,NIFTY,,2026-09-29,2026-09-29,21900.00,PE,NIFTY26SEP21900PE,8.35,9.55,8.25,8.90,8.90,10.65,23897.70,8.90,166725,650,681,969803012.75,420,F1,65,,,,,
2026-09-04,2026-09-04,FO,NSE,IDO,73880,,NIFTY,,2026-09-29,2026-09-29,22350.00,PE,NIFTY26SEP22350PE,13.30,13.30,10.55,10.55,10.55,14.50,23897.70,10.55,19630,520,42,61047083.50,20,F1,65,,,,,
2026-09-04,2026-09-04,FO,NSE,IDO,74063,,NIFTY,,2026-09-29,2026-09-29,24050.00,PE,NIFTY26SEP24050PE,250.45,264.75,211.75,237.55,237.00,284.70,23897.70,237.55,154180,-43745,4272,6745253040.50,3345,F1,65,,,,,
2026-09-04,2026-09-04,FO,NSE,IDO,42663,,NIFTY,,2026-09-08,2026-09-08,24550.00,CE,NIFTY2690824550CE,3.85,3.85,1.80,2.45,1.95,4.10,23897.70,2.45,3244345,344045,373934,596774948259.75,92071,F1,65,,,,,
2026-09-04,2026-09-04,FO,NSE,IDO,51447,,NIFTY,,2026-10-27,2026-10-27,25150.00,PE,NIFTY26OCT25150PE,0.00,0.00,0.00,974.25,974.25,974.25,23897.70,1237.33,260,0,0,0.00,0,F1,65,,,,,
2026-09-04,2026-09-04,FO,NSE,IDO,51355,,NIFTY,,2026-10-27,2026-10-27,23050.00,PE,NIFTY26OCT23050PE,0.00,0.00,0.00,301.35,0.00,301.35,23897.70,188.22,0,0,0,0.00,0,F1,65,,,,,
2026-09-04,2026-09-04,FO,NSE,IDO,40724,,NIFTY,,2026-10-06,2026-10-06,22950.00,PE,NIFTY26O0622950PE,0.00,0.00,0.00,86.65,0.00,86.65,23897.70,97.03,0,0,0,0.00,0,F1,65,,,,,
2026-09-04,2026-09-04,FO,NSE,IDO,51511,,NIFTY,,2026-10-27,2026-10-27,26500.00,PE,NIFTY26OCT26500PE,2302.00,2310.00,2300.10,2304.00,2310.00,2325.00,23897.70,2304.00,8320,65,4,7488906.75,4,F1,65,,,,,
2026-09-04,2026-09-04,FO,NSE,IDO,64384,,NIFTY,,2026-11-23,2026-11-23,23700.00,PE,NIFTY26NOV23700PE,0.00,0.00,0.00,372.35,0.00,372.35,23897.70,472.09,0,0,0,0.00,0,F1,65,,,,,
2026-09-04,2026-09-04,FO,NSE,IDO,64416,,NIFTY,,2026-11-23,2026-11-23,24450.00,PE,NIFTY26NOV24450PE,0.00,0.00,0.00,528.10,528.10,528.10,23897.70,826.24,1560,0,0,0.00,0,F1,65,,,,,
2026-09-04,2026-09-04,FO,NSE,IDO,64474,,NIFTY,,2026-11-23,2026-11-23,25500.00,PE,NIFTY26NOV25500PE,1280.00,1280.00,1240.00,1240.00,1240.00,1290.10,23897.70,1517.87,1950,260,22,38290200.00,8,F1,65,,,,,
2026-09-04,2026-09-04,FO,NSE,IDO,80189,,NIFTY,,2027-03-30,2027-03-30,15000.00,PE,NIFTY27MAR15000PE,15.30,15.30,15.30,15.30,15.30,19.00,23897.70,0.01,2080,650,10,9759945.00,1,F1,65,,,,,
2026-09-04,2026-09-04,FO,NSE,IDO,67795,,NIFTY,,2028-12-26,2028-12-26,30000.00,PE,NIFTY28DEC30000PE,2300.05,2350.00,2300.05,2333.35,2350.00,2352.75,23897.70,2333.35,130,130,3,6305003.25,3,F1,65,,,,,
2026-09-04,2026-09-04,FO,NSE,IDO,74502,,NIFTY,,2026-09-29,2026-09-29,27050.00,PE,NIFTY26SEP27050PE,0.00,0.00,0.00,2869.35,0.00,2869.35,23897.70,3043.49,0,0,0,0.00,0,F1,65,,,,,
2026-09-04,2026-09-04,FO,NSE,IDO,74419,,NIFTY,,2026-09-29,2026-09-29,25750.00,PE,NIFTY26SEP25750PE,0.00,0.00,0.00,1170.00,1170.00,1170.00,23897.70,1767.72,455,0,0,0.00,0,F1,65,,,,,
2026-09-04,2026-09-04,FO,NSE,IDO,74098,,NIFTY,,2026-09-29,2026-09-29,24250.00,PE,NIFTY26SEP24250PE,367.50,370.00,311.35,345.90,345.90,379.80,23897.70,345.90,212290,-910,369,589696224.00,251,F1,65,,,,,
2026-09-04,2026-09-04,FO,NSE,IDO,73878,,NIFTY,,2026-09-29,2026-09-29,22300.00,PE,NIFTY26SEP22300PE,10.05,12.15,10.05,10.30,10.20,13.35,23897.70,10.30,213915,21060,1627,2359498511.50,944,F1,65,,,,,
2026-09-04,2026-09-04,FO,NSE,IDO,57064,,NIFTY,,2026-09-22,2026-09-22,23700.00,PE,NIFTY2692223700PE,95.00,106.35,78.60,85.75,85.00,112.35,23897.70,85.75,41795,14625,1377,2129197765.50,1127,F1,65,,,,,
2026-09-04,2026-09-04,FO,NSE,IDO,56948,,NIFTY,,2026-09-22,2026-09-22,22950.00,PE,NIFTY2692222950PE,0.00,0.00,0.00,78.75,0.00,78.75,23897.70,44.70,0,0,0,0.00,0,F1,65,,,,,
2026-09-04,2026-09-04,FO,NSE,IDO,47388,,NIFTY,,2026-09-15,2026-09-15,25450.00,PE,NIFTY2691525450PE,0.00,0.00,0.00,1030.55,0.00,1030.55,23897.70,1510.26,0,0,0,0.00,0,F1,65,,,,,
2026-09-04,2026-09-04,FO,NSE,IDO,89636,,NIFTY,,2029-06-26,2029-06-26,27000.00,CE,NIFTY29JUN27000CE,0.00,0.00,0.00,6570.40,0.00,6570.40,23897.70,3218.85,0,0,0,0.00,0,F1,65,,,,,
2026-09-04,2026-09-04,FO,NSE,IDO,71501,,NIFTY,,2026-12-29,2026-12-29,24000.00,CE,NIFTY26DEC24000CE,819.95,866.70,819.95,825.30,821.50,810.00,23897.70,825.30,1271160,-23140,3815,6159175815.00,2276,F1,65,,,,,
2026-09-04,2026-09-04,FO,NSE,IDO,64407,,NIFTY,,2026-11-23,2026-11-23,24250.00,CE,NIFTY26NOV24250CE,470.00,494.85,466.10,466.10,466.10,470.60,23897.70,466.10,3315,390,19,30536057.50,11,F1,65,,,,,
2026-09-04,2026-09-04,FO,NSE,IDO,64401,,NIFTY,,2026-11-23,2026-11-23,24100.00,CE,NIFTY26NOV24100CE,551.60,583.00,549.65,552.75,550.15,541.30,23897.70,552.75,7280,715,27,43286200.75,19,F1,65,,,,,
2026-09-04,2026-09-04,FO,NSE,IDO,64294,,NIFTY,,2026-11-23,2026-11-23,22750.00,CE,NIFTY26NOV22750CE,0.00,0.00,0.00,2073.75,0.00,2073.75,23897.70,1658.82,0,0,0,0.00,0,F1,65,,,,,
2026-09-04,2026-09-04,FO,NSE,IDO,51494,,NIFTY,,2026-10-27,2026-10-27,26100.00,CE,NIFTY26OCT26100CE,0.00,0.00,0.00,237.65,0.00,237.65,23897.70,70.18,0,0,0,0.00,0,F1,65,,,,,
2026-09-04,2026-09-04,FO,NSE,IDO,51456,,NIFTY,,2026-10-27,2026-10-27,25400.00,CE,NIFTY26OCT25400CE,37.00,37.80,32.30,33.15,32.50,36.65,23897.70,33.15,269945,520,1632,2698176451.75,981,F1,65,,,,,
2026-09-04,2026-09-04,FO,NSE,IDO,51452,,NIFTY,,2026-10-27,2026-10-27,25300.00,CE,NIFTY26OCT25300CE,0.00,0.00,0.00,432.40,0.00,432.40,23897.70,185.14,0,0,0,0.00,0,F1,65,,,,,
2026-09-04,2026-09-04,FO,NSE,IDO,51380,,NIFTY,,2026-10-27,2026-10-27,23700.00,CE,NIFTY26OCT23700CE,638.00,693.95,638.00,645.65,643.00,616.15,23897.70,645.65,9360,-325,66,104528316.75,65,F1,65,,,,,
2026-09-04,2026-09-04,FO,NSE,IDO,40767,,NIFTY,,2026-10-06,2026-10-06,23650.00,CE,NIFTY26O0623650CE,0.00,0.00,0.00,792.40,0.00,792.40,23897.70,663.74,0,0,0,0.00,0,F1,65,,,,,
2026-09-04,2026-09-04,FO,NSE,IDO,74357,,NIFTY,,2026-09-29,2026-09-29,24800.00,CE,NIFTY26SEP24800CE,32.95,37.95,27.10,28.45,28.80,32.30,23897.70,28.45,1729975,21515,24169,39010670003.50,12892,F1,65,,,,,
2026-09-04,2026-09-04,FO,NSE,IDO,73910,,NIFTY,,2026-09-29,2026-09-29,23200.00,CE,NIFTY26SEP23200CE,873.05,931.00,868.85,881.00,881.00,844.05,23897.70,881.00,34775,-195,34,53252563.00,28,F1,65,,,,,
2026-09-04,2026-09-04,FO,NSE,IDO,73877,,NIFTY,,2026-09-29,2026-09-29,22300.00,CE,NIFTY26SEP22300CE,0.00,0.00,0.00,1780.00,1780.00,1780.00,23897.70,1703.59,1885,0,0,0.00,0,F1,65,,,,,
2026-09-04,2026-09-04,FO,NSE,IDO,73869,,NIFTY,,2026-09-29,2026-09-29,22100.00,CE,NIFTY26SEP22100CE,1930.00,1930.00,1930.00,1930.00,1930.00,1930.00,23897.70,1930.00,845,65,1,1561950.00,1,F1,65,,,,,
2026-09-04,2026-09-04,FO,NSE,IDO,73865,,NIFTY,,2026-09-29,2026-09-29,22000.00,CE,NIFTY26SEP22000CE,2032.80,2113.00,2028.00,2042.70,2037.65,1978.45,23897.70,2042.70,787930,-4290,198,309695678.50,175,F1,65,,,,,
2026-09-04,2026-09-04,FO,NSE,IDO,57866,,NIFTY,,2026-09-22,2026-09-22,25200.00,CE,NIFTY2692225200CE,8.40,8.40,4.30,4.95,5.10,7.00,23897.70,4.95,69940,17485,1113,1823480561.50,458,F1,65,,,,,
2026-09-04,2026-09-04,FO,NSE,IDO,57701,,NIFTY,,2026-09-22,2026-09-22,24650.00,CE,NIFTY2692224650CE,0.00,0.00,0.00,336.80,0.00,336.80,23897.70,105.26,0,0,0,0.00,0,F1,65,,,,,
2026-09-04,2026-09-04,FO,NSE,IDO,56837,,NIFTY,,2026-09-22,2026-09-22,22400.00,CE,NIFTY2692222400CE,0.00,0.00,0.00,1912.10,0.00,1912.10,23897.70,1572.00,0,0,0,0.00,0,F1,65,,,,,
2026-09-04,2026-09-04,FO,NSE,IDO,63469,,FINNIFTY,,2026-11-23,2026-11-23,28200.00,CE,FINNIFTY26NOV28200CE,0.00,0.00,0.00,497.60,0.00,497.60,26051.00,372.51,0,0,0,0.00,0,F1,60,,,,,
2026-09-04,2026-09-04,FO,NSE,IDO,71753,,FINNIFTY,,2026-09-29,2026-09-29,24700.00,PE,FINNIFTY26SEP24700PE,0.00,0.00,0.00,320.70,0.00,320.70,26051.00,95.33,0,0,0,0.00,0,F1,60,,,,,
2026-09-04,2026-09-04,FO,NSE,IDO,63082,,FINNIFTY,,2026-09-29,2026-09-29,25450.00,PE,FINNIFTY26SEP25450PE,0.00,0.00,0.00,287.30,0.00,287.30,26051.00,261.59,0,0,0,0.00,0,F1,60,,,,,
2026-09-04,2026-09-04,FO,NSE,IDO,50366,,FINNIFTY,,2026-10-27,2026-10-27,26800.00,PE,FINNIFTY26OCT26800PE,0.00,0.00,0.00,1301.95,0.00,1301.95,26051.00,1082.45,0,0,0,0.00,0,F1,60,,,,,
2026-09-04,2026-09-04,FO,NSE,IDO,50388,,FINNIFTY,,2026-10-27,2026-10-27,27700.00,PE,FINNIFTY26OCT27700PE,0.00,0.00,0.00,1864.20,0.00,1864.20,26051.00,1699.29,0,0,0,0.00,0,F1,60,,,,,
2026-09-04,2026-09-04,FO,NSE,IDO,50406,,FINNIFTY,,2026-10-27,2026-10-27,28400.00,PE,FINNIFTY26OCT28400PE,0.00,0.00,0.00,2369.95,0.00,2369.95,26051.00,2259.11,0,0,0,0.00,0,F1,60,,,,,
2026-09-04,2026-09-04,FO,NSE,IDO,63436,,FINNIFTY,,2026-11-23,2026-11-23,26700.00,PE,FINNIFTY26NOV26700PE,0.00,0.00,0.00,1097.10,0.00,1097.10,26051.00,1132.06,0,0,0,0.00,0,F1,60,,,,,
2026-09-04,2026-09-04,FO,NSE,IDO,63496,,FINNIFTY,,2026-11-23,2026-11-23,29500.00,PE,FINNIFTY26NOV29500PE,0.00,0.00,0.00,3050.45,0.00,3050.45,26051.00,3193.11,0,0,0,0.00,0,F1,60,,,,,
2026-09-04,2026-09-04,FO,NSE,IDO,50288,,FINNIFTY,,2026-10-27,2026-10-27,24300.00,PE,FINNIFTY26OCT24300PE,0.00,0.00,0.00,322.50,0.00,322.50,26051.00,153.82,0,0,0,0.00,0,F1,60,,,,,
2026-09-04,2026-09-04,FO,NSE,IDO,71732,,FINNIFTY,,2026-09-29,2026-09-29,24000.00,CE,FINNIFTY26SEP24000CE,0.00,0.00,0.00,3114.95,0.00,3114.95,26051.00,2177.09,0,0,0,0.00,0,F1,60,,,,,
2026-09-04,2026-09-04,FO,NSE,IDO,63083,,FINNIFTY,,2026-09-29,2026-09-29,25550.00,CE,FINNIFTY26SEP25550CE,0.00,0.00,0.00,1162.70,0.00,1162.70,26051.00,898.34,0,0,0,0.00,0,F1,60,,,,,
2026-09-04,2026-09-04,FO,NSE,IDO,63087,,FINNIFTY,,2026-09-29,2026-09-29,25750.00,CE,FINNIFTY26SEP25750CE,0.00,0.00,0.00,475.85,471.70,475.85,26051.00,772.01,1140,0,0,0.00,0,F1,60,,,,,
2026-09-04,2026-09-04,FO,NSE,IDO,71839,,FINNIFTY,,2026-09-29,2026-09-29,26900.00,CE,FINNIFTY26SEP26900CE,0.00,0.00,0.00,1173.40,0.00,1173.40,26051.00,263.93,0,0,0,0.00,0,F1,60,,,,,
2026-09-04,2026-09-04,FO,NSE,IDO,63127,,FINNIFTY,,2026-09-29,2026-09-29,26950.00,CE,FINNIFTY26SEP26950CE,0.00,0.00,0.00,376.20,376.20,376.20,26051.00,249.83,60,0,0,0.00,0,F1,60,,,,,
2026-09-04,2026-09-04,FO,NSE,IDO,50291,,FINNIFTY,,2026-10-27,2026-10-27,24500.00,CE,FINNIFTY26OCT24500CE,0.00,0.00,0.00,2263.30,0.00,2263.30,26051.00,1967.67,0,0,0,0.00,0,F1,60,,,,,
2026-09-04,2026-09-04,FO,NSE,IDO,50316,,FINNIFTY,,2026-10-27,2026-10-27,24900.00,CE,FINNIFTY26OCT24900CE,0.00,0.00,0.00,1978.10,0.00,1978.10,26051.00,1658.48,0,0,0,0.00,0,F1,60,,,,,
2026-09-04,2026-09-04,FO,NSE,IDO,50409,,FINNIFTY,,2026-10-27,2026-10-27,28500.00,CE,FINNIFTY26OCT28500CE,0.00,0.00,0.00,397.50,0.00,397.50,26051.00,160.13,0,0,0,0.00,0,F1,60,,,,,
2026-09-04,2026-09-04,FO,NSE,IDO,63381,,FINNIFTY,,2026-11-23,2026-11-23,24000.00,CE,FINNIFTY26NOV24000CE,0.00,0.00,0.00,2806.00,0.00,2806.00,26051.00,2577.94,0,0,0,0.00,0,F1,60,,,,,
2026-09-04,2026-09-04,FO,NSE,IDO,63406,,FINNIFTY,,2026-11-23,2026-11-23,25200.00,PE,FINNIFTY26NOV25200PE,0.00,0.00,0.00,478.85,0.00,478.85,26051.00,476.20,0,0,0,0.00,0,F1,60,,,,,
2026-09-04,2026-09-04,FO,NSE,IDO,63386,,FINNIFTY,,2026-11-23,2026-11-23,24200.00,PE,FINNIFTY26NOV24200PE,0.00,0.00,0.00,237.15,0.00,237.15,26051.00,225.63,0,0,0,0.00,0,F1,60,,,,,
2026-09-04,2026-09-04,FO,NSE,IDO,63362,,FINNIFTY,,2026-11-23,2026-11-23,23000.00,PE,FINNIFTY26NOV23000PE,0.00,0.00,0.00,83.50,0.00,83.50,26051.00,73.28,0,0,0,0.00,0,F1,60,,,,,
2026-09-04,2026-09-04,FO,NSE,IDO,63125,,FINNIFTY,,2026-09-29,2026-09-29,26850.00,CE,FINNIFTY26SEP26850CE,0.00,0.00,0.00,471.45,0.00,471.45,26051.00,278.63,0,0,0,0.00,0,F1,60,,,,,
2026-09-04,2026-09-04,FO,NSE,IDO,71888,,FINNIFTY,,2026-09-29,2026-09-29,28000.00,CE,FINNIFTY26SEP28000CE,10.05,10.80,8.55,9.25,9.45,10.30,26051.00,9.25,10740,1080,51,85710303.00,36,F1,60,,,,,
2026-09-04,2026-09-04,FO,NSE,IDO,71892,,FINNIFTY,,2026-09-29,2026-09-29,28200.00,CE,FINNIFTY26SEP28200CE,0.00,0.00,0.00,659.30,0.00,659.30,26051.00,50.24,0,0,0,0.00,0,F1,60,,,,,
2026-09-04,2026-09-04,FO,NSE,IDO,50391,,FINNIFTY,,2026-10-27,2026-10-27,27900.00,CE,FINNIFTY26OCT27900CE,0.00,0.00,0.00,546.00,0.00,546.00,26051.00,262.89,0,0,0,0.00,0,F1,60,,,,,
2026-09-04,2026-09-04,FO,NSE,IDO,63407,,FINNIFTY,,2026-11-23,2026-11-23,25300.00,CE,FINNIFTY26NOV25300CE,0.00,0.00,0.00,1832.90,0.00,1832.90,26051.00,1614.63,0,0,0,0.00,0,F1,60,,,,,
2026-09-04,2026-09-04,FO,NSE,IDO,71733,,FINNIFTY,,2026-09-29,2026-09-29,24000.00,PE,FINNIFTY26SEP24000PE,0.00,0.00,0.00,192.30,0.00,192.30,26051.00,28.97,0,0,0,0.00,0,F1,60,,,,,
2026-09-04,2026-09-04,FO,NSE,IDO,50271,,FINNIFTY,,2026-10-27,2026-10-27,23800.00,PE,FINNIFTY26OCT23800PE,0.00,0.00,0.00,223.10,0.00,223.10,26051.00,88.33,0,0,0,0.00,0,F1,60,,,,,
2026-09-04,2026-09-04,FO,NSE,IDO,50279,,FINNIFTY,,2026-10-27,2026-10-27,23900.00,PE,FINNIFTY26OCT23900PE,0.00,0.00,0.00,240.85,0.00,240.85,26051.00,99.22,0,0,0,0.00,0,F1,60,,,,,
2026-09-04,2026-09-04,FO,NSE,IDO,50396,,FINNIFTY,,2026-10-27,2026-10-27,28000.00,PE,FINNIFTY26OCT28000PE,0.00,0.00,0.00,2073.75,0.00,2073.75,26051.00,1931.16,0,0,0,0.00,0,F1,60,,,,,
2026-09-04,2026-09-04,FO,NSE,IDO,71762,,FINNIFTY,,2026-09-29,2026-09-29,24900.00,CE,FINNIFTY26SEP24900CE,0.00,0.00,0.00,2403.40,0.00,2403.40,26051.00,1379.72,0,0,0,0.00,0,F1,60,,,,,
2026-09-04,2026-09-04,FO,NSE,IDO,63120,,FINNIFTY,,2026-09-29,2026-09-29,26750.00,CE,FINNIFTY26SEP26750CE,0.00,0.00,0.00,510.70,0.00,510.70,26051.00,309.87,0,0,0,0.00,0,F1,60,,,,,
2026-09-04,2026-09-04,FO,NSE,IDO,63051,,FINNIFTY,,2026-09-29,2026-09-29,24550.00,CE,FINNIFTY26SEP24550CE,0.00,0.00,0.00,1941.30,0.00,1941.30,26051.00,1675.81,0,0,0,0.00,0,F1,60,,,,,
2026-09-04,2026-09-04,FO,NSE,IDO,63446,,FINNIFTY,,2026-11-23,2026-11-23,27100.00,PE,FINNIFTY26NOV27100PE,0.00,0.00,0.00,1316.85,0.00,1316.85,26051.00,1366.15,0,0,0,0.00,0,F1,60,,,,,
2026-09-04,2026-09-04,FO,NSE,IDO,63472,,FINNIFTY,,2026-11-23,2026-11-23,28300.00,PE,FINNIFTY26NOV28300PE,0.00,0.00,0.00,2104.00,0.00,2104.00,26051.00,2201.68,0,0,0,0.00,0,F1,60,,,,,
2026-09-04,2026-09-04,FO,NSE,IDO,71738,,FINNIFTY,,2026-09-29,2026-09-29,24300.00,CE,FINNIFTY26SEP24300CE,0.00,0.00,0.00,2868.65,0.00,2868.65,26051.00,1899.17,0,0,0,0.00,0,F1,60,,,,,
2026-09-04,2026-09-04,FO,NSE,IDO,71787,,FINNIFTY,,2026-09-29,2026-09-29,25900.00,CE,FINNIFTY26SEP25900CE,492.85,560.00,471.95,502.80,504.50,448.05,26051.00,502.80,5220,-660,45,71313945.00,44,F1,60,,,,,
2026-09-04,2026-09-04,FO,NSE,IDO,71941,,FINNIFTY,,2026-09-29,2026-09-29,28500.00,CE,FINNIFTY26SEP28500CE,5.40,5.65,4.25,5.15,5.45,5.65,26051.00,5.15,37560,2460,261,446391414.00,115,F1,60,,,,,
2026-09-04,2026-09-04,FO,NSE,IDO,71969,,FINNIFTY,,2026-09-29,2026-09-29,28700.00,CE,FINNIFTY26SEP28700CE,0.00,0.00,0.00,515.85,0.00,515.85,26051.00,23.24,0,0,0,0.00,0,F1,60,,,,,
2026-09-04,2026-09-04,FO,NSE,IDO,50413,,FINNIFTY,,2026-10-27,2026-10-27,28700.00,CE,FINNIFTY26OCT28700CE,0.00,0.00,0.00,355.95,0.00,355.95,26051.00,134.43,0,0,0,0.00,0,F1,60,,,,,
2026-09-04,2026-09-04,FO,NSE,IDO,71780,,FINNIFTY,,2026-09-29,2026-09-29,25500.00,PE,FINNIFTY26SEP25500PE,118.75,118.75,85.80,88.45,90.00,134.75,26051.00,88.45,10740,840,209,320965689.00,186,F1,60,,,,,
2026-09-04,2026-09-04,FO,NSE,IDO,71788,,FINNIFTY,,2026-09-29,2026-09-29,25900.00,PE,FINNIFTY26SEP25900PE,225.50,231.00,171.00,182.80,182.05,256.05,26051.00,182.80,7260,420,395,618570159.00,305,F1,60,,,,,
2026-09-04,2026-09-04,FO,NSE,IDO,71986,,FINNIFTY,,2026-09-29,2026-09-29,29500.00,PE,FINNIFTY26SEP29500PE,0.00,0.00,0.00,2832.70,0.00,2832.70,26051.00,3335.44,0,0,0,0.00,0,F1,60,,,,,
2026-09-04,2026-09-04,FO,NSE,IDO,50394,,FINNIFTY,,2026-10-27,2026-10-27,27900.00,PE,FINNIFTY26OCT27900PE,0.00,0.00,0.00,2002.75,0.00,2002.75,26051.00,1852.21,0,0,0,0.00,0,F1,60,,,,,
2026-09-04,2026-09-04,FO,NSE,IDO,63418,,FINNIFTY,,2026-11-23,2026-11-23,25800.00,PE,FINNIFTY26NOV25800PE,0.00,0.00,0.00,687.30,0.00,687.30,26051.00,696.17,0,0,0,0.00,0,F1,60,,,,,
2026-09-04,2026-09-04,FO,NSE,IDO,50300,,FINNIFTY,,2026-10-27,2026-10-27,24700.00,CE,FINNIFTY26OCT24700CE,0.00,0.00,0.00,2118.60,0.00,2118.60,26051.00,1810.01,0,0,0,0.00,0,F1,60,,,,,
2026-09-04,2026-09-04,FO,NSE,IDO,63143,,FINNIFTY,,2026-09-29,2026-09-29,27550.00,CE,FINNIFTY26SEP27550CE,0.00,0.00,0.00,257.35,0.00,257.35,26051.00,122.52,0,0,0,0.00,0,F1,60,,,,,
2026-09-04,2026-09-04,FO,NSE,IDO,63091,,FINNIFTY,,2026-09-29,2026-09-29,25950.00,CE,FINNIFTY26SEP25950CE,445.65,493.10,445.65,478.10,478.10,417.55,26051.00,478.10,2940,-360,12,19016712.00,11,F1,60,,,,,
2026-09-04,2026-09-04,FO,NSE,IDO,63438,,FINNIFTY,,2026-11-23,2026-11-23,26800.00,PE,FINNIFTY26NOV26800PE,0.00,0.00,0.00,1149.90,0.00,1149.90,26051.00,1188.32,0,0,0,0.00,0,F1,60,,,,,
2026-09-04,2026-09-04,FO,NSE,IDO,63412,,FINNIFTY,,2026-11-23,2026-11-23,25500.00,PE,FINNIFTY26NOV25500PE,0.00,0.00,0.00,576.75,0.00,576.75,26051.00,579.25,0,0,0,0.00,0,F1,60,,,,,
2026-09-04,2026-09-04,FO,NSE,IDO,63410,,FINNIFTY,,2026-11-23,2026-11-23,25400.00,PE,FINNIFTY26NOV25400PE,0.00,0.00,0.00,542.75,0.00,542.75,26051.00,543.37,0,0,0,0.00,0,F1,60,,,,,
2026-09-04,2026-09-04,FO,NSE,IDO,50382,,FINNIFTY,,2026-10-27,2026-10-27,27400.00,PE,FINNIFTY26OCT27400PE,0.00,0.00,0.00,1665.30,0.00,1665.30,26051.00,1478.09,0,0,0,0.00,0,F1,60,,,,,
2026-09-04,2026-09-04,FO,NSE,IDO,50328,,FINNIFTY,,2026-10-27,2026-10-27,25300.00,PE,FINNIFTY26OCT25300PE,0.00,0.00,0.00,611.05,0.00,611.05,26051.00,388.76,0,0,0,0.00,0,F1,60,,,,,
2026-09-04,2026-09-04,FO,NSE,IDO,63068,,FINNIFTY,,2026-09-29,2026-09-29,25250.00,PE,FINNIFTY26SEP25250PE,0.00,0.00,0.00,61.00,61.00,61.00,26051.00,205.81,300,0,0,0.00,0,F1,60,,,,,
2026-09-04,2026-09-04,FO,NSE,IDO,71721,,FINNIFTY,,2026-09-29,2026-09-29,23400.00,PE,FINNIFTY26SEP23400PE,0.00,0.00,0.00,117.35,0.00,117.35,26051.00,8.37,0,0,0,0.00,0,F1,60,,,,,
2026-09-04,2026-09-04,FO,NSE,IDO,63053,,FINNIFTY,,2026-09-29,2026-09-29,24650.00,CE,FINNIFTY26SEP24650CE,0.00,0.00,0.00,1855.85,0.00,1855.85,26051.00,1589.05,0,0,0,0.00,0,F1,60,,,,,
2026-09-04,2026-09-04,FO,NSE,IDO,63379,,FINNIFTY,,2026-11-23,2026-11-23,23900.00,CE,FINNIFTY26NOV23900CE,0.00,0.00,0.00,2888.75,0.00,2888.75,26051.00,2660.65,0,0,0,0.00,0,F1,60,,,,,
2026-09-04,2026-09-04,FO,NSE,IDO,63063,,FINNIFTY,,2026-09-29,2026-09-29,25050.00,CE,FINNIFTY26SEP25050CE,0.00,0.00,0.00,1529.55,0.00,1529.55,26051.00,1259.98,0,0,0,0.00,0,F1,60,,,,,
2026-09-04,2026-09-04,FO,NSE,IDO,63089,,FINNIFTY,,2026-09-29,2026-09-29,25850.00,CE,FINNIFTY26SEP25850CE,500.00,500.00,500.00,500.00,500.00,477.40,26051.00,713.03,2040,0,1,1581000.00,1,F1,60,,,,,
2026-09-04,2026-09-04,FO,NSE,IDO,63476,,FINNIFTY,,2026-11-23,2026-11-23,28500.00,PE,FINNIFTY26NOV28500PE,0.00,0.00,0.00,2253.30,0.00,2253.30,26051.00,2357.71,0,0,0,0.00,0,F1,60,,,,,
2026-09-04,2026-09-04,FO,NSE,IDO,63402,,FINNIFTY,,2026-11-23,2026-11-23,25000.00,PE,FINNIFTY26NOV25000PE,0.00,0.00,0.00,421.50,0.00,421.50,26051.00,414.97,0,0,0,0.00,0,F1,60,,,,,
2026-09-04,2026-09-04,FO,NSE,IDO,50414,,FINNIFTY,,2026-10-27,2026-10-27,28700.00,PE,FINNIFTY26OCT28700PE,0.00,0.00,0.00,2600.65,0.00,2600.65,26051.00,2516.30,0,0,0,0.00,0,F1,60,,,,,
2026-09-04,2026-09-04,FO,NSE,IDO,63110,,FINNIFTY,,2026-09-29,2026-09-29,26450.00,PE,FINNIFTY26SEP26450PE,0.00,0.00,0.00,691.55,0.00,691.55,26051.00,711.10,0,0,0,0.00,0,F1,60,,,,,
2026-09-04,2026-09-04,FO,NSE,IDO,50371,,FINNIFTY,,2026-10-27,2026-10-27,27100.00,CE,FINNIFTY26OCT27100CE,0.00,0.00,0.00,808.95,0.00,808.95,26051.00,475.75,0,0,0,0.00,0,F1,60,,,,,
2026-09-04,2026-09-04,FO,NSE,IDO,50329,,FINNIFTY,,2026-10-27,2026-10-27,25400.00,CE,FINNIFTY26OCT25400CE,0.00,0.00,0.00,1652.95,0.00,1652.95,26051.00,1308.98,0,0,0,0.00,0,F1,60,,,,,
2026-09-04,2026-09-04,FO,NSE,IDO,71837,,FINNIFTY,,2026-09-29,2026-09-29,26800.00,CE,FINNIFTY26SEP26800CE,0.00,0.00,0.00,1222.20,0.00,1222.20,26051.00,293.94,0,0,0,0.00,0,F1,60,,,,,
2026-09-04,2026-09-04,FO,NSE,IDO,71725,,FINNIFTY,,2026-09-29,2026-09-29,23600.00,PE,FINNIFTY26SEP23600PE,0.00,0.00,0.00,139.20,0.00,139.20,26051.00,12.97,0,0,0,0.00,0,F1,60,,,,,
2026-09-04,2026-09-04,FO,NSE,IDO,71739,,FINNIFTY,,2026-09-29,2026-09-29,24300.00,PE,FINNIFTY26SEP24300PE,0.00,0.00,0.00,241.35,0.00,241.35,26051.00,49.84,0,0,0,0.00,0,F1,60,,,,,
2026-09-04,2026-09-04,FO,NSE,IDO,71747,,FINNIFTY,,2026-09-29,2026-09-29,24600.00,PE,FINNIFTY26SEP24600PE,0.00,0.00,0.00,299.30,0.00,299.30,26051.00,81.68,0,0,0,0.00,0,F1,60,,,,,
2026-09-04,2026-09-04,FO,NSE,IDO,63416,,FINNIFTY,,2026-11-23,2026-11-23,25700.00,PE,FINNIFTY26NOV25700PE,0.00,0.00,0.00,649.00,0.00,649.00,26051.00,655.63,0,0,0,0.00,0,F1,60,,,,,
2026-09-04,2026-09-04,FO,NSE,IDO,63400,,FINNIFTY,,2026-11-23,2026-11-23,24900.00,PE,FINNIFTY26NOV24900PE,0.00,0.00,0.00,394.40,0.00,394.40,26051.00,387.64,0,0,0,0.00,0,F1,60,,,,,
2026-09-04,2026-09-04,FO,NSE,IDO,71765,,FINNIFTY,,2026-09-29,2026-09-29,25000.00,PE,FINNIFTY26SEP25000PE,50.25,51.40,33.25,35.90,34.20,57.45,26051.00,35.90,12180,-2940,427,641526666.00,259,F1,60,,,,,
2026-09-04,2026-09-04,FO,NSE,IDO,71781,,FINNIFTY,,2026-09-29,2026-09-29,25600.00,CE,FINNIFTY26SEP25600CE,0.00,0.00,0.00,1912.90,0.00,1912.90,26051.00,865.73,0,0,0,0.00,0,F1,60,,,,,
2026-09-04,2026-09-04,FO,NSE,IDO,63095,,FINNIFTY,,2026-09-29,2026-09-29,26150.00,CE,FINNIFTY26SEP26150CE,340.30,400.35,335.80,359.10,350.65,312.35,26051.00,359.10,4080,720,196,311844465.00,144,F1,60,,,,,
2026-09-04,2026-09-04,FO,NSE,IDO,50339,,FINNIFTY,,2026-10-27,2026-10-27,25900.00,CE,FINNIFTY26OCT25900CE,0.00,0.00,0.00,1362.50,0.00,1362.50,26051.00,1006.01,0,0,0,0.00,0,F1,60,,,,,
2026-09-04,2026-09-04,FO,NSE,IDO,50357,,FINNIFTY,,2026-10-27,2026-10-27,26500.00,CE,FINNIFTY26OCT26500CE,0.00,0.00,0.00,1060.60,0.00,1060.60,26051.00,706.55,0,0,0,0.00,0,F1,60,,,,,
2026-09-04,2026-09-04,FO,NSE,IDO,63371,,FINNIFTY,,2026-11-23,2026-11-23,23500.00,CE,FINNIFTY26NOV23500CE,0.00,0.00,0.00,3228.85,0.00,3228.85,26051.00,3001.42,0,0,0,0.00,0,F1,60,,,,,
2026-09-04,2026-09-04,FO,NSE,IDO,63421,,FINNIFTY,,2026-11-23,2026-11-23,26000.00,CE,FINNIFTY26NOV26000CE,0.00,0.00,0.00,1401.40,0.00,1401.40,26051.00,1197.41,0,0,0,0.00,0,F1,60,,,,,
2026-09-04,2026-09-04,FO,NSE,IDO,71772,,FINNIFTY,,2026-09-29,2026-09-29,25400.00,CE,FINNIFTY26SEP25400CE,0.00,0.00,0.00,2046.65,0.00,2046.65,26051.00,1000.18,0,0,0,0.00,0,F1,60,,,,,
2026-09-04,2026-09-04,FO,NSE,IDO,71817,,FINNIFTY,,2026-09-29,2026-09-29,26400.00,CE,FINNIFTY26SEP26400CE,215.50,273.80,211.00,238.10,235.35,209.60,26051.00,238.10,22620,-69660,2854,4561772178.00,2168,F1,60,,,,,
2026-09-04,2026-09-04,FO,NSE,IDO,50345,,FINNIFTY,,2026-10-27,2026-10-27,26100.00,CE,FINNIFTY26OCT26100CE,0.00,0.00,0.00,1256.25,0.00,1256.25,26051.00,898.40,0,0,0,0.00,0,F1,60,,,,,
2026-09-04,2026-09-04,FO,NSE,IDO,50367,,FINNIFTY,,2026-10-27,2026-10-27,26900.00,CE,FINNIFTY26OCT26900CE,0.00,0.00,0.00,887.40,0.00,887.40,26051.00,545.39,0,0,0,0.00,0,F1,60,,,,,
2026-09-04,2026-09-04,FO,NSE,IDO,63463,,FINNIFTY,,2026-11-23,2026-11-23,27900.00,CE,FINNIFTY26NOV27900CE,0.00,0.00,0.00,583.10,0.00,583.10,26051.00,444.61,0,0,0,0.00,0,F1,60,,,,,
2026-09-04,2026-09-04,FO,NSE,IDO,71731,,FINNIFTY,,2026-09-29,2026-09-29,23900.00,PE,FINNIFTY26SEP23900PE,0.00,0.00,0.00,177.75,0.00,177.75,26051.00,23.91,0,0,0,0.00,0,F1,60,,,,,
2026-09-04,2026-09-04,FO,NSE,IDO,63060,,FINNIFTY,,2026-09-29,2026-09-29,24950.00,PE,FINNIFTY26SEP24950PE,0.00,0.00,0.00,166.90,0.00,166.90,26051.00,137.32,0,0,0,0.00,0,F1,60,,,,,
2026-09-04,2026-09-04,FO,NSE,IDO,50380,,FINNIFTY,,2026-10-27,2026-10-27,27300.00,PE,FINNIFTY26OCT27300PE,0.00,0.00,0.00,1601.50,0.00,1601.50,26051.00,1407.91,0,0,0,0.00,0,F1,60,,,,,
2026-09-04,2026-09-04,FO,NSE,IDO,63434,,FINNIFTY,,2026-11-23,2026-11-23,26600.00,PE,FINNIFTY26NOV26600PE,0.00,0.00,0.00,1045.70,0.00,1045.70,26051.00,1077.33,0,0,0,0.00,0,F1,60,,,,,
2026-09-04,2026-09-04,FO,NSE,IDO,71726,,FINNIFTY,,2026-09-29,2026-09-29,23700.00,CE,FINNIFTY26SEP23700CE,0.00,0.00,0.00,3369.30,0.00,3369.30,26051.00,2462.90,0,0,0,0.00,0,F1,60,,,,,
2026-09-04,2026-09-04,FO,NSE,IDO,63432,,FINNIFTY,,2026-11-23,2026-11-23,26500.00,PE,FINNIFTY26NOV26500PE,0.00,0.00,0.00,995.90,0.00,995.90,26051.00,1024.16,0,0,0,0.00,0,F1,60,,,,,
2026-09-04,2026-09-04,FO,NSE,IDO,63394,,FINNIFTY,,2026-11-23,2026-11-23,24600.00,PE,FINNIFTY26NOV24600PE,0.00,0.00,0.00,319.45,0.00,319.45,26051.00,310.01,0,0,0,0.00,0,F1,60,,,,,
2026-09-04,2026-09-04,FO,NSE,IDO,50402,,FINNIFTY,,2026-10-27,2026-10-27,28200.00,PE,FINNIFTY26OCT28200PE,0.00,0.00,0.00,2220.15,0.00,2220.15,26051.00,2092.82,0,0,0,0.00,0,F1,60,,,,,
2026-09-04,2026-09-04,FO,NSE,IDO,50362,,FINNIFTY,,2026-10-27,2026-10-27,26600.00,PE,FINNIFTY26OCT26600PE,0.00,0.00,0.00,1191.50,0.00,1191.50,26051.00,964.86,0,0,0,0.00,0,F1,60,,,,,
2026-09-04,2026-09-04,FO,NSE,IDO,50259,,FINNIFTY,,2026-10-27,2026-10-27,23500.00,PE,FINNIFTY26OCT23500PE,0.00,0.00,0.00,175.75,0.00,175.75,26051.00,61.29,0,0,0,0.00,0,F1,60,,,,,
2026-09-04,2026-09-04,FO,NSE,IDO,71885,,FINNIFTY,,2026-09-29,2026-09-29,27800.00,PE,FINNIFTY26SEP27800PE,0.00,0.00,0.00,1613.75,0.00,1613.75,26051.00,1724.75,0,0,0,0.00,0,F1,60,,,,,
2026-09-04,2026-09-04,FO,NSE,IDO,63108,,FINNIFTY,,2026-09-29,2026-09-29,26350.00,PE,FINNIFTY26SEP26350PE,381.85,383.70,358.35,383.10,383.70,402.00,26051.00,383.10,3180,420,15,24047823.00,15,F1,60,,,,,
2026-09-04,2026-09-04,FO,NSE,IDO,63473,,FINNIFTY,,2026-11-23,2026-11-23,28400.00,CE,FINNIFTY26NOV28400CE,0.00,0.00,0.00,447.50,0.00,447.50,26051.00,328.22,0,0,0,0.00,0,F1,60,,,,,
2026-09-04,2026-09-04,FO,NSE,IDO,63465,,FINNIFTY,,2026-11-23,2026-11-23,28000.00,CE,FINNIFTY26NOV28000CE,0.00,0.00,0.00,553.40,0.00,553.40,26051.00,418.91,0,0,0,0.00,0,F1,60,,,,,
2026-09-04,2026-09-04,FO,NSE,IDO,63455,,FINNIFTY,,2026-11-23,2026-11-23,27500.00,CE,FINNIFTY26NOV27500CE,0.00,0.00,0.00,714.25,0.00,714.25,26051.00,559.98,0,0,0,0.00,0,F1,60,,,,,
2026-09-04,2026-09-04,FO,NSE,IDO,63437,,FINNIFTY,,2026-11-23,2026-11-23,26800.00,CE,FINNIFTY26NOV26800CE,0.00,0.00,0.00,994.95,0.00,994.95,26051.00,814.94,0,0,0,0.00,0,F1,60,,,,,
2026-09-04,2026-09-04,FO,NSE,IDO,63395,,FINNIFTY,,2026-11-23,2026-11-23,24700.00,CE,FINNIFTY26NOV24700CE,0.00,0.00,0.00,2256.80,0.00,2256.80,26051.00,2031.49,0,0,0,0.00,0,F1,60,,,,,
2026-09-04,2026-09-04,FO,NSE,IDO,50439,,FINNIFTY,,2026-10-27,2026-10-27,30000.00,CE,FINNIFTY26OCT30000CE,0.00,0.00,0.00,164.50,0.00,164.50,26051.00,38.38,0,0,0,0.00,0,F1,60,,,,,
2026-09-04,2026-09-04,FO,NSE,IDO,50353,,FINNIFTY,,2026-10-27,2026-10-27,26300.00,CE,FINNIFTY26OCT26300CE,0.00,0.00,0.00,1155.55,0.00,1155.55,26051.00,798.53,0,0,0,0.00,0,F1,60,,,,,
2026-09-04,2026-09-04,FO,NSE,IDO,71785,,FINNIFTY,,2026-09-29,2026-09-29,25800.00,CE,FINNIFTY26SEP25800CE,555.65,637.65,555.65,601.30,601.30,507.45,26051.00,742.17,12420,-120,23,36414972.00,23,F1,60,,,,,
2026-09-04,2026-09-04,FO,NSE,IDO,71746,,FINNIFTY,,2026-09-29,2026-09-29,24600.00,CE,FINNIFTY26SEP24600CE,0.00,0.00,0.00,2631.20,0.00,2631.20,26051.00,1632.23,0,0,0,0.00,0,F1,60,,,,,
2026-09-04,2026-09-04,FO,NSE,IDO,63454,,FINNIFTY,,2026-11-23,2026-11-23,27400.00,PE,FINNIFTY26NOV27400PE,0.00,0.00,0.00,1496.25,0.00,1496.25,26051.00,1557.09,0,0,0,0.00,0,F1,60,,,,,
2026-09-04,2026-09-04,FO,NSE,IDO,63456,,FINNIFTY,,2026-11-23,2026-11-23,27500.00,PE,FINNIFTY26NOV27500PE,0.00,0.00,0.00,1558.75,0.00,1558.75,26051.00,1623.54,0,0,0,0.00,0,F1,60,,,,,
2026-09-04,2026-09-04,FO,NSE,IDO,63388,,FINNIFTY,,2026-11-23,2026-11-23,24300.00,PE,FINNIFTY26NOV24300PE,0.00,0.00,0.00,256.05,0.00,256.05,26051.00,244.89,0,0,0,0.00,0,F1,60,,,,,
2026-09-04,2026-09-04,FO,NSE,IDO,71728,,FINNIFTY,,2026-09-29,2026-09-29,23800.00,CE,FINNIFTY26SEP23800CE,0.00,0.00,0.00,3283.70,0.00,3283.70,26051.00,2366.92,0,0,0,0.00,0,F1,60,,,,,
2026-09-04,2026-09-04,FO,NSE,IDO,71974,,FINNIFTY,,2026-09-29,2026-09-29,28900.00,PE,FINNIFTY26SEP28900PE,0.00,0.00,0.00,2369.40,0.00,2369.40,26051.00,2748.78,0,0,0,0.00,0,F1,60,,,,,
2026-09-04,2026-09-04,FO,NSE,IDO,63085,,FINNIFTY,,2026-09-29,2026-09-29,25650.00,CE,FINNIFTY26SEP25650CE,0.00,0.00,0.00,884.05,884.05,884.05,26051.00,833.79,180,0,0,0.00,0,F1,60,,,,,
2026-09-04,2026-09-04,FO,NSE,IDO,71966,,FINNIFTY,,2026-09-29,2026-09-29,28600.00,CE,FINNIFTY26SEP28600CE,0.00,0.00,0.00,542.35,0.00,542.35,26051.00,27.28,0,0,0,0.00,0,F1,60,,,,,
2026-09-04,2026-09-04,FO,NSE,IDO,50389,,FINNIFTY,,2026-10-27,2026-10-27,27800.00,CE,FINNIFTY26OCT27800CE,0.00,0.00,0.00,574.65,0.00,574.65,26051.00,284.33,0,0,0,0.00,0,F1,60,,,,,
2026-09-04,2026-09-04,FO,NSE,IDO,63413,,FINNIFTY,,2026-11-23,2026-11-23,25600.00,CE,FINNIFTY26NOV25600CE,0.00,0.00,0.00,1639.45,0.00,1639.45,26051.00,1426.47,0,0,0,0.00,0,F1,60,,,,,
2026-09-04,2026-09-04,FO,NSE,IDO,63415,,FINNIFTY,,2026-11-23,2026-11-23,25700.00,CE,FINNIFTY26NOV25700CE,0.00,0.00,0.00,1577.75,0.00,1577.75,26051.00,1366.84,0,0,0,0.00,0,F1,60,,,,,
2026-09-04,2026-09-04,FO,NSE,IDO,63475,,FINNIFTY,,2026-11-23,2026-11-23,28500.00,CE,FINNIFTY26NOV28500CE,0.00,0.00,0.00,423.65,0.00,423.65,26051.00,308.16,0,0,0,0.00,0,F1,60,,,,,
2026-09-04,2026-09-04,FO,NSE,IDO,50372,,FINNIFTY,,2026-10-27,2026-10-27,27100.00,PE,FINNIFTY26OCT27100PE,0.00,0.00,0.00,1477.70,0.00,1477.70,26051.00,1272.51,0,0,0,0.00,0,F1,60,,,,,
2026-09-04,2026-09-04,FO,NSE,IDO,63058,,FINNIFTY,,2026-09-29,2026-09-29,24850.00,PE,FINNIFTY26SEP24850PE,0.00,0.00,0.00,148.25,0.00,148.25,26051.00,119.09,0,0,0,0.00,0,F1,60,,,,,
2026-09-04,2026-09-04,FO,NSE,IDO,71767,,FINNIFTY,,2026-09-29,2026-09-29,25100.00,PE,FINNIFTY26SEP25100PE,0.00,0.00,0.00,418.50,0.00,418.50,26051.00,168.57,0,0,0,0.00,0,F1,60,,,,,
2026-09-04,2026-09-04,FO,NSE,IDO,50358,,FINNIFTY,,2026-10-27,2026-10-27,26500.00,PE,FINNIFTY26OCT26500PE,0.00,0.00,0.00,1138.40,0.00,1138.40,26051.00,908.90,0,0,0,0.00,0,F1,60,,,,,
2026-09-04,2026-09-04,FO,NSE,IDO,50336,,FINNIFTY,,2026-10-27,2026-10-27,25700.00,PE,FINNIFTY26OCT25700PE,0.00,0.00,0.00,764.25,0.00,764.25,26051.00,531.23,0,0,0,0.00,0,F1,60,,,,,
2026-09-04,2026-09-04,FO,NSE,IDO,71771,,FINNIFTY,,2026-09-29,2026-09-29,25300.00,PE,FINNIFTY26SEP25300PE,0.00,0.00,0.00,472.85,0.00,472.85,26051.00,217.93,0,0,0,0.00,0,F1,60,,,,,
2026-09-04,2026-09-04,FO,NSE,IDO,71984,,FINNIFTY,,2026-09-29,2026-09-29,29400.00,PE,FINNIFTY26SEP29400PE,0.00,0.00,0.00,2753.15,0.00,2753.15,26051.00,3237.02,0,0,0,0.00,0,F1,60,,,,,
2026-09-04,2026-09-04,FO,NSE,IDO,50284,,FINNIFTY,,2026-10-27,2026-10-27,24100.00,PE,FINNIFTY26OCT24100PE,0.00,0.00,0.00,279.45,0.00,279.45,26051.00,124.18,0,0,0,0.00,0,F1,60,,,,,
2026-09-04,2026-09-04,FO,NSE,IDO,63109,,FINNIFTY,,2026-09-29,2026-09-29,26450.00,CE,FINNIFTY26SEP26450CE,196.60,250.00,196.60,219.05,217.80,190.80,26051.00,219.05,6480,-120,78,124877322.00,68,F1,60,,,,,
2026-09-04,2026-09-04,FO,NSE,IDO,63111,,FINNIFTY,,2026-09-29,2026-09-29,26550.00,CE,FINNIFTY26SEP26550CE,0.00,0.00,0.00,595.90,0.00,595.90,26051.00,380.04,0,0,0,0.00,0,F1,60,,,,,
2026-09-04,2026-09-04,FO,NSE,IDO,71833,,FINNIFTY,,2026-09-29,2026-09-29,26700.00,CE,FINNIFTY26SEP26700CE,0.00,0.00,0.00,1272.30,0.00,1272.30,26051.00,326.43,0,0,0,0.00,0,F1,60,,,,,
2026-09-04,2026-09-04,FO,NSE,IDO,63424,,FINNIFTY,,2026-11-23,2026-11-23,26100.00,PE,FINNIFTY26NOV26100PE,0.00,0.00,0.00,810.80,0.00,810.80,26051.00,827.28,0,0,0,0.00,0,F1,60,,,,,
2026-09-04,2026-09-04,FO,NSE,IDO,63372,,FINNIFTY,,2026-11-23,2026-11-23,23500.00,PE,FINNIFTY26NOV23500PE,0.00,0.00,0.00,132.80,0.00,132.80,26051.00,121.05,0,0,0,0.00,0,F1,60,,,,,
2026-09-04,2026-09-04,FO,NSE,IDO,50398,,FINNIFTY,,2026-10-27,2026-10-27,28100.00,PE,FINNIFTY26OCT28100PE,0.00,0.00,0.00,2145.80,0.00,2145.80,26051.00,2011.39,0,0,0,0.00,0,F1,60,,,,,
2026-09-04,2026-09-04,FO,NSE,IDO,71942,,FINNIFTY,,2026-09-29,2026-09-29,28500.00,PE,FINNIFTY26SEP28500PE,2616.35,2616.35,2280.90,2280.90,2280.90,2078.25,26051.00,2365.59,180,180,3,5580816.00,2,F1,60,,,,,
2026-09-04,2026-09-04,FO,NSE,IDO,63142,,FINNIFTY,,2026-09-29,2026-09-29,27450.00,PE,FINNIFTY26SEP27450PE,0.00,0.00,0.00,1324.70,0.00,1324.70,26051.00,1426.91,0,0,0,0.00,0,F1,60,,,,,
2026-09-04,2026-09-04,FO,NSE,IDO,71813,,FINNIFTY,,2026-09-29,2026-09-29,26200.00,PE,FINNIFTY26SEP26200PE,343.80,358.70,276.00,301.45,301.05,399.65,26051.00,301.45,25440,-2040,633,1006586343.00,456,F1,60,,,,,
2026-09-04,2026-09-04,FO,NSE,IDO,71793,,FINNIFTY,,2026-09-29,2026-09-29,26100.00,PE,FINNIFTY26SEP26100PE,345.80,345.80,236.00,257.25,258.55,347.80,26051.00,257.25,12120,-6000,1395,2206457256.00,1071,F1,60,,,,,
2026-09-04,2026-09-04,FO,NSE,IDO,63092,,FINNIFTY,,2026-09-29,2026-09-29,25950.00,PE,FINNIFTY26SEP25950PE,235.65,248.00,188.35,200.55,202.05,280.75,26051.00,200.55,3300,1440,220,345279060.00,178,F1,60,,,,,
2026-09-04,2026-09-04,FO,NSE,IDO,63066,,FINNIFTY,,2026-09-29,2026-09-29,25150.00,PE,FINNIFTY26SEP25150PE,0.00,0.00,0.00,117.50,117.50,117.50,26051.00,180.09,60,0,0,0.00,0,F1,60,,,,,
2026-09-04,2026-09-04,FO,NSE,IDO,71983,,FINNIFTY,,2026-09-29,2026-09-29,29400.00,CE,FINNIFTY26SEP29400CE,0.00,0.00,0.00,358.65,0.00,358.65,26051.00,6.99,0,0,0,0.00,0,F1,60,,,,,
2026-09-04,2026-09-04,FO,NSE,IDO,71886,,FINNIFTY,,2026-09-29,2026-09-29,27900.00,CE,FINNIFTY26SEP27900CE,0.00,0.00,0.00,759.05,0.00,759.05,26051.00,76.99,0,0,0,0.00,0,F1,60,,,,,
2026-09-04,2026-09-04,FO,NSE,IDO,71841,,FINNIFTY,,2026-09-29,2026-09-29,27000.00,CE,FINNIFTY26SEP27000CE,74.45,88.20,69.90,77.15,71.90,67.80,26051.00,77.15,85560,-13260,909,1476933828.00,684,F1,60,,,,,
2026-09-04,2026-09-04,FO,NSE,IDO,71740,,FINNIFTY,,2026-09-29,2026-09-29,24400.00,CE,FINNIFTY26SEP24400CE,0.00,0.00,0.00,2788.45,0.00,2788.45,26051.00,1808.80,0,0,0,0.00,0,F1,60,,,,,
2026-09-04,2026-09-04,FO,NSE,IDO,71754,,FINNIFTY,,2026-09-29,2026-09-29,24800.00,CE,FINNIFTY26SEP24800CE,0.00,0.00,0.00,2478.20,0.00,2478.20,26051.00,1462.07,0,0,0,0.00,0,F1,60,,,,,
2026-09-04,2026-09-04,FO,NSE,IDO,50390,,FINNIFTY,,2026-10-27,2026-10-27,27800.00,PE,FINNIFTY26OCT27800PE,0.00,0.00,0.00,1932.90,0.00,1932.90,26051.00,1774.58,0,0,0,0.00,0,F1,60,,,,,
2026-09-04,2026-09-04,FO,NSE,IDO,50330,,FINNIFTY,,2026-10-27,2026-10-27,25400.00,PE,FINNIFTY26OCT25400PE,0.00,0.00,0.00,647.25,0.00,647.25,26051.00,421.57,0,0,0,0.00,0,F1,60,,,,,
2026-09-04,2026-09-04,FO,NSE,IDO,50317,,FINNIFTY,,2026-10-27,2026-10-27,24900.00,PE,FINNIFTY26OCT24900PE,0.00,0.00,0.00,479.90,0.00,479.90,26051.00,275.72,0,0,0,0.00,0,F1,60,,,,,
2026-09-04,2026-09-04,FO,NSE,IDO,63124,,FINNIFTY,,2026-09-29,2026-09-29,26750.00,PE,FINNIFTY26SEP26750PE,0.00,0.00,0.00,858.50,0.00,858.50,26051.00,900.62,0,0,0,0.00,0,F1,60,,,,,
2026-09-04,2026-09-04,FO,NSE,IDO,63084,,FINNIFTY,,2026-09-29,2026-09-29,25550.00,PE,FINNIFTY26SEP25550PE,148.00,148.00,93.15,97.20,98.25,148.90,26051.00,97.20,1740,480,44,67727289.00,41,F1,60,,,,,
2026-09-04,2026-09-04,FO,NSE,IDO,71778,,FINNIFTY,,2026-09-29,2026-09-29,25400.00,PE,FINNIFTY26SEP25400PE,0.00,0.00,0.00,502.50,0.00,502.50,26051.00,246.40,0,0,0,0.00,0,F1,60,,,,,
2026-09-04,2026-09-04,FO,NSE,IDO,50377,,FINNIFTY,,2026-10-27,2026-10-27,27300.00,CE,FINNIFTY26OCT27300CE,0.00,0.00,0.00,735.75,0.00,735.75,26051.00,413.01,0,0,0,0.00,0,F1,60,,,,,
2026-09-04,2026-09-04,FO,NSE,IDO,50347,,FINNIFTY,,2026-10-27,2026-10-27,26200.00,CE,FINNIFTY26OCT26200CE,0.00,0.00,0.00,1205.25,0.00,1205.25,26051.00,847.54,0,0,0,0.00,0,F1,60,,,,,
2026-09-04,2026-09-04,FO,NSE,IDO,71977,,FINNIFTY,,2026-09-29,2026-09-29,29100.00,CE,FINNIFTY26SEP29100CE,0.00,0.00,0.00,421.60,0.00,421.60,26051.00,11.90,0,0,0,0.00,0,F1,60,,,,,
2026-09-04,2026-09-04,FO,NSE,IDO,63141,,FINNIFTY,,2026-09-29,2026-09-29,27450.00,CE,FINNIFTY26SEP27450CE,0.00,0.00,0.00,280.95,0.00,280.95,26051.00,138.98,0,0,0,0.00,0,F1,60,,,,,
2026-09-04,2026-09-04,FO,NSE,IDO,63076,,FINNIFTY,,2026-09-29,2026-09-29,25350.00,CE,FINNIFTY26SEP25350CE,0.00,0.00,0.00,1304.35,0.00,1304.35,26051.00,1035.43,0,0,0,0.00,0,F1,60,,,,,
2026-09-04,2026-09-04,FO,NSE,IDO,63426,,FINNIFTY,,2026-11-23,2026-11-23,26200.00,PE,FINNIFTY26NOV26200PE,0.00,0.00,0.00,854.90,0.00,854.90,26051.00,874.16,0,0,0,0.00,0,F1,60,,,,,
2026-09-04,2026-09-04,FO,NSE,IDO,71736,,FINNIFTY,,2026-09-29,2026-09-29,24200.00,CE,FINNIFTY26SEP24200CE,0.00,0.00,0.00,2949.80,0.00,2949.80,26051.00,1990.75,0,0,0,0.00,0,F1,60,,,,,
2026-09-04,2026-09-04,FO,NSE,IDO,63466,,FINNIFTY,,2026-11-23,2026-11-23,28000.00,PE,FINNIFTY26NOV28000PE,0.00,0.00,0.00,1890.50,0.00,1890.50,26051.00,1975.47,0,0,0,0.00,0,F1,60,,,,,
2026-09-04,2026-09-04,FO,NSE,IDO,63408,,FINNIFTY,,2026-11-23,2026-11-23,25300.00,PE,FINNIFTY26NOV25300PE,0.00,0.00,0.00,510.10,0.00,510.10,26051.00,509.03,0,0,0,0.00,0,F1,60,,,,,
2026-09-04,2026-09-04,FO,NSE,IDO,50410,,FINNIFTY,,2026-10-27,2026-10-27,28500.00,PE,FINNIFTY26OCT28500PE,0.00,0.00,0.00,2445.25,0.00,2445.25,26051.00,2343.86,0,0,0,0.00,0,F1,60,,,,,
2026-09-04,2026-09-04,FO,NSE,IDO,71978,,FINNIFTY,,2026-09-29,2026-09-29,29100.00,PE,FINNIFTY26SEP29100PE,0.00,0.00,0.00,2520.70,0.00,2520.70,26051.00,2943.15,0,0,0,0.00,0,F1,60,,,,,
2026-09-04,2026-09-04,FO,NSE,IDO,71891,,FINNIFTY,,2026-09-29,2026-09-29,28100.00,PE,FINNIFTY26SEP28100PE,0.00,0.00,0.00,1805.80,0.00,1805.80,26051.00,1993.38,0,0,0,0.00,0,F1,60,,,,,
2026-09-04,2026-09-04,FO,NSE,IDO,71848,,FINNIFTY,,2026-09-29,2026-09-29,27000.00,PE,FINNIFTY26SEP27000PE,0.00,0.00,0.00,830.00,830.00,830.00,26051.00,1076.06,8340,0,0,0.00,0,F1,60,,,,,
2026-09-04,2026-09-04,FO,NSE,IDO,71786,,FINNIFTY,,2026-09-29,2026-09-29,25800.00,PE,FINNIFTY26SEP25800PE,191.85,202.10,144.45,152.85,155.50,220.75,26051.00,152.85,16620,1320,466,725845020.00,397,F1,60,,,,,
2026-09-04,2026-09-04,FO,NSE,IDO,63431,,FINNIFTY,,2026-11-23,2026-11-23,26500.00,CE,FINNIFTY26NOV26500CE,0.00,0.00,0.00,1136.55,0.00,1136.55,26051.00,946.58,0,0,0,0.00,0,F1,60,,,,,
2026-09-04,2026-09-04,FO,NSE,IDO,63411,,FINNIFTY,,2026-11-23,2026-11-23,25500.00,CE,FINNIFTY26NOV25500CE,0.00,0.00,0.00,1702.50,0.00,1702.50,26051.00,1487.65,0,0,0,0.00,0,F1,60,,,,,
2026-09-04,2026-09-04,FO,NSE,IDO,63377,,FINNIFTY,,2026-11-23,2026-11-23,23800.00,CE,FINNIFTY26NOV23800CE,0.00,0.00,0.00,2972.40,0.00,2972.40,26051.00,2744.39,0,0,0,0.00,0,F1,60,,,,,
2026-09-04,2026-09-04,FO,NSE,IDO,50419,,FINNIFTY,,2026-10-27,2026-10-27,29000.00,CE,FINNIFTY26OCT29000CE,0.00,0.00,0.00,300.30,0.00,300.30,26051.00,102.47,0,0,0,0.00,0,F1,60,,,,,
2026-09-04,2026-09-04,FO,NSE,IDO,50363,,FINNIFTY,,2026-10-27,2026-10-27,26700.00,CE,FINNIFTY26OCT26700CE,0.00,0.00,0.00,971.25,0.00,971.25,26051.00,622.24,0,0,0,0.00,0,F1,60,,,,,
2026-09-04,2026-09-04,FO,NSE,IDO,50355,,FINNIFTY,,2026-10-27,2026-10-27,26400.00,CE,FINNIFTY26OCT26400CE,0.00,0.00,0.00,1107.35,0.00,1107.35,26051.00,751.58,0,0,0,0.00,0,F1,60,,,,,
2026-09-04,2026-09-04,FO,NSE,IDO,50266,,FINNIFTY,,2026-10-27,2026-10-27,23800.00,CE,FINNIFTY26OCT23800CE,0.00,0.00,0.00,2804.75,0.00,2804.75,26051.00,2560.85,0,0,0,0.00,0,F1,60,,,,,
2026-09-04,2026-09-04,FO,NSE,IDO,71973,,FINNIFTY,,2026-09-29,2026-09-29,28900.00,CE,FINNIFTY26SEP28900CE,0.00,0.00,0.00,467.25,0.00,467.25,26051.00,16.73,0,0,0,0.00,0,F1,60,,,,,
2026-09-04,2026-09-04,FO,NSE,IDO,71764,,FINNIFTY,,2026-09-29,2026-09-29,25000.00,CE,FINNIFTY26SEP25000CE,0.00,0.00,0.00,2330.65,0.00,2330.65,26051.00,1299.37,0,0,0,0.00,0,F1,60,,,,,
2026-09-04,2026-09-04,FO,NSE,IDO,63059,,FINNIFTY,,2026-09-29,2026-09-29,24950.00,CE,FINNIFTY26SEP24950CE,0.00,0.00,0.00,1608.65,0.00,1608.65,26051.00,1339.28,0,0,0,0.00,0,F1,60,,,,,
2026-09-04,2026-09-04,FO,NSE,IDO,63096,,FINNIFTY,,2026-09-29,2026-09-29,26150.00,PE,FINNIFTY26SEP26150PE,333.60,340.30,255.00,280.00,278.00,382.70,26051.00,280.00,2160,840,187,296478108.00,116,F1,60,,,,,
2026-09-04,2026-09-04,FO,NSE,IDO,71735,,FINNIFTY,,2026-09-29,2026-09-29,24100.00,PE,FINNIFTY26SEP24100PE,0.00,0.00,0.00,207.70,0.00,207.70,26051.00,34.91,0,0,0,0.00,0,F1,60,,,,,
2026-09-04,2026-09-04,FO,NSE,IDO,71723,,FINNIFTY,,2026-09-29,2026-09-29,23500.00,PE,FINNIFTY26SEP23500PE,8.50,8.70,7.70,8.45,8.45,10.20,26051.00,8.45,8520,-120,25,35262378.00,24,F1,60,,,,,
2026-09-04,2026-09-04,FO,NSE,IDO,71748,,FINNIFTY,,2026-09-29,2026-09-29,24700.00,CE,FINNIFTY26SEP24700CE,0.00,0.00,0.00,2554.15,0.00,2554.15,26051.00,1546.28,0,0,0,0.00,0,F1,60,,,,,
2026-09-04,2026-09-04,FO,NSE,IDO,71920,,FINNIFTY,,2026-09-29,2026-09-29,28400.00,PE,FINNIFTY26SEP28400PE,0.00,0.00,0.00,2008.45,0.00,2008.45,26051.00,2271.31,0,0,0,0.00,0,F1,60,,,,,
2026-09-04,2026-09-04,FO,NSE,IDO,50344,,FINNIFTY,,2026-10-27,2026-10-27,26000.00,PE,FINNIFTY26OCT26000PE,0.00,0.00,0.00,316.90,316.90,316.90,26051.00,658.23,0,0,0,0.00,0,F1,60,,,,,
2026-09-04,2026-09-04,FO,NSE,IDO,50404,,FINNIFTY,,2026-10-27,2026-10-27,28300.00,PE,FINNIFTY26OCT28300PE,0.00,0.00,0.00,2294.55,0.00,2294.55,26051.00,2175.41,0,0,0,0.00,0,F1,60,,,,,
2026-09-04,2026-09-04,FO,NSE,IDO,71720,,FINNIFTY,,2026-09-29,2026-09-29,23400.00,CE,FINNIFTY26SEP23400CE,0.00,0.00,0.00,3630.85,0.00,3630.85,26051.00,2754.06,0,0,0,0.00,0,F1,60,,,,,
2026-09-04,2026-09-04,FO,NSE,IDO,71770,,FINNIFTY,,2026-09-29,2026-09-29,25300.00,CE,FINNIFTY26SEP25300CE,0.00,0.00,0.00,2115.45,0.00,2115.45,26051.00,1071.31,0,0,0,0.00,0,F1,60,,,,,
2026-09-04,2026-09-04,FO,NSE,IDF,61469,,FINNIFTY,,2026-11-23,2026-11-23,,,FINNIFTY26NOVFUT,0.00,0.00,0.00,26642.70,0.00,26642.70,26051.00,26421.32,0,0,0,0.00,0,F1,60,,,,,
2026-09-04,2026-09-04,FO,NSE,IDO,71711,,FINNIFTY,,2026-09-29,2026-09-29,23000.00,PE,FINNIFTY26SEP23000PE,7.50,7.80,6.70,7.25,7.50,8.50,26051.00,7.25,27000,7740,215,296795823.00,105,F1,60,,,,,
2026-09-04,2026-09-04,FO,NSE,IDO,63088,,FINNIFTY,,2026-09-29,2026-09-29,25750.00,PE,FINNIFTY26SEP25750PE,168.55,168.55,133.25,144.00,144.00,200.30,26051.00,366.81,4080,900,34,52829529.00,20,F1,60,,,,,
2026-09-04,2026-09-04,FO,NSE,IDO,50297,,FINNIFTY,,2026-10-27,2026-10-27,24500.00,PE,FINNIFTY26OCT24500PE,0.00,0.00,0.00,371.15,0.00,371.15,26051.00,188.63,0,0,0,0.00,0,F1,60,,,,,
2026-09-04,2026-09-04,FO,NSE,IDO,71972,,FINNIFTY,,2026-09-29,2026-09-29,28800.00,PE,FINNIFTY26SEP28800PE,0.00,0.00,0.00,2295.25,0.00,2295.25,26051.00,2652.21,0,0,0,0.00,0,F1,60,,,,,
2026-09-04,2026-09-04,FO,NSE,IDO,71967,,FINNIFTY,,2026-09-29,2026-09-29,28600.00,PE,FINNIFTY26SEP28600PE,0.00,0.00,0.00,2149.15,0.00,2149.15,26051.00,2460.55,0,0,0,0.00,0,F1,60,,,,,
2026-09-04,2026-09-04,FO,NSE,IDO,71836,,FINNIFTY,,2026-09-29,2026-09-29,26700.00,PE,FINNIFTY26SEP26700PE,0.00,0.00,0.00,544.05,544.05,544.05,26051.00,867.39,960,0,0,0.00,0,F1,60,,,,,
2026-09-04,2026-09-04,FO,NSE,IDO,63128,,FINNIFTY,,2026-09-29,2026-09-29,26950.00,PE,FINNIFTY26SEP26950PE,0.00,0.00,0.00,981.15,0.00,981.15,26051.00,1039.77,0,0,0,0.00,0,F1,60,,,,,
2026-09-04,2026-09-04,FO,NSE,IDO,71881,,FINNIFTY,,2026-09-29,2026-09-29,27600.00,PE,FINNIFTY26SEP27600PE,0.00,0.00,0.00,1491.90,0.00,1491.90,26051.00,1552.22,0,0,0,0.00,0,F1,60,,,,,
2026-09-04,2026-09-04,FO,NSE,IDO,71970,,FINNIFTY,,2026-09-29,2026-09-29,28700.00,PE,FINNIFTY26SEP28700PE,0.00,0.00,0.00,2221.10,0.00,2221.10,26051.00,2556.11,0,0,0,0.00,0,F1,60,,,,,
2026-09-04,2026-09-04,FO,NSE,IDO,50290,,FINNIFTY,,2026-10-27,2026-10-27,24400.00,PE,FINNIFTY26OCT24400PE,0.00,0.00,0.00,345.75,0.00,345.75,26051.00,170.55,0,0,0,0.00,0,F1,60,,,,,
2026-09-04,2026-09-04,FO,NSE,IDO,50384,,FINNIFTY,,2026-10-27,2026-10-27,27500.00,PE,FINNIFTY26OCT27500PE,0.00,0.00,0.00,1730.40,0.00,1730.40,26051.00,1549.86,0,0,0,0.00,0,F1,60,,,,,
2026-09-04,2026-09-04,FO,NSE,IDO,50386,,FINNIFTY,,2026-10-27,2026-10-27,27600.00,PE,FINNIFTY26OCT27600PE,0.00,0.00,0.00,1796.70,0.00,1796.70,26051.00,1624.30,0,0,0,0.00,0,F1,60,,,,,
2026-09-04,2026-09-04,FO,NSE,IDO,71742,,FINNIFTY,,2026-09-29,2026-09-29,24500.00,CE,FINNIFTY26SEP24500CE,0.00,0.00,0.00,2709.30,0.00,2709.30,26051.00,1719.78,0,0,0,0.00,0,F1,60,,,,,
2026-09-04,2026-09-04,FO,NSE,IDO,63422,,FINNIFTY,,2026-11-23,2026-11-23,26000.00,PE,FINNIFTY26NOV26000PE,0.00,0.00,0.00,768.20,0.00,768.20,26051.00,782.00,0,0,0,0.00,0,F1,60,,,,,
2026-09-04,2026-09-04,FO,NSE,IDO,50430,,FINNIFTY,,2026-10-27,2026-10-27,29500.00,PE,FINNIFTY26OCT29500PE,0.00,0.00,0.00,3256.50,0.00,3256.50,26051.00,3238.07,0,0,0,0.00,0,F1,60,,,,,
2026-09-04,2026-09-04,FO,NSE,IDO,63403,,FINNIFTY,,2026-11-23,2026-11-23,25100.00,CE,FINNIFTY26NOV25100CE,0.00,0.00,0.00,1968.80,0.00,1968.80,26051.00,1747.65,0,0,0,0.00,0,F1,60,,,,,
2026-09-04,2026-09-04,FO,NSE,IDO,50405,,FINNIFTY,,2026-10-27,2026-10-27,28400.00,CE,FINNIFTY26OCT28400CE,0.00,0.00,0.00,420.70,0.00,420.70,26051.00,174.45,0,0,0,0.00,0,F1,60,,,,,
2026-09-04,2026-09-04,FO,NSE,IDO,50369,,FINNIFTY,,2026-10-27,2026-10-27,27000.00,CE,FINNIFTY26OCT27000CE,0.00,0.00,0.00,847.50,0.00,847.50,26051.00,509.68,0,0,0,0.00,0,F1,60,,,,,
2026-09-04,2026-09-04,FO,NSE,IDO,50343,,FINNIFTY,,2026-10-27,2026-10-27,26000.00,CE,FINNIFTY26OCT26000CE,0.00,0.00,0.00,1308.65,0.00,1308.65,26051.00,951.23,0,0,0,0.00,0,F1,60,,,,,
2026-09-04,2026-09-04,FO,NSE,IDO,50319,,FINNIFTY,,2026-10-27,2026-10-27,25000.00,CE,FINNIFTY26OCT25000CE,0.00,0.00,0.00,1910.35,0.00,1910.35,26051.00,1586.00,0,0,0,0.00,0,F1,60,,,,,
2026-09-04,2026-09-04,FO,NSE,IDO,50285,,FINNIFTY,,2026-10-27,2026-10-27,24200.00,CE,FINNIFTY26OCT24200CE,0.00,0.00,0.00,2488.10,0.00,2488.10,26051.00,2214.63,0,0,0,0.00,0,F1,60,,,,,
2026-09-04,2026-09-04,FO,NSE,IDO,71884,,FINNIFTY,,2026-09-29,2026-09-29,27800.00,CE,FINNIFTY26SEP27800CE,0.00,0.00,0.00,794.70,0.00,794.70,26051.00,88.24,0,0,0,0.00,0,F1,60,,,,,
2026-09-04,2026-09-04,FO,NSE,IDO,71768,,FINNIFTY,,2026-09-29,2026-09-29,25200.00,CE,FINNIFTY26SEP25200CE,0.00,0.00,0.00,2186.65,0.00,2186.65,26051.00,1145.15,0,0,0,0.00,0,F1,60,,,,,
2026-09-04,2026-09-04,FO,NSE,IDO,63392,,FINNIFTY,,2026-11-23,2026-11-23,24500.00,PE,FINNIFTY26NOV24500PE,0.00,0.00,0.00,297.15,0.00,297.15,26051.00,287.04,0,0,0,0.00,0,F1,60,,,,,
2026-09-04,2026-09-04,FO,NSE,IDO,63097,,FINNIFTY,,2026-09-29,2026-09-29,26250.00,CE,FINNIFTY26SEP26250CE,299.35,347.00,286.80,301.50,301.50,266.70,26051.00,301.50,2100,0,75,119517267.00,51,F1,60,,,,,
2026-09-04,2026-09-04,FO,NSE,IDO,50331,,FINNIFTY,,2026-10-27,2026-10-27,25500.00,CE,FINNIFTY26OCT25500CE,0.00,0.00,0.00,1592.05,0.00,1592.05,26051.00,1244.57,0,0,0,0.00,0,F1,60,,,,,
2026-09-04,2026-09-04,FO,NSE,IDO,50383,,FINNIFTY,,2026-10-27,2026-10-27,27500.00,CE,FINNIFTY26OCT27500CE,0.00,0.00,0.00,667.65,0.00,667.65,26051.00,356.82,0,0,0,0.00,0,F1,60,,,,,
2026-09-04,2026-09-04,FO,NSE,IDO,50385,,FINNIFTY,,2026-10-27,2026-10-27,27600.00,CE,FINNIFTY26OCT27600CE,0.00,0.00,0.00,635.45,0.00,635.45,26051.00,332.19,0,0,0,0.00,0,F1,60,,,,,
2026-09-04,2026-09-04,FO,NSE,IDO,50403,,FINNIFTY,,2026-10-27,2026-10-27,28300.00,CE,FINNIFTY26OCT28300CE,0.00,0.00,0.00,443.80,0.00,443.80,26051.00,189.82,0,0,0,0.00,0,F1,60,,,,,
2026-09-04,2026-09-04,FO,NSE,IDO,63383,,FINNIFTY,,2026-11-23,2026-11-23,24100.00,CE,FINNIFTY26NOV24100CE,0.00,0.00,0.00,2724.30,0.00,2724.30,26051.00,2496.32,0,0,0,0.00,0,F1,60,,,,,
2026-09-04,2026-09-04,FO,NSE,IDO,63433,,FINNIFTY,,2026-11-23,2026-11-23,26600.00,CE,FINNIFTY26NOV26600CE,0.00,0.00,0.00,1087.85,0.00,1087.85,26051.00,901.15,0,0,0,0.00,0,F1,60,,,,,
2026-09-04,2026-09-04,FO,NSE,IDO,63459,,FINNIFTY,,2026-11-23,2026-11-23,27700.00,CE,FINNIFTY26NOV27700CE,0.00,0.00,0.00,646.10,0.00,646.10,26051.00,499.71,0,0,0,0.00,0,F1,60,,,,,
2026-09-04,2026-09-04,FO,NSE,IDO,63056,,FINNIFTY,,2026-09-29,2026-09-29,24750.00,PE,FINNIFTY26SEP24750PE,0.00,0.00,0.00,131.30,0.00,131.30,26051.00,102.80,0,0,0,0.00,0,F1,60,,,,,
2026-09-04,2026-09-04,FO,NSE,IDO,63094,,FINNIFTY,,2026-09-29,2026-09-29,26050.00,PE,FINNIFTY26SEP26050PE,280.85,286.70,217.10,235.85,236.00,328.50,26051.00,235.85,6420,3720,701,1105698282.00,566,F1,60,,,,,
2026-09-04,2026-09-04,FO,NSE,IDO,71769,,FINNIFTY,,2026-09-29,2026-09-29,25200.00,PE,FINNIFTY26SEP25200PE,0.00,0.00,0.00,445.55,0.00,445.55,26051.00,192.18,0,0,0,0.00,0,F1,60,,,,,
2026-09-04,2026-09-04,FO,NSE,IDO,50327,,FINNIFTY,,2026-10-27,2026-10-27,25300.00,CE,FINNIFTY26OCT25300CE,0.00,0.00,0.00,1715.25,0.00,1715.25,26051.00,1375.25,0,0,0,0.00,0,F1,60,,,,,
2026-09-04,2026-09-04,FO,NSE,IDO,71995,,FINNIFTY,,2026-09-29,2026-09-29,30000.00,CE,FINNIFTY26SEP30000CE,1.70,2.30,1.70,2.00,2.00,2.10,26051.00,2.23,12720,420,24,43202958.00,23,F1,60,,,,,
2026-09-04,2026-09-04,FO,NSE,IDO,50356,,FINNIFTY,,2026-10-27,2026-10-27,26400.00,PE,FINNIFTY26OCT26400PE,0.00,0.00,0.00,1086.65,0.00,1086.65,26051.00,854.85,0,0,0,0.00,0,F1,60,,,,,
2026-09-04,2026-09-04,FO,NSE,IDO,50342,,FINNIFTY,,2026-10-27,2026-10-27,25900.00,PE,FINNIFTY26OCT25900PE,0.00,0.00,0.00,849.30,0.00,849.30,26051.00,613.94,0,0,0,0.00,0,F1,60,,,,,
2026-09-04,2026-09-04,FO,NSE,IDO,50301,,FINNIFTY,,2026-10-27,2026-10-27,24700.00,PE,FINNIFTY26OCT24700PE,0.00,0.00,0.00,423.40,0.00,423.40,26051.00,229.11,0,0,0,0.00,0,F1,60,,,,,
2026-09-04,2026-09-04,FO,NSE,IDO,71982,,FINNIFTY,,2026-09-29,2026-09-29,29300.00,PE,FINNIFTY26SEP29300PE,0.00,0.00,0.00,2674.40,0.00,2674.40,26051.00,3138.81,0,0,0,0.00,0,F1,60,,,,,
2026-09-04,2026-09-04,FO,NSE,IDO,71980,,FINNIFTY,,2026-09-29,2026-09-29,29200.00,PE,FINNIFTY26SEP29200PE,0.00,0.00,0.00,2596.55,0.00,2596.55,26051.00,3040.84,0,0,0,0.00,0,F1,60,,,,,
2026-09-04,2026-09-04,FO,NSE,IDO,63136,,FINNIFTY,,2026-09-29,2026-09-29,27150.00,PE,FINNIFTY26SEP27150PE,0.00,0.00,0.00,708.85,708.85,708.85,26051.00,1188.53,120,0,0,0.00,0,F1,60,,,,,
2026-09-04,2026-09-04,FO,NSE,IDO,50283,,FINNIFTY,,2026-10-27,2026-10-27,24100.00,CE,FINNIFTY26OCT24100CE,0.00,0.00,0.00,2565.65,0.00,2565.65,26051.00,2299.50,0,0,0,0.00,0,F1,60,,,,,
2026-09-04,2026-09-04,FO,NSE,IDO,71971,,FINNIFTY,,2026-09-29,2026-09-29,28800.00,CE,FINNIFTY26SEP28800CE,0.00,0.00,0.00,491.55,0.00,491.55,26051.00,19.75,0,0,0,0.00,0,F1,60,,,,,
2026-09-04,2026-09-04,FO,NSE,IDO,71783,,FINNIFTY,,2026-09-29,2026-09-29,25700.00,CE,FINNIFTY26SEP25700CE,0.00,0.00,0.00,599.70,599.70,599.70,26051.00,802.55,1500,0,0,0.00,0,F1,60,,,,,
2026-09-04,2026-09-04,FO,NSE,IDO,71722,,FINNIFTY,,2026-09-29,2026-09-29,23500.00,CE,FINNIFTY26SEP23500CE,0.00,0.00,0.00,3542.95,0.00,3542.95,26051.00,2656.54,0,0,0,0.00,0,F1,60,,,,,
2026-09-04,2026-09-04,FO,NSE,IDO,63457,,FINNIFTY,,2026-11-23,2026-11-23,27600.00,CE,FINNIFTY26NOV27600CE,0.00,0.00,0.00,679.55,0.00,679.55,26051.00,529.18,0,0,0,0.00,0,F1,60,,,,,
2026-09-04,2026-09-04,FO,NSE,IDO,71988,,FINNIFTY,,2026-09-29,2026-09-29,29600.00,PE,FINNIFTY26SEP29600PE,0.00,0.00,0.00,2913.15,0.00,2913.15,26051.00,3434.05,0,0,0,0.00,0,F1,60,,,,,
2026-09-04,2026-09-04,FO,NSE,IDO,50364,,FINNIFTY,,2026-10-27,2026-10-27,26700.00,PE,FINNIFTY26OCT26700PE,0.00,0.00,0.00,1246.05,0.00,1246.05,26051.00,1022.72,0,0,0,0.00,0,F1,60,,,,,
2026-09-04,2026-09-04,FO,NSE,IDO,63404,,FINNIFTY,,2026-11-23,2026-11-23,25100.00,PE,FINNIFTY26NOV25100PE,0.00,0.00,0.00,448.95,0.00,448.95,26051.00,444.85,0,0,0,0.00,0,F1,60,,,,,
2026-09-04,2026-09-04,FO,NSE,IDO,63470,,FINNIFTY,,2026-11-23,2026-11-23,28200.00,PE,FINNIFTY26NOV28200PE,0.00,0.00,0.00,2031.70,0.00,2031.70,26051.00,2126.26,0,0,0,0.00,0,F1,60,,,,,
2026-09-04,2026-09-04,FO,NSE,IDO,63064,,FINNIFTY,,2026-09-29,2026-09-29,25050.00,PE,FINNIFTY26SEP25050PE,0.00,0.00,0.00,187.25,0.00,187.25,26051.00,157.61,0,0,0,0.00,0,F1,60,,,,,
2026-09-04,2026-09-04,FO,NSE,IDO,63423,,FINNIFTY,,2026-11-23,2026-11-23,26100.00,CE,FINNIFTY26NOV26100CE,0.00,0.00,0.00,1345.50,0.00,1345.50,26051.00,1144.10,0,0,0,0.00,0,F1,60,,,,,
2026-09-04,2026-09-04,FO,NSE,IDO,71860,,FINNIFTY,,2026-09-29,2026-09-29,27200.00,CE,FINNIFTY26SEP27200CE,0.00,0.00,0.00,1035.35,0.00,1035.35,26051.00,188.10,0,0,0,0.00,0,F1,60,,,,,
2026-09-04,2026-09-04,FO,NSE,IDO,50298,,FINNIFTY,,2026-10-27,2026-10-27,24600.00,CE,FINNIFTY26OCT24600CE,0.00,0.00,0.00,2190.35,0.00,2190.35,26051.00,1888.10,0,0,0,0.00,0,F1,60,,,,,
2026-09-04,2026-09-04,FO,NSE,IDO,63445,,FINNIFTY,,2026-11-23,2026-11-23,27100.00,CE,FINNIFTY26NOV27100CE,0.00,0.00,0.00,866.35,0.00,866.35,26051.00,696.98,0,0,0,0.00,0,F1,60,,,,,
2026-09-04,2026-09-04,FO,NSE,IDO,50338,,FINNIFTY,,2026-10-27,2026-10-27,25800.00,PE,FINNIFTY26OCT25800PE,0.00,0.00,0.00,806.05,0.00,806.05,26051.00,571.61,0,0,0,0.00,0,F1,60,,,,,
2026-09-04,2026-09-04,FO,NSE,IDO,71782,,FINNIFTY,,2026-09-29,2026-09-29,25600.00,PE,FINNIFTY26SEP25600PE,0.00,0.00,0.00,565.70,0.00,565.70,26051.00,311.13,0,0,0,0.00,0,F1,60,,,,,
2026-09-04,2026-09-04,FO,NSE,IDO,63461,,FINNIFTY,,2026-11-23,2026-11-23,27800.00,CE,FINNIFTY26NOV27800CE,0.00,0.00,0.00,614.00,0.00,614.00,26051.00,471.53,0,0,0,0.00,0,F1,60,,,,,
2026-09-04,2026-09-04,FO,NSE,IDO,63441,,FINNIFTY,,2026-11-23,2026-11-23,27000.00,CE,FINNIFTY26NOV27000CE,0.00,0.00,0.00,907.80,0.00,907.80,26051.00,734.81,0,0,0,0.00,0,F1,60,,,,,
2026-09-04,2026-09-04,FO,NSE,IDO,71814,,FINNIFTY,,2026-09-29,2026-09-29,26300.00,CE,FINNIFTY26SEP26300CE,238.95,315.00,238.95,280.75,276.50,245.05,26051.00,280.75,25680,12840,643,1026065571.00,466,F1,60,,,,,
2026-09-04,2026-09-04,FO,NSE,IDO,63468,,FINNIFTY,,2026-11-23,2026-11-23,28100.00,PE,FINNIFTY26NOV28100PE,0.00,0.00,0.00,1960.50,0.00,1960.50,26051.00,2050.84,0,0,0,0.00,0,F1,60,,,,,
2026-09-04,2026-09-04,FO,NSE,IDO,50299,,FINNIFTY,,2026-10-27,2026-10-27,24600.00,PE,FINNIFTY26OCT24600PE,0.00,0.00,0.00,396.65,0.00,396.65,26051.00,208.13,0,0,0,0.00,0,F1,60,,,,,
2026-09-04,2026-09-04,FO,NSE,IDO,63150,,FINNIFTY,,2026-09-29,2026-09-29,27550.00,PE,FINNIFTY26SEP27550PE,0.00,0.00,0.00,1400.50,0.00,1400.50,26051.00,1510.03,0,0,0,0.00,0,F1,60,,,,,
2026-09-04,2026-09-04,FO,NSE,IDO,71879,,FINNIFTY,,2026-09-29,2026-09-29,27500.00,PE,FINNIFTY26SEP27500PE,0.00,0.00,0.00,665.00,665.00,665.00,26051.00,1468.26,0,0,0,0.00,0,F1,60,,,,,
2026-09-04,2026-09-04,FO,NSE,IDO,71867,,FINNIFTY,,2026-09-29,2026-09-29,27200.00,PE,FINNIFTY26SEP27200PE,0.00,0.00,0.00,743.40,743.40,743.40,26051.00,1227.03,180,0,0,0.00,0,F1,60,,,,,
2026-09-04,2026-09-04,FO,NSE,IDO,63450,,FINNIFTY,,2026-11-23,2026-11-23,27300.00,PE,FINNIFTY26NOV27300PE,0.00,0.00,0.00,1435.10,0.00,1435.10,26051.00,1492.03,0,0,0,0.00,0,F1,60,,,,,
2026-09-04,2026-09-04,FO,NSE,IDO,63462,,FINNIFTY,,2026-11-23,2026-11-23,27800.00,PE,FINNIFTY26NOV27800PE,0.00,0.00,0.00,1754.05,0.00,1754.05,26051.00,1830.89,0,0,0,0.00,0,F1,60,,,,,
2026-09-04,2026-09-04,FO,NSE,IDO,63129,,FINNIFTY,,2026-09-29,2026-09-29,27050.00,CE,FINNIFTY26SEP27050CE,0.00,0.00,0.00,399.70,0.00,399.70,26051.00,223.37,0,0,0,0.00,0,F1,60,,,,,
2026-09-04,2026-09-04,FO,NSE,IDO,71868,,FINNIFTY,,2026-09-29,2026-09-29,27300.00,CE,FINNIFTY26SEP27300CE,0.00,0.00,0.00,992.00,0.00,992.00,26051.00,167.02,0,0,0,0.00,0,F1,60,,,,,
2026-09-04,2026-09-04,FO,NSE,IDO,71919,,FINNIFTY,,2026-09-29,2026-09-29,28400.00,CE,FINNIFTY26SEP28400CE,0.00,0.00,0.00,598.60,0.00,598.60,26051.00,37.24,0,0,0,0.00,0,F1,60,,,,,
2026-09-04,2026-09-04,FO,NSE,IDO,63409,,FINNIFTY,,2026-11-23,2026-11-23,25400.00,CE,FINNIFTY26NOV25400CE,0.00,0.00,0.00,1767.00,0.00,1767.00,26051.00,1550.38,0,0,0,0.00,0,F1,60,,,,,
2026-09-04,2026-09-04,FO,NSE,IDO,63458,,FINNIFTY,,2026-11-23,2026-11-23,27600.00,PE,FINNIFTY26NOV27600PE,0.00,0.00,0.00,1622.55,0.00,1622.55,26051.00,1691.34,0,0,0,0.00,0,F1,60,,,,,
2026-09-04,2026-09-04,FO,NSE,IDO,63378,,FINNIFTY,,2026-11-23,2026-11-23,23800.00,PE,FINNIFTY26NOV23800PE,0.00,0.00,0.00,171.90,0.00,171.90,26051.00,159.81,0,0,0,0.00,0,F1,60,,,,,
2026-09-04,2026-09-04,FO,NSE,IDO,71883,,FINNIFTY,,2026-09-29,2026-09-29,27700.00,PE,FINNIFTY26SEP27700PE,0.00,0.00,0.00,1552.20,0.00,1552.20,26051.00,1637.75,0,0,0,0.00,0,F1,60,,,,,
2026-09-04,2026-09-04,FO,NSE,IDO,63090,,FINNIFTY,,2026-09-29,2026-09-29,25850.00,PE,FINNIFTY26SEP25850PE,207.35,215.85,158.30,167.55,167.55,236.40,26051.00,167.55,2640,-240,42,65596278.00,34,F1,60,,,,,
2026-09-04,2026-09-04,FO,NSE,IDO,71745,,FINNIFTY,,2026-09-29,2026-09-29,24500.00,PE,FINNIFTY26SEP24500PE,0.00,0.00,0.00,278.95,0.00,278.95,26051.00,69.64,0,0,0,0.00,0,F1,60,,,,,
2026-09-04,2026-09-04,FO,NSE,IDO,63439,,FINNIFTY,,2026-11-23,2026-11-23,26900.00,CE,FINNIFTY26NOV26900CE,0.00,0.00,0.00,950.70,0.00,950.70,26051.00,774.13,0,0,0,0.00,0,F1,60,,,,,
2026-09-04,2026-09-04,FO,NSE,IDO,63429,,FINNIFTY,,2026-11-23,2026-11-23,26400.00,CE,FINNIFTY26NOV26400CE,0.00,0.00,0.00,1186.60,0.00,1186.60,26051.00,993.57,0,0,0,0.00,0,F1,60,,,,,
2026-09-04,2026-09-04,FO,NSE,IDO,63393,,FINNIFTY,,2026-11-23,2026-11-23,24600.00,CE,FINNIFTY26NOV24600CE,0.00,0.00,0.00,2331.85,0.00,2331.85,26051.00,2105.80,0,0,0,0.00,0,F1,60,,,,,
2026-09-04,2026-09-04,FO,NSE,IDO,71896,,FINNIFTY,,2026-09-29,2026-09-29,28300.00,CE,FINNIFTY26SEP28300CE,0.00,0.00,0.00,628.35,0.00,628.35,26051.00,43.32,0,0,0,0.00,0,F1,60,,,,,
2026-09-04,2026-09-04,FO,NSE,IDO,63444,,FINNIFTY,,2026-11-23,2026-11-23,27000.00,PE,FINNIFTY26NOV27000PE,0.00,0.00,0.00,1259.75,0.00,1259.75,26051.00,1305.38,0,0,0,0.00,0,F1,60,,,,,
2026-09-04,2026-09-04,FO,NSE,IDO,50412,,FINNIFTY,,2026-10-27,2026-10-27,28600.00,PE,FINNIFTY26OCT28600PE,0.00,0.00,0.00,2522.50,0.00,2522.50,26051.00,2429.61,0,0,0,0.00,0,F1,60,,,,,
2026-09-04,2026-09-04,FO,NSE,IDO,50352,,FINNIFTY,,2026-10-27,2026-10-27,26200.00,PE,FINNIFTY26OCT26200PE,0.00,0.00,0.00,987.50,0.00,987.50,26051.00,752.68,0,0,0,0.00,0,F1,60,,,,,
2026-09-04,2026-09-04,FO,NSE,IDO,71895,,FINNIFTY,,2026-09-29,2026-09-29,28200.00,PE,FINNIFTY26SEP28200PE,0.00,0.00,0.00,1872.20,0.00,1872.20,26051.00,2085.12,0,0,0,0.00,0,F1,60,,,,,
2026-09-04,2026-09-04,FO,NSE,IDO,63138,,FINNIFTY,,2026-09-29,2026-09-29,27250.00,PE,FINNIFTY26SEP27250PE,0.00,0.00,0.00,779.00,779.00,779.00,26051.00,1266.04,240,0,0,0.00,0,F1,60,,,,,
2026-09-04,2026-09-04,FO,NSE,IDO,50415,,FINNIFTY,,2026-10-27,2026-10-27,28800.00,CE,FINNIFTY26OCT28800CE,0.00,0.00,0.00,336.50,0.00,336.50,26051.00,122.95,0,0,0,0.00,0,F1,60,,,,,
2026-09-04,2026-09-04,FO,NSE,IDO,71890,,FINNIFTY,,2026-09-29,2026-09-29,28100.00,CE,FINNIFTY26SEP28100CE,0.00,0.00,0.00,691.35,0.00,691.35,26051.00,58.09,0,0,0,0.00,0,F1,60,,,,,
2026-09-04,2026-09-04,FO,NSE,IDO,71730,,FINNIFTY,,2026-09-29,2026-09-29,23900.00,CE,FINNIFTY26SEP23900CE,0.00,0.00,0.00,3198.90,0.00,3198.90,26051.00,2271.62,0,0,0,0.00,0,F1,60,,,,,
2026-09-04,2026-09-04,FO,NSE,IDO,63448,,FINNIFTY,,2026-11-23,2026-11-23,27200.00,PE,FINNIFTY26NOV27200PE,0.00,0.00,0.00,1375.25,0.00,1375.25,26051.00,1428.37,0,0,0,0.00,0,F1,60,,,,,
2026-09-04,2026-09-04,FO,NSE,IDO,50370,,FINNIFTY,,2026-10-27,2026-10-27,27000.00,PE,FINNIFTY26OCT27000PE,0.00,0.00,0.00,1417.80,0.00,1417.80,26051.00,1207.38,0,0,0,0.00,0,F1,60,,,,,
2026-09-04,2026-09-04,FO,NSE,IDO,50420,,FINNIFTY,,2026-10-27,2026-10-27,29000.00,PE,FINNIFTY26OCT29000PE,0.00,0.00,0.00,2840.55,0.00,2840.55,26051.00,2781.55,0,0,0,0.00,0,F1,60,,,,,
2026-09-04,2026-09-04,FO,NSE,IDO,50440,,FINNIFTY,,2026-10-27,2026-10-27,30000.00,PE,FINNIFTY26OCT30000PE,0.00,0.00,0.00,3689.70,0.00,3689.70,26051.00,3708.15,0,0,0,0.00,0,F1,60,,,,,
2026-09-04,2026-09-04,FO,NSE,IDO,63460,,FINNIFTY,,2026-11-23,2026-11-23,27700.00,PE,FINNIFTY26NOV27700PE,0.00,0.00,0.00,1687.65,0.00,1687.65,26051.00,1760.47,0,0,0,0.00,0,F1,60,,,,,
2026-09-04,2026-09-04,FO,NSE,IDO,63464,,FINNIFTY,,2026-11-23,2026-11-23,27900.00,PE,FINNIFTY26NOV27900PE,0.00,0.00,0.00,1821.65,0.00,1821.65,26051.00,1902.56,0,0,0,0.00,0,F1,60,,,,,
2026-09-04,2026-09-04,FO,NSE,IDO,71878,,FINNIFTY,,2026-09-29,2026-09-29,27500.00,CE,FINNIFTY26SEP27500CE,0.00,0.00,0.00,909.20,0.00,909.20,26051.00,130.54,0,0,0,0.00,0,F1,60,,,,,
2026-09-04,2026-09-04,FO,NSE,IDO,63107,,FINNIFTY,,2026-09-29,2026-09-29,26350.00,CE,FINNIFTY26SEP26350CE,251.60,290.30,238.55,259.00,254.45,225.50,26051.00,259.00,4500,1260,232,370572300.00,161,F1,60,,,,,
2026-09-04,2026-09-04,FO,NSE,IDO,63471,,FINNIFTY,,2026-11-23,2026-11-23,28300.00,CE,FINNIFTY26NOV28300CE,0.00,0.00,0.00,471.40,0.00,471.40,26051.00,349.33,0,0,0,0.00,0,F1,60,,,,,
2026-09-04,2026-09-04,FO,NSE,IDO,63417,,FINNIFTY,,2026-11-23,2026-11-23,25800.00,CE,FINNIFTY26NOV25800CE,0.00,0.00,0.00,1517.50,0.00,1517.50,26051.00,1308.79,0,0,0,0.00,0,F1,60,,,,,
2026-09-04,2026-09-04,FO,NSE,IDO,63405,,FINNIFTY,,2026-11-23,2026-11-23,25200.00,CE,FINNIFTY26NOV25200CE,0.00,0.00,0.00,1900.15,0.00,1900.15,26051.00,1680.40,0,0,0,0.00,0,F1,60,,,,,
2026-09-04,2026-09-04,FO,NSE,IDO,63399,,FINNIFTY,,2026-11-23,2026-11-23,24900.00,CE,FINNIFTY26NOV24900CE,0.00,0.00,0.00,2111.25,0.00,2111.25,26051.00,1887.64,0,0,0,0.00,0,F1,60,,,,,
2026-09-04,2026-09-04,FO,NSE,IDO,63397,,FINNIFTY,,2026-11-23,2026-11-23,24800.00,CE,FINNIFTY26NOV24800CE,0.00,0.00,0.00,2183.95,0.00,2183.95,26051.00,1959.37,0,0,0,0.00,0,F1,60,,,,,
2026-09-04,2026-09-04,FO,NSE,IDO,71880,,FINNIFTY,,2026-09-29,2026-09-29,27600.00,CE,FINNIFTY26SEP27600CE,0.00,0.00,0.00,869.80,0.00,869.80,26051.00,114.90,0,0,0,0.00,0,F1,60,,,,,
2026-09-04,2026-09-04,FO,NSE,IDO,71737,,FINNIFTY,,2026-09-29,2026-09-29,24200.00,PE,FINNIFTY26SEP24200PE,0.00,0.00,0.00,224.05,0.00,224.05,26051.00,41.82,0,0,0,0.00,0,F1,60,,,,,
2026-09-04,2026-09-04,FO,NSE,IDO,63100,,FINNIFTY,,2026-09-29,2026-09-29,26250.00,PE,FINNIFTY26SEP26250PE,366.40,391.95,293.20,293.20,293.20,592.10,26051.00,598.43,1740,1740,69,110060589.00,58,F1,60,,,,,
2026-09-04,2026-09-04,FO,NSE,IDO,71877,,FINNIFTY,,2026-09-29,2026-09-29,27400.00,PE,FINNIFTY26SEP27400PE,0.00,0.00,0.00,865.65,865.65,865.65,26051.00,1385.99,120,0,0,0.00,0,F1,60,,,,,
2026-09-04,2026-09-04,FO,NSE,IDO,71818,,FINNIFTY,,2026-09-29,2026-09-29,26400.00,PE,FINNIFTY26SEP26400PE,446.30,446.30,371.85,414.45,413.50,521.20,26051.00,414.45,19560,6300,285,458420289.00,160,F1,60,,,,,
2026-09-04,2026-09-04,FO,NSE,IDO,63453,,FINNIFTY,,2026-11-23,2026-11-23,27400.00,CE,FINNIFTY26NOV27400CE,0.00,0.00,0.00,750.25,0.00,750.25,26051.00,592.13,0,0,0,0.00,0,F1,60,,,,,
2026-09-04,2026-09-04,FO,NSE,IDO,63447,,FINNIFTY,,2026-11-23,2026-11-23,27200.00,CE,FINNIFTY26NOV27200CE,0.00,0.00,0.00,826.30,0.00,826.30,26051.00,660.60,0,0,0,0.00,0,F1,60,,,,,
2026-09-04,2026-09-04,FO,NSE,IDO,63435,,FINNIFTY,,2026-11-23,2026-11-23,26700.00,CE,FINNIFTY26NOV26700CE,0.00,0.00,0.00,1040.70,0.00,1040.70,26051.00,857.28,0,0,0,0.00,0,F1,60,,,,,
2026-09-04,2026-09-04,FO,NSE,IDO,63425,,FINNIFTY,,2026-11-23,2026-11-23,26200.00,CE,FINNIFTY26NOV26200CE,0.00,0.00,0.00,1291.05,0.00,1291.05,26051.00,1092.37,0,0,0,0.00,0,F1,60,,,,,
2026-09-04,2026-09-04,FO,NSE,IDO,63419,,FINNIFTY,,2026-11-23,2026-11-23,25900.00,CE,FINNIFTY26NOV25900CE,0.00,0.00,0.00,1458.70,0.00,1458.70,26051.00,1252.31,0,0,0,0.00,0,F1,60,,,,,
2026-09-04,2026-09-04,FO,NSE,IDO,50373,,FINNIFTY,,2026-10-27,2026-10-27,27200.00,CE,FINNIFTY26OCT27200CE,0.00,0.00,0.00,771.70,0.00,771.70,26051.00,443.54,0,0,0,0.00,0,F1,60,,,,,
2026-09-04,2026-09-04,FO,NSE,IDO,50365,,FINNIFTY,,2026-10-27,2026-10-27,26800.00,CE,FINNIFTY26OCT26800CE,0.00,0.00,0.00,928.65,0.00,928.65,26051.00,582.89,0,0,0,0.00,0,F1,60,,,,,
2026-09-04,2026-09-04,FO,NSE,IDO,50325,,FINNIFTY,,2026-10-27,2026-10-27,25200.00,CE,FINNIFTY26OCT25200CE,0.00,0.00,0.00,1778.95,0.00,1778.95,26051.00,1443.33,0,0,0,0.00,0,F1,60,,,,,
2026-09-04,2026-09-04,FO,NSE,IDO,50289,,FINNIFTY,,2026-10-27,2026-10-27,24400.00,CE,FINNIFTY26OCT24400CE,0.00,0.00,0.00,2336.40,0.00,2336.40,26051.00,2048.65,0,0,0,0.00,0,F1,60,,,,,
2026-09-04,2026-09-04,FO,NSE,IDO,71985,,FINNIFTY,,2026-09-29,2026-09-29,29500.00,CE,FINNIFTY26SEP29500CE,0.00,0.00,0.00,339.75,0.00,339.75,26051.00,5.82,0,0,0,0.00,0,F1,60,,,,,
2026-09-04,2026-09-04,FO,NSE,IDO,63474,,FINNIFTY,,2026-11-23,2026-11-23,28400.00,PE,FINNIFTY26NOV28400PE,0.00,0.00,0.00,2178.65,0.00,2178.65,26051.00,2279.17,0,0,0,0.00,0,F1,60,,,,,
2026-09-04,2026-09-04,FO,NSE,IDO,63414,,FINNIFTY,,2026-11-23,2026-11-23,25600.00,PE,FINNIFTY26NOV25600PE,0.00,0.00,0.00,612.15,0.00,612.15,26051.00,616.66,0,0,0,0.00,0,F1,60,,,,,
2026-09-04,2026-09-04,FO,NSE,IDO,50322,,FINNIFTY,,2026-10-27,2026-10-27,25000.00,PE,FINNIFTY26OCT25000PE,0.00,0.00,0.00,510.65,0.00,510.65,26051.00,302.31,0,0,0,0.00,0,F1,60,,,,,
2026-09-04,2026-09-04,FO,NSE,IDO,71918,,FINNIFTY,,2026-09-29,2026-09-29,28300.00,PE,FINNIFTY26SEP28300PE,0.00,0.00,0.00,1939.75,0.00,1939.75,26051.00,2177.80,0,0,0,0.00,0,F1,60,,,,,
2026-09-04,2026-09-04,FO,NSE,IDO,63140,,FINNIFTY,,2026-09-29,2026-09-29,27350.00,PE,FINNIFTY26SEP27350PE,0.00,0.00,0.00,867.25,867.25,867.25,26051.00,1345.53,240,0,0,0.00,0,F1,60,,,,,
2026-09-04,2026-09-04,FO,NSE,IDO,71838,,FINNIFTY,,2026-09-29,2026-09-29,26800.00,PE,FINNIFTY26SEP26800PE,0.00,0.00,0.00,508.70,508.70,508.70,26051.00,934.49,180,0,0,0.00,0,F1,60,,,,,
2026-09-04,2026-09-04,FO,NSE,IDO,63077,,FINNIFTY,,2026-09-29,2026-09-29,25350.00,PE,FINNIFTY26SEP25350PE,0.00,0.00,0.00,260.30,0.00,260.30,26051.00,231.85,0,0,0,0.00,0,F1,60,,,,,
2026-09-04,2026-09-04,FO,NSE,IDO,63052,,FINNIFTY,,2026-09-29,2026-09-29,24550.00,PE,FINNIFTY26SEP24550PE,0.00,0.00,0.00,101.85,0.00,101.85,26051.00,75.47,0,0,0,0.00,0,F1,60,,,,,
2026-09-04,2026-09-04,FO,NSE,IDO,63391,,FINNIFTY,,2026-11-23,2026-11-23,24500.00,CE,FINNIFTY26NOV24500CE,0.00,0.00,0.00,2408.05,0.00,2408.05,26051.00,2181.43,0,0,0,0.00,0,F1,60,,,,,
2026-09-04,2026-09-04,FO,NSE,IDO,50239,,FINNIFTY,,2026-10-27,2026-10-27,23000.00,CE,FINNIFTY26OCT23000CE,0.00,0.00,0.00,3484.15,0.00,3484.15,26051.00,3296.50,0,0,0,0.00,0,F1,60,,,,,
2026-09-04,2026-09-04,FO,NSE,IDO,63065,,FINNIFTY,,2026-09-29,2026-09-29,25150.00,CE,FINNIFTY26SEP25150CE,0.00,0.00,0.00,1452.30,0.00,1452.30,26051.00,1182.86,0,0,0,0.00,0,F1,60,,,,,
2026-09-04,2026-09-04,FO,NSE,IDO,50354,,FINNIFTY,,2026-10-27,2026-10-27,26300.00,PE,FINNIFTY26OCT26300PE,0.00,0.00,0.00,1036.35,0.00,1036.35,26051.00,802.74,0,0,0,0.00,0,F1,60,,,,,
2026-09-04,2026-09-04,FO,NSE,IDO,63396,,FINNIFTY,,2026-11-23,2026-11-23,24700.00,PE,FINNIFTY26NOV24700PE,0.00,0.00,0.00,342.90,0.00,342.90,26051.00,334.29,0,0,0,0.00,0,F1,60,,,,,
2026-09-04,2026-09-04,FO,NSE,IDO,50334,,FINNIFTY,,2026-10-27,2026-10-27,25600.00,PE,FINNIFTY26OCT25600PE,0.00,0.00,0.00,723.85,0.00,723.85,26051.00,492.77,0,0,0,0.00,0,F1,60,,,,,
2026-09-04,2026-09-04,FO,NSE,IDO,50324,,FINNIFTY,,2026-10-27,2026-10-27,25100.00,PE,FINNIFTY26OCT25100PE,0.00,0.00,0.00,542.80,0.00,542.80,26051.00,328.58,0,0,0,0.00,0,F1,60,,,,,
2026-09-04,2026-09-04,FO,NSE,IDO,50304,,FINNIFTY,,2026-10-27,2026-10-27,24800.00,PE,FINNIFTY26OCT24800PE,0.00,0.00,0.00,450.40,0.00,450.40,26051.00,251.62,0,0,0,0.00,0,F1,60,,,,,
2026-09-04,2026-09-04,FO,NSE,IDO,63119,,FINNIFTY,,2026-09-29,2026-09-29,26650.00,PE,FINNIFTY26SEP26650PE,605.90,627.70,550.00,550.00,550.00,438.25,26051.00,834.80,3780,420,17,27802572.00,17,F1,60,,,,,
2026-09-04,2026-09-04,FO,NSE,IDO,63054,,FINNIFTY,,2026-09-29,2026-09-29,24650.00,PE,FINNIFTY26SEP24650PE,0.00,0.00,0.00,115.85,0.00,115.85,26051.00,88.30,0,0,0,0.00,0,F1,60,,,,,
2026-09-04,2026-09-04,FO,NSE,IDO,63495,,FINNIFTY,,2026-11-23,2026-11-23,29500.00,CE,FINNIFTY26NOV29500CE,0.00,0.00,0.00,235.60,0.00,235.60,26051.00,157.58,0,0,0,0.00,0,F1,60,,,,,
2026-09-04,2026-09-04,FO,NSE,IDO,50335,,FINNIFTY,,2026-10-27,2026-10-27,25700.00,CE,FINNIFTY26OCT25700CE,0.00,0.00,0.00,1474.45,0.00,1474.45,26051.00,1121.44,0,0,0,0.00,0,F1,60,,,,,
2026-09-04,2026-09-04,FO,NSE,IDO,71792,,FINNIFTY,,2026-09-29,2026-09-29,26100.00,CE,FINNIFTY26SEP26100CE,361.95,435.20,359.80,385.20,385.40,333.40,26051.00,385.20,11520,-7320,877,1394307243.00,680,F1,60,,,,,
2026-09-04,2026-09-04,FO,NSE,IDO,63057,,FINNIFTY,,2026-09-29,2026-09-29,24850.00,CE,FINNIFTY26SEP24850CE,0.00,0.00,0.00,1689.45,0.00,1689.45,26051.00,1420.65,0,0,0,0.00,0,F1,60,,,,,
2026-09-04,2026-09-04,FO,NSE,IDO,50418,,FINNIFTY,,2026-10-27,2026-10-27,28900.00,PE,FINNIFTY26OCT28900PE,0.00,0.00,0.00,2759.75,0.00,2759.75,26051.00,2692.32,0,0,0,0.00,0,F1,60,,,,,
2026-09-04,2026-09-04,FO,NSE,IDO,71869,,FINNIFTY,,2026-09-29,2026-09-29,27300.00,PE,FINNIFTY26SEP27300PE,0.00,0.00,0.00,825.70,825.70,825.70,26051.00,1305.54,180,0,0,0.00,0,F1,60,,,,,
2026-09-04,2026-09-04,FO,NSE,IDO,71832,,FINNIFTY,,2026-09-29,2026-09-29,26600.00,PE,FINNIFTY26SEP26600PE,0.00,0.00,0.00,961.20,0.00,961.20,26051.00,802.87,0,0,0,0.00,0,F1,60,,,,,
2026-09-04,2026-09-04,FO,NSE,IDO,71710,,FINNIFTY,,2026-09-29,2026-09-29,23000.00,CE,FINNIFTY26SEP23000CE,0.00,0.00,0.00,3989.20,0.00,3989.20,26051.00,3147.29,0,0,0,0.00,0,F1,60,,,,,
2026-09-04,2026-09-04,FO,NSE,IDO,71821,,FINNIFTY,,2026-09-29,2026-09-29,26600.00,CE,FINNIFTY26SEP26600CE,0.00,0.00,0.00,1323.75,0.00,1323.75,26051.00,361.51,0,0,0,0.00,0,F1,60,,,,,
2026-09-04,2026-09-04,FO,NSE,IDO,71981,,FINNIFTY,,2026-09-29,2026-09-29,29300.00,CE,FINNIFTY26SEP29300CE,0.00,0.00,0.00,378.40,0.00,378.40,26051.00,8.37,0,0,0,0.00,0,F1,60,,,,,
2026-09-04,2026-09-04,FO,NSE,IDO,50387,,FINNIFTY,,2026-10-27,2026-10-27,27700.00,CE,FINNIFTY26OCT27700CE,0.00,0.00,0.00,604.45,0.00,604.45,26051.00,308.12,0,0,0,0.00,0,F1,60,,,,,
2026-09-04,2026-09-04,FO,NSE,IDO,50411,,FINNIFTY,,2026-10-27,2026-10-27,28600.00,CE,FINNIFTY26OCT28600CE,0.00,0.00,0.00,376.25,0.00,376.25,26051.00,146.81,0,0,0,0.00,0,F1,60,,,,,
2026-09-04,2026-09-04,FO,NSE,IDO,50429,,FINNIFTY,,2026-10-27,2026-10-27,29500.00,CE,FINNIFTY26OCT29500CE,0.00,0.00,0.00,223.80,0.00,223.80,26051.00,63.64,0,0,0,0.00,0,F1,60,,,,,
2026-09-04,2026-09-04,FO,NSE,IDO,63485,,FINNIFTY,,2026-11-23,2026-11-23,29000.00,CE,FINNIFTY26NOV29000CE,0.00,0.00,0.00,318.00,0.00,318.00,26051.00,222.37,0,0,0,0.00,0,F1,60,,,,,
2026-09-04,2026-09-04,FO,NSE,IDO,71727,,FINNIFTY,,2026-09-29,2026-09-29,23700.00,PE,FINNIFTY26SEP23700PE,0.00,0.00,0.00,151.25,0.00,151.25,26051.00,16.00,0,0,0,0.00,0,F1,60,,,,,
2026-09-04,2026-09-04,FO,NSE,IDO,71790,,FINNIFTY,,2026-09-29,2026-09-29,26000.00,PE,FINNIFTY26SEP26000PE,234.60,277.70,198.85,217.40,219.65,301.10,26051.00,217.40,34080,180,4245,6679690530.00,2462,F1,60,,,,,
2026-09-04,2026-09-04,FO,NSE,IDO,63390,,FINNIFTY,,2026-11-23,2026-11-23,24400.00,PE,FINNIFTY26NOV24400PE,0.00,0.00,0.00,276.00,0.00,276.00,26051.00,265.34,0,0,0,0.00,0,F1,60,,,,,
2026-09-04,2026-09-04,FO,NSE,IDO,50401,,FINNIFTY,,2026-10-27,2026-10-27,28200.00,CE,FINNIFTY26OCT28200CE,0.00,0.00,0.00,467.90,0.00,467.90,26051.00,206.30,0,0,0,0.00,0,F1,60,,,,,
2026-09-04,2026-09-04,FO,NSE,IDO,71729,,FINNIFTY,,2026-09-29,2026-09-29,23800.00,PE,FINNIFTY26SEP23800PE,0.00,0.00,0.00,164.10,0.00,164.10,26051.00,19.62,0,0,0,0.00,0,F1,60,,,,,
2026-09-04,2026-09-04,FO,NSE,IDO,71816,,FINNIFTY,,2026-09-29,2026-09-29,26300.00,PE,FINNIFTY26SEP26300PE,397.80,419.85,322.40,356.40,352.95,456.60,26051.00,356.40,21900,-4020,659,1053393189.00,459,F1,60,,,,,
2026-09-04,2026-09-04,FO,NSE,IDO,63112,,FINNIFTY,,2026-09-29,2026-09-29,26550.00,PE,FINNIFTY26SEP26550PE,0.00,0.00,0.00,744.90,0.00,744.90,26051.00,771.61,0,0,0,0.00,0,F1,60,,,,,
2026-09-04,2026-09-04,FO,NSE,IDO,71840,,FINNIFTY,,2026-09-29,2026-09-29,26900.00,PE,FINNIFTY26SEP26900PE,0.00,0.00,0.00,528.60,528.60,528.60,26051.00,1004.07,660,0,0,0.00,0,F1,60,,,,,
2026-09-04,2026-09-04,FO,NSE,IDO,71887,,FINNIFTY,,2026-09-29,2026-09-29,27900.00,PE,FINNIFTY26SEP27900PE,0.00,0.00,0.00,1676.55,0.00,1676.55,26051.00,1813.09,0,0,0,0.00,0,F1,60,,,,,
2026-09-04,2026-09-04,FO,NSE,IDO,50240,,FINNIFTY,,2026-10-27,2026-10-27,23000.00,PE,FINNIFTY26OCT23000PE,0.00,0.00,0.00,114.50,0.00,114.50,26051.00,31.43,0,0,0,0.00,0,F1,60,,,,,
2026-09-04,2026-09-04,FO,NSE,IDO,50416,,FINNIFTY,,2026-10-27,2026-10-27,28800.00,PE,FINNIFTY26OCT28800PE,0.00,0.00,0.00,2679.75,0.00,2679.75,26051.00,2603.89,0,0,0,0.00,0,F1,60,,,,,
2026-09-04,2026-09-04,FO,NSE,IDO,63380,,FINNIFTY,,2026-11-23,2026-11-23,23900.00,PE,FINNIFTY26NOV23900PE,0.00,0.00,0.00,186.75,0.00,186.75,26051.00,174.67,0,0,0,0.00,0,F1,60,,,,,
2026-09-04,2026-09-04,FO,NSE,IDO,63430,,FINNIFTY,,2026-11-23,2026-11-23,26400.00,PE,FINNIFTY26NOV26400PE,0.00,0.00,0.00,947.45,0.00,947.45,26051.00,972.55,0,0,0,0.00,0,F1,60,,,,,
2026-09-04,2026-09-04,FO,NSE,IDO,71724,,FINNIFTY,,2026-09-29,2026-09-29,23600.00,CE,FINNIFTY26SEP23600CE,0.00,0.00,0.00,3455.75,0.00,3455.75,26051.00,2559.47,0,0,0,0.00,0,F1,60,,,,,
2026-09-04,2026-09-04,FO,NSE,IDO,71734,,FINNIFTY,,2026-09-29,2026-09-29,24100.00,CE,FINNIFTY26SEP24100CE,0.00,0.00,0.00,3031.90,0.00,3031.90,26051.00,2083.43,0,0,0,0.00,0,F1,60,,,,,
2026-09-04,2026-09-04,FO,NSE,IDO,63093,,FINNIFTY,,2026-09-29,2026-09-29,26050.00,CE,FINNIFTY26SEP26050CE,394.20,465.45,394.20,415.95,416.00,363.20,26051.00,415.95,5760,-60,151,239853873.00,133,F1,60,,,,,
2026-09-04,2026-09-04,FO,NSE,IDO,63113,,FINNIFTY,,2026-09-29,2026-09-29,26650.00,CE,FINNIFTY26SEP26650CE,140.00,176.15,140.00,153.15,150.65,132.45,26051.00,153.15,13920,2100,200,321687219.00,170,F1,60,,,,,
2026-09-04,2026-09-04,FO,NSE,IDO,50368,,FINNIFTY,,2026-10-27,2026-10-27,26900.00,PE,FINNIFTY26OCT26900PE,0.00,0.00,0.00,1359.20,0.00,1359.20,26051.00,1144.01,0,0,0,0.00,0,F1,60,,,,,
2026-09-04,2026-09-04,FO,NSE,IDO,71718,,FINNIFTY,,2026-09-29,2026-09-29,23300.00,CE,FINNIFTY26SEP23300CE,0.00,0.00,0.00,3719.45,0.00,3719.45,26051.00,2851.94,0,0,0,0.00,0,F1,60,,,,,
2026-09-04,2026-09-04,FO,NSE,IDO,71975,,FINNIFTY,,2026-09-29,2026-09-29,29000.00,CE,FINNIFTY26SEP29000CE,0.00,0.00,0.00,443.95,0.00,443.95,26051.00,14.13,0,0,0,0.00,0,F1,60,,,,,
2026-09-04,2026-09-04,FO,NSE,IDO,71979,,FINNIFTY,,2026-09-29,2026-09-29,29200.00,CE,FINNIFTY26SEP29200CE,0.00,0.00,0.00,399.00,0.00,399.00,26051.00,10.00,0,0,0,0.00,0,F1,60,,,,,
2026-09-04,2026-09-04,FO,NSE,IDO,50333,,FINNIFTY,,2026-10-27,2026-10-27,25600.00,CE,FINNIFTY26OCT25600CE,0.00,0.00,0.00,1532.55,0.00,1532.55,26051.00,1182.05,0,0,0,0.00,0,F1,60,,,,,
2026-09-04,2026-09-04,FO,NSE,IDO,72010,,FINNIFTY,,2026-09-29,2026-09-29,30000.00,PE,FINNIFTY26SEP30000PE,0.00,0.00,0.00,3242.55,0.00,3242.55,26051.00,3829.83,0,0,0,0.00,0,F1,60,,,,,
2026-09-04,2026-09-04,FO,NSE,IDO,50346,,FINNIFTY,,2026-10-27,2026-10-27,26100.00,PE,FINNIFTY26OCT26100PE,0.00,0.00,0.00,940.05,0.00,940.05,26051.00,704.47,0,0,0,0.00,0,F1,60,,,,,
2026-09-04,2026-09-04,FO,NSE,IDO,50395,,FINNIFTY,,2026-10-27,2026-10-27,28000.00,CE,FINNIFTY26OCT28000CE,0.00,0.00,0.00,518.45,0.00,518.45,26051.00,242.78,0,0,0,0.00,0,F1,60,,,,,
2026-09-04,2026-09-04,FO,NSE,IDO,50397,,FINNIFTY,,2026-10-27,2026-10-27,28100.00,CE,FINNIFTY26OCT28100CE,0.00,0.00,0.00,492.05,0.00,492.05,26051.00,223.93,0,0,0,0.00,0,F1,60,,,,,
2026-09-04,2026-09-04,FO,NSE,IDO,63361,,FINNIFTY,,2026-11-23,2026-11-23,23000.00,CE,FINNIFTY26NOV23000CE,0.00,0.00,0.00,3672.10,0.00,3672.10,26051.00,3446.64,0,0,0,0.00,0,F1,60,,,,,
2026-09-04,2026-09-04,FO,NSE,IDO,63389,,FINNIFTY,,2026-11-23,2026-11-23,24400.00,CE,FINNIFTY26NOV24400CE,0.00,0.00,0.00,2485.45,0.00,2485.45,26051.00,2258.33,0,0,0,0.00,0,F1,60,,,,,
2026-09-04,2026-09-04,FO,NSE,IDO,63126,,FINNIFTY,,2026-09-29,2026-09-29,26850.00,PE,FINNIFTY26SEP26850PE,0.00,0.00,0.00,490.95,490.95,490.95,26051.00,968.98,900,0,0,0.00,0,F1,60,,,,,
2026-09-04,2026-09-04,FO,NSE,IDO,71889,,FINNIFTY,,2026-09-29,2026-09-29,28000.00,PE,FINNIFTY26SEP28000PE,0.00,0.00,0.00,1740.55,0.00,1740.55,26051.00,1902.67,0,0,0,0.00,0,F1,60,,,,,
2026-09-04,2026-09-04,FO,NSE,IDO,50286,,FINNIFTY,,2026-10-27,2026-10-27,24200.00,PE,FINNIFTY26OCT24200PE,0.00,0.00,0.00,300.40,0.00,300.40,26051.00,138.39,0,0,0,0.00,0,F1,60,,,,,
2026-09-04,2026-09-04,FO,NSE,IDO,71763,,FINNIFTY,,2026-09-29,2026-09-29,24900.00,PE,FINNIFTY26SEP24900PE,0.00,0.00,0.00,366.90,0.00,366.90,26051.00,127.96,0,0,0,0.00,0,F1,60,,,,,
2026-09-04,2026-09-04,FO,NSE,IDO,71741,,FINNIFTY,,2026-09-29,2026-09-29,24400.00,PE,FINNIFTY26SEP24400PE,0.00,0.00,0.00,259.65,0.00,259.65,26051.00,59.07,0,0,0,0.00,0,F1,60,,,,,
2026-09-04,2026-09-04,FO,NSE,IDO,63427,,FINNIFTY,,2026-11-23,2026-11-23,26300.00,CE,FINNIFTY26NOV26300CE,0.00,0.00,0.00,1238.10,0.00,1238.10,26051.00,1042.23,0,0,0,0.00,0,F1,60,,,,,
2026-09-04,2026-09-04,FO,NSE,IDO,63385,,FINNIFTY,,2026-11-23,2026-11-23,24200.00,CE,FINNIFTY26NOV24200CE,0.00,0.00,0.00,2643.60,0.00,2643.60,26051.00,2415.82,0,0,0,0.00,0,F1,60,,,,,
2026-09-04,2026-09-04,FO,NSE,IDO,50256,,FINNIFTY,,2026-10-27,2026-10-27,23500.00,CE,FINNIFTY26OCT23500CE,0.00,0.00,0.00,3052.95,0.00,3052.95,26051.00,2831.02,0,0,0,0.00,0,F1,60,,,,,
2026-09-04,2026-09-04,FO,NSE,IDO,63078,,FINNIFTY,,2026-09-29,2026-09-29,25450.00,CE,FINNIFTY26SEP25450CE,0.00,0.00,0.00,1231.95,0.00,1231.95,26051.00,965.58,0,0,0,0.00,0,F1,60,,,,,
2026-09-04,2026-09-04,FO,NSE,IDO,63440,,FINNIFTY,,2026-11-23,2026-11-23,26900.00,PE,FINNIFTY26NOV26900PE,0.00,0.00,0.00,1204.10,0.00,1204.10,26051.00,1246.10,0,0,0,0.00,0,F1,60,,,,,
2026-09-04,2026-09-04,FO,NSE,IDF,48702,,FINNIFTY,,2026-10-27,2026-10-27,,,FINNIFTY26OCTFUT,0.00,0.00,0.00,26421.00,0.00,26421.00,26051.00,26295.75,0,0,0,0.00,0,F1,60,,,,,
2026-09-04,2026-09-04,FO,NSE,IDF,68391,,FINNIFTY,,2026-09-29,2026-09-29,,,FINNIFTY26SEPFUT,26444.10,26444.10,26157.50,26237.80,26244.30,26156.80,26051.00,26237.80,38400,-1680,114,179429676.00,111,F1,60,,,,,
2026-09-04,2026-09-04,FO,NSE,IDO,63086,,FINNIFTY,,2026-09-29,2026-09-29,25650.00,PE,FINNIFTY26SEP25650PE,216.85,216.85,110.00,116.75,118.95,349.85,26051.00,116.75,15960,15960,337,521057646.00,135,F1,60,,,,,
2026-09-04,2026-09-04,FO,NSE,IDO,63067,,FINNIFTY,,2026-09-29,2026-09-29,25250.00,CE,FINNIFTY26SEP25250CE,0.00,0.00,0.00,1376.95,0.00,1376.95,26051.00,1108.99,0,0,0,0.00,0,F1,60,,,,,
2026-09-04,2026-09-04,FO,NSE,IDO,63486,,FINNIFTY,,2026-11-23,2026-11-23,29000.00,PE,FINNIFTY26NOV29000PE,0.00,0.00,0.00,2640.20,0.00,2640.20,26051.00,2764.91,0,0,0,0.00,0,F1,60,,,,,
2026-09-04,2026-09-04,FO,NSE,IDO,71976,,FINNIFTY,,2026-09-29,2026-09-29,29000.00,PE,FINNIFTY26SEP29000PE,0.00,0.00,0.00,2444.55,0.00,2444.55,26051.00,2845.78,0,0,0,0.00,0,F1,60,,,,,
2026-09-04,2026-09-04,FO,NSE,IDO,63152,,FINNIFTY,,2026-09-29,2026-09-29,27650.00,PE,FINNIFTY26SEP27650PE,0.00,0.00,0.00,1475.85,0.00,1475.85,26051.00,1594.79,0,0,0,0.00,0,F1,60,,,,,
2026-09-04,2026-09-04,FO,NSE,IDO,71859,,FINNIFTY,,2026-09-29,2026-09-29,27100.00,PE,FINNIFTY26SEP27100PE,0.00,0.00,0.00,624.60,624.60,624.60,26051.00,1151.56,420,0,0,0.00,0,F1,60,,,,,
2026-09-04,2026-09-04,FO,NSE,IDO,63130,,FINNIFTY,,2026-09-29,2026-09-29,27050.00,PE,FINNIFTY26SEP27050PE,0.00,0.00,0.00,710.00,710.00,710.00,26051.00,1112.91,660,0,0,0.00,0,F1,60,,,,,
2026-09-04,2026-09-04,FO,NSE,IDO,71779,,FINNIFTY,,2026-09-29,2026-09-29,25500.00,CE,FINNIFTY26SEP25500CE,0.00,0.00,0.00,900.00,900.00,900.00,26051.00,931.62,240,0,0,0.00,0,F1,60,,,,,
2026-09-04,2026-09-04,FO,NSE,IDO,71799,,FINNIFTY,,2026-09-29,2026-09-29,26200.00,CE,FINNIFTY26SEP26200CE,303.05,375.00,293.85,328.90,330.05,287.10,26051.00,328.90,17040,-4140,557,887033634.00,425,F1,60,,,,,
2026-09-04,2026-09-04,FO,NSE,IDO,71819,,FINNIFTY,,2026-09-29,2026-09-29,26500.00,CE,FINNIFTY26SEP26500CE,186.35,230.70,182.85,200.25,202.55,176.85,26051.00,200.25,113460,55020,4168,6680406792.00,3211,F1,60,,,,,
2026-09-04,2026-09-04,FO,NSE,IDO,63137,,FINNIFTY,,2026-09-29,2026-09-29,27250.00,CE,FINNIFTY26SEP27250CE,0.00,0.00,0.00,336.35,0.00,336.35,26051.00,177.31,0,0,0,0.00,0,F1,60,,,,,
2026-09-04,2026-09-04,FO,NSE,IDO,71882,,FINNIFTY,,2026-09-29,2026-09-29,27700.00,CE,FINNIFTY26SEP27700CE,0.00,0.00,0.00,831.60,0.00,831.60,26051.00,100.84,0,0,0,0.00,0,F1,60,,,,,
2026-09-04,2026-09-04,FO,NSE,IDO,71987,,FINNIFTY,,2026-09-29,2026-09-29,29600.00,CE,FINNIFTY26SEP29600CE,0.00,0.00,0.00,321.70,0.00,321.70,26051.00,4.83,0,0,0,0.00,0,F1,60,,,,,
2026-09-04,2026-09-04,FO,NSE,IDO,50287,,FINNIFTY,,2026-10-27,2026-10-27,24300.00,CE,FINNIFTY26OCT24300CE,0.00,0.00,0.00,2411.65,0.00,2411.65,26051.00,2130.99,0,0,0,0.00,0,F1,60,,,,,
2026-09-04,2026-09-04,FO,NSE,IDO,50302,,FINNIFTY,,2026-10-27,2026-10-27,24800.00,CE,FINNIFTY26OCT24800CE,0.00,0.00,0.00,2047.10,0.00,2047.10,26051.00,1733.45,0,0,0,0.00,0,F1,60,,,,,
2026-09-04,2026-09-04,FO,NSE,IDO,71761,,FINNIFTY,,2026-09-29,2026-09-29,24800.00,PE,FINNIFTY26SEP24800PE,0.00,0.00,0.00,343.25,0.00,343.25,26051.00,110.71,0,0,0,0.00,0,F1,60,,,,,
2026-09-04,2026-09-04,FO,NSE,IDO,50323,,FINNIFTY,,2026-10-27,2026-10-27,25100.00,CE,FINNIFTY26OCT25100CE,0.00,0.00,0.00,1843.95,0.00,1843.95,26051.00,1513.20,0,0,0,0.00,0,F1,60,,,,,
2026-09-04,2026-09-04,FO,NSE,IDO,50337,,FINNIFTY,,2026-10-27,2026-10-27,25800.00,CE,FINNIFTY26OCT25800CE,0.00,0.00,0.00,1417.75,0.00,1417.75,26051.00,1062.75,0,0,0,0.00,0,F1,60,,,,,
2026-09-04,2026-09-04,FO,NSE,IDO,50359,,FINNIFTY,,2026-10-27,2026-10-27,26600.00,CE,FINNIFTY26OCT26600CE,0.00,0.00,0.00,1015.25,0.00,1015.25,26051.00,663.45,0,0,0,0.00,0,F1,60,,,,,
2026-09-04,2026-09-04,FO,NSE,IDO,50417,,FINNIFTY,,2026-10-27,2026-10-27,28900.00,CE,FINNIFTY26OCT28900CE,0.00,0.00,0.00,318.00,0.00,318.00,26051.00,112.31,0,0,0,0.00,0,F1,60,,,,,
2026-09-04,2026-09-04,FO,NSE,IDO,63401,,FINNIFTY,,2026-11-23,2026-11-23,25000.00,CE,FINNIFTY26NOV25000CE,0.00,0.00,0.00,2039.85,0.00,2039.85,26051.00,1816.37,0,0,0,0.00,0,F1,60,,,,,
2026-09-04,2026-09-04,FO,NSE,IDO,63449,,FINNIFTY,,2026-11-23,2026-11-23,27300.00,CE,FINNIFTY26NOV27300CE,0.00,0.00,0.00,787.60,0.00,787.60,26051.00,625.66,0,0,0,0.00,0,F1,60,,,,,
2026-09-04,2026-09-04,FO,NSE,IDO,63467,,FINNIFTY,,2026-11-23,2026-11-23,28100.00,CE,FINNIFTY26NOV28100CE,0.00,0.00,0.00,524.90,0.00,524.90,26051.00,395.69,0,0,0,0.00,0,F1,60,,,,,
2026-09-04,2026-09-04,FO,NSE,IDO,50282,,FINNIFTY,,2026-10-27,2026-10-27,24000.00,PE,FINNIFTY26OCT24000PE,0.00,0.00,0.00,259.60,0.00,259.60,26051.00,111.15,0,0,0,0.00,0,F1,60,,,,,
2026-09-04,2026-09-04,FO,NSE,IDO,71820,,FINNIFTY,,2026-09-29,2026-09-29,26500.00,PE,FINNIFTY26SEP26500PE,510.85,545.35,429.25,469.80,469.55,586.85,26051.00,469.80,20280,-300,46,74437572.00,40,F1,60,,,,,
2026-09-04,2026-09-04,FO,NSE,IDO,71784,,FINNIFTY,,2026-09-29,2026-09-29,25700.00,PE,FINNIFTY26SEP25700PE,153.25,167.65,120.75,129.55,130.80,189.95,26051.00,129.55,8820,2580,784,1215782085.00,729,F1,60,,,,,
2026-09-04,2026-09-04,FO,NSE,IDO,71870,,FINNIFTY,,2026-09-29,2026-09-29,27400.00,CE,FINNIFTY26SEP27400CE,0.00,0.00,0.00,949.95,0.00,949.95,26051.00,147.87,0,0,0,0.00,0,F1,60,,,,,
2026-09-04,2026-09-04,FO,NSE,IDO,71766,,FINNIFTY,,2026-09-29,2026-09-29,25100.00,CE,FINNIFTY26SEP25100CE,0.00,0.00,0.00,2258.05,0.00,2258.05,26051.00,1221.14,0,0,0,0.00,0,F1,60,,,,,
2026-09-04,2026-09-04,FO,NSE,IDO,63428,,FINNIFTY,,2026-11-23,2026-11-23,26300.00,PE,FINNIFTY26NOV26300PE,0.00,0.00,0.00,900.45,0.00,900.45,26051.00,922.61,0,0,0,0.00,0,F1,60,,,,,
2026-09-04,2026-09-04,FO,NSE,IDO,63398,,FINNIFTY,,2026-11-23,2026-11-23,24800.00,PE,FINNIFTY26NOV24800PE,0.00,0.00,0.00,368.55,0.00,368.55,26051.00,360.78,0,0,0,0.00,0,F1,60,,,,,
2026-09-04,2026-09-04,FO,NSE,IDO,50332,,FINNIFTY,,2026-10-27,2026-10-27,25500.00,PE,FINNIFTY26OCT25500PE,0.00,0.00,0.00,684.85,0.00,684.85,26051.00,456.23,0,0,0,0.00,0,F1,60,,,,,
2026-09-04,2026-09-04,FO,NSE,IDO,50326,,FINNIFTY,,2026-10-27,2026-10-27,25200.00,PE,FINNIFTY26OCT25200PE,0.00,0.00,0.00,576.25,0.00,576.25,26051.00,357.78,0,0,0,0.00,0,F1,60,,,,,
2026-09-04,2026-09-04,FO,NSE,IDO,63135,,FINNIFTY,,2026-09-29,2026-09-29,27150.00,CE,FINNIFTY26SEP27150CE,47.50,61.95,47.50,57.20,53.30,47.50,26051.00,57.20,3720,420,65,106106154.00,58,F1,60,,,,,
2026-09-04,2026-09-04,FO,NSE,IDO,71849,,FINNIFTY,,2026-09-29,2026-09-29,27100.00,CE,FINNIFTY26SEP27100CE,0.00,0.00,0.00,1080.00,0.00,1080.00,26051.00,212.22,0,0,0,0.00,0,F1,60,,,,,
2026-09-04,2026-09-04,FO,NSE,IDO,71789,,FINNIFTY,,2026-09-29,2026-09-29,26000.00,CE,FINNIFTY26SEP26000CE,400.00,499.20,395.00,445.10,440.00,386.15,26051.00,445.10,26700,-12540,2006,3183067341.00,1672,F1,60,,,,,
2026-09-04,2026-09-04,FO,NSE,IDO,63420,,FINNIFTY,,2026-11-23,2026-11-23,25900.00,PE,FINNIFTY26NOV25900PE,0.00,0.00,0.00,727.00,0.00,727.00,26051.00,738.29,0,0,0,0.00,0,F1,60,,,,,
2026-09-04,2026-09-04,FO,NSE,IDO,63384,,FINNIFTY,,2026-11-23,2026-11-23,24100.00,PE,FINNIFTY26NOV24100PE,0.00,0.00,0.00,219.30,0.00,219.30,26051.00,207.53,0,0,0,0.00,0,F1,60,,,,,
2026-09-04,2026-09-04,FO,NSE,IDO,63382,,FINNIFTY,,2026-11-23,2026-11-23,24000.00,PE,FINNIFTY26NOV24000PE,0.00,0.00,0.00,202.55,0.00,202.55,26051.00,190.56,0,0,0,0.00,0,F1,60,,,,,
2026-09-04,2026-09-04,FO,NSE,IDO,50376,,FINNIFTY,,2026-10-27,2026-10-27,27200.00,PE,FINNIFTY26OCT27200PE,0.00,0.00,0.00,1538.95,0.00,1538.95,26051.00,1339.37,0,0,0,0.00,0,F1,60,,,,,
2026-09-04,2026-09-04,FO,NSE,IDO,63387,,FINNIFTY,,2026-11-23,2026-11-23,24300.00,CE,FINNIFTY26NOV24300CE,0.00,0.00,0.00,2564.00,0.00,2564.00,26051.00,2336.47,0,0,0,0.00,0,F1,60,,,,,
2026-09-04,2026-09-04,FO,NSE,IDO,50381,,FINNIFTY,,2026-10-27,2026-10-27,27400.00,CE,FINNIFTY26OCT27400CE,0.00,0.00,0.00,701.05,0.00,701.05,26051.00,384.12,0,0,0,0.00,0,F1,60,,,,,
2026-09-04,2026-09-04,FO,NSE,IDO,50280,,FINNIFTY,,2026-10-27,2026-10-27,24000.00,CE,FINNIFTY26OCT24000CE,0.00,0.00,0.00,2644.30,0.00,2644.30,26051.00,2385.53,0,0,0,0.00,0,F1,60,,,,,
2026-09-04,2026-09-04,FO,NSE,IDO,63151,,FINNIFTY,,2026-09-29,2026-09-29,27650.00,CE,FINNIFTY26SEP27650CE,0.00,0.00,0.00,233.30,0.00,233.30,26051.00,107.68,0,0,0,0.00,0,F1,60,,,,,
2026-09-04,2026-09-04,FO,NSE,IDO,63139,,FINNIFTY,,2026-09-29,2026-09-29,27350.00,CE,FINNIFTY26SEP27350CE,0.00,0.00,0.00,307.70,0.00,307.70,26051.00,157.21,0,0,0,0.00,0,F1,60,,,,,
2026-09-04,2026-09-04,FO,NSE,IDO,71719,,FINNIFTY,,2026-09-29,2026-09-29,23300.00,PE,FINNIFTY26SEP23300PE,0.00,0.00,0.00,107.50,0.00,107.50,26051.00,6.65,0,0,0,0.00,0,F1,60,,,,,
2026-09-04,2026-09-04,FO,NSE,IDO,63055,,FINNIFTY,,2026-09-29,2026-09-29,24750.00,CE,FINNIFTY26SEP24750CE,0.00,0.00,0.00,1771.85,0.00,1771.85,26051.00,1503.95,0,0,0,0.00,0,F1,60,,,,,
2026-09-04,2026-09-04,FO,NSE,IDO,50272,,FINNIFTY,,2026-10-27,2026-10-27,23900.00,CE,FINNIFTY26OCT23900CE,0.00,0.00,0.00,2724.00,0.00,2724.00,26051.00,2472.67,0,0,0,0.00,0,F1,60,,,,,
2026-09-04,2026-09-04,FO,NSE,IDO,72827,,MIDCPNIFTY,,2026-09-29,2026-09-29,14150.00,CE,MIDCPNIFTY26SEP14150CE,0.00,0.00,0.00,935.80,0.00,935.80,14713.65,724.85,0,0,0,0.00,0,F1,120,,,,,
2026-09-04,2026-09-04,FO,NSE,IDO,72964,,MIDCPNIFTY,,2026-09-29,2026-09-29,14825.00,CE,MIDCPNIFTY26SEP14825CE,168.55,197.40,147.95,150.80,149.90,156.90,14713.65,150.80,33720,15960,1110,1998258576.00,951,F1,120,,,,,
2026-09-04,2026-09-04,FO,NSE,IDO,73236,,MIDCPNIFTY,,2026-09-29,2026-09-29,16050.00,CE,MIDCPNIFTY26SEP16050CE,0.00,0.00,0.00,219.10,0.00,219.10,14713.65,27.21,0,0,0,0.00,0,F1,120,,,,,
2026-09-04,2026-09-04,FO,NSE,IDO,50970,,MIDCPNIFTY,,2026-10-27,2026-10-27,15500.00,CE,MIDCPNIFTY26OCT15500CE,0.00,0.00,0.00,373.10,0.00,373.10,14713.65,236.21,0,0,0,0.00,0,F1,120,,,,,
2026-09-04,2026-09-04,FO,NSE,IDO,63653,,MIDCPNIFTY,,2026-11-23,2026-11-23,13225.00,CE,MIDCPNIFTY26NOV13225CE,0.00,0.00,0.00,2041.50,0.00,2041.50,14713.65,1752.96,0,0,0,0.00,0,F1,120,,,,,
2026-09-04,2026-09-04,FO,NSE,IDO,63655,,MIDCPNIFTY,,2026-11-23,2026-11-23,13250.00,CE,MIDCPNIFTY26NOV13250CE,0.00,0.00,0.00,2019.55,0.00,2019.55,14713.65,1731.46,0,0,0,0.00,0,F1,120,,,,,
2026-09-04,2026-09-04,FO,NSE,IDO,63773,,MIDCPNIFTY,,2026-11-23,2026-11-23,14525.00,CE,MIDCPNIFTY26NOV14525CE,0.00,0.00,0.00,1038.35,0.00,1038.35,14713.65,800.77,0,0,0,0.00,0,F1,120,,,,,
2026-09-04,2026-09-04,FO,NSE,IDO,72774,,MIDCPNIFTY,,2026-09-29,2026-09-29,13750.00,PE,MIDCPNIFTY26SEP13750PE,0.00,0.00,0.00,301.00,0.00,301.00,14713.65,38.68,0,0,0,0.00,0,F1,120,,,,,
2026-09-04,2026-09-04,FO,NSE,IDO,50738,,MIDCPNIFTY,,2026-10-27,2026-10-27,13975.00,PE,MIDCPNIFTY26OCT13975PE,0.00,0.00,0.00,326.30,0.00,326.30,14713.65,156.10,0,0,0,0.00,0,F1,120,,,,,
2026-09-04,2026-09-04,FO,NSE,IDO,72951,,MIDCPNIFTY,,2026-09-29,2026-09-29,14650.00,PE,MIDCPNIFTY26SEP14650PE,141.95,141.95,96.00,124.55,125.65,129.90,14713.65,124.55,47040,25800,624,1105941276.00,390,F1,120,,,,,
2026-09-04,2026-09-04,FO,NSE,IDO,72995,,MIDCPNIFTY,,2026-09-29,2026-09-29,15150.00,PE,MIDCPNIFTY26SEP15150PE,0.00,0.00,0.00,491.20,491.20,491.20,14713.65,555.43,2760,0,0,0.00,0,F1,120,,,,,
2026-09-04,2026-09-04,FO,NSE,IDO,72999,,MIDCPNIFTY,,2026-09-29,2026-09-29,15200.00,PE,MIDCPNIFTY26SEP15200PE,440.70,449.20,393.00,448.65,448.65,461.35,14713.65,589.93,16680,-240,64,120055134.00,60,F1,120,,,,,
2026-09-04,2026-09-04,FO,NSE,IDO,63872,,MIDCPNIFTY,,2026-11-23,2026-11-23,15600.00,PE,MIDCPNIFTY26NOV15600PE,0.00,0.00,0.00,856.25,0.00,856.25,14713.65,996.56,0,0,0,0.00,0,F1,120,,,,,
2026-09-04,2026-09-04,FO,NSE,IDO,63814,,MIDCPNIFTY,,2026-11-23,2026-11-23,14925.00,PE,MIDCPNIFTY26NOV14925PE,0.00,0.00,0.00,504.10,0.00,504.10,14713.65,592.80,0,0,0,0.00,0,F1,120,,,,,
2026-09-04,2026-09-04,FO,NSE,IDO,63768,,MIDCPNIFTY,,2026-11-23,2026-11-23,14450.00,PE,MIDCPNIFTY26NOV14450PE,0.00,0.00,0.00,321.40,0.00,321.40,14713.65,378.66,0,0,0,0.00,0,F1,120,,,,,
2026-09-04,2026-09-04,FO,NSE,IDO,63714,,MIDCPNIFTY,,2026-11-23,2026-11-23,13975.00,PE,MIDCPNIFTY26NOV13975PE,0.00,0.00,0.00,190.25,0.00,190.25,14713.65,223.39,0,0,0,0.00,0,F1,120,,,,,
2026-09-04,2026-09-04,FO,NSE,IDO,63702,,MIDCPNIFTY,,2026-11-23,2026-11-23,13825.00,PE,MIDCPNIFTY26NOV13825PE,0.00,0.00,0.00,158.35,0.00,158.35,14713.65,185.01,0,0,0,0.00,0,F1,120,,,,,
2026-09-04,2026-09-04,FO,NSE,IDO,63656,,MIDCPNIFTY,,2026-11-23,2026-11-23,13250.00,PE,MIDCPNIFTY26NOV13250PE,0.00,0.00,0.00,71.80,0.00,71.80,14713.65,82.10,0,0,0,0.00,0,F1,120,,,,,
2026-09-04,2026-09-04,FO,NSE,IDO,63648,,MIDCPNIFTY,,2026-11-23,2026-11-23,13150.00,PE,MIDCPNIFTY26NOV13150PE,0.00,0.00,0.00,61.60,0.00,61.60,14713.65,70.06,0,0,0,0.00,0,F1,120,,,,,
2026-09-04,2026-09-04,FO,NSE,IDO,50941,,MIDCPNIFTY,,2026-10-27,2026-10-27,15250.00,PE,MIDCPNIFTY26OCT15250PE,0.00,0.00,0.00,936.55,0.00,936.55,14713.65,710.39,0,0,0,0.00,0,F1,120,,,,,
2026-09-04,2026-09-04,FO,NSE,IDO,50901,,MIDCPNIFTY,,2026-10-27,2026-10-27,15200.00,PE,MIDCPNIFTY26OCT15200PE,0.00,0.00,0.00,905.60,0.00,905.60,14713.65,678.96,0,0,0,0.00,0,F1,120,,,,,
2026-09-04,2026-09-04,FO,NSE,IDO,50888,,MIDCPNIFTY,,2026-10-27,2026-10-27,15075.00,PE,MIDCPNIFTY26OCT15075PE,0.00,0.00,0.00,490.00,490.00,490.00,14713.65,603.73,1320,0,0,0.00,0,F1,120,,,,,
2026-09-04,2026-09-04,FO,NSE,IDO,50844,,MIDCPNIFTY,,2026-10-27,2026-10-27,14725.00,PE,MIDCPNIFTY26OCT14725PE,0.00,0.00,0.00,639.30,0.00,639.30,14713.65,419.37,0,0,0,0.00,0,F1,120,,,,,
2026-09-04,2026-09-04,FO,NSE,IDO,50805,,MIDCPNIFTY,,2026-10-27,2026-10-27,14425.00,PE,MIDCPNIFTY26OCT14425PE,0.00,0.00,0.00,498.25,0.00,498.25,14713.65,292.92,0,0,0,0.00,0,F1,120,,,,,
2026-09-04,2026-09-04,FO,NSE,IDO,63767,,MIDCPNIFTY,,2026-11-23,2026-11-23,14450.00,CE,MIDCPNIFTY26NOV14450CE,0.00,0.00,0.00,1086.95,0.00,1086.95,14713.65,844.84,0,0,0,0.00,0,F1,120,,,,,
2026-09-04,2026-09-04,FO,NSE,IDO,72660,,MIDCPNIFTY,,2026-09-29,2026-09-29,13450.00,CE,MIDCPNIFTY26SEP13450CE,0.00,0.00,0.00,1400.85,0.00,1400.85,14713.65,1333.92,0,0,0,0.00,0,F1,120,,,,,
2026-09-04,2026-09-04,FO,NSE,IDO,72972,,MIDCPNIFTY,,2026-09-29,2026-09-29,14900.00,CE,MIDCPNIFTY26SEP14900CE,135.00,157.55,114.70,118.45,117.00,126.75,14713.65,118.45,270600,19080,2568,4633772490.00,2255,F1,120,,,,,
2026-09-04,2026-09-04,FO,NSE,IDO,50665,,MIDCPNIFTY,,2026-10-27,2026-10-27,13250.00,CE,MIDCPNIFTY26OCT13250CE,0.00,0.00,0.00,1633.10,0.00,1633.10,14713.65,1629.84,0,0,0,0.00,0,F1,120,,,,,
2026-09-04,2026-09-04,FO,NSE,IDO,50678,,MIDCPNIFTY,,2026-10-27,2026-10-27,13400.00,CE,MIDCPNIFTY26OCT13400CE,0.00,0.00,0.00,1514.75,0.00,1514.75,14713.65,1496.17,0,0,0,0.00,0,F1,120,,,,,
2026-09-04,2026-09-04,FO,NSE,IDO,50681,,MIDCPNIFTY,,2026-10-27,2026-10-27,13425.00,CE,MIDCPNIFTY26OCT13425CE,0.00,0.00,0.00,1495.45,0.00,1495.45,14713.65,1474.26,0,0,0,0.00,0,F1,120,,,,,
2026-09-04,2026-09-04,FO,NSE,IDO,50829,,MIDCPNIFTY,,2026-10-27,2026-10-27,14625.00,CE,MIDCPNIFTY26OCT14625CE,0.00,0.00,0.00,725.65,0.00,725.65,14713.65,598.75,0,0,0,0.00,0,F1,120,,,,,
2026-09-04,2026-09-04,FO,NSE,IDO,50893,,MIDCPNIFTY,,2026-10-27,2026-10-27,15150.00,CE,MIDCPNIFTY26OCT15150CE,0.00,0.00,0.00,493.80,0.00,493.80,14713.65,352.96,0,0,0,0.00,0,F1,120,,,,,
2026-09-04,2026-09-04,FO,NSE,IDO,63786,,MIDCPNIFTY,,2026-11-23,2026-11-23,14625.00,PE,MIDCPNIFTY26NOV14625PE,0.00,0.00,0.00,382.50,0.00,382.50,14713.65,450.66,0,0,0,0.00,0,F1,120,,,,,
2026-09-04,2026-09-04,FO,NSE,IDO,63776,,MIDCPNIFTY,,2026-11-23,2026-11-23,14550.00,PE,MIDCPNIFTY26NOV14550PE,0.00,0.00,0.00,355.45,0.00,355.45,14713.65,418.82,0,0,0,0.00,0,F1,120,,,,,
2026-09-04,2026-09-04,FO,NSE,IDO,63772,,MIDCPNIFTY,,2026-11-23,2026-11-23,14500.00,PE,MIDCPNIFTY26NOV14500PE,0.00,0.00,0.00,338.10,0.00,338.10,14713.65,398.42,0,0,0,0.00,0,F1,120,,,,,
2026-09-04,2026-09-04,FO,NSE,IDO,63708,,MIDCPNIFTY,,2026-11-23,2026-11-23,13900.00,PE,MIDCPNIFTY26NOV13900PE,0.00,0.00,0.00,173.75,0.00,173.75,14713.65,203.89,0,0,0,0.00,0,F1,120,,,,,
2026-09-04,2026-09-04,FO,NSE,IDO,50886,,MIDCPNIFTY,,2026-10-27,2026-10-27,15050.00,PE,MIDCPNIFTY26OCT15050PE,0.00,0.00,0.00,315.10,315.10,315.10,14713.65,589.26,360,0,0,0.00,0,F1,120,,,,,
2026-09-04,2026-09-04,FO,NSE,IDO,73029,,MIDCPNIFTY,,2026-09-29,2026-09-29,15275.00,PE,MIDCPNIFTY26SEP15275PE,0.00,0.00,0.00,350.70,350.70,350.70,14713.65,643.56,1440,0,0,0.00,0,F1,120,,,,,
2026-09-04,2026-09-04,FO,NSE,IDO,72860,,MIDCPNIFTY,,2026-09-29,2026-09-29,14300.00,PE,MIDCPNIFTY26SEP14300PE,44.80,44.80,29.00,40.95,40.50,43.05,14713.65,40.95,43440,-1440,1397,2403441462.00,1097,F1,120,,,,,
2026-09-04,2026-09-04,FO,NSE,IDO,63796,,MIDCPNIFTY,,2026-11-23,2026-11-23,14700.00,PE,MIDCPNIFTY26NOV14700PE,0.00,0.00,0.00,410.90,0.00,410.90,14713.65,483.98,0,0,0,0.00,0,F1,120,,,,,
2026-09-04,2026-09-04,FO,NSE,IDO,63836,,MIDCPNIFTY,,2026-11-23,2026-11-23,15150.00,PE,MIDCPNIFTY26NOV15150PE,0.00,0.00,0.00,609.45,0.00,609.45,14713.65,714.85,0,0,0,0.00,0,F1,120,,,,,
2026-09-04,2026-09-04,FO,NSE,IDO,72757,,MIDCPNIFTY,,2026-09-29,2026-09-29,13675.00,CE,MIDCPNIFTY26SEP13675CE,0.00,0.00,0.00,1239.55,0.00,1239.55,14713.65,1125.33,0,0,0,0.00,0,F1,120,,,,,
2026-09-04,2026-09-04,FO,NSE,IDO,72791,,MIDCPNIFTY,,2026-09-29,2026-09-29,13825.00,CE,MIDCPNIFTY26SEP13825CE,0.00,0.00,0.00,1138.20,0.00,1138.20,14713.65,991.94,0,0,0,0.00,0,F1,120,,,,,
2026-09-04,2026-09-04,FO,NSE,IDO,73114,,MIDCPNIFTY,,2026-09-29,2026-09-29,15575.00,CE,MIDCPNIFTY26SEP15575CE,0.00,0.00,0.00,330.55,0.00,330.55,14713.65,80.00,0,0,0,0.00,0,F1,120,,,,,
2026-09-04,2026-09-04,FO,NSE,IDO,50693,,MIDCPNIFTY,,2026-10-27,2026-10-27,13550.00,CE,MIDCPNIFTY26OCT13550CE,0.00,0.00,0.00,1400.65,0.00,1400.65,14713.65,1366.38,0,0,0,0.00,0,F1,120,,,,,
2026-09-04,2026-09-04,FO,NSE,IDO,50895,,MIDCPNIFTY,,2026-10-27,2026-10-27,15175.00,CE,MIDCPNIFTY26OCT15175CE,0.00,0.00,0.00,484.30,0.00,484.30,14713.65,343.43,0,0,0,0.00,0,F1,120,,,,,
2026-09-04,2026-09-04,FO,NSE,IDO,50900,,MIDCPNIFTY,,2026-10-27,2026-10-27,15200.00,CE,MIDCPNIFTY26OCT15200CE,0.00,0.00,0.00,474.95,0.00,474.95,14713.65,334.09,0,0,0,0.00,0,F1,120,,,,,
2026-09-04,2026-09-04,FO,NSE,IDO,72845,,MIDCPNIFTY,,2026-09-29,2026-09-29,14225.00,PE,MIDCPNIFTY26SEP14225PE,0.00,0.00,0.00,473.00,0.00,473.00,14713.65,122.79,0,0,0,0.00,0,F1,120,,,,,
2026-09-04,2026-09-04,FO,NSE,IDO,72643,,MIDCPNIFTY,,2026-09-29,2026-09-29,13225.00,PE,MIDCPNIFTY26SEP13225PE,0.00,0.00,0.00,167.70,0.00,167.70,14713.65,7.37,0,0,0,0.00,0,F1,120,,,,,
2026-09-04,2026-09-04,FO,NSE,IDO,63865,,MIDCPNIFTY,,2026-11-23,2026-11-23,15525.00,CE,MIDCPNIFTY26NOV15525CE,0.00,0.00,0.00,518.40,0.00,518.40,14713.65,352.55,0,0,0,0.00,0,F1,120,,,,,
2026-09-04,2026-09-04,FO,NSE,IDO,63777,,MIDCPNIFTY,,2026-11-23,2026-11-23,14575.00,CE,MIDCPNIFTY26NOV14575CE,0.00,0.00,0.00,1006.70,0.00,1006.70,14713.65,772.20,0,0,0,0.00,0,F1,120,,,,,
2026-09-04,2026-09-04,FO,NSE,IDO,63831,,MIDCPNIFTY,,2026-11-23,2026-11-23,15100.00,CE,MIDCPNIFTY26NOV15100CE,0.00,0.00,0.00,710.25,0.00,710.25,14713.65,511.90,0,0,0,0.00,0,F1,120,,,,,
2026-09-04,2026-09-04,FO,NSE,IDO,72973,,MIDCPNIFTY,,2026-09-29,2026-09-29,14900.00,PE,MIDCPNIFTY26SEP14900PE,239.25,248.00,189.00,243.35,242.55,250.00,14713.65,243.35,221160,3480,1174,2129699046.00,1055,F1,120,,,,,
2026-09-04,2026-09-04,FO,NSE,IDO,63859,,MIDCPNIFTY,,2026-11-23,2026-11-23,15450.00,CE,MIDCPNIFTY26NOV15450CE,0.00,0.00,0.00,549.15,0.00,549.15,14713.65,377.52,0,0,0,0.00,0,F1,120,,,,,
2026-09-04,2026-09-04,FO,NSE,IDO,63896,,MIDCPNIFTY,,2026-11-23,2026-11-23,15900.00,PE,MIDCPNIFTY26NOV15900PE,0.00,0.00,0.00,1046.10,0.00,1046.10,14713.65,1210.37,0,0,0,0.00,0,F1,120,,,,,
2026-09-04,2026-09-04,FO,NSE,IDO,63874,,MIDCPNIFTY,,2026-11-23,2026-11-23,15625.00,PE,MIDCPNIFTY26NOV15625PE,0.00,0.00,0.00,871.30,0.00,871.30,14713.65,1013.59,0,0,0,0.00,0,F1,120,,,,,
2026-09-04,2026-09-04,FO,NSE,IDO,63870,,MIDCPNIFTY,,2026-11-23,2026-11-23,15575.00,PE,MIDCPNIFTY26NOV15575PE,0.00,0.00,0.00,841.30,0.00,841.30,14713.65,979.67,0,0,0,0.00,0,F1,120,,,,,
2026-09-04,2026-09-04,FO,NSE,IDO,63854,,MIDCPNIFTY,,2026-11-23,2026-11-23,15375.00,PE,MIDCPNIFTY26NOV15375PE,0.00,0.00,0.00,726.95,0.00,726.95,14713.65,849.67,0,0,0,0.00,0,F1,120,,,,,
2026-09-04,2026-09-04,FO,NSE,IDO,63742,,MIDCPNIFTY,,2026-11-23,2026-11-23,14225.00,PE,MIDCPNIFTY26NOV14225PE,0.00,0.00,0.00,253.70,0.00,253.70,14713.65,297.77,0,0,0,0.00,0,F1,120,,,,,
2026-09-04,2026-09-04,FO,NSE,IDO,50792,,MIDCPNIFTY,,2026-10-27,2026-10-27,14350.00,PE,MIDCPNIFTY26OCT14350PE,0.00,0.00,0.00,466.25,0.00,466.25,14713.65,265.83,0,0,0,0.00,0,F1,120,,,,,
2026-09-04,2026-09-04,FO,NSE,IDO,50746,,MIDCPNIFTY,,2026-10-27,2026-10-27,14025.00,PE,MIDCPNIFTY26OCT14025PE,0.00,0.00,0.00,343.10,0.00,343.10,14713.65,168.97,0,0,0,0.00,0,F1,120,,,,,
2026-09-04,2026-09-04,FO,NSE,IDO,50845,,MIDCPNIFTY,,2026-10-27,2026-10-27,14750.00,CE,MIDCPNIFTY26OCT14750CE,0.00,0.00,0.00,340.75,340.75,340.75,14713.65,532.17,960,0,0,0.00,0,F1,120,,,,,
2026-09-04,2026-09-04,FO,NSE,IDO,50787,,MIDCPNIFTY,,2026-10-27,2026-10-27,14300.00,CE,MIDCPNIFTY26OCT14300CE,0.00,0.00,0.00,901.55,0.00,901.55,14713.65,795.49,0,0,0,0.00,0,F1,120,,,,,
2026-09-04,2026-09-04,FO,NSE,IDO,50771,,MIDCPNIFTY,,2026-10-27,2026-10-27,14200.00,CE,MIDCPNIFTY26OCT14200CE,0.00,0.00,0.00,960.70,0.00,960.70,14713.65,862.69,0,0,0,0.00,0,F1,120,,,,,
2026-09-04,2026-09-04,FO,NSE,IDO,50814,,MIDCPNIFTY,,2026-10-27,2026-10-27,14500.00,PE,MIDCPNIFTY26OCT14500PE,0.00,0.00,0.00,531.50,0.00,531.50,14713.65,321.81,0,0,0,0.00,0,F1,120,,,,,
2026-09-04,2026-09-04,FO,NSE,IDO,50703,,MIDCPNIFTY,,2026-10-27,2026-10-27,13625.00,CE,MIDCPNIFTY26OCT13625CE,0.00,0.00,0.00,1345.75,0.00,1345.75,14713.65,1303.13,0,0,0,0.00,0,F1,120,,,,,
2026-09-04,2026-09-04,FO,NSE,IDO,50656,,MIDCPNIFTY,,2026-10-27,2026-10-27,13150.00,PE,MIDCPNIFTY26OCT13150PE,0.00,0.00,0.00,125.65,0.00,125.65,14713.65,34.76,0,0,0,0.00,0,F1,120,,,,,
2026-09-04,2026-09-04,FO,NSE,IDO,63670,,MIDCPNIFTY,,2026-11-23,2026-11-23,13425.00,PE,MIDCPNIFTY26NOV13425PE,0.00,0.00,0.00,92.80,0.00,92.80,14713.65,106.97,0,0,0,0.00,0,F1,120,,,,,
2026-09-04,2026-09-04,FO,NSE,IDO,50977,,MIDCPNIFTY,,2026-10-27,2026-10-27,15575.00,PE,MIDCPNIFTY26OCT15575PE,0.00,0.00,0.00,1150.50,0.00,1150.50,14713.65,931.99,0,0,0,0.00,0,F1,120,,,,,
2026-09-04,2026-09-04,FO,NSE,IDO,50826,,MIDCPNIFTY,,2026-10-27,2026-10-27,14575.00,PE,MIDCPNIFTY26OCT14575PE,0.00,0.00,0.00,566.15,0.00,566.15,14713.65,352.50,0,0,0,0.00,0,F1,120,,,,,
2026-09-04,2026-09-04,FO,NSE,IDO,50810,,MIDCPNIFTY,,2026-10-27,2026-10-27,14450.00,PE,MIDCPNIFTY26OCT14450PE,0.00,0.00,0.00,509.20,0.00,509.20,14713.65,302.35,0,0,0,0.00,0,F1,120,,,,,
2026-09-04,2026-09-04,FO,NSE,IDO,50730,,MIDCPNIFTY,,2026-10-27,2026-10-27,13875.00,PE,MIDCPNIFTY26OCT13875PE,0.00,0.00,0.00,294.40,0.00,294.40,14713.65,133.48,0,0,0,0.00,0,F1,120,,,,,
2026-09-04,2026-09-04,FO,NSE,IDO,73349,,MIDCPNIFTY,,2026-09-29,2026-09-29,16400.00,PE,MIDCPNIFTY26SEP16400PE,0.00,0.00,0.00,1880.60,0.00,1880.60,14713.65,1630.94,0,0,0,0.00,0,F1,120,,,,,
2026-09-04,2026-09-04,FO,NSE,IDO,73129,,MIDCPNIFTY,,2026-09-29,2026-09-29,15750.00,PE,MIDCPNIFTY26SEP15750PE,0.00,0.00,0.00,1367.70,0.00,1367.70,14713.65,1027.52,0,0,0,0.00,0,F1,120,,,,,
2026-09-04,2026-09-04,FO,NSE,IDO,73115,,MIDCPNIFTY,,2026-09-29,2026-09-29,15575.00,PE,MIDCPNIFTY26SEP15575PE,0.00,0.00,0.00,585.25,585.25,585.25,14713.65,878.32,2280,0,0,0.00,0,F1,120,,,,,
2026-09-04,2026-09-04,FO,NSE,IDO,73087,,MIDCPNIFTY,,2026-09-29,2026-09-29,15375.00,PE,MIDCPNIFTY26SEP15375PE,0.00,0.00,0.00,1102.25,0.00,1102.25,14713.65,718.52,0,0,0,0.00,0,F1,120,,,,,
2026-09-04,2026-09-04,FO,NSE,IDO,72644,,MIDCPNIFTY,,2026-09-29,2026-09-29,13250.00,CE,MIDCPNIFTY26SEP13250CE,0.00,0.00,0.00,1552.45,0.00,1552.45,14713.65,1525.33,0,0,0,0.00,0,F1,120,,,,,
2026-09-04,2026-09-04,FO,NSE,IDO,72988,,MIDCPNIFTY,,2026-09-29,2026-09-29,15075.00,CE,MIDCPNIFTY26SEP15075CE,72.35,82.40,60.20,60.55,60.85,68.75,14713.65,60.55,14880,1080,56,101779074.00,52,F1,120,,,,,
2026-09-04,2026-09-04,FO,NSE,IDO,72996,,MIDCPNIFTY,,2026-09-29,2026-09-29,15175.00,CE,MIDCPNIFTY26SEP15175CE,0.00,0.00,0.00,456.20,0.00,456.20,14713.65,172.61,0,0,0,0.00,0,F1,120,,,,,
2026-09-04,2026-09-04,FO,NSE,IDO,50671,,MIDCPNIFTY,,2026-10-27,2026-10-27,13325.00,CE,MIDCPNIFTY26OCT13325CE,0.00,0.00,0.00,1573.40,0.00,1573.40,14713.65,1562.56,0,0,0,0.00,0,F1,120,,,,,
2026-09-04,2026-09-04,FO,NSE,IDO,50707,,MIDCPNIFTY,,2026-10-27,2026-10-27,13650.00,CE,MIDCPNIFTY26OCT13650CE,0.00,0.00,0.00,1327.55,0.00,1327.55,14713.65,1282.30,0,0,0,0.00,0,F1,120,,,,,
2026-09-04,2026-09-04,FO,NSE,IDO,50827,,MIDCPNIFTY,,2026-10-27,2026-10-27,14600.00,CE,MIDCPNIFTY26OCT14600CE,0.00,0.00,0.00,738.30,0.00,738.30,14713.65,612.68,0,0,0,0.00,0,F1,120,,,,,
2026-09-04,2026-09-04,FO,NSE,IDO,50883,,MIDCPNIFTY,,2026-10-27,2026-10-27,15025.00,CE,MIDCPNIFTY26OCT15025CE,0.00,0.00,0.00,543.25,0.00,543.25,14713.65,403.48,0,0,0,0.00,0,F1,120,,,,,
2026-09-04,2026-09-04,FO,NSE,IDO,63649,,MIDCPNIFTY,,2026-11-23,2026-11-23,13175.00,CE,MIDCPNIFTY26NOV13175CE,0.00,0.00,0.00,2085.65,0.00,2085.65,14713.65,1796.24,0,0,0,0.00,0,F1,120,,,,,
2026-09-04,2026-09-04,FO,NSE,IDO,63735,,MIDCPNIFTY,,2026-11-23,2026-11-23,14150.00,CE,MIDCPNIFTY26NOV14150CE,0.00,0.00,0.00,1294.60,0.00,1294.60,14713.65,1035.63,0,0,0,0.00,0,F1,120,,,,,
2026-09-04,2026-09-04,FO,NSE,IDO,63803,,MIDCPNIFTY,,2026-11-23,2026-11-23,14800.00,CE,MIDCPNIFTY26NOV14800CE,0.00,0.00,0.00,871.60,0.00,871.60,14713.65,651.81,0,0,0,0.00,0,F1,120,,,,,
2026-09-04,2026-09-04,FO,NSE,IDO,63810,,MIDCPNIFTY,,2026-11-23,2026-11-23,14875.00,PE,MIDCPNIFTY26NOV14875PE,0.00,0.00,0.00,482.35,0.00,482.35,14713.65,567.45,0,0,0,0.00,0,F1,120,,,,,
2026-09-04,2026-09-04,FO,NSE,IDO,72652,,MIDCPNIFTY,,2026-09-29,2026-09-29,13350.00,CE,MIDCPNIFTY26SEP13350CE,0.00,0.00,0.00,1475.65,0.00,1475.65,14713.65,1429.07,0,0,0,0.00,0,F1,120,,,,,
2026-09-04,2026-09-04,FO,NSE,IDO,63646,,MIDCPNIFTY,,2026-11-23,2026-11-23,13125.00,PE,MIDCPNIFTY26NOV13125PE,0.00,0.00,0.00,59.25,0.00,59.25,14713.65,67.28,0,0,0,0.00,0,F1,120,,,,,
2026-09-04,2026-09-04,FO,NSE,IDO,51065,,MIDCPNIFTY,,2026-10-27,2026-10-27,16300.00,PE,MIDCPNIFTY26OCT16300PE,0.00,0.00,0.00,1697.75,0.00,1697.75,14713.65,1516.03,0,0,0,0.00,0,F1,120,,,,,
2026-09-04,2026-09-04,FO,NSE,IDO,50993,,MIDCPNIFTY,,2026-10-27,2026-10-27,15675.00,PE,MIDCPNIFTY26OCT15675PE,0.00,0.00,0.00,1220.55,0.00,1220.55,14713.65,1006.53,0,0,0,0.00,0,F1,120,,,,,
2026-09-04,2026-09-04,FO,NSE,IDO,50824,,MIDCPNIFTY,,2026-10-27,2026-10-27,14550.00,PE,MIDCPNIFTY26OCT14550PE,0.00,0.00,0.00,554.45,0.00,554.45,14713.65,342.07,0,0,0,0.00,0,F1,120,,,,,
2026-09-04,2026-09-04,FO,NSE,IDO,50692,,MIDCPNIFTY,,2026-10-27,2026-10-27,13525.00,PE,MIDCPNIFTY26OCT13525PE,0.00,0.00,0.00,200.15,0.00,200.15,14713.65,73.19,0,0,0,0.00,0,F1,120,,,,,
2026-09-04,2026-09-04,FO,NSE,IDO,50674,,MIDCPNIFTY,,2026-10-27,2026-10-27,13350.00,PE,MIDCPNIFTY26OCT13350PE,0.00,0.00,0.00,162.20,0.00,162.20,14713.65,52.42,0,0,0,0.00,0,F1,120,,,,,
2026-09-04,2026-09-04,FO,NSE,IDO,50660,,MIDCPNIFTY,,2026-10-27,2026-10-27,13200.00,PE,MIDCPNIFTY26OCT13200PE,0.00,0.00,0.00,134.10,0.00,134.10,14713.65,38.64,0,0,0,0.00,0,F1,120,,,,,
2026-09-04,2026-09-04,FO,NSE,IDO,72985,,MIDCPNIFTY,,2026-09-29,2026-09-29,15025.00,PE,MIDCPNIFTY26SEP15025PE,271.00,295.00,271.00,295.00,295.00,324.10,14713.65,473.79,3360,0,2,3673920.00,2,F1,120,,,,,
2026-09-04,2026-09-04,FO,NSE,IDO,63881,,MIDCPNIFTY,,2026-11-23,2026-11-23,15725.00,CE,MIDCPNIFTY26NOV15725CE,0.00,0.00,0.00,442.50,0.00,442.50,14713.65,292.12,0,0,0,0.00,0,F1,120,,,,,
2026-09-04,2026-09-04,FO,NSE,IDO,63811,,MIDCPNIFTY,,2026-11-23,2026-11-23,14900.00,CE,MIDCPNIFTY26NOV14900CE,0.00,0.00,0.00,815.40,0.00,815.40,14713.65,602.53,0,0,0,0.00,0,F1,120,,,,,
2026-09-04,2026-09-04,FO,NSE,IDO,63785,,MIDCPNIFTY,,2026-11-23,2026-11-23,14625.00,CE,MIDCPNIFTY26NOV14625CE,0.00,0.00,0.00,975.65,0.00,975.65,14713.65,744.29,0,0,0,0.00,0,F1,120,,,,,
2026-09-04,2026-09-04,FO,NSE,IDO,50942,,MIDCPNIFTY,,2026-10-27,2026-10-27,15275.00,CE,MIDCPNIFTY26OCT15275CE,0.00,0.00,0.00,447.70,0.00,447.70,14713.65,307.20,0,0,0,0.00,0,F1,120,,,,,
2026-09-04,2026-09-04,FO,NSE,IDO,51000,,MIDCPNIFTY,,2026-10-27,2026-10-27,15775.00,CE,MIDCPNIFTY26OCT15775CE,0.00,0.00,0.00,295.40,0.00,295.40,14713.65,167.75,0,0,0,0.00,0,F1,120,,,,,
2026-09-04,2026-09-04,FO,NSE,IDO,63663,,MIDCPNIFTY,,2026-11-23,2026-11-23,13350.00,CE,MIDCPNIFTY26NOV13350CE,0.00,0.00,0.00,1932.50,0.00,1932.50,14713.65,1646.45,0,0,0,0.00,0,F1,120,,,,,
2026-09-04,2026-09-04,FO,NSE,IDO,63677,,MIDCPNIFTY,,2026-11-23,2026-11-23,13525.00,CE,MIDCPNIFTY26NOV13525CE,0.00,0.00,0.00,1783.55,0.00,1783.55,14713.65,1501.77,0,0,0,0.00,0,F1,120,,,,,
2026-09-04,2026-09-04,FO,NSE,IDO,63737,,MIDCPNIFTY,,2026-11-23,2026-11-23,14175.00,CE,MIDCPNIFTY26NOV14175CE,0.00,0.00,0.00,1276.60,0.00,1276.60,14713.65,1018.86,0,0,0,0.00,0,F1,120,,,,,
2026-09-04,2026-09-04,FO,NSE,IDO,63837,,MIDCPNIFTY,,2026-11-23,2026-11-23,15175.00,CE,MIDCPNIFTY26NOV15175CE,0.00,0.00,0.00,673.25,0.00,673.25,14713.65,480.55,0,0,0,0.00,0,F1,120,,,,,
2026-09-04,2026-09-04,FO,NSE,IDO,72850,,MIDCPNIFTY,,2026-09-29,2026-09-29,14250.00,PE,MIDCPNIFTY26SEP14250PE,0.00,0.00,0.00,483.45,0.00,483.45,14713.65,129.32,0,0,0,0.00,0,F1,120,,,,,
2026-09-04,2026-09-04,FO,NSE,IDO,72991,,MIDCPNIFTY,,2026-09-29,2026-09-29,15100.00,PE,MIDCPNIFTY26SEP15100PE,365.95,385.90,316.80,381.15,380.00,381.85,14713.65,381.15,157320,480,45,83473944.00,45,F1,120,,,,,
2026-09-04,2026-09-04,FO,NSE,IDO,72993,,MIDCPNIFTY,,2026-09-29,2026-09-29,15125.00,PE,MIDCPNIFTY26SEP15125PE,397.55,397.55,397.55,397.55,397.55,378.00,14713.65,538.56,2760,120,1,1862706.00,1,F1,120,,,,,
2026-09-04,2026-09-04,FO,NSE,IDO,73096,,MIDCPNIFTY,,2026-09-29,2026-09-29,15475.00,PE,MIDCPNIFTY26SEP15475PE,0.00,0.00,0.00,1170.35,0.00,1170.35,14713.65,796.84,0,0,0,0.00,0,F1,120,,,,,
2026-09-04,2026-09-04,FO,NSE,IDO,73119,,MIDCPNIFTY,,2026-09-29,2026-09-29,15625.00,PE,MIDCPNIFTY26SEP15625PE,0.00,0.00,0.00,1275.95,0.00,1275.95,14713.65,920.14,0,0,0,0.00,0,F1,120,,,,,
2026-09-04,2026-09-04,FO,NSE,IDO,50654,,MIDCPNIFTY,,2026-10-27,2026-10-27,13125.00,PE,MIDCPNIFTY26OCT13125PE,0.00,0.00,0.00,121.55,0.00,121.55,14713.65,32.95,0,0,0,0.00,0,F1,120,,,,,
2026-09-04,2026-09-04,FO,NSE,IDO,50666,,MIDCPNIFTY,,2026-10-27,2026-10-27,13250.00,PE,MIDCPNIFTY26OCT13250PE,0.00,0.00,0.00,143.05,0.00,143.05,14713.65,42.86,0,0,0,0.00,0,F1,120,,,,,
2026-09-04,2026-09-04,FO,NSE,IDO,50682,,MIDCPNIFTY,,2026-10-27,2026-10-27,13425.00,PE,MIDCPNIFTY26OCT13425PE,0.00,0.00,0.00,177.75,0.00,177.75,14713.65,60.65,0,0,0,0.00,0,F1,120,,,,,
2026-09-04,2026-09-04,FO,NSE,IDO,50708,,MIDCPNIFTY,,2026-10-27,2026-10-27,13650.00,PE,MIDCPNIFTY26OCT13650PE,0.00,0.00,0.00,231.45,0.00,231.45,14713.65,91.60,0,0,0,0.00,0,F1,120,,,,,
2026-09-04,2026-09-04,FO,NSE,IDO,50786,,MIDCPNIFTY,,2026-10-27,2026-10-27,14275.00,PE,MIDCPNIFTY26OCT14275PE,0.00,0.00,0.00,435.65,0.00,435.65,14713.65,240.49,0,0,0,0.00,0,F1,120,,,,,
2026-09-04,2026-09-04,FO,NSE,IDO,50887,,MIDCPNIFTY,,2026-10-27,2026-10-27,15075.00,CE,MIDCPNIFTY26OCT15075CE,0.00,0.00,0.00,523.05,0.00,523.05,14713.65,382.69,0,0,0,0.00,0,F1,120,,,,,
2026-09-04,2026-09-04,FO,NSE,IDO,50735,,MIDCPNIFTY,,2026-10-27,2026-10-27,13950.00,CE,MIDCPNIFTY26OCT13950CE,0.00,0.00,0.00,1118.70,0.00,1118.70,14713.65,1043.69,0,0,0,0.00,0,F1,120,,,,,
2026-09-04,2026-09-04,FO,NSE,IDO,50723,,MIDCPNIFTY,,2026-10-27,2026-10-27,13825.00,CE,MIDCPNIFTY26OCT13825CE,0.00,0.00,0.00,1203.00,0.00,1203.00,14713.65,1140.46,0,0,0,0.00,0,F1,120,,,,,
2026-09-04,2026-09-04,FO,NSE,IDO,50653,,MIDCPNIFTY,,2026-10-27,2026-10-27,13125.00,CE,MIDCPNIFTY26OCT13125CE,0.00,0.00,0.00,1734.70,0.00,1734.70,14713.65,1743.76,0,0,0,0.00,0,F1,120,,,,,
2026-09-04,2026-09-04,FO,NSE,IDO,73092,,MIDCPNIFTY,,2026-09-29,2026-09-29,15450.00,CE,MIDCPNIFTY26SEP15450CE,0.00,0.00,0.00,366.45,0.00,366.45,14713.65,103.12,0,0,0,0.00,0,F1,120,,,,,
2026-09-04,2026-09-04,FO,NSE,IDO,72715,,MIDCPNIFTY,,2026-09-29,2026-09-29,13525.00,CE,MIDCPNIFTY26SEP13525CE,0.00,0.00,0.00,1346.45,0.00,1346.45,14713.65,1263.44,0,0,0,0.00,0,F1,120,,,,,
2026-09-04,2026-09-04,FO,NSE,IDO,50676,,MIDCPNIFTY,,2026-10-27,2026-10-27,13375.00,CE,MIDCPNIFTY26OCT13375CE,0.00,0.00,0.00,1534.20,0.00,1534.20,14713.65,1518.20,0,0,0,0.00,0,F1,120,,,,,
2026-09-04,2026-09-04,FO,NSE,IDO,63938,,MIDCPNIFTY,,2026-11-23,2026-11-23,16400.00,PE,MIDCPNIFTY26NOV16400PE,0.00,0.00,0.00,1403.60,0.00,1403.60,14713.65,1602.87,0,0,0,0.00,0,F1,120,,,,,
2026-09-04,2026-09-04,FO,NSE,IDO,63842,,MIDCPNIFTY,,2026-11-23,2026-11-23,15225.00,PE,MIDCPNIFTY26NOV15225PE,0.00,0.00,0.00,647.30,0.00,647.30,14713.65,758.40,0,0,0,0.00,0,F1,120,,,,,
2026-09-04,2026-09-04,FO,NSE,IDO,63728,,MIDCPNIFTY,,2026-11-23,2026-11-23,14075.00,PE,MIDCPNIFTY26NOV14075PE,0.00,0.00,0.00,213.90,0.00,213.90,14713.65,250.92,0,0,0,0.00,0,F1,120,,,,,
2026-09-04,2026-09-04,FO,NSE,IDO,63674,,MIDCPNIFTY,,2026-11-23,2026-11-23,13475.00,PE,MIDCPNIFTY26NOV13475PE,0.00,0.00,0.00,99.60,0.00,99.60,14713.65,115.04,0,0,0,0.00,0,F1,120,,,,,
2026-09-04,2026-09-04,FO,NSE,IDO,63650,,MIDCPNIFTY,,2026-11-23,2026-11-23,13175.00,PE,MIDCPNIFTY26NOV13175PE,0.00,0.00,0.00,64.05,0.00,64.05,14713.65,72.93,0,0,0,0.00,0,F1,120,,,,,
2026-09-04,2026-09-04,FO,NSE,IDO,50969,,MIDCPNIFTY,,2026-10-27,2026-10-27,15475.00,PE,MIDCPNIFTY26OCT15475PE,0.00,0.00,0.00,1082.40,0.00,1082.40,14713.65,860.72,0,0,0,0.00,0,F1,120,,,,,
2026-09-04,2026-09-04,FO,NSE,IDO,50917,,MIDCPNIFTY,,2026-10-27,2026-10-27,15225.00,PE,MIDCPNIFTY26OCT15225PE,0.00,0.00,0.00,921.00,0.00,921.00,14713.65,694.58,0,0,0,0.00,0,F1,120,,,,,
2026-09-04,2026-09-04,FO,NSE,IDO,73001,,MIDCPNIFTY,,2026-09-29,2026-09-29,15225.00,PE,MIDCPNIFTY26SEP15225PE,0.00,0.00,0.00,420.20,420.20,420.20,14713.65,607.56,5160,0,0,0.00,0,F1,120,,,,,
2026-09-04,2026-09-04,FO,NSE,IDO,72806,,MIDCPNIFTY,,2026-09-29,2026-09-29,14000.00,PE,MIDCPNIFTY26SEP14000PE,17.30,17.30,10.10,14.15,13.95,16.45,14713.65,14.15,1291920,30720,6351,10679412750.00,3231,F1,120,,,,,
2026-09-04,2026-09-04,FO,NSE,IDO,72714,,MIDCPNIFTY,,2026-09-29,2026-09-29,13500.00,PE,MIDCPNIFTY26SEP13500PE,5.65,6.55,3.90,4.55,4.80,5.70,14713.65,4.55,354960,69840,1470,2382213762.00,723,F1,120,,,,,
2026-09-04,2026-09-04,FO,NSE,IDO,72627,,MIDCPNIFTY,,2026-09-29,2026-09-29,13025.00,PE,MIDCPNIFTY26SEP13025PE,0.00,0.00,0.00,130.60,0.00,130.60,14713.65,3.47,0,0,0,0.00,0,F1,120,,,,,
2026-09-04,2026-09-04,FO,NSE,IDO,63829,,MIDCPNIFTY,,2026-11-23,2026-11-23,15075.00,CE,MIDCPNIFTY26NOV15075CE,0.00,0.00,0.00,722.85,0.00,722.85,14713.65,522.66,0,0,0,0.00,0,F1,120,,,,,
2026-09-04,2026-09-04,FO,NSE,IDO,63797,,MIDCPNIFTY,,2026-11-23,2026-11-23,14725.00,CE,MIDCPNIFTY26NOV14725CE,0.00,0.00,0.00,915.30,0.00,915.30,14713.65,690.46,0,0,0,0.00,0,F1,120,,,,,
2026-09-04,2026-09-04,FO,NSE,IDO,51004,,MIDCPNIFTY,,2026-10-27,2026-10-27,15825.00,CE,MIDCPNIFTY26OCT15825CE,0.00,0.00,0.00,283.45,0.00,283.45,14713.65,157.19,0,0,0,0.00,0,F1,120,,,,,
2026-09-04,2026-09-04,FO,NSE,IDO,50700,,MIDCPNIFTY,,2026-10-27,2026-10-27,13600.00,CE,MIDCPNIFTY26OCT13600CE,0.00,0.00,0.00,1363.60,0.00,1363.60,14713.65,1324.08,0,0,0,0.00,0,F1,120,,,,,
2026-09-04,2026-09-04,FO,NSE,IDO,73126,,MIDCPNIFTY,,2026-09-29,2026-09-29,15725.00,CE,MIDCPNIFTY26SEP15725CE,0.00,0.00,0.00,291.80,0.00,291.80,14713.65,58.03,0,0,0,0.00,0,F1,120,,,,,
2026-09-04,2026-09-04,FO,NSE,IDO,73000,,MIDCPNIFTY,,2026-09-29,2026-09-29,15225.00,CE,MIDCPNIFTY26SEP15225CE,0.00,0.00,0.00,438.75,0.00,438.75,14713.65,157.82,0,0,0,0.00,0,F1,120,,,,,
2026-09-04,2026-09-04,FO,NSE,IDO,72883,,MIDCPNIFTY,,2026-09-29,2026-09-29,14375.00,CE,MIDCPNIFTY26SEP14375CE,0.00,0.00,0.00,447.10,447.10,447.10,14713.65,562.48,360,0,0,0.00,0,F1,120,,,,,
2026-09-04,2026-09-04,FO,NSE,IDO,50825,,MIDCPNIFTY,,2026-10-27,2026-10-27,14575.00,CE,MIDCPNIFTY26OCT14575CE,0.00,0.00,0.00,751.10,0.00,751.10,14713.65,626.81,0,0,0,0.00,0,F1,120,,,,,
2026-09-04,2026-09-04,FO,NSE,IDO,50890,,MIDCPNIFTY,,2026-10-27,2026-10-27,15100.00,PE,MIDCPNIFTY26OCT15100PE,0.00,0.00,0.00,845.30,0.00,845.30,14713.65,618.39,0,0,0,0.00,0,F1,120,,,,,
2026-09-04,2026-09-04,FO,NSE,IDO,50997,,MIDCPNIFTY,,2026-10-27,2026-10-27,15725.00,PE,MIDCPNIFTY26OCT15725PE,0.00,0.00,0.00,1256.25,0.00,1256.25,14713.65,1044.44,0,0,0,0.00,0,F1,120,,,,,
2026-09-04,2026-09-04,FO,NSE,IDO,51039,,MIDCPNIFTY,,2026-10-27,2026-10-27,16000.00,PE,MIDCPNIFTY26OCT16000PE,0.00,0.00,0.00,858.00,858.00,858.00,14713.65,1261.83,120,0,0,0.00,0,F1,120,,,,,
2026-09-04,2026-09-04,FO,NSE,IDO,63698,,MIDCPNIFTY,,2026-11-23,2026-11-23,13775.00,PE,MIDCPNIFTY26NOV13775PE,0.00,0.00,0.00,148.70,0.00,148.70,14713.65,173.47,0,0,0,0.00,0,F1,120,,,,,
2026-09-04,2026-09-04,FO,NSE,IDO,63704,,MIDCPNIFTY,,2026-11-23,2026-11-23,13850.00,PE,MIDCPNIFTY26NOV13850PE,0.00,0.00,0.00,163.40,0.00,163.40,14713.65,190.98,0,0,0,0.00,0,F1,120,,,,,
2026-09-04,2026-09-04,FO,NSE,IDO,63756,,MIDCPNIFTY,,2026-11-23,2026-11-23,14325.00,PE,MIDCPNIFTY26NOV14325PE,0.00,0.00,0.00,282.00,0.00,282.00,14713.65,332.12,0,0,0,0.00,0,F1,120,,,,,
2026-09-04,2026-09-04,FO,NSE,IDO,72802,,MIDCPNIFTY,,2026-09-29,2026-09-29,13950.00,PE,MIDCPNIFTY26SEP13950PE,0.00,0.00,0.00,367.20,0.00,367.20,14713.65,65.14,0,0,0,0.00,0,F1,120,,,,,
2026-09-04,2026-09-04,FO,NSE,IDO,63834,,MIDCPNIFTY,,2026-11-23,2026-11-23,15125.00,PE,MIDCPNIFTY26NOV15125PE,0.00,0.00,0.00,597.20,0.00,597.20,14713.65,700.65,0,0,0,0.00,0,F1,120,,,,,
2026-09-04,2026-09-04,FO,NSE,IDO,72641,,MIDCPNIFTY,,2026-09-29,2026-09-29,13200.00,PE,MIDCPNIFTY26SEP13200PE,0.00,0.00,0.00,162.70,0.00,162.70,14713.65,6.73,0,0,0,0.00,0,F1,120,,,,,
2026-09-04,2026-09-04,FO,NSE,IDO,63883,,MIDCPNIFTY,,2026-11-23,2026-11-23,15750.00,CE,MIDCPNIFTY26NOV15750CE,0.00,0.00,0.00,433.65,0.00,433.65,14713.65,285.18,0,0,0,0.00,0,F1,120,,,,,
2026-09-04,2026-09-04,FO,NSE,IDO,63757,,MIDCPNIFTY,,2026-11-23,2026-11-23,14350.00,CE,MIDCPNIFTY26NOV14350CE,0.00,0.00,0.00,1153.70,0.00,1153.70,14713.65,905.89,0,0,0,0.00,0,F1,120,,,,,
2026-09-04,2026-09-04,FO,NSE,IDO,63681,,MIDCPNIFTY,,2026-11-23,2026-11-23,13575.00,CE,MIDCPNIFTY26NOV13575CE,0.00,0.00,0.00,1741.85,0.00,1741.85,14713.65,1461.47,0,0,0,0.00,0,F1,120,,,,,
2026-09-04,2026-09-04,FO,NSE,IDO,50976,,MIDCPNIFTY,,2026-10-27,2026-10-27,15575.00,CE,MIDCPNIFTY26OCT15575CE,0.00,0.00,0.00,350.45,0.00,350.45,14713.65,215.61,0,0,0,0.00,0,F1,120,,,,,
2026-09-04,2026-09-04,FO,NSE,IDO,50857,,MIDCPNIFTY,,2026-10-27,2026-10-27,14850.00,CE,MIDCPNIFTY26OCT14850CE,0.00,0.00,0.00,618.50,0.00,618.50,14713.65,482.51,0,0,0,0.00,0,F1,120,,,,,
2026-09-04,2026-09-04,FO,NSE,IDO,50711,,MIDCPNIFTY,,2026-10-27,2026-10-27,13700.00,CE,MIDCPNIFTY26OCT13700CE,0.00,0.00,0.00,1291.45,0.00,1291.45,14713.65,1241.06,0,0,0,0.00,0,F1,120,,,,,
2026-09-04,2026-09-04,FO,NSE,IDO,50643,,MIDCPNIFTY,,2026-10-27,2026-10-27,13000.00,CE,MIDCPNIFTY26OCT13000CE,0.00,0.00,0.00,1838.90,0.00,1838.90,14713.65,1859.64,0,0,0,0.00,0,F1,120,,,,,
2026-09-04,2026-09-04,FO,NSE,IDO,73322,,MIDCPNIFTY,,2026-09-29,2026-09-29,16300.00,CE,MIDCPNIFTY26SEP16300CE,0.00,0.00,0.00,174.20,0.00,174.20,14713.65,14.35,0,0,0,0.00,0,F1,120,,,,,
2026-09-04,2026-09-04,FO,NSE,IDO,50828,,MIDCPNIFTY,,2026-10-27,2026-10-27,14600.00,PE,MIDCPNIFTY26OCT14600PE,0.00,0.00,0.00,578.00,0.00,578.00,14713.65,363.14,0,0,0,0.00,0,F1,120,,,,,
2026-09-04,2026-09-04,FO,NSE,IDO,72950,,MIDCPNIFTY,,2026-09-29,2026-09-29,14650.00,CE,MIDCPNIFTY26SEP14650CE,282.30,300.45,241.55,246.00,246.05,253.10,14713.65,246.00,15960,-120,59,105644742.00,52,F1,120,,,,,
2026-09-04,2026-09-04,FO,NSE,IDO,72946,,MIDCPNIFTY,,2026-09-29,2026-09-29,14600.00,CE,MIDCPNIFTY26SEP14600CE,365.50,365.50,263.95,280.50,278.15,284.35,14713.65,280.50,94200,-64200,1143,2047686192.00,1099,F1,120,,,,,
2026-09-04,2026-09-04,FO,NSE,IDO,72851,,MIDCPNIFTY,,2026-09-29,2026-09-29,14275.00,CE,MIDCPNIFTY26SEP14275CE,0.00,0.00,0.00,864.40,0.00,864.40,14713.65,631.99,0,0,0,0.00,0,F1,120,,,,,
2026-09-04,2026-09-04,FO,NSE,IDO,72769,,MIDCPNIFTY,,2026-09-29,2026-09-29,13750.00,CE,MIDCPNIFTY26SEP13750CE,0.00,0.00,0.00,1188.25,0.00,1188.25,14713.65,1057.97,0,0,0,0.00,0,F1,120,,,,,
2026-09-04,2026-09-04,FO,NSE,IDO,72692,,MIDCPNIFTY,,2026-09-29,2026-09-29,13500.00,CE,MIDCPNIFTY26SEP13500CE,0.00,0.00,0.00,1505.00,1505.00,1505.00,14713.65,1286.84,18840,0,0,0.00,0,F1,120,,,,,
2026-09-04,2026-09-04,FO,NSE,IDO,72616,,MIDCPNIFTY,,2026-09-29,2026-09-29,12900.00,CE,MIDCPNIFTY26SEP12900CE,0.00,0.00,0.00,1834.95,0.00,1834.95,14713.65,1867.94,0,0,0,0.00,0,F1,120,,,,,
2026-09-04,2026-09-04,FO,NSE,IDO,73203,,MIDCPNIFTY,,2026-09-29,2026-09-29,15950.00,PE,MIDCPNIFTY26SEP15950PE,0.00,0.00,0.00,1518.60,0.00,1518.60,14713.65,1206.47,0,0,0,0.00,0,F1,120,,,,,
2026-09-04,2026-09-04,FO,NSE,IDO,73327,,MIDCPNIFTY,,2026-09-29,2026-09-29,16300.00,PE,MIDCPNIFTY26SEP16300PE,0.00,0.00,0.00,1797.80,0.00,1797.80,14713.65,1534.74,0,0,0,0.00,0,F1,120,,,,,
2026-09-04,2026-09-04,FO,NSE,IDO,50878,,MIDCPNIFTY,,2026-10-27,2026-10-27,14950.00,PE,MIDCPNIFTY26OCT14950PE,0.00,0.00,0.00,759.05,0.00,759.05,14713.65,533.35,0,0,0,0.00,0,F1,120,,,,,
2026-09-04,2026-09-04,FO,NSE,IDO,72637,,MIDCPNIFTY,,2026-09-29,2026-09-29,13150.00,PE,MIDCPNIFTY26SEP13150PE,0.00,0.00,0.00,152.95,0.00,152.95,14713.65,5.60,0,0,0,0.00,0,F1,120,,,,,
2026-09-04,2026-09-04,FO,NSE,IDO,63860,,MIDCPNIFTY,,2026-11-23,2026-11-23,15450.00,PE,MIDCPNIFTY26NOV15450PE,0.00,0.00,0.00,768.75,0.00,768.75,14713.65,897.33,0,0,0,0.00,0,F1,120,,,,,
2026-09-04,2026-09-04,FO,NSE,IDO,63760,,MIDCPNIFTY,,2026-11-23,2026-11-23,14375.00,PE,MIDCPNIFTY26NOV14375PE,0.00,0.00,0.00,297.35,0.00,297.35,14713.65,350.26,0,0,0,0.00,0,F1,120,,,,,
2026-09-04,2026-09-04,FO,NSE,IDO,72787,,MIDCPNIFTY,,2026-09-29,2026-09-29,13800.00,CE,MIDCPNIFTY26SEP13800CE,0.00,0.00,0.00,1095.00,1095.00,1095.00,14713.65,1013.79,120,0,0,0.00,0,F1,120,,,,,
2026-09-04,2026-09-04,FO,NSE,IDO,72958,,MIDCPNIFTY,,2026-09-29,2026-09-29,14750.00,CE,MIDCPNIFTY26SEP14750CE,224.85,243.00,184.60,189.40,188.90,197.60,14713.65,189.40,43320,17400,1845,3311433150.00,1577,F1,120,,,,,
2026-09-04,2026-09-04,FO,NSE,IDO,72980,,MIDCPNIFTY,,2026-09-29,2026-09-29,14975.00,CE,MIDCPNIFTY26SEP14975CE,101.60,123.00,89.00,90.85,91.25,101.00,14713.65,90.85,30000,-2040,233,421574052.00,213,F1,120,,,,,
2026-09-04,2026-09-04,FO,NSE,IDO,73019,,MIDCPNIFTY,,2026-09-29,2026-09-29,15275.00,CE,MIDCPNIFTY26SEP15275CE,0.00,0.00,0.00,421.80,0.00,421.80,14713.65,144.02,0,0,0,0.00,0,F1,120,,,,,
2026-09-04,2026-09-04,FO,NSE,IDO,73035,,MIDCPNIFTY,,2026-09-29,2026-09-29,15300.00,CE,MIDCPNIFTY26SEP15300CE,25.65,29.90,20.25,21.40,21.75,25.65,14713.65,21.40,267720,21000,2982,5483778330.00,2329,F1,120,,,,,
2026-09-04,2026-09-04,FO,NSE,IDO,73110,,MIDCPNIFTY,,2026-09-29,2026-09-29,15550.00,CE,MIDCPNIFTY26SEP15550CE,0.00,0.00,0.00,337.50,0.00,337.50,14713.65,84.25,0,0,0,0.00,0,F1,120,,,,,
2026-09-04,2026-09-04,FO,NSE,IDO,63658,,MIDCPNIFTY,,2026-11-23,2026-11-23,13275.00,PE,MIDCPNIFTY26NOV13275PE,0.00,0.00,0.00,74.55,0.00,74.55,14713.65,85.34,0,0,0,0.00,0,F1,120,,,,,
2026-09-04,2026-09-04,FO,NSE,IDO,73130,,MIDCPNIFTY,,2026-09-29,2026-09-29,15775.00,CE,MIDCPNIFTY26SEP15775CE,0.00,0.00,0.00,279.60,0.00,279.60,14713.65,51.93,0,0,0,0.00,0,F1,120,,,,,
2026-09-04,2026-09-04,FO,NSE,IDO,50661,,MIDCPNIFTY,,2026-10-27,2026-10-27,13225.00,CE,MIDCPNIFTY26OCT13225CE,0.00,0.00,0.00,1653.20,0.00,1653.20,14713.65,1652.45,0,0,0,0.00,0,F1,120,,,,,
2026-09-04,2026-09-04,FO,NSE,IDO,50750,,MIDCPNIFTY,,2026-10-27,2026-10-27,14050.00,CE,MIDCPNIFTY26OCT14050CE,0.00,0.00,0.00,1053.75,0.00,1053.75,14713.65,969.76,0,0,0,0.00,0,F1,120,,,,,
2026-09-04,2026-09-04,FO,NSE,IDO,50812,,MIDCPNIFTY,,2026-10-27,2026-10-27,14475.00,PE,MIDCPNIFTY26OCT14475PE,0.00,0.00,0.00,520.25,0.00,520.25,14713.65,311.98,0,0,0,0.00,0,F1,120,,,,,
2026-09-04,2026-09-04,FO,NSE,IDO,50760,,MIDCPNIFTY,,2026-10-27,2026-10-27,14150.00,PE,MIDCPNIFTY26OCT14150PE,0.00,0.00,0.00,387.55,0.00,387.55,14713.65,202.06,0,0,0,0.00,0,F1,120,,,,,
2026-09-04,2026-09-04,FO,NSE,IDO,50662,,MIDCPNIFTY,,2026-10-27,2026-10-27,13225.00,PE,MIDCPNIFTY26OCT13225PE,0.00,0.00,0.00,138.55,0.00,138.55,14713.65,40.70,0,0,0,0.00,0,F1,120,,,,,
2026-09-04,2026-09-04,FO,NSE,IDO,50785,,MIDCPNIFTY,,2026-10-27,2026-10-27,14275.00,CE,MIDCPNIFTY26OCT14275CE,0.00,0.00,0.00,916.10,0.00,916.10,14713.65,812.00,0,0,0,0.00,0,F1,120,,,,,
2026-09-04,2026-09-04,FO,NSE,IDO,50821,,MIDCPNIFTY,,2026-10-27,2026-10-27,14550.00,CE,MIDCPNIFTY26OCT14550CE,0.00,0.00,0.00,764.05,0.00,764.05,14713.65,641.14,0,0,0,0.00,0,F1,120,,,,,
2026-09-04,2026-09-04,FO,NSE,IDO,51056,,MIDCPNIFTY,,2026-10-27,2026-10-27,16200.00,CE,MIDCPNIFTY26OCT16200CE,0.00,0.00,0.00,201.70,0.00,201.70,14713.65,94.06,0,0,0,0.00,0,F1,120,,,,,
2026-09-04,2026-09-04,FO,NSE,IDO,73264,,MIDCPNIFTY,,2026-09-29,2026-09-29,16075.00,PE,MIDCPNIFTY26SEP16075PE,0.00,0.00,0.00,1616.30,0.00,1616.30,14713.65,1321.88,0,0,0,0.00,0,F1,120,,,,,
2026-09-04,2026-09-04,FO,NSE,IDO,73226,,MIDCPNIFTY,,2026-09-29,2026-09-29,16000.00,PE,MIDCPNIFTY26SEP16000PE,0.00,0.00,0.00,1000.00,1000.00,1000.00,14713.65,1252.35,600,0,0,0.00,0,F1,120,,,,,
2026-09-04,2026-09-04,FO,NSE,IDO,72826,,MIDCPNIFTY,,2026-09-29,2026-09-29,14125.00,PE,MIDCPNIFTY26SEP14125PE,0.00,0.00,0.00,432.50,0.00,432.50,14713.65,98.32,0,0,0,0.00,0,F1,120,,,,,
2026-09-04,2026-09-04,FO,NSE,IDO,72655,,MIDCPNIFTY,,2026-09-29,2026-09-29,13375.00,PE,MIDCPNIFTY26SEP13375PE,0.00,0.00,0.00,200.30,0.00,200.30,14713.65,12.39,0,0,0,0.00,0,F1,120,,,,,
2026-09-04,2026-09-04,FO,NSE,IDO,63697,,MIDCPNIFTY,,2026-11-23,2026-11-23,13775.00,CE,MIDCPNIFTY26NOV13775CE,0.00,0.00,0.00,1579.20,0.00,1579.20,14713.65,1305.19,0,0,0,0.00,0,F1,120,,,,,
2026-09-04,2026-09-04,FO,NSE,IDO,63833,,MIDCPNIFTY,,2026-11-23,2026-11-23,15125.00,CE,MIDCPNIFTY26NOV15125CE,0.00,0.00,0.00,697.80,0.00,697.80,14713.65,501.29,0,0,0,0.00,0,F1,120,,,,,
2026-09-04,2026-09-04,FO,NSE,IDO,63911,,MIDCPNIFTY,,2026-11-23,2026-11-23,16100.00,CE,MIDCPNIFTY26NOV16100CE,0.00,0.00,0.00,323.15,0.00,323.15,14713.65,201.27,0,0,0,0.00,0,F1,120,,,,,
2026-09-04,2026-09-04,FO,NSE,IDO,73187,,MIDCPNIFTY,,2026-09-29,2026-09-29,15900.00,PE,MIDCPNIFTY26SEP15900PE,0.00,0.00,0.00,1480.75,0.00,1480.75,14713.65,1161.01,0,0,0,0.00,0,F1,120,,,,,
2026-09-04,2026-09-04,FO,NSE,IDO,63729,,MIDCPNIFTY,,2026-11-23,2026-11-23,14100.00,CE,MIDCPNIFTY26NOV14100CE,0.00,0.00,0.00,1331.05,0.00,1331.05,14713.65,1069.62,0,0,0,0.00,0,F1,120,,,,,
2026-09-04,2026-09-04,FO,NSE,IDO,63877,,MIDCPNIFTY,,2026-11-23,2026-11-23,15675.00,CE,MIDCPNIFTY26NOV15675CE,0.00,0.00,0.00,460.65,0.00,460.65,14713.65,306.41,0,0,0,0.00,0,F1,120,,,,,
2026-09-04,2026-09-04,FO,NSE,IDO,72814,,MIDCPNIFTY,,2026-09-29,2026-09-29,14025.00,PE,MIDCPNIFTY26SEP14025PE,0.00,0.00,0.00,394.30,0.00,394.30,14713.65,78.09,0,0,0,0.00,0,F1,120,,,,,
2026-09-04,2026-09-04,FO,NSE,IDF,61470,,MIDCPNIFTY,,2026-11-23,2026-11-23,,,MIDCPNIFTY26NOVFUT,14888.00,14942.00,14858.40,14860.00,14858.40,14851.50,14713.65,14860.00,6360,840,12,21437268.00,11,F1,120,,,,,
2026-09-04,2026-09-04,FO,NSE,IDO,50983,,MIDCPNIFTY,,2026-10-27,2026-10-27,15625.00,CE,MIDCPNIFTY26OCT15625CE,0.00,0.00,0.00,336.00,0.00,336.00,14713.65,202.67,0,0,0,0.00,0,F1,120,,,,,
2026-09-04,2026-09-04,FO,NSE,IDO,72982,,MIDCPNIFTY,,2026-09-29,2026-09-29,15000.00,CE,MIDCPNIFTY26SEP15000CE,98.95,111.55,80.00,82.50,81.65,92.65,14713.65,82.50,600960,-170640,10118,18330820584.00,8124,F1,120,,,,,
2026-09-04,2026-09-04,FO,NSE,IDO,50880,,MIDCPNIFTY,,2026-10-27,2026-10-27,14975.00,PE,MIDCPNIFTY26OCT14975PE,0.00,0.00,0.00,301.95,301.95,301.95,14713.65,547.03,120,0,0,0.00,0,F1,120,,,,,
2026-09-04,2026-09-04,FO,NSE,IDO,50971,,MIDCPNIFTY,,2026-10-27,2026-10-27,15500.00,PE,MIDCPNIFTY26OCT15500PE,0.00,0.00,0.00,1099.25,0.00,1099.25,14713.65,878.29,0,0,0,0.00,0,F1,120,,,,,
2026-09-04,2026-09-04,FO,NSE,IDO,63701,,MIDCPNIFTY,,2026-11-23,2026-11-23,13825.00,CE,MIDCPNIFTY26NOV13825CE,0.00,0.00,0.00,1539.65,0.00,1539.65,14713.65,1267.43,0,0,0,0.00,0,F1,120,,,,,
2026-09-04,2026-09-04,FO,NSE,IDO,50874,,MIDCPNIFTY,,2026-10-27,2026-10-27,14900.00,PE,MIDCPNIFTY26OCT14900PE,0.00,0.00,0.00,731.45,0.00,731.45,14713.65,506.59,0,0,0,0.00,0,F1,120,,,,,
2026-09-04,2026-09-04,FO,NSE,IDO,50836,,MIDCPNIFTY,,2026-10-27,2026-10-27,14675.00,CE,MIDCPNIFTY26OCT14675CE,0.00,0.00,0.00,700.80,0.00,700.80,14713.65,571.51,0,0,0,0.00,0,F1,120,,,,,
2026-09-04,2026-09-04,FO,NSE,IDO,50780,,MIDCPNIFTY,,2026-10-27,2026-10-27,14250.00,CE,MIDCPNIFTY26OCT14250CE,0.00,0.00,0.00,930.80,0.00,930.80,14713.65,828.71,0,0,0,0.00,0,F1,120,,,,,
2026-09-04,2026-09-04,FO,NSE,IDO,63694,,MIDCPNIFTY,,2026-11-23,2026-11-23,13725.00,PE,MIDCPNIFTY26NOV13725PE,0.00,0.00,0.00,139.45,0.00,139.45,14713.65,162.47,0,0,0,0.00,0,F1,120,,,,,
2026-09-04,2026-09-04,FO,NSE,IDO,72952,,MIDCPNIFTY,,2026-09-29,2026-09-29,14675.00,CE,MIDCPNIFTY26SEP14675CE,262.80,272.00,229.05,231.40,232.50,239.00,14713.65,231.40,13080,-1560,86,154006830.00,71,F1,120,,,,,
2026-09-04,2026-09-04,FO,NSE,IDO,72948,,MIDCPNIFTY,,2026-09-29,2026-09-29,14625.00,CE,MIDCPNIFTY26SEP14625CE,305.85,310.15,258.65,261.90,258.65,270.25,14713.65,261.90,11280,-720,26,46512636.00,24,F1,120,,,,,
2026-09-04,2026-09-04,FO,NSE,IDO,63711,,MIDCPNIFTY,,2026-11-23,2026-11-23,13950.00,CE,MIDCPNIFTY26NOV13950CE,0.00,0.00,0.00,1442.75,0.00,1442.75,14713.65,1175.92,0,0,0,0.00,0,F1,120,,,,,
2026-09-04,2026-09-04,FO,NSE,IDO,63866,,MIDCPNIFTY,,2026-11-23,2026-11-23,15525.00,PE,MIDCPNIFTY26NOV15525PE,0.00,0.00,0.00,811.85,0.00,811.85,14713.65,946.30,0,0,0,0.00,0,F1,120,,,,,
2026-09-04,2026-09-04,FO,NSE,IDO,63778,,MIDCPNIFTY,,2026-11-23,2026-11-23,14575.00,PE,MIDCPNIFTY26NOV14575PE,0.00,0.00,0.00,364.30,0.00,364.30,14713.65,429.27,0,0,0,0.00,0,F1,120,,,,,
2026-09-04,2026-09-04,FO,NSE,IDO,63706,,MIDCPNIFTY,,2026-11-23,2026-11-23,13875.00,PE,MIDCPNIFTY26NOV13875PE,0.00,0.00,0.00,168.50,0.00,168.50,14713.65,197.10,0,0,0,0.00,0,F1,120,,,,,
2026-09-04,2026-09-04,FO,NSE,IDO,63678,,MIDCPNIFTY,,2026-11-23,2026-11-23,13525.00,PE,MIDCPNIFTY26NOV13525PE,0.00,0.00,0.00,106.75,0.00,106.75,14713.65,123.56,0,0,0,0.00,0,F1,120,,,,,
2026-09-04,2026-09-04,FO,NSE,IDO,50876,,MIDCPNIFTY,,2026-10-27,2026-10-27,14925.00,PE,MIDCPNIFTY26OCT14925PE,0.00,0.00,0.00,300.00,300.00,300.00,14713.65,519.87,120,0,0,0.00,0,F1,120,,,,,
2026-09-04,2026-09-04,FO,NSE,IDO,50830,,MIDCPNIFTY,,2026-10-27,2026-10-27,14625.00,PE,MIDCPNIFTY26OCT14625PE,0.00,0.00,0.00,589.95,0.00,589.95,14713.65,373.98,0,0,0,0.00,0,F1,120,,,,,
2026-09-04,2026-09-04,FO,NSE,IDO,72844,,MIDCPNIFTY,,2026-09-29,2026-09-29,14225.00,CE,MIDCPNIFTY26SEP14225CE,0.00,0.00,0.00,892.55,0.00,892.55,14713.65,669.00,0,0,0,0.00,0,F1,120,,,,,
2026-09-04,2026-09-04,FO,NSE,IDO,72966,,MIDCPNIFTY,,2026-09-29,2026-09-29,14850.00,CE,MIDCPNIFTY26SEP14850CE,155.35,182.45,136.75,139.30,138.55,147.65,14713.65,139.30,93120,38040,1396,2514168546.00,1073,F1,120,,,,,
2026-09-04,2026-09-04,FO,NSE,IDO,72974,,MIDCPNIFTY,,2026-09-29,2026-09-29,14925.00,CE,MIDCPNIFTY26SEP14925CE,122.50,141.50,108.00,110.55,108.60,116.65,14713.65,110.55,24960,360,180,325102026.00,165,F1,120,,,,,
2026-09-04,2026-09-04,FO,NSE,IDO,50849,,MIDCPNIFTY,,2026-10-27,2026-10-27,14775.00,CE,MIDCPNIFTY26OCT14775CE,0.00,0.00,0.00,327.15,327.15,327.15,14713.65,519.46,120,0,0,0.00,0,F1,120,,,,,
2026-09-04,2026-09-04,FO,NSE,IDO,50855,,MIDCPNIFTY,,2026-10-27,2026-10-27,14825.00,CE,MIDCPNIFTY26OCT14825CE,0.00,0.00,0.00,629.80,0.00,629.80,14713.65,494.61,0,0,0,0.00,0,F1,120,,,,,
2026-09-04,2026-09-04,FO,NSE,IDO,63880,,MIDCPNIFTY,,2026-11-23,2026-11-23,15700.00,PE,MIDCPNIFTY26NOV15700PE,0.00,0.00,0.00,917.35,0.00,917.35,14713.65,1065.50,0,0,0,0.00,0,F1,120,,,,,
2026-09-04,2026-09-04,FO,NSE,IDO,72846,,MIDCPNIFTY,,2026-09-29,2026-09-29,14250.00,CE,MIDCPNIFTY26SEP14250CE,555.00,555.00,555.00,555.00,555.00,500.45,14713.65,650.64,120,0,1,1776600.00,1,F1,120,,,,,
2026-09-04,2026-09-04,FO,NSE,IDO,72934,,MIDCPNIFTY,,2026-09-29,2026-09-29,14450.00,CE,MIDCPNIFTY26SEP14450CE,0.00,0.00,0.00,416.00,416.00,416.00,14713.65,513.24,840,0,0,0.00,0,F1,120,,,,,
2026-09-04,2026-09-04,FO,NSE,IDO,73122,,MIDCPNIFTY,,2026-09-29,2026-09-29,15675.00,CE,MIDCPNIFTY26SEP15675CE,0.00,0.00,0.00,303.85,0.00,303.85,14713.65,64.71,0,0,0,0.00,0,F1,120,,,,,
2026-09-04,2026-09-04,FO,NSE,IDO,73132,,MIDCPNIFTY,,2026-09-29,2026-09-29,15800.00,CE,MIDCPNIFTY26SEP15800CE,0.00,0.00,0.00,273.70,0.00,273.70,14713.65,49.09,0,0,0,0.00,0,F1,120,,,,,
2026-09-04,2026-09-04,FO,NSE,IDO,50716,,MIDCPNIFTY,,2026-10-27,2026-10-27,13750.00,CE,MIDCPNIFTY26OCT13750CE,0.00,0.00,0.00,1255.85,0.00,1255.85,14713.65,1200.38,0,0,0,0.00,0,F1,120,,,,,
2026-09-04,2026-09-04,FO,NSE,IDO,50843,,MIDCPNIFTY,,2026-10-27,2026-10-27,14725.00,CE,MIDCPNIFTY26OCT14725CE,0.00,0.00,0.00,320.00,320.00,320.00,14713.65,545.08,720,0,0,0.00,0,F1,120,,,,,
2026-09-04,2026-09-04,FO,NSE,IDO,50885,,MIDCPNIFTY,,2026-10-27,2026-10-27,15050.00,CE,MIDCPNIFTY26OCT15050CE,0.00,0.00,0.00,533.10,0.00,533.10,14713.65,392.99,0,0,0,0.00,0,F1,120,,,,,
2026-09-04,2026-09-04,FO,NSE,IDO,50972,,MIDCPNIFTY,,2026-10-27,2026-10-27,15525.00,CE,MIDCPNIFTY26OCT15525CE,0.00,0.00,0.00,365.40,0.00,365.40,14713.65,229.18,0,0,0,0.00,0,F1,120,,,,,
2026-09-04,2026-09-04,FO,NSE,IDO,63671,,MIDCPNIFTY,,2026-11-23,2026-11-23,13450.00,CE,MIDCPNIFTY26NOV13450CE,0.00,0.00,0.00,1846.85,0.00,1846.85,14713.65,1563.11,0,0,0,0.00,0,F1,120,,,,,
2026-09-04,2026-09-04,FO,NSE,IDO,63719,,MIDCPNIFTY,,2026-11-23,2026-11-23,14000.00,CE,MIDCPNIFTY26NOV14000CE,0.00,0.00,0.00,1404.85,0.00,1404.85,14713.65,1140.06,0,0,0,0.00,0,F1,120,,,,,
2026-09-04,2026-09-04,FO,NSE,IDO,63750,,MIDCPNIFTY,,2026-11-23,2026-11-23,14275.00,PE,MIDCPNIFTY26NOV14275PE,0.00,0.00,0.00,267.25,0.00,267.25,14713.65,314.63,0,0,0,0.00,0,F1,120,,,,,
2026-09-04,2026-09-04,FO,NSE,IDO,73243,,MIDCPNIFTY,,2026-09-29,2026-09-29,16050.00,PE,MIDCPNIFTY26SEP16050PE,0.00,0.00,0.00,1596.60,0.00,1596.60,14713.65,1298.61,0,0,0,0.00,0,F1,120,,,,,
2026-09-04,2026-09-04,FO,NSE,IDO,73103,,MIDCPNIFTY,,2026-09-29,2026-09-29,15525.00,PE,MIDCPNIFTY26SEP15525PE,0.00,0.00,0.00,1205.10,0.00,1205.10,14713.65,837.21,0,0,0,0.00,0,F1,120,,,,,
2026-09-04,2026-09-04,FO,NSE,IDO,73075,,MIDCPNIFTY,,2026-09-29,2026-09-29,15300.00,PE,MIDCPNIFTY26SEP15300PE,530.40,545.50,470.00,545.00,545.00,540.00,14713.65,545.00,7800,-600,52,98669136.00,25,F1,120,,,,,
2026-09-04,2026-09-04,FO,NSE,IDO,63823,,MIDCPNIFTY,,2026-11-23,2026-11-23,15025.00,CE,MIDCPNIFTY26NOV15025CE,0.00,0.00,0.00,748.55,0.00,748.55,14713.65,544.67,0,0,0,0.00,0,F1,120,,,,,
2026-09-04,2026-09-04,FO,NSE,IDO,63759,,MIDCPNIFTY,,2026-11-23,2026-11-23,14375.00,CE,MIDCPNIFTY26NOV14375CE,0.00,0.00,0.00,1136.80,0.00,1136.80,14713.65,890.38,0,0,0,0.00,0,F1,120,,,,,
2026-09-04,2026-09-04,FO,NSE,IDO,72795,,MIDCPNIFTY,,2026-09-29,2026-09-29,13875.00,CE,MIDCPNIFTY26SEP13875CE,0.00,0.00,0.00,1105.50,0.00,1105.50,14713.65,948.72,0,0,0,0.00,0,F1,120,,,,,
2026-09-04,2026-09-04,FO,NSE,IDO,50813,,MIDCPNIFTY,,2026-10-27,2026-10-27,14500.00,CE,MIDCPNIFTY26OCT14500CE,0.00,0.00,0.00,790.35,0.00,790.35,14713.65,670.42,0,0,0,0.00,0,F1,120,,,,,
2026-09-04,2026-09-04,FO,NSE,IDO,50811,,MIDCPNIFTY,,2026-10-27,2026-10-27,14475.00,CE,MIDCPNIFTY26OCT14475CE,0.00,0.00,0.00,803.75,0.00,803.75,14713.65,685.36,0,0,0,0.00,0,F1,120,,,,,
2026-09-04,2026-09-04,FO,NSE,IDO,73228,,MIDCPNIFTY,,2026-09-29,2026-09-29,16025.00,CE,MIDCPNIFTY26SEP16025CE,0.00,0.00,0.00,224.10,0.00,224.10,14713.65,28.93,0,0,0,0.00,0,F1,120,,,,,
2026-09-04,2026-09-04,FO,NSE,IDO,63816,,MIDCPNIFTY,,2026-11-23,2026-11-23,14950.00,PE,MIDCPNIFTY26NOV14950PE,0.00,0.00,0.00,515.20,0.00,515.20,14713.65,605.71,0,0,0,0.00,0,F1,120,,,,,
2026-09-04,2026-09-04,FO,NSE,IDO,63724,,MIDCPNIFTY,,2026-11-23,2026-11-23,14025.00,PE,MIDCPNIFTY26NOV14025PE,0.00,0.00,0.00,201.80,0.00,201.80,14713.65,237.13,0,0,0,0.00,0,F1,120,,,,,
2026-09-04,2026-09-04,FO,NSE,IDO,51023,,MIDCPNIFTY,,2026-10-27,2026-10-27,15900.00,PE,MIDCPNIFTY26OCT15900PE,0.00,0.00,0.00,1385.55,0.00,1385.55,14713.65,1180.73,0,0,0,0.00,0,F1,120,,,,,
2026-09-04,2026-09-04,FO,NSE,IDO,50982,,MIDCPNIFTY,,2026-10-27,2026-10-27,15600.00,PE,MIDCPNIFTY26OCT15600PE,750.00,750.00,750.00,750.00,750.00,1167.80,14713.65,950.21,120,120,1,1962000.00,1,F1,120,,,,,
2026-09-04,2026-09-04,FO,NSE,IDO,72630,,MIDCPNIFTY,,2026-09-29,2026-09-29,13075.00,CE,MIDCPNIFTY26SEP13075CE,0.00,0.00,0.00,1691.10,0.00,1691.10,14713.65,1695.77,0,0,0,0.00,0,F1,120,,,,,
2026-09-04,2026-09-04,FO,NSE,IDO,72736,,MIDCPNIFTY,,2026-09-29,2026-09-29,13575.00,CE,MIDCPNIFTY26SEP13575CE,0.00,0.00,0.00,1310.50,0.00,1310.50,14713.65,1216.95,0,0,0,0.00,0,F1,120,,,,,
2026-09-04,2026-09-04,FO,NSE,IDO,50709,,MIDCPNIFTY,,2026-10-27,2026-10-27,13675.00,CE,MIDCPNIFTY26OCT13675CE,0.00,0.00,0.00,1309.40,0.00,1309.40,14713.65,1261.61,0,0,0,0.00,0,F1,120,,,,,
2026-09-04,2026-09-04,FO,NSE,IDO,50766,,MIDCPNIFTY,,2026-10-27,2026-10-27,14175.00,CE,MIDCPNIFTY26OCT14175CE,0.00,0.00,0.00,975.85,0.00,975.85,14713.65,879.96,0,0,0,0.00,0,F1,120,,,,,
2026-09-04,2026-09-04,FO,NSE,IDO,50801,,MIDCPNIFTY,,2026-10-27,2026-10-27,14400.00,CE,MIDCPNIFTY26OCT14400CE,0.00,0.00,0.00,844.75,0.00,844.75,14713.65,731.37,0,0,0,0.00,0,F1,120,,,,,
2026-09-04,2026-09-04,FO,NSE,IDO,63699,,MIDCPNIFTY,,2026-11-23,2026-11-23,13800.00,CE,MIDCPNIFTY26NOV13800CE,0.00,0.00,0.00,1559.35,0.00,1559.35,14713.65,1286.24,0,0,0,0.00,0,F1,120,,,,,
2026-09-04,2026-09-04,FO,NSE,IDO,63725,,MIDCPNIFTY,,2026-11-23,2026-11-23,14050.00,CE,MIDCPNIFTY26NOV14050CE,0.00,0.00,0.00,1367.40,0.00,1367.40,14713.65,1104.22,0,0,0,0.00,0,F1,120,,,,,
2026-09-04,2026-09-04,FO,NSE,IDO,63739,,MIDCPNIFTY,,2026-11-23,2026-11-23,14200.00,CE,MIDCPNIFTY26NOV14200CE,0.00,0.00,0.00,1258.70,0.00,1258.70,14713.65,1002.25,0,0,0,0.00,0,F1,120,,,,,
2026-09-04,2026-09-04,FO,NSE,IDO,50884,,MIDCPNIFTY,,2026-10-27,2026-10-27,15025.00,PE,MIDCPNIFTY26OCT15025PE,0.00,0.00,0.00,801.55,0.00,801.55,14713.65,574.98,0,0,0,0.00,0,F1,120,,,,,
2026-09-04,2026-09-04,FO,NSE,IDO,63847,,MIDCPNIFTY,,2026-11-23,2026-11-23,15300.00,CE,MIDCPNIFTY26NOV15300CE,0.00,0.00,0.00,614.65,0.00,614.65,14713.65,431.44,0,0,0,0.00,0,F1,120,,,,,
2026-09-04,2026-09-04,FO,NSE,IDO,63853,,MIDCPNIFTY,,2026-11-23,2026-11-23,15375.00,CE,MIDCPNIFTY26NOV15375CE,0.00,0.00,0.00,581.25,0.00,581.25,14713.65,403.81,0,0,0,0.00,0,F1,120,,,,,
2026-09-04,2026-09-04,FO,NSE,IDO,63873,,MIDCPNIFTY,,2026-11-23,2026-11-23,15625.00,CE,MIDCPNIFTY26NOV15625CE,0.00,0.00,0.00,479.35,0.00,479.35,14713.65,321.24,0,0,0,0.00,0,F1,120,,,,,
2026-09-04,2026-09-04,FO,NSE,IDO,63903,,MIDCPNIFTY,,2026-11-23,2026-11-23,16000.00,CE,MIDCPNIFTY26NOV16000CE,0.00,0.00,0.00,352.20,0.00,352.20,14713.65,223.49,0,0,0,0.00,0,F1,120,,,,,
2026-09-04,2026-09-04,FO,NSE,IDO,72834,,MIDCPNIFTY,,2026-09-29,2026-09-29,14175.00,PE,MIDCPNIFTY26SEP14175PE,0.00,0.00,0.00,452.45,0.00,452.45,14713.65,109.80,0,0,0,0.00,0,F1,120,,,,,
2026-09-04,2026-09-04,FO,NSE,IDO,50779,,MIDCPNIFTY,,2026-10-27,2026-10-27,14225.00,PE,MIDCPNIFTY26OCT14225PE,0.00,0.00,0.00,415.95,0.00,415.95,14713.65,224.55,0,0,0,0.00,0,F1,120,,,,,
2026-09-04,2026-09-04,FO,NSE,IDO,50783,,MIDCPNIFTY,,2026-10-27,2026-10-27,14250.00,PE,MIDCPNIFTY26OCT14250PE,0.00,0.00,0.00,425.75,0.00,425.75,14713.65,232.42,0,0,0,0.00,0,F1,120,,,,,
2026-09-04,2026-09-04,FO,NSE,IDO,72955,,MIDCPNIFTY,,2026-09-29,2026-09-29,14700.00,PE,MIDCPNIFTY26SEP14700PE,144.95,158.00,108.00,144.90,143.95,149.45,14713.65,144.90,237480,-47520,4837,8610568650.00,3967,F1,120,,,,,
2026-09-04,2026-09-04,FO,NSE,IDO,72804,,MIDCPNIFTY,,2026-09-29,2026-09-29,13975.00,PE,MIDCPNIFTY26SEP13975PE,0.00,0.00,0.00,376.10,0.00,376.10,14713.65,69.26,0,0,0,0.00,0,F1,120,,,,,
2026-09-04,2026-09-04,FO,NSE,IDO,72753,,MIDCPNIFTY,,2026-09-29,2026-09-29,13650.00,PE,MIDCPNIFTY26SEP13650PE,0.00,0.00,0.00,271.80,0.00,271.80,14713.65,29.17,0,0,0,0.00,0,F1,120,,,,,
2026-09-04,2026-09-04,FO,NSE,IDO,63895,,MIDCPNIFTY,,2026-11-23,2026-11-23,15900.00,CE,MIDCPNIFTY26NOV15900CE,0.00,0.00,0.00,383.20,0.00,383.20,14713.65,246.87,0,0,0,0.00,0,F1,120,,,,,
2026-09-04,2026-09-04,FO,NSE,IDO,63887,,MIDCPNIFTY,,2026-11-23,2026-11-23,15800.00,CE,MIDCPNIFTY26NOV15800CE,0.00,0.00,0.00,416.30,0.00,416.30,14713.65,271.68,0,0,0,0.00,0,F1,120,,,,,
2026-09-04,2026-09-04,FO,NSE,IDO,63675,,MIDCPNIFTY,,2026-11-23,2026-11-23,13500.00,CE,MIDCPNIFTY26NOV13500CE,0.00,0.00,0.00,1804.55,0.00,1804.55,14713.65,1522.10,0,0,0,0.00,0,F1,120,,,,,
2026-09-04,2026-09-04,FO,NSE,IDO,50962,,MIDCPNIFTY,,2026-10-27,2026-10-27,15475.00,CE,MIDCPNIFTY26OCT15475CE,0.00,0.00,0.00,380.85,0.00,380.85,14713.65,243.41,0,0,0,0.00,0,F1,120,,,,,
2026-09-04,2026-09-04,FO,NSE,IDO,72824,,MIDCPNIFTY,,2026-09-29,2026-09-29,14100.00,PE,MIDCPNIFTY26SEP14100PE,20.00,21.05,13.90,20.00,18.25,21.95,14713.65,20.00,24840,-7920,1026,1738217304.00,771,F1,120,,,,,
2026-09-04,2026-09-04,FO,NSE,IDO,72800,,MIDCPNIFTY,,2026-09-29,2026-09-29,13925.00,PE,MIDCPNIFTY26SEP13925PE,0.00,0.00,0.00,358.40,0.00,358.40,14713.65,61.22,0,0,0,0.00,0,F1,120,,,,,
2026-09-04,2026-09-04,FO,NSE,IDO,72792,,MIDCPNIFTY,,2026-09-29,2026-09-29,13825.00,PE,MIDCPNIFTY26SEP13825PE,0.00,0.00,0.00,324.80,0.00,324.80,14713.65,47.34,0,0,0,0.00,0,F1,120,,,,,
2026-09-04,2026-09-04,FO,NSE,IDO,72661,,MIDCPNIFTY,,2026-09-29,2026-09-29,13450.00,PE,MIDCPNIFTY26SEP13450PE,0.00,0.00,0.00,218.15,0.00,218.15,14713.65,15.84,0,0,0,0.00,0,F1,120,,,,,
2026-09-04,2026-09-04,FO,NSE,IDO,72657,,MIDCPNIFTY,,2026-09-29,2026-09-29,13400.00,PE,MIDCPNIFTY26SEP13400PE,0.00,0.00,0.00,206.10,0.00,206.10,14713.65,13.46,0,0,0,0.00,0,F1,120,,,,,
2026-09-04,2026-09-04,FO,NSE,IDO,63749,,MIDCPNIFTY,,2026-11-23,2026-11-23,14275.00,CE,MIDCPNIFTY26NOV14275CE,0.00,0.00,0.00,1205.25,0.00,1205.25,14713.65,953.36,0,0,0,0.00,0,F1,120,,,,,
2026-09-04,2026-09-04,FO,NSE,IDO,73090,,MIDCPNIFTY,,2026-09-29,2026-09-29,15425.00,CE,MIDCPNIFTY26SEP15425CE,0.00,0.00,0.00,374.00,0.00,374.00,14713.65,108.34,0,0,0,0.00,0,F1,120,,,,,
2026-09-04,2026-09-04,FO,NSE,IDO,73294,,MIDCPNIFTY,,2026-09-29,2026-09-29,16200.00,CE,MIDCPNIFTY26SEP16200CE,0.00,0.00,0.00,191.15,0.00,191.15,14713.65,18.65,0,0,0,0.00,0,F1,120,,,,,
2026-09-04,2026-09-04,FO,NSE,IDO,50902,,MIDCPNIFTY,,2026-10-27,2026-10-27,15225.00,CE,MIDCPNIFTY26OCT15225CE,0.00,0.00,0.00,465.75,0.00,465.75,14713.65,324.94,0,0,0,0.00,0,F1,120,,,,,
2026-09-04,2026-09-04,FO,NSE,IDO,50881,,MIDCPNIFTY,,2026-10-27,2026-10-27,15000.00,CE,MIDCPNIFTY26OCT15000CE,226.05,235.45,201.00,201.00,201.00,216.70,14713.65,201.00,5160,720,21,38364060.00,21,F1,120,,,,,
2026-09-04,2026-09-04,FO,NSE,IDO,50879,,MIDCPNIFTY,,2026-10-27,2026-10-27,14975.00,CE,MIDCPNIFTY26OCT14975CE,0.00,0.00,0.00,564.05,0.00,564.05,14713.65,425.06,0,0,0,0.00,0,F1,120,,,,,
2026-09-04,2026-09-04,FO,NSE,IDO,50840,,MIDCPNIFTY,,2026-10-27,2026-10-27,14700.00,CE,MIDCPNIFTY26OCT14700CE,0.00,0.00,0.00,375.35,375.35,375.35,14713.65,558.19,480,0,0,0.00,0,F1,120,,,,,
2026-09-04,2026-09-04,FO,NSE,IDO,50899,,MIDCPNIFTY,,2026-10-27,2026-10-27,15175.00,PE,MIDCPNIFTY26OCT15175PE,0.00,0.00,0.00,890.30,0.00,890.30,14713.65,663.53,0,0,0,0.00,0,F1,120,,,,,
2026-09-04,2026-09-04,FO,NSE,IDO,63740,,MIDCPNIFTY,,2026-11-23,2026-11-23,14200.00,PE,MIDCPNIFTY26NOV14200PE,0.00,0.00,0.00,246.85,0.00,246.85,14713.65,289.57,0,0,0,0.00,0,F1,120,,,,,
2026-09-04,2026-09-04,FO,NSE,IDO,63794,,MIDCPNIFTY,,2026-11-23,2026-11-23,14675.00,PE,MIDCPNIFTY26NOV14675PE,0.00,0.00,0.00,401.25,0.00,401.25,14713.65,472.71,0,0,0,0.00,0,F1,120,,,,,
2026-09-04,2026-09-04,FO,NSE,IDO,72624,,MIDCPNIFTY,,2026-09-29,2026-09-29,13000.00,CE,MIDCPNIFTY26SEP13000CE,0.00,0.00,0.00,2004.10,2002.10,2004.10,14713.65,1769.39,13920,0,0,0.00,0,F1,120,,,,,
2026-09-04,2026-09-04,FO,NSE,IDO,72638,,MIDCPNIFTY,,2026-09-29,2026-09-29,13175.00,CE,MIDCPNIFTY26SEP13175CE,0.00,0.00,0.00,1611.20,0.00,1611.20,14713.65,1598.11,0,0,0,0.00,0,F1,120,,,,,
2026-09-04,2026-09-04,FO,NSE,IDO,72752,,MIDCPNIFTY,,2026-09-29,2026-09-29,13650.00,CE,MIDCPNIFTY26SEP13650CE,0.00,0.00,0.00,1257.50,0.00,1257.50,14713.65,1148.05,0,0,0,0.00,0,F1,120,,,,,
2026-09-04,2026-09-04,FO,NSE,IDO,72823,,MIDCPNIFTY,,2026-09-29,2026-09-29,14100.00,CE,MIDCPNIFTY26SEP14100CE,0.00,0.00,0.00,659.35,659.35,659.35,14713.65,763.64,120,0,0,0.00,0,F1,120,,,,,
2026-09-04,2026-09-04,FO,NSE,IDO,73084,,MIDCPNIFTY,,2026-09-29,2026-09-29,15350.00,CE,MIDCPNIFTY26SEP15350CE,20.60,23.05,16.00,16.50,16.25,20.65,14713.65,16.50,45120,1080,113,208394634.00,88,F1,120,,,,,
2026-09-04,2026-09-04,FO,NSE,IDO,73097,,MIDCPNIFTY,,2026-09-29,2026-09-29,15500.00,CE,MIDCPNIFTY26SEP15500CE,9.75,11.00,6.85,7.25,7.50,9.60,14713.65,7.25,520680,-21000,4215,7844363004.00,2430,F1,120,,,,,
2026-09-04,2026-09-04,FO,NSE,IDO,73099,,MIDCPNIFTY,,2026-09-29,2026-09-29,15525.00,CE,MIDCPNIFTY26SEP15525CE,0.00,0.00,0.00,344.55,0.00,344.55,14713.65,88.68,0,0,0,0.00,0,F1,120,,,,,
2026-09-04,2026-09-04,FO,NSE,IDO,73118,,MIDCPNIFTY,,2026-09-29,2026-09-29,15625.00,CE,MIDCPNIFTY26SEP15625CE,0.00,0.00,0.00,316.95,0.00,316.95,14713.65,72.02,0,0,0,0.00,0,F1,120,,,,,
2026-09-04,2026-09-04,FO,NSE,IDO,73263,,MIDCPNIFTY,,2026-09-29,2026-09-29,16075.00,CE,MIDCPNIFTY26SEP16075CE,0.00,0.00,0.00,214.25,0.00,214.25,14713.65,25.58,0,0,0,0.00,0,F1,120,,,,,
2026-09-04,2026-09-04,FO,NSE,IDO,73380,,MIDCPNIFTY,,2026-09-29,2026-09-29,16600.00,CE,MIDCPNIFTY26SEP16600CE,0.00,0.00,0.00,130.75,0.00,130.75,14713.65,6.24,0,0,0,0.00,0,F1,120,,,,,
2026-09-04,2026-09-04,FO,NSE,IDO,63755,,MIDCPNIFTY,,2026-11-23,2026-11-23,14325.00,CE,MIDCPNIFTY26NOV14325CE,0.00,0.00,0.00,1170.75,0.00,1170.75,14713.65,921.55,0,0,0,0.00,0,F1,120,,,,,
2026-09-04,2026-09-04,FO,NSE,IDO,72937,,MIDCPNIFTY,,2026-09-29,2026-09-29,14475.00,PE,MIDCPNIFTY26SEP14475PE,0.00,0.00,0.00,584.35,0.00,584.35,14713.65,200.17,0,0,0,0.00,0,F1,120,,,,,
2026-09-04,2026-09-04,FO,NSE,IDO,63806,,MIDCPNIFTY,,2026-11-23,2026-11-23,14825.00,PE,MIDCPNIFTY26NOV14825PE,0.00,0.00,0.00,461.15,0.00,461.15,14713.65,542.82,0,0,0,0.00,0,F1,120,,,,,
2026-09-04,2026-09-04,FO,NSE,IDO,63738,,MIDCPNIFTY,,2026-11-23,2026-11-23,14175.00,PE,MIDCPNIFTY26NOV14175PE,0.00,0.00,0.00,240.10,0.00,240.10,14713.65,281.54,0,0,0,0.00,0,F1,120,,,,,
2026-09-04,2026-09-04,FO,NSE,IDO,63654,,MIDCPNIFTY,,2026-11-23,2026-11-23,13225.00,PE,MIDCPNIFTY26NOV13225PE,0.00,0.00,0.00,69.15,0.00,69.15,14713.65,78.95,0,0,0,0.00,0,F1,120,,,,,
2026-09-04,2026-09-04,FO,NSE,IDO,50715,,MIDCPNIFTY,,2026-10-27,2026-10-27,13725.00,PE,MIDCPNIFTY26OCT13725PE,0.00,0.00,0.00,251.40,0.00,251.40,14713.65,104.25,0,0,0,0.00,0,F1,120,,,,,
2026-09-04,2026-09-04,FO,NSE,IDO,72941,,MIDCPNIFTY,,2026-09-29,2026-09-29,14525.00,PE,MIDCPNIFTY26SEP14525PE,91.30,91.30,69.30,86.85,86.85,91.15,14713.65,86.85,3600,240,23,40307616.00,22,F1,120,,,,,
2026-09-04,2026-09-04,FO,NSE,IDO,72805,,MIDCPNIFTY,,2026-09-29,2026-09-29,14000.00,CE,MIDCPNIFTY26SEP14000CE,850.00,857.95,780.00,780.00,780.00,780.30,14713.65,780.00,34320,-240,18,31987578.00,13,F1,120,,,,,
2026-09-04,2026-09-04,FO,NSE,IDO,72825,,MIDCPNIFTY,,2026-09-29,2026-09-29,14125.00,CE,MIDCPNIFTY26SEP14125CE,0.00,0.00,0.00,950.50,0.00,950.50,14713.65,744.13,0,0,0,0.00,0,F1,120,,,,,
2026-09-04,2026-09-04,FO,NSE,IDO,72986,,MIDCPNIFTY,,2026-09-29,2026-09-29,15050.00,CE,MIDCPNIFTY26SEP15050CE,79.50,92.90,65.65,67.45,66.70,76.80,14713.65,67.45,67200,2040,227,412155072.00,195,F1,120,,,,,
2026-09-04,2026-09-04,FO,NSE,IDO,73116,,MIDCPNIFTY,,2026-09-29,2026-09-29,15600.00,CE,MIDCPNIFTY26SEP15600CE,0.00,0.00,0.00,106.15,106.15,106.15,14713.65,75.92,120,0,0,0.00,0,F1,120,,,,,
2026-09-04,2026-09-04,FO,NSE,IDO,50669,,MIDCPNIFTY,,2026-10-27,2026-10-27,13300.00,CE,MIDCPNIFTY26OCT13300CE,0.00,0.00,0.00,1593.20,0.00,1593.20,14713.65,1584.89,0,0,0,0.00,0,F1,120,,,,,
2026-09-04,2026-09-04,FO,NSE,IDO,50685,,MIDCPNIFTY,,2026-10-27,2026-10-27,13475.00,CE,MIDCPNIFTY26OCT13475CE,0.00,0.00,0.00,1457.15,0.00,1457.15,14713.65,1430.76,0,0,0,0.00,0,F1,120,,,,,
2026-09-04,2026-09-04,FO,NSE,IDO,72997,,MIDCPNIFTY,,2026-09-29,2026-09-29,15175.00,PE,MIDCPNIFTY26SEP15175PE,0.00,0.00,0.00,319.70,319.70,319.70,14713.65,572.55,1680,0,0,0.00,0,F1,120,,,,,
2026-09-04,2026-09-04,FO,NSE,IDO,72947,,MIDCPNIFTY,,2026-09-29,2026-09-29,14600.00,PE,MIDCPNIFTY26SEP14600PE,110.05,111.70,79.60,108.75,108.05,113.00,14713.65,108.75,217320,8640,2281,4023211590.00,1808,F1,120,,,,,
2026-09-04,2026-09-04,FO,NSE,IDO,72939,,MIDCPNIFTY,,2026-09-29,2026-09-29,14500.00,PE,MIDCPNIFTY26SEP14500PE,89.80,89.80,57.15,79.25,79.90,83.60,14713.65,79.25,517920,11760,5495,9608866236.00,4068,F1,120,,,,,
2026-09-04,2026-09-04,FO,NSE,IDO,72852,,MIDCPNIFTY,,2026-09-29,2026-09-29,14275.00,PE,MIDCPNIFTY26SEP14275PE,0.00,0.00,0.00,494.10,0.00,494.10,14713.65,135.57,0,0,0,0.00,0,F1,120,,,,,
2026-09-04,2026-09-04,FO,NSE,IDO,72617,,MIDCPNIFTY,,2026-09-29,2026-09-29,12900.00,PE,MIDCPNIFTY26SEP12900PE,0.00,0.00,0.00,110.75,0.00,110.75,14713.65,2.08,0,0,0,0.00,0,F1,120,,,,,
2026-09-04,2026-09-04,FO,NSE,IDO,73082,,MIDCPNIFTY,,2026-09-29,2026-09-29,15325.00,CE,MIDCPNIFTY26SEP15325CE,0.00,0.00,0.00,405.40,0.00,405.40,14713.65,131.83,0,0,0,0.00,0,F1,120,,,,,
2026-09-04,2026-09-04,FO,NSE,IDO,63869,,MIDCPNIFTY,,2026-11-23,2026-11-23,15575.00,CE,MIDCPNIFTY26NOV15575CE,0.00,0.00,0.00,498.60,0.00,498.60,14713.65,336.61,0,0,0,0.00,0,F1,120,,,,,
2026-09-04,2026-09-04,FO,NSE,IDO,50894,,MIDCPNIFTY,,2026-10-27,2026-10-27,15150.00,PE,MIDCPNIFTY26OCT15150PE,0.00,0.00,0.00,875.20,0.00,875.20,14713.65,648.29,0,0,0,0.00,0,F1,120,,,,,
2026-09-04,2026-09-04,FO,NSE,IDO,72938,,MIDCPNIFTY,,2026-09-29,2026-09-29,14500.00,CE,MIDCPNIFTY26SEP14500CE,379.65,423.15,346.00,353.95,348.00,354.50,14713.65,353.95,138120,8520,422,753432906.00,339,F1,120,,,,,
2026-09-04,2026-09-04,FO,NSE,IDO,72894,,MIDCPNIFTY,,2026-09-29,2026-09-29,14400.00,CE,MIDCPNIFTY26SEP14400CE,463.75,474.80,436.40,438.15,438.15,460.00,14713.65,545.79,4800,120,13,23178018.00,13,F1,120,,,,,
2026-09-04,2026-09-04,FO,NSE,IDO,63664,,MIDCPNIFTY,,2026-11-23,2026-11-23,13350.00,PE,MIDCPNIFTY26NOV13350PE,0.00,0.00,0.00,83.25,0.00,83.25,14713.65,95.69,0,0,0,0.00,0,F1,120,,,,,
2026-09-04,2026-09-04,FO,NSE,IDO,63710,,MIDCPNIFTY,,2026-11-23,2026-11-23,13925.00,PE,MIDCPNIFTY26NOV13925PE,0.00,0.00,0.00,179.15,0.00,179.15,14713.65,210.25,0,0,0,0.00,0,F1,120,,,,,
2026-09-04,2026-09-04,FO,NSE,IDO,63736,,MIDCPNIFTY,,2026-11-23,2026-11-23,14150.00,PE,MIDCPNIFTY26NOV14150PE,0.00,0.00,0.00,233.50,0.00,233.50,14713.65,273.65,0,0,0,0.00,0,F1,120,,,,,
2026-09-04,2026-09-04,FO,NSE,IDO,63848,,MIDCPNIFTY,,2026-11-23,2026-11-23,15300.00,PE,MIDCPNIFTY26NOV15300PE,0.00,0.00,0.00,686.45,0.00,686.45,14713.65,803.35,0,0,0,0.00,0,F1,120,,,,,
2026-09-04,2026-09-04,FO,NSE,IDO,63839,,MIDCPNIFTY,,2026-11-23,2026-11-23,15200.00,CE,MIDCPNIFTY26NOV15200CE,0.00,0.00,0.00,661.25,0.00,661.25,14713.65,470.42,0,0,0,0.00,0,F1,120,,,,,
2026-09-04,2026-09-04,FO,NSE,IDO,63691,,MIDCPNIFTY,,2026-11-23,2026-11-23,13700.00,CE,MIDCPNIFTY26NOV13700CE,0.00,0.00,0.00,1639.40,0.00,1639.40,14713.65,1362.84,0,0,0,0.00,0,F1,120,,,,,
2026-09-04,2026-09-04,FO,NSE,IDO,50740,,MIDCPNIFTY,,2026-10-27,2026-10-27,14000.00,PE,MIDCPNIFTY26OCT14000PE,0.00,0.00,0.00,334.60,0.00,334.60,14713.65,162.17,0,0,0,0.00,0,F1,120,,,,,
2026-09-04,2026-09-04,FO,NSE,IDO,63846,,MIDCPNIFTY,,2026-11-23,2026-11-23,15275.00,PE,MIDCPNIFTY26NOV15275PE,0.00,0.00,0.00,673.25,0.00,673.25,14713.65,788.21,0,0,0,0.00,0,F1,120,,,,,
2026-09-04,2026-09-04,FO,NSE,IDO,63804,,MIDCPNIFTY,,2026-11-23,2026-11-23,14800.00,PE,MIDCPNIFTY26NOV14800PE,0.00,0.00,0.00,450.80,0.00,450.80,14713.65,530.73,0,0,0,0.00,0,F1,120,,,,,
2026-09-04,2026-09-04,FO,NSE,IDO,63731,,MIDCPNIFTY,,2026-11-23,2026-11-23,14100.00,PE,MIDCPNIFTY26NOV14100PE,0.00,0.00,0.00,220.70,0.00,220.70,14713.65,258.34,0,0,0,0.00,0,F1,120,,,,,
2026-09-04,2026-09-04,FO,NSE,IDO,50973,,MIDCPNIFTY,,2026-10-27,2026-10-27,15525.00,PE,MIDCPNIFTY26OCT15525PE,0.00,0.00,0.00,1116.20,0.00,1116.20,14713.65,896.03,0,0,0,0.00,0,F1,120,,,,,
2026-09-04,2026-09-04,FO,NSE,IDO,72691,,MIDCPNIFTY,,2026-09-29,2026-09-29,13475.00,PE,MIDCPNIFTY26SEP13475PE,0.00,0.00,0.00,224.90,0.00,224.90,14713.65,17.15,0,0,0,0.00,0,F1,120,,,,,
2026-09-04,2026-09-04,FO,NSE,IDO,72853,,MIDCPNIFTY,,2026-09-29,2026-09-29,14300.00,CE,MIDCPNIFTY26SEP14300CE,576.00,576.00,576.00,576.00,576.00,476.00,14713.65,614.21,1920,-240,2,3570240.00,1,F1,120,,,,,
2026-09-04,2026-09-04,FO,NSE,IDO,72794,,MIDCPNIFTY,,2026-09-29,2026-09-29,13850.00,PE,MIDCPNIFTY26SEP13850PE,0.00,0.00,0.00,333.00,0.00,333.00,14713.65,50.55,0,0,0,0.00,0,F1,120,,,,,
2026-09-04,2026-09-04,FO,NSE,IDO,72816,,MIDCPNIFTY,,2026-09-29,2026-09-29,14050.00,PE,MIDCPNIFTY26SEP14050PE,0.00,0.00,0.00,403.65,0.00,403.65,14713.65,82.82,0,0,0,0.00,0,F1,120,,,,,
2026-09-04,2026-09-04,FO,NSE,IDO,72828,,MIDCPNIFTY,,2026-09-29,2026-09-29,14150.00,PE,MIDCPNIFTY26SEP14150PE,0.00,0.00,0.00,442.40,0.00,442.40,14713.65,103.94,0,0,0,0.00,0,F1,120,,,,,
2026-09-04,2026-09-04,FO,NSE,IDO,73098,,MIDCPNIFTY,,2026-09-29,2026-09-29,15500.00,PE,MIDCPNIFTY26SEP15500PE,650.00,740.85,650.00,740.85,740.85,702.00,14713.65,816.93,9120,0,3,5832102.00,3,F1,120,,,,,
2026-09-04,2026-09-04,FO,NSE,IDO,50953,,MIDCPNIFTY,,2026-10-27,2026-10-27,15375.00,PE,MIDCPNIFTY26OCT15375PE,0.00,0.00,0.00,1016.30,0.00,1016.30,14713.65,792.14,0,0,0,0.00,0,F1,120,,,,,
2026-09-04,2026-09-04,FO,NSE,IDO,50856,,MIDCPNIFTY,,2026-10-27,2026-10-27,14825.00,PE,MIDCPNIFTY26OCT14825PE,0.00,0.00,0.00,279.40,279.40,279.40,14713.65,467.97,720,0,0,0.00,0,F1,120,,,,,
2026-09-04,2026-09-04,FO,NSE,IDO,50756,,MIDCPNIFTY,,2026-10-27,2026-10-27,14100.00,PE,MIDCPNIFTY26OCT14100PE,0.00,0.00,0.00,369.35,0.00,369.35,14713.65,188.60,0,0,0,0.00,0,F1,120,,,,,
2026-09-04,2026-09-04,FO,NSE,IDO,50985,,MIDCPNIFTY,,2026-10-27,2026-10-27,15625.00,PE,MIDCPNIFTY26OCT15625PE,0.00,0.00,0.00,1185.25,0.00,1185.25,14713.65,968.59,0,0,0,0.00,0,F1,120,,,,,
2026-09-04,2026-09-04,FO,NSE,IDO,50722,,MIDCPNIFTY,,2026-10-27,2026-10-27,13800.00,PE,MIDCPNIFTY26OCT13800PE,0.00,0.00,0.00,271.95,0.00,271.95,14713.65,118.19,0,0,0,0.00,0,F1,120,,,,,
2026-09-04,2026-09-04,FO,NSE,IDO,50704,,MIDCPNIFTY,,2026-10-27,2026-10-27,13625.00,PE,MIDCPNIFTY26OCT13625PE,0.00,0.00,0.00,225.05,0.00,225.05,14713.65,87.66,0,0,0,0.00,0,F1,120,,,,,
2026-09-04,2026-09-04,FO,NSE,IDO,50686,,MIDCPNIFTY,,2026-10-27,2026-10-27,13475.00,PE,MIDCPNIFTY26OCT13475PE,0.00,0.00,0.00,188.70,0.00,188.70,14713.65,66.69,0,0,0,0.00,0,F1,120,,,,,
2026-09-04,2026-09-04,FO,NSE,IDO,50677,,MIDCPNIFTY,,2026-10-27,2026-10-27,13375.00,PE,MIDCPNIFTY26OCT13375PE,0.00,0.00,0.00,167.25,0.00,167.25,14713.65,55.06,0,0,0,0.00,0,F1,120,,,,,
2026-09-04,2026-09-04,FO,NSE,IDO,73373,,MIDCPNIFTY,,2026-09-29,2026-09-29,16500.00,PE,MIDCPNIFTY26SEP16500PE,0.00,0.00,0.00,1450.00,1450.00,1450.00,14713.65,1727.88,3480,0,0,0.00,0,F1,120,,,,,
2026-09-04,2026-09-04,FO,NSE,IDO,73232,,MIDCPNIFTY,,2026-09-29,2026-09-29,16025.00,PE,MIDCPNIFTY26SEP16025PE,0.00,0.00,0.00,1576.95,0.00,1576.95,14713.65,1275.43,0,0,0,0.00,0,F1,120,,,,,
2026-09-04,2026-09-04,FO,NSE,IDO,72623,,MIDCPNIFTY,,2026-09-29,2026-09-29,12975.00,PE,MIDCPNIFTY26SEP12975PE,0.00,0.00,0.00,122.35,0.00,122.35,14713.65,2.84,0,0,0,0.00,0,F1,120,,,,,
2026-09-04,2026-09-04,FO,NSE,IDO,72621,,MIDCPNIFTY,,2026-09-29,2026-09-29,12950.00,PE,MIDCPNIFTY26SEP12950PE,0.00,0.00,0.00,118.40,0.00,118.40,14713.65,2.56,0,0,0,0.00,0,F1,120,,,,,
2026-09-04,2026-09-04,FO,NSE,IDO,63937,,MIDCPNIFTY,,2026-11-23,2026-11-23,16400.00,CE,MIDCPNIFTY26NOV16400CE,0.00,0.00,0.00,248.10,0.00,248.10,14713.65,146.38,0,0,0,0.00,0,F1,120,,,,,
2026-09-04,2026-09-04,FO,NSE,IDO,63885,,MIDCPNIFTY,,2026-11-23,2026-11-23,15775.00,CE,MIDCPNIFTY26NOV15775CE,0.00,0.00,0.00,424.90,0.00,424.90,14713.65,278.36,0,0,0,0.00,0,F1,120,,,,,
2026-09-04,2026-09-04,FO,NSE,IDO,63693,,MIDCPNIFTY,,2026-11-23,2026-11-23,13725.00,CE,MIDCPNIFTY26NOV13725CE,0.00,0.00,0.00,1619.25,0.00,1619.25,14713.65,1343.49,0,0,0,0.00,0,F1,120,,,,,
2026-09-04,2026-09-04,FO,NSE,IDO,50951,,MIDCPNIFTY,,2026-10-27,2026-10-27,15350.00,PE,MIDCPNIFTY26OCT15350PE,0.00,0.00,0.00,1000.05,0.00,1000.05,14713.65,775.43,0,0,0,0.00,0,F1,120,,,,,
2026-09-04,2026-09-04,FO,NSE,IDO,63651,,MIDCPNIFTY,,2026-11-23,2026-11-23,13200.00,CE,MIDCPNIFTY26NOV13200CE,0.00,0.00,0.00,2063.55,0.00,2063.55,14713.65,1774.55,0,0,0,0.00,0,F1,120,,,,,
2026-09-04,2026-09-04,FO,NSE,IDO,50918,,MIDCPNIFTY,,2026-10-27,2026-10-27,15250.00,CE,MIDCPNIFTY26OCT15250CE,0.00,0.00,0.00,456.65,0.00,456.65,14713.65,315.98,0,0,0,0.00,0,F1,120,,,,,
2026-09-04,2026-09-04,FO,NSE,IDO,50889,,MIDCPNIFTY,,2026-10-27,2026-10-27,15100.00,CE,MIDCPNIFTY26OCT15100CE,0.00,0.00,0.00,513.15,0.00,513.15,14713.65,372.58,0,0,0,0.00,0,F1,120,,,,,
2026-09-04,2026-09-04,FO,NSE,IDO,50877,,MIDCPNIFTY,,2026-10-27,2026-10-27,14950.00,CE,MIDCPNIFTY26OCT14950CE,0.00,0.00,0.00,574.65,0.00,574.65,14713.65,436.15,0,0,0,0.00,0,F1,120,,,,,
2026-09-04,2026-09-04,FO,NSE,IDO,63712,,MIDCPNIFTY,,2026-11-23,2026-11-23,13950.00,PE,MIDCPNIFTY26NOV13950PE,0.00,0.00,0.00,184.60,0.00,184.60,14713.65,216.75,0,0,0,0.00,0,F1,120,,,,,
2026-09-04,2026-09-04,FO,NSE,IDO,63769,,MIDCPNIFTY,,2026-11-23,2026-11-23,14475.00,CE,MIDCPNIFTY26NOV14475CE,0.00,0.00,0.00,1070.60,0.00,1070.60,14713.65,829.99,0,0,0,0.00,0,F1,120,,,,,
2026-09-04,2026-09-04,FO,NSE,IDO,63733,,MIDCPNIFTY,,2026-11-23,2026-11-23,14125.00,CE,MIDCPNIFTY26NOV14125CE,0.00,0.00,0.00,1312.80,0.00,1312.80,14713.65,1052.55,0,0,0,0.00,0,F1,120,,,,,
2026-09-04,2026-09-04,FO,NSE,IDO,63723,,MIDCPNIFTY,,2026-11-23,2026-11-23,14025.00,CE,MIDCPNIFTY26NOV14025CE,0.00,0.00,0.00,1386.05,0.00,1386.05,14713.65,1122.35,0,0,0,0.00,0,F1,120,,,,,
2026-09-04,2026-09-04,FO,NSE,IDO,73095,,MIDCPNIFTY,,2026-09-29,2026-09-29,15475.00,CE,MIDCPNIFTY26SEP15475CE,0.00,0.00,0.00,359.05,0.00,359.05,14713.65,98.11,0,0,0,0.00,0,F1,120,,,,,
2026-09-04,2026-09-04,FO,NSE,IDO,73017,,MIDCPNIFTY,,2026-09-29,2026-09-29,15250.00,CE,MIDCPNIFTY26SEP15250CE,0.00,0.00,0.00,430.20,0.00,430.20,14713.65,150.80,0,0,0,0.00,0,F1,120,,,,,
2026-09-04,2026-09-04,FO,NSE,IDO,72990,,MIDCPNIFTY,,2026-09-29,2026-09-29,15100.00,CE,MIDCPNIFTY26SEP15100CE,66.00,76.00,53.50,55.40,54.65,62.35,14713.65,55.40,342600,18720,2019,3674151660.00,1679,F1,120,,,,,
2026-09-04,2026-09-04,FO,NSE,IDO,63826,,MIDCPNIFTY,,2026-11-23,2026-11-23,15050.00,PE,MIDCPNIFTY26NOV15050PE,0.00,0.00,0.00,561.15,0.00,561.15,14713.65,659.00,0,0,0,0.00,0,F1,120,,,,,
2026-09-04,2026-09-04,FO,NSE,IDO,72942,,MIDCPNIFTY,,2026-09-29,2026-09-29,14550.00,CE,MIDCPNIFTY26SEP14550CE,357.75,380.25,310.80,311.75,310.90,318.60,14713.65,311.75,12960,0,13,23229876.00,13,F1,120,,,,,
2026-09-04,2026-09-04,FO,NSE,IDO,72835,,MIDCPNIFTY,,2026-09-29,2026-09-29,14200.00,CE,MIDCPNIFTY26SEP14200CE,0.00,0.00,0.00,548.70,550.00,548.70,14713.65,687.01,3360,0,0,0.00,0,F1,120,,,,,
2026-09-04,2026-09-04,FO,NSE,IDO,72815,,MIDCPNIFTY,,2026-09-29,2026-09-29,14050.00,CE,MIDCPNIFTY26SEP14050CE,0.00,0.00,0.00,995.50,0.00,995.50,14713.65,803.32,0,0,0,0.00,0,F1,120,,,,,
2026-09-04,2026-09-04,FO,NSE,IDO,72778,,MIDCPNIFTY,,2026-09-29,2026-09-29,13775.00,CE,MIDCPNIFTY26SEP13775CE,0.00,0.00,0.00,1171.45,0.00,1171.45,14713.65,1035.80,0,0,0,0.00,0,F1,120,,,,,
2026-09-04,2026-09-04,FO,NSE,IDO,72632,,MIDCPNIFTY,,2026-09-29,2026-09-29,13100.00,CE,MIDCPNIFTY26SEP13100CE,0.00,0.00,0.00,1671.00,0.00,1671.00,14713.65,1671.30,0,0,0,0.00,0,F1,120,,,,,
2026-09-04,2026-09-04,FO,NSE,IDO,73268,,MIDCPNIFTY,,2026-09-29,2026-09-29,16100.00,PE,MIDCPNIFTY26SEP16100PE,0.00,0.00,0.00,1636.15,0.00,1636.15,14713.65,1345.24,0,0,0,0.00,0,F1,120,,,,,
2026-09-04,2026-09-04,FO,NSE,IDO,73177,,MIDCPNIFTY,,2026-09-29,2026-09-29,15850.00,PE,MIDCPNIFTY26SEP15850PE,0.00,0.00,0.00,1442.65,0.00,1442.65,14713.65,1116.01,0,0,0,0.00,0,F1,120,,,,,
2026-09-04,2026-09-04,FO,NSE,IDO,72768,,MIDCPNIFTY,,2026-09-29,2026-09-29,13725.00,PE,MIDCPNIFTY26SEP13725PE,0.00,0.00,0.00,293.35,0.00,293.35,14713.65,36.09,0,0,0,0.00,0,F1,120,,,,,
2026-09-04,2026-09-04,FO,NSE,IDO,72933,,MIDCPNIFTY,,2026-09-29,2026-09-29,14425.00,PE,MIDCPNIFTY26SEP14425PE,0.00,0.00,0.00,560.90,0.00,560.90,14713.65,182.35,0,0,0,0.00,0,F1,120,,,,,
2026-09-04,2026-09-04,FO,NSE,IDO,50702,,MIDCPNIFTY,,2026-10-27,2026-10-27,13600.00,PE,MIDCPNIFTY26OCT13600PE,0.00,0.00,0.00,218.25,0.00,218.25,14713.65,83.85,0,0,0,0.00,0,F1,120,,,,,
2026-09-04,2026-09-04,FO,NSE,IDO,50724,,MIDCPNIFTY,,2026-10-27,2026-10-27,13825.00,PE,MIDCPNIFTY26OCT13825PE,0.00,0.00,0.00,279.30,0.00,279.30,14713.65,123.13,0,0,0,0.00,0,F1,120,,,,,
2026-09-04,2026-09-04,FO,NSE,IDO,50835,,MIDCPNIFTY,,2026-10-27,2026-10-27,14650.00,PE,MIDCPNIFTY26OCT14650PE,0.00,0.00,0.00,602.10,0.00,602.10,14713.65,385.02,0,0,0,0.00,0,F1,120,,,,,
2026-09-04,2026-09-04,FO,NSE,IDO,50858,,MIDCPNIFTY,,2026-10-27,2026-10-27,14850.00,PE,MIDCPNIFTY26OCT14850PE,0.00,0.00,0.00,704.40,0.00,704.40,14713.65,480.64,0,0,0,0.00,0,F1,120,,,,,
2026-09-04,2026-09-04,FO,NSE,IDO,63904,,MIDCPNIFTY,,2026-11-23,2026-11-23,16000.00,PE,MIDCPNIFTY26NOV16000PE,0.00,0.00,0.00,1113.60,0.00,1113.60,14713.65,1285.58,0,0,0,0.00,0,F1,120,,,,,
2026-09-04,2026-09-04,FO,NSE,IDO,63863,,MIDCPNIFTY,,2026-11-23,2026-11-23,15500.00,CE,MIDCPNIFTY26NOV15500CE,0.00,0.00,0.00,528.50,0.00,528.50,14713.65,360.73,0,0,0,0.00,0,F1,120,,,,,
2026-09-04,2026-09-04,FO,NSE,IDO,63689,,MIDCPNIFTY,,2026-11-23,2026-11-23,13675.00,CE,MIDCPNIFTY26NOV13675CE,0.00,0.00,0.00,1659.70,0.00,1659.70,14713.65,1382.31,0,0,0,0.00,0,F1,120,,,,,
2026-09-04,2026-09-04,FO,NSE,IDO,63685,,MIDCPNIFTY,,2026-11-23,2026-11-23,13625.00,CE,MIDCPNIFTY26NOV13625CE,0.00,0.00,0.00,1700.55,0.00,1700.55,14713.65,1421.64,0,0,0,0.00,0,F1,120,,,,,
2026-09-04,2026-09-04,FO,NSE,IDO,50733,,MIDCPNIFTY,,2026-10-27,2026-10-27,13925.00,CE,MIDCPNIFTY26OCT13925CE,0.00,0.00,0.00,1135.25,0.00,1135.25,14713.65,1062.72,0,0,0,0.00,0,F1,120,,,,,
2026-09-04,2026-09-04,FO,NSE,IDO,73267,,MIDCPNIFTY,,2026-09-29,2026-09-29,16100.00,CE,MIDCPNIFTY26SEP16100CE,0.00,0.00,0.00,209.45,0.00,209.45,14713.65,24.04,0,0,0,0.00,0,F1,120,,,,,
2026-09-04,2026-09-04,FO,NSE,IDO,73186,,MIDCPNIFTY,,2026-09-29,2026-09-29,15900.00,CE,MIDCPNIFTY26SEP15900CE,3.45,3.50,2.30,2.55,2.55,3.30,14713.65,2.55,239760,6960,468,893107608.00,197,F1,120,,,,,
2026-09-04,2026-09-04,FO,NSE,IDO,73128,,MIDCPNIFTY,,2026-09-29,2026-09-29,15750.00,CE,MIDCPNIFTY26SEP15750CE,0.00,0.00,0.00,285.65,0.00,285.65,14713.65,54.91,0,0,0,0.00,0,F1,120,,,,,
2026-09-04,2026-09-04,FO,NSE,IDO,73086,,MIDCPNIFTY,,2026-09-29,2026-09-29,15375.00,CE,MIDCPNIFTY26SEP15375CE,20.00,21.00,12.50,13.95,13.95,16.95,14713.65,13.95,4440,-720,12,22165032.00,12,F1,120,,,,,
2026-09-04,2026-09-04,FO,NSE,IDO,72998,,MIDCPNIFTY,,2026-09-29,2026-09-29,15200.00,CE,MIDCPNIFTY26SEP15200CE,42.95,48.95,34.00,35.65,35.25,41.45,14713.65,35.65,260520,-360,3135,5734002714.00,2509,F1,120,,,,,
2026-09-04,2026-09-04,FO,NSE,IDO,72629,,MIDCPNIFTY,,2026-09-29,2026-09-29,13050.00,PE,MIDCPNIFTY26SEP13050PE,0.00,0.00,0.00,134.85,0.00,134.85,14713.65,3.83,0,0,0,0.00,0,F1,120,,,,,
2026-09-04,2026-09-04,FO,NSE,IDO,72944,,MIDCPNIFTY,,2026-09-29,2026-09-29,14575.00,CE,MIDCPNIFTY26SEP14575CE,337.55,337.55,314.35,314.40,314.40,316.45,14713.65,436.90,9000,-120,3,5362956.00,3,F1,120,,,,,
2026-09-04,2026-09-04,FO,NSE,IDO,72799,,MIDCPNIFTY,,2026-09-29,2026-09-29,13925.00,CE,MIDCPNIFTY26SEP13925CE,0.00,0.00,0.00,1073.35,0.00,1073.35,14713.65,906.22,0,0,0,0.00,0,F1,120,,,,,
2026-09-04,2026-09-04,FO,NSE,IDO,72767,,MIDCPNIFTY,,2026-09-29,2026-09-29,13725.00,CE,MIDCPNIFTY26SEP13725CE,0.00,0.00,0.00,1205.20,0.00,1205.20,14713.65,1080.28,0,0,0,0.00,0,F1,120,,,,,
2026-09-04,2026-09-04,FO,NSE,IDO,72650,,MIDCPNIFTY,,2026-09-29,2026-09-29,13325.00,CE,MIDCPNIFTY26SEP13325CE,0.00,0.00,0.00,1494.70,0.00,1494.70,14713.65,1453.04,0,0,0,0.00,0,F1,120,,,,,
2026-09-04,2026-09-04,FO,NSE,IDO,72626,,MIDCPNIFTY,,2026-09-29,2026-09-29,13025.00,CE,MIDCPNIFTY26SEP13025CE,0.00,0.00,0.00,1731.70,0.00,1731.70,14713.65,1744.82,0,0,0,0.00,0,F1,120,,,,,
2026-09-04,2026-09-04,FO,NSE,IDO,72651,,MIDCPNIFTY,,2026-09-29,2026-09-29,13325.00,PE,MIDCPNIFTY26SEP13325PE,0.00,0.00,0.00,188.95,0.00,188.95,14713.65,10.47,0,0,0,0.00,0,F1,120,,,,,
2026-09-04,2026-09-04,FO,NSE,IDO,50667,,MIDCPNIFTY,,2026-10-27,2026-10-27,13275.00,CE,MIDCPNIFTY26OCT13275CE,0.00,0.00,0.00,1613.10,0.00,1613.10,14713.65,1607.31,0,0,0,0.00,0,F1,120,,,,,
2026-09-04,2026-09-04,FO,NSE,IDO,50655,,MIDCPNIFTY,,2026-10-27,2026-10-27,13150.00,CE,MIDCPNIFTY26OCT13150CE,0.00,0.00,0.00,1714.20,0.00,1714.20,14713.65,1720.81,0,0,0,0.00,0,F1,120,,,,,
2026-09-04,2026-09-04,FO,NSE,IDO,50673,,MIDCPNIFTY,,2026-10-27,2026-10-27,13350.00,CE,MIDCPNIFTY26OCT13350CE,0.00,0.00,0.00,1553.75,0.00,1553.75,14713.65,1540.33,0,0,0,0.00,0,F1,120,,,,,
2026-09-04,2026-09-04,FO,NSE,IDO,50683,,MIDCPNIFTY,,2026-10-27,2026-10-27,13450.00,CE,MIDCPNIFTY26OCT13450CE,0.00,0.00,0.00,1476.25,0.00,1476.25,14713.65,1452.45,0,0,0,0.00,0,F1,120,,,,,
2026-09-04,2026-09-04,FO,NSE,IDO,73124,,MIDCPNIFTY,,2026-09-29,2026-09-29,15700.00,CE,MIDCPNIFTY26SEP15700CE,0.00,0.00,0.00,297.45,0.00,297.45,14713.65,61.29,0,0,0,0.00,0,F1,120,,,,,
2026-09-04,2026-09-04,FO,NSE,IDO,72656,,MIDCPNIFTY,,2026-09-29,2026-09-29,13400.00,CE,MIDCPNIFTY26SEP13400CE,0.00,0.00,0.00,1490.00,1490.00,1490.00,14713.65,1381.34,720,0,0,0.00,0,F1,120,,,,,
2026-09-04,2026-09-04,FO,NSE,IDO,50695,,MIDCPNIFTY,,2026-10-27,2026-10-27,13575.00,CE,MIDCPNIFTY26OCT13575CE,0.00,0.00,0.00,1382.05,0.00,1382.05,14713.65,1345.17,0,0,0,0.00,0,F1,120,,,,,
2026-09-04,2026-09-04,FO,NSE,IDO,50727,,MIDCPNIFTY,,2026-10-27,2026-10-27,13875.00,CE,MIDCPNIFTY26OCT13875CE,0.00,0.00,0.00,1168.85,0.00,1168.85,14713.65,1101.27,0,0,0,0.00,0,F1,120,,,,,
2026-09-04,2026-09-04,FO,NSE,IDO,50778,,MIDCPNIFTY,,2026-10-27,2026-10-27,14225.00,CE,MIDCPNIFTY26OCT14225CE,0.00,0.00,0.00,945.65,0.00,945.65,14713.65,845.60,0,0,0,0.00,0,F1,120,,,,,
2026-09-04,2026-09-04,FO,NSE,IDO,63659,,MIDCPNIFTY,,2026-11-23,2026-11-23,13300.00,CE,MIDCPNIFTY26NOV13300CE,0.00,0.00,0.00,1975.85,0.00,1975.85,14713.65,1688.75,0,0,0,0.00,0,F1,120,,,,,
2026-09-04,2026-09-04,FO,NSE,IDO,63661,,MIDCPNIFTY,,2026-11-23,2026-11-23,13325.00,CE,MIDCPNIFTY26NOV13325CE,0.00,0.00,0.00,1954.15,0.00,1954.15,14713.65,1667.55,0,0,0,0.00,0,F1,120,,,,,
2026-09-04,2026-09-04,FO,NSE,IDO,63783,,MIDCPNIFTY,,2026-11-23,2026-11-23,14600.00,CE,MIDCPNIFTY26NOV14600CE,0.00,0.00,0.00,991.10,0.00,991.10,14713.65,758.17,0,0,0,0.00,0,F1,120,,,,,
2026-09-04,2026-09-04,FO,NSE,IDO,72987,,MIDCPNIFTY,,2026-09-29,2026-09-29,15050.00,PE,MIDCPNIFTY26SEP15050PE,0.00,0.00,0.00,340.00,340.00,340.00,14713.65,489.57,28320,0,0,0.00,0,F1,120,,,,,
2026-09-04,2026-09-04,FO,NSE,IDO,73117,,MIDCPNIFTY,,2026-09-29,2026-09-29,15600.00,PE,MIDCPNIFTY26SEP15600PE,0.00,0.00,0.00,1258.05,0.00,1258.05,14713.65,899.15,0,0,0,0.00,0,F1,120,,,,,
2026-09-04,2026-09-04,FO,NSE,IDO,73121,,MIDCPNIFTY,,2026-09-29,2026-09-29,15650.00,PE,MIDCPNIFTY26SEP15650PE,0.00,0.00,0.00,1293.95,0.00,1293.95,14713.65,941.31,0,0,0,0.00,0,F1,120,,,,,
2026-09-04,2026-09-04,FO,NSE,IDO,50751,,MIDCPNIFTY,,2026-10-27,2026-10-27,14050.00,PE,MIDCPNIFTY26OCT14050PE,0.00,0.00,0.00,351.70,0.00,351.70,14713.65,175.34,0,0,0,0.00,0,F1,120,,,,,
2026-09-04,2026-09-04,FO,NSE,IDO,50770,,MIDCPNIFTY,,2026-10-27,2026-10-27,14175.00,PE,MIDCPNIFTY26OCT14175PE,0.00,0.00,0.00,396.90,0.00,396.90,14713.65,209.37,0,0,0,0.00,0,F1,120,,,,,
2026-09-04,2026-09-04,FO,NSE,IDO,50848,,MIDCPNIFTY,,2026-10-27,2026-10-27,14750.00,PE,MIDCPNIFTY26OCT14750PE,0.00,0.00,0.00,267.65,267.65,267.65,14713.65,431.23,1080,0,0,0.00,0,F1,120,,,,,
2026-09-04,2026-09-04,FO,NSE,IDO,50957,,MIDCPNIFTY,,2026-10-27,2026-10-27,15400.00,PE,MIDCPNIFTY26OCT15400PE,0.00,0.00,0.00,1032.60,0.00,1032.60,14713.65,809.03,0,0,0,0.00,0,F1,120,,,,,
2026-09-04,2026-09-04,FO,NSE,IDO,63752,,MIDCPNIFTY,,2026-11-23,2026-11-23,14300.00,PE,MIDCPNIFTY26NOV14300PE,0.00,0.00,0.00,274.60,0.00,274.60,14713.65,323.30,0,0,0,0.00,0,F1,120,,,,,
2026-09-04,2026-09-04,FO,NSE,IDO,63774,,MIDCPNIFTY,,2026-11-23,2026-11-23,14525.00,PE,MIDCPNIFTY26NOV14525PE,0.00,0.00,0.00,346.70,0.00,346.70,14713.65,408.54,0,0,0,0.00,0,F1,120,,,,,
2026-09-04,2026-09-04,FO,NSE,IDO,63790,,MIDCPNIFTY,,2026-11-23,2026-11-23,14650.00,PE,MIDCPNIFTY26NOV14650PE,0.00,0.00,0.00,391.80,0.00,391.80,14713.65,461.60,0,0,0,0.00,0,F1,120,,,,,
2026-09-04,2026-09-04,FO,NSE,IDO,63818,,MIDCPNIFTY,,2026-11-23,2026-11-23,14975.00,PE,MIDCPNIFTY26NOV14975PE,0.00,0.00,0.00,526.50,0.00,526.50,14713.65,618.79,0,0,0,0.00,0,F1,120,,,,,
2026-09-04,2026-09-04,FO,NSE,IDO,50657,,MIDCPNIFTY,,2026-10-27,2026-10-27,13175.00,CE,MIDCPNIFTY26OCT13175CE,0.00,0.00,0.00,1693.75,0.00,1693.75,14713.65,1697.94,0,0,0,0.00,0,F1,120,,,,,
2026-09-04,2026-09-04,FO,NSE,IDF,68406,,MIDCPNIFTY,,2026-09-29,2026-09-29,,,MIDCPNIFTY26SEPFUT,14790.00,14863.90,14763.20,14772.30,14764.80,14770.30,14713.65,14772.30,1788360,-16080,1454,2583803088.00,1274,F1,120,,,,,
2026-09-04,2026-09-04,FO,NSE,IDO,63884,,MIDCPNIFTY,,2026-11-23,2026-11-23,15750.00,PE,MIDCPNIFTY26NOV15750PE,0.00,0.00,0.00,948.75,0.00,948.75,14713.65,1100.78,0,0,0,0.00,0,F1,120,,,,,
2026-09-04,2026-09-04,FO,NSE,IDO,63852,,MIDCPNIFTY,,2026-11-23,2026-11-23,15350.00,PE,MIDCPNIFTY26NOV15350PE,0.00,0.00,0.00,713.30,0.00,713.30,14713.65,834.08,0,0,0,0.00,0,F1,120,,,,,
2026-09-04,2026-09-04,FO,NSE,IDO,51089,,MIDCPNIFTY,,2026-10-27,2026-10-27,16600.00,PE,MIDCPNIFTY26OCT16600PE,0.00,0.00,0.00,1946.95,0.00,1946.95,14713.65,1783.57,0,0,0,0.00,0,F1,120,,,,,
2026-09-04,2026-09-04,FO,NSE,IDO,50949,,MIDCPNIFTY,,2026-10-27,2026-10-27,15325.00,PE,MIDCPNIFTY26OCT15325PE,0.00,0.00,0.00,984.00,0.00,984.00,14713.65,758.90,0,0,0,0.00,0,F1,120,,,,,
2026-09-04,2026-09-04,FO,NSE,IDO,50720,,MIDCPNIFTY,,2026-10-27,2026-10-27,13775.00,PE,MIDCPNIFTY26OCT13775PE,0.00,0.00,0.00,265.35,0.00,265.35,14713.65,113.39,0,0,0,0.00,0,F1,120,,,,,
2026-09-04,2026-09-04,FO,NSE,IDO,72979,,MIDCPNIFTY,,2026-09-29,2026-09-29,14950.00,PE,MIDCPNIFTY26SEP14950PE,249.95,281.40,219.60,272.10,281.40,278.65,14713.65,272.10,26880,-1920,64,116775252.00,41,F1,120,,,,,
2026-09-04,2026-09-04,FO,NSE,IDO,72965,,MIDCPNIFTY,,2026-09-29,2026-09-29,14825.00,PE,MIDCPNIFTY26SEP14825PE,206.90,206.90,153.75,202.75,199.95,207.05,14713.65,202.75,19200,-720,729,1312269192.00,674,F1,120,,,,,
2026-09-04,2026-09-04,FO,NSE,IDO,72659,,MIDCPNIFTY,,2026-09-29,2026-09-29,13425.00,PE,MIDCPNIFTY26SEP13425PE,0.00,0.00,0.00,212.10,0.00,212.10,14713.65,14.61,0,0,0,0.00,0,F1,120,,,,,
2026-09-04,2026-09-04,FO,NSE,IDO,63687,,MIDCPNIFTY,,2026-11-23,2026-11-23,13650.00,CE,MIDCPNIFTY26NOV13650CE,0.00,0.00,0.00,1680.10,0.00,1680.10,14713.65,1401.91,0,0,0,0.00,0,F1,120,,,,,
2026-09-04,2026-09-04,FO,NSE,IDO,63669,,MIDCPNIFTY,,2026-11-23,2026-11-23,13425.00,CE,MIDCPNIFTY26NOV13425CE,0.00,0.00,0.00,1868.10,0.00,1868.10,14713.65,1583.78,0,0,0,0.00,0,F1,120,,,,,
2026-09-04,2026-09-04,FO,NSE,IDO,63665,,MIDCPNIFTY,,2026-11-23,2026-11-23,13375.00,CE,MIDCPNIFTY26NOV13375CE,0.00,0.00,0.00,1910.95,0.00,1910.95,14713.65,1625.45,0,0,0,0.00,0,F1,120,,,,,
2026-09-04,2026-09-04,FO,NSE,IDO,51064,,MIDCPNIFTY,,2026-10-27,2026-10-27,16300.00,CE,MIDCPNIFTY26OCT16300CE,0.00,0.00,0.00,183.60,0.00,183.60,14713.65,81.39,0,0,0,0.00,0,F1,120,,,,,
2026-09-04,2026-09-04,FO,NSE,IDO,50793,,MIDCPNIFTY,,2026-10-27,2026-10-27,14375.00,CE,MIDCPNIFTY26OCT14375CE,0.00,0.00,0.00,858.75,0.00,858.75,14713.65,747.11,0,0,0,0.00,0,F1,120,,,,,
2026-09-04,2026-09-04,FO,NSE,IDO,50757,,MIDCPNIFTY,,2026-10-27,2026-10-27,14125.00,CE,MIDCPNIFTY26OCT14125CE,0.00,0.00,0.00,1006.55,0.00,1006.55,14713.65,915.05,0,0,0,0.00,0,F1,120,,,,,
2026-09-04,2026-09-04,FO,NSE,IDO,50737,,MIDCPNIFTY,,2026-10-27,2026-10-27,13975.00,CE,MIDCPNIFTY26OCT13975CE,0.00,0.00,0.00,1102.25,0.00,1102.25,14713.65,1024.83,0,0,0,0.00,0,F1,120,,,,,
2026-09-04,2026-09-04,FO,NSE,IDO,72797,,MIDCPNIFTY,,2026-09-29,2026-09-29,13900.00,CE,MIDCPNIFTY26SEP13900CE,0.00,0.00,0.00,1010.00,1010.00,1010.00,14713.65,927.38,120,0,0,0.00,0,F1,120,,,,,
2026-09-04,2026-09-04,FO,NSE,IDO,72633,,MIDCPNIFTY,,2026-09-29,2026-09-29,13100.00,PE,MIDCPNIFTY26SEP13100PE,0.00,0.00,0.00,143.70,0.00,143.70,14713.65,4.64,0,0,0,0.00,0,F1,120,,,,,
2026-09-04,2026-09-04,FO,NSE,IDO,72735,,MIDCPNIFTY,,2026-09-29,2026-09-29,13550.00,PE,MIDCPNIFTY26SEP13550PE,0.00,0.00,0.00,244.25,0.00,244.25,14713.65,21.66,0,0,0,0.00,0,F1,120,,,,,
2026-09-04,2026-09-04,FO,NSE,IDO,72758,,MIDCPNIFTY,,2026-09-29,2026-09-29,13675.00,PE,MIDCPNIFTY26SEP13675PE,0.00,0.00,0.00,278.45,0.00,278.45,14713.65,31.34,0,0,0,0.00,0,F1,120,,,,,
2026-09-04,2026-09-04,FO,NSE,IDO,73179,,MIDCPNIFTY,,2026-09-29,2026-09-29,15875.00,PE,MIDCPNIFTY26SEP15875PE,0.00,0.00,0.00,1461.65,0.00,1461.65,14713.65,1138.45,0,0,0,0.00,0,F1,120,,,,,
2026-09-04,2026-09-04,FO,NSE,IDO,50644,,MIDCPNIFTY,,2026-10-27,2026-10-27,13000.00,PE,MIDCPNIFTY26OCT13000PE,15.00,15.00,15.00,15.00,15.00,102.60,14713.65,25.00,120,120,1,1561800.00,1,F1,120,,,,,
2026-09-04,2026-09-04,FO,NSE,IDO,63695,,MIDCPNIFTY,,2026-11-23,2026-11-23,13750.00,CE,MIDCPNIFTY26NOV13750CE,0.00,0.00,0.00,1599.15,0.00,1599.15,14713.65,1324.28,0,0,0,0.00,0,F1,120,,,,,
2026-09-04,2026-09-04,FO,NSE,IDO,50754,,MIDCPNIFTY,,2026-10-27,2026-10-27,14075.00,PE,MIDCPNIFTY26OCT14075PE,0.00,0.00,0.00,360.45,0.00,360.45,14713.65,181.88,0,0,0,0.00,0,F1,120,,,,,
2026-09-04,2026-09-04,FO,NSE,IDO,50777,,MIDCPNIFTY,,2026-10-27,2026-10-27,14200.00,PE,MIDCPNIFTY26OCT14200PE,0.00,0.00,0.00,406.35,0.00,406.35,14713.65,216.87,0,0,0,0.00,0,F1,120,,,,,
2026-09-04,2026-09-04,FO,NSE,IDO,50794,,MIDCPNIFTY,,2026-10-27,2026-10-27,14375.00,PE,MIDCPNIFTY26OCT14375PE,0.00,0.00,0.00,476.80,0.00,476.80,14713.65,274.66,0,0,0,0.00,0,F1,120,,,,,
2026-09-04,2026-09-04,FO,NSE,IDO,50947,,MIDCPNIFTY,,2026-10-27,2026-10-27,15300.00,PE,MIDCPNIFTY26OCT15300PE,0.00,0.00,0.00,968.05,0.00,968.05,14713.65,742.55,0,0,0,0.00,0,F1,120,,,,,
2026-09-04,2026-09-04,FO,NSE,IDO,63666,,MIDCPNIFTY,,2026-11-23,2026-11-23,13375.00,PE,MIDCPNIFTY26NOV13375PE,0.00,0.00,0.00,86.35,0.00,86.35,14713.65,99.34,0,0,0,0.00,0,F1,120,,,,,
2026-09-04,2026-09-04,FO,NSE,IDO,63672,,MIDCPNIFTY,,2026-11-23,2026-11-23,13450.00,PE,MIDCPNIFTY26NOV13450PE,0.00,0.00,0.00,96.15,0.00,96.15,14713.65,110.95,0,0,0,0.00,0,F1,120,,,,,
2026-09-04,2026-09-04,FO,NSE,IDO,63692,,MIDCPNIFTY,,2026-11-23,2026-11-23,13700.00,PE,MIDCPNIFTY26NOV13700PE,0.00,0.00,0.00,135.00,0.00,135.00,14713.65,157.17,0,0,0,0.00,0,F1,120,,,,,
2026-09-04,2026-09-04,FO,NSE,IDO,50948,,MIDCPNIFTY,,2026-10-27,2026-10-27,15325.00,CE,MIDCPNIFTY26OCT15325CE,0.00,0.00,0.00,430.20,0.00,430.20,14713.65,290.19,0,0,0,0.00,0,F1,120,,,,,
2026-09-04,2026-09-04,FO,NSE,IDO,50875,,MIDCPNIFTY,,2026-10-27,2026-10-27,14925.00,CE,MIDCPNIFTY26OCT14925CE,0.00,0.00,0.00,585.40,0.00,585.40,14713.65,447.44,0,0,0,0.00,0,F1,120,,,,,
2026-09-04,2026-09-04,FO,NSE,IDO,50741,,MIDCPNIFTY,,2026-10-27,2026-10-27,14025.00,CE,MIDCPNIFTY26OCT14025CE,0.00,0.00,0.00,1069.80,0.00,1069.80,14713.65,988.16,0,0,0,0.00,0,F1,120,,,,,
2026-09-04,2026-09-04,FO,NSE,IDO,50714,,MIDCPNIFTY,,2026-10-27,2026-10-27,13725.00,CE,MIDCPNIFTY26OCT13725CE,0.00,0.00,0.00,1273.60,0.00,1273.60,14713.65,1220.65,0,0,0,0.00,0,F1,120,,,,,
2026-09-04,2026-09-04,FO,NSE,IDO,50689,,MIDCPNIFTY,,2026-10-27,2026-10-27,13500.00,CE,MIDCPNIFTY26OCT13500CE,0.00,0.00,0.00,1438.20,0.00,1438.20,14713.65,1409.18,0,0,0,0.00,0,F1,120,,,,,
2026-09-04,2026-09-04,FO,NSE,IDO,73134,,MIDCPNIFTY,,2026-09-29,2026-09-29,15825.00,CE,MIDCPNIFTY26SEP15825CE,0.00,0.00,0.00,267.85,0.00,267.85,14713.65,46.38,0,0,0,0.00,0,F1,120,,,,,
2026-09-04,2026-09-04,FO,NSE,IDO,72967,,MIDCPNIFTY,,2026-09-29,2026-09-29,14850.00,PE,MIDCPNIFTY26SEP14850PE,210.95,219.90,165.10,215.35,215.60,220.95,14713.65,215.35,22920,3960,467,842950350.00,397,F1,120,,,,,
2026-09-04,2026-09-04,FO,NSE,IDO,73120,,MIDCPNIFTY,,2026-09-29,2026-09-29,15650.00,CE,MIDCPNIFTY26SEP15650CE,0.00,0.00,0.00,310.35,0.00,310.35,14713.65,68.29,0,0,0,0.00,0,F1,120,,,,,
2026-09-04,2026-09-04,FO,NSE,IDO,72936,,MIDCPNIFTY,,2026-09-29,2026-09-29,14475.00,CE,MIDCPNIFTY26SEP14475CE,0.00,0.00,0.00,324.05,324.05,324.05,14713.65,497.39,600,0,0,0.00,0,F1,120,,,,,
2026-09-04,2026-09-04,FO,NSE,IDO,73131,,MIDCPNIFTY,,2026-09-29,2026-09-29,15775.00,PE,MIDCPNIFTY26SEP15775PE,0.00,0.00,0.00,1386.30,0.00,1386.30,14713.65,1049.45,0,0,0,0.00,0,F1,120,,,,,
2026-09-04,2026-09-04,FO,NSE,IDO,72861,,MIDCPNIFTY,,2026-09-29,2026-09-29,14325.00,CE,MIDCPNIFTY26SEP14325CE,0.00,0.00,0.00,424.20,424.20,424.20,14713.65,596.70,720,0,0,0.00,0,F1,120,,,,,
2026-09-04,2026-09-04,FO,NSE,IDO,72793,,MIDCPNIFTY,,2026-09-29,2026-09-29,13850.00,CE,MIDCPNIFTY26SEP13850CE,0.00,0.00,0.00,1121.75,0.00,1121.75,14713.65,970.24,0,0,0,0.00,0,F1,120,,,,,
2026-09-04,2026-09-04,FO,NSE,IDO,72642,,MIDCPNIFTY,,2026-09-29,2026-09-29,13225.00,CE,MIDCPNIFTY26SEP13225CE,0.00,0.00,0.00,1571.90,0.00,1571.90,14713.65,1549.54,0,0,0,0.00,0,F1,120,,,,,
2026-09-04,2026-09-04,FO,NSE,IDO,72634,,MIDCPNIFTY,,2026-09-29,2026-09-29,13125.00,CE,MIDCPNIFTY26SEP13125CE,0.00,0.00,0.00,1650.95,0.00,1650.95,14713.65,1646.86,0,0,0,0.00,0,F1,120,,,,,
2026-09-04,2026-09-04,FO,NSE,IDO,72628,,MIDCPNIFTY,,2026-09-29,2026-09-29,13050.00,CE,MIDCPNIFTY26SEP13050CE,0.00,0.00,0.00,1711.35,0.00,1711.35,14713.65,1720.28,0,0,0,0.00,0,F1,120,,,,,
2026-09-04,2026-09-04,FO,NSE,IDO,72620,,MIDCPNIFTY,,2026-09-29,2026-09-29,12950.00,CE,MIDCPNIFTY26SEP12950CE,0.00,0.00,0.00,1793.35,0.00,1793.35,14713.65,1818.62,0,0,0,0.00,0,F1,120,,,,,
2026-09-04,2026-09-04,FO,NSE,IDF,48703,,MIDCPNIFTY,,2026-10-27,2026-10-27,,,MIDCPNIFTY26OCTFUT,14868.20,14912.20,14804.90,14815.60,14824.40,14814.20,14713.65,14815.60,72840,-1680,69,123068952.00,64,F1,120,,,,,
2026-09-04,2026-09-04,FO,NSE,IDO,63871,,MIDCPNIFTY,,2026-11-23,2026-11-23,15600.00,CE,MIDCPNIFTY26NOV15600CE,0.00,0.00,0.00,488.90,0.00,488.90,14713.65,328.86,0,0,0,0.00,0,F1,120,,,,,
2026-09-04,2026-09-04,FO,NSE,IDO,72625,,MIDCPNIFTY,,2026-09-29,2026-09-29,13000.00,PE,MIDCPNIFTY26SEP13000PE,3.95,4.60,3.00,3.20,3.00,3.85,14713.65,3.20,60960,120,199,310519476.00,95,F1,120,,,,,
2026-09-04,2026-09-04,FO,NSE,IDO,63807,,MIDCPNIFTY,,2026-11-23,2026-11-23,14850.00,CE,MIDCPNIFTY26NOV14850CE,0.00,0.00,0.00,843.20,0.00,843.20,14713.65,626.81,0,0,0,0.00,0,F1,120,,,,,
2026-09-04,2026-09-04,FO,NSE,IDO,63819,,MIDCPNIFTY,,2026-11-23,2026-11-23,15000.00,CE,MIDCPNIFTY26NOV15000CE,0.00,0.00,0.00,761.60,0.00,761.60,14713.65,555.92,0,0,0,0.00,0,F1,120,,,,,
2026-09-04,2026-09-04,FO,NSE,IDO,63849,,MIDCPNIFTY,,2026-11-23,2026-11-23,15325.00,CE,MIDCPNIFTY26NOV15325CE,0.00,0.00,0.00,603.35,0.00,603.35,14713.65,422.08,0,0,0,0.00,0,F1,120,,,,,
2026-09-04,2026-09-04,FO,NSE,IDO,72658,,MIDCPNIFTY,,2026-09-29,2026-09-29,13425.00,CE,MIDCPNIFTY26SEP13425CE,0.00,0.00,0.00,1419.35,0.00,1419.35,14713.65,1357.59,0,0,0,0.00,0,F1,120,,,,,
2026-09-04,2026-09-04,FO,NSE,IDO,72863,,MIDCPNIFTY,,2026-09-29,2026-09-29,14350.00,CE,MIDCPNIFTY26SEP14350CE,545.05,545.05,529.75,529.75,529.75,483.70,14713.65,579.45,1440,0,3,5360382.00,3,F1,120,,,,,
2026-09-04,2026-09-04,FO,NSE,IDO,72992,,MIDCPNIFTY,,2026-09-29,2026-09-29,15125.00,CE,MIDCPNIFTY26SEP15125CE,63.80,67.65,47.05,49.65,48.50,57.95,14713.65,49.65,11520,-960,84,153049464.00,76,F1,120,,,,,
2026-09-04,2026-09-04,FO,NSE,IDO,73199,,MIDCPNIFTY,,2026-09-29,2026-09-29,15950.00,CE,MIDCPNIFTY26SEP15950CE,0.00,0.00,0.00,239.60,0.00,239.60,14713.65,34.66,0,0,0,0.00,0,F1,120,,,,,
2026-09-04,2026-09-04,FO,NSE,IDO,73207,,MIDCPNIFTY,,2026-09-29,2026-09-29,16000.00,CE,MIDCPNIFTY26SEP16000CE,2.45,3.10,2.25,2.35,2.25,2.80,14713.65,2.35,447720,15480,548,1052332248.00,258,F1,120,,,,,
2026-09-04,2026-09-04,FO,NSE,IDO,50651,,MIDCPNIFTY,,2026-10-27,2026-10-27,13100.00,CE,MIDCPNIFTY26OCT13100CE,0.00,0.00,0.00,1755.35,0.00,1755.35,14713.65,1766.79,0,0,0,0.00,0,F1,120,,,,,
2026-09-04,2026-09-04,FO,NSE,IDO,50691,,MIDCPNIFTY,,2026-10-27,2026-10-27,13525.00,CE,MIDCPNIFTY26OCT13525CE,0.00,0.00,0.00,1419.35,0.00,1419.35,14713.65,1387.72,0,0,0,0.00,0,F1,120,,,,,
2026-09-04,2026-09-04,FO,NSE,IDO,50817,,MIDCPNIFTY,,2026-10-27,2026-10-27,14525.00,CE,MIDCPNIFTY26OCT14525CE,0.00,0.00,0.00,777.10,0.00,777.10,14713.65,655.68,0,0,0,0.00,0,F1,120,,,,,
2026-09-04,2026-09-04,FO,NSE,IDO,63801,,MIDCPNIFTY,,2026-11-23,2026-11-23,14775.00,CE,MIDCPNIFTY26NOV14775CE,0.00,0.00,0.00,886.00,0.00,886.00,14713.65,664.53,0,0,0,0.00,0,F1,120,,,,,
2026-09-04,2026-09-04,FO,NSE,IDO,63835,,MIDCPNIFTY,,2026-11-23,2026-11-23,15150.00,CE,MIDCPNIFTY26NOV15150CE,0.00,0.00,0.00,685.40,0.00,685.40,14713.65,490.84,0,0,0,0.00,0,F1,120,,,,,
2026-09-04,2026-09-04,FO,NSE,IDO,63855,,MIDCPNIFTY,,2026-11-23,2026-11-23,15400.00,CE,MIDCPNIFTY26NOV15400CE,0.00,0.00,0.00,570.40,0.00,570.40,14713.65,394.90,0,0,0,0.00,0,F1,120,,,,,
2026-09-04,2026-09-04,FO,NSE,IDO,63919,,MIDCPNIFTY,,2026-11-23,2026-11-23,16200.00,CE,MIDCPNIFTY26NOV16200CE,0.00,0.00,0.00,296.05,0.00,296.05,14713.65,181.35,0,0,0,0.00,0,F1,120,,,,,
2026-09-04,2026-09-04,FO,NSE,IDO,72843,,MIDCPNIFTY,,2026-09-29,2026-09-29,14200.00,PE,MIDCPNIFTY26SEP14200PE,29.00,30.25,19.40,28.05,29.10,30.40,14713.65,28.05,22440,-2880,1752,2990836632.00,1206,F1,120,,,,,
2026-09-04,2026-09-04,FO,NSE,IDO,72953,,MIDCPNIFTY,,2026-09-29,2026-09-29,14675.00,PE,MIDCPNIFTY26SEP14675PE,151.95,151.95,100.95,137.60,133.05,139.65,14713.65,137.60,12960,720,382,678468060.00,301,F1,120,,,,,
2026-09-04,2026-09-04,FO,NSE,IDO,50726,,MIDCPNIFTY,,2026-10-27,2026-10-27,13850.00,PE,MIDCPNIFTY26OCT13850PE,0.00,0.00,0.00,286.80,0.00,286.80,14713.65,128.23,0,0,0,0.00,0,F1,120,,,,,
2026-09-04,2026-09-04,FO,NSE,IDO,63682,,MIDCPNIFTY,,2026-11-23,2026-11-23,13575.00,PE,MIDCPNIFTY26NOV13575PE,0.00,0.00,0.00,114.30,0.00,114.30,14713.65,132.55,0,0,0,0.00,0,F1,120,,,,,
2026-09-04,2026-09-04,FO,NSE,IDO,63726,,MIDCPNIFTY,,2026-11-23,2026-11-23,14050.00,PE,MIDCPNIFTY26NOV14050PE,0.00,0.00,0.00,207.80,0.00,207.80,14713.65,243.64,0,0,0,0.00,0,F1,120,,,,,
2026-09-04,2026-09-04,FO,NSE,IDO,63800,,MIDCPNIFTY,,2026-11-23,2026-11-23,14750.00,PE,MIDCPNIFTY26NOV14750PE,0.00,0.00,0.00,430.55,0.00,430.55,14713.65,507.03,0,0,0,0.00,0,F1,120,,,,,
2026-09-04,2026-09-04,FO,NSE,IDO,63812,,MIDCPNIFTY,,2026-11-23,2026-11-23,14900.00,PE,MIDCPNIFTY26NOV14900PE,0.00,0.00,0.00,493.15,0.00,493.15,14713.65,580.04,0,0,0,0.00,0,F1,120,,,,,
2026-09-04,2026-09-04,FO,NSE,IDO,63840,,MIDCPNIFTY,,2026-11-23,2026-11-23,15200.00,PE,MIDCPNIFTY26NOV15200PE,0.00,0.00,0.00,634.50,0.00,634.50,14713.65,743.73,0,0,0,0.00,0,F1,120,,,,,
2026-09-04,2026-09-04,FO,NSE,IDO,63858,,MIDCPNIFTY,,2026-11-23,2026-11-23,15425.00,PE,MIDCPNIFTY26NOV15425PE,0.00,0.00,0.00,754.65,0.00,754.65,14713.65,881.29,0,0,0,0.00,0,F1,120,,,,,
2026-09-04,2026-09-04,FO,NSE,IDO,63882,,MIDCPNIFTY,,2026-11-23,2026-11-23,15725.00,PE,MIDCPNIFTY26NOV15725PE,0.00,0.00,0.00,933.00,0.00,933.00,14713.65,1083.07,0,0,0,0.00,0,F1,120,,,,,
2026-09-04,2026-09-04,FO,NSE,IDO,72961,,MIDCPNIFTY,,2026-09-29,2026-09-29,14775.00,PE,MIDCPNIFTY26SEP14775PE,183.75,183.75,135.00,177.70,176.20,183.70,14713.65,177.70,12720,5760,1736,3111450402.00,1587,F1,120,,,,,
2026-09-04,2026-09-04,FO,NSE,IDO,72789,,MIDCPNIFTY,,2026-09-29,2026-09-29,13800.00,PE,MIDCPNIFTY26SEP13800PE,0.00,0.00,0.00,316.70,0.00,316.70,14713.65,44.30,0,0,0,0.00,0,F1,120,,,,,
2026-09-04,2026-09-04,FO,NSE,IDO,50788,,MIDCPNIFTY,,2026-10-27,2026-10-27,14300.00,PE,MIDCPNIFTY26OCT14300PE,0.00,0.00,0.00,445.70,0.00,445.70,14713.65,248.74,0,0,0,0.00,0,F1,120,,,,,
2026-09-04,2026-09-04,FO,NSE,IDO,73133,,MIDCPNIFTY,,2026-09-29,2026-09-29,15800.00,PE,MIDCPNIFTY26SEP15800PE,0.00,0.00,0.00,1405.00,0.00,1405.00,14713.65,1071.50,0,0,0,0.00,0,F1,120,,,,,
2026-09-04,2026-09-04,FO,NSE,IDO,50789,,MIDCPNIFTY,,2026-10-27,2026-10-27,14325.00,CE,MIDCPNIFTY26OCT14325CE,0.00,0.00,0.00,887.10,0.00,887.10,14713.65,779.17,0,0,0,0.00,0,F1,120,,,,,
2026-09-04,2026-09-04,FO,NSE,IDO,72954,,MIDCPNIFTY,,2026-09-29,2026-09-29,14700.00,CE,MIDCPNIFTY26SEP14700CE,239.20,276.25,212.55,217.00,215.00,226.10,14713.65,217.00,160800,2640,3010,5394563088.00,2582,F1,120,,,,,
2026-09-04,2026-09-04,FO,NSE,IDO,72817,,MIDCPNIFTY,,2026-09-29,2026-09-29,14075.00,CE,MIDCPNIFTY26SEP14075CE,0.00,0.00,0.00,980.35,0.00,980.35,14713.65,783.37,0,0,0,0.00,0,F1,120,,,,,
2026-09-04,2026-09-04,FO,NSE,IDO,63886,,MIDCPNIFTY,,2026-11-23,2026-11-23,15775.00,PE,MIDCPNIFTY26NOV15775PE,0.00,0.00,0.00,964.65,0.00,964.65,14713.65,1118.61,0,0,0,0.00,0,F1,120,,,,,
2026-09-04,2026-09-04,FO,NSE,IDO,63764,,MIDCPNIFTY,,2026-11-23,2026-11-23,14400.00,PE,MIDCPNIFTY26NOV14400PE,0.00,0.00,0.00,305.20,0.00,305.20,14713.65,359.56,0,0,0,0.00,0,F1,120,,,,,
2026-09-04,2026-09-04,FO,NSE,IDO,63734,,MIDCPNIFTY,,2026-11-23,2026-11-23,14125.00,PE,MIDCPNIFTY26NOV14125PE,0.00,0.00,0.00,227.05,0.00,227.05,14713.65,265.92,0,0,0,0.00,0,F1,120,,,,,
2026-09-04,2026-09-04,FO,NSE,IDO,50991,,MIDCPNIFTY,,2026-10-27,2026-10-27,15650.00,PE,MIDCPNIFTY26OCT15650PE,0.00,0.00,0.00,1202.85,0.00,1202.85,14713.65,987.79,0,0,0,0.00,0,F1,120,,,,,
2026-09-04,2026-09-04,FO,NSE,IDO,72662,,MIDCPNIFTY,,2026-09-29,2026-09-29,13475.00,CE,MIDCPNIFTY26SEP13475CE,0.00,0.00,0.00,1382.95,0.00,1382.95,14713.65,1310.33,0,0,0,0.00,0,F1,120,,,,,
2026-09-04,2026-09-04,FO,NSE,IDO,63696,,MIDCPNIFTY,,2026-11-23,2026-11-23,13750.00,PE,MIDCPNIFTY26NOV13750PE,0.00,0.00,0.00,144.00,0.00,144.00,14713.65,167.91,0,0,0,0.00,0,F1,120,,,,,
2026-09-04,2026-09-04,FO,NSE,IDO,63688,,MIDCPNIFTY,,2026-11-23,2026-11-23,13650.00,PE,MIDCPNIFTY26NOV13650PE,0.00,0.00,0.00,126.40,0.00,126.40,14713.65,146.95,0,0,0,0.00,0,F1,120,,,,,
2026-09-04,2026-09-04,FO,NSE,IDO,63680,,MIDCPNIFTY,,2026-11-23,2026-11-23,13550.00,PE,MIDCPNIFTY26NOV13550PE,0.00,0.00,0.00,110.50,0.00,110.50,14713.65,128.00,0,0,0,0.00,0,F1,120,,,,,
2026-09-04,2026-09-04,FO,NSE,IDO,50975,,MIDCPNIFTY,,2026-10-27,2026-10-27,15550.00,PE,MIDCPNIFTY26OCT15550PE,0.00,0.00,0.00,1133.30,0.00,1133.30,14713.65,913.93,0,0,0,0.00,0,F1,120,,,,,
2026-09-04,2026-09-04,FO,NSE,IDO,50820,,MIDCPNIFTY,,2026-10-27,2026-10-27,14525.00,PE,MIDCPNIFTY26OCT14525PE,0.00,0.00,0.00,542.90,0.00,542.90,14713.65,331.84,0,0,0,0.00,0,F1,120,,,,,
2026-09-04,2026-09-04,FO,NSE,IDO,50758,,MIDCPNIFTY,,2026-10-27,2026-10-27,14125.00,PE,MIDCPNIFTY26OCT14125PE,0.00,0.00,0.00,378.35,0.00,378.35,14713.65,194.93,0,0,0,0.00,0,F1,120,,,,,
2026-09-04,2026-09-04,FO,NSE,IDO,50684,,MIDCPNIFTY,,2026-10-27,2026-10-27,13450.00,PE,MIDCPNIFTY26OCT13450PE,0.00,0.00,0.00,183.20,0.00,183.20,14713.65,63.61,0,0,0,0.00,0,F1,120,,,,,
2026-09-04,2026-09-04,FO,NSE,IDO,50670,,MIDCPNIFTY,,2026-10-27,2026-10-27,13300.00,PE,MIDCPNIFTY26OCT13300PE,0.00,0.00,0.00,152.40,0.00,152.40,14713.65,47.45,0,0,0,0.00,0,F1,120,,,,,
2026-09-04,2026-09-04,FO,NSE,IDO,72779,,MIDCPNIFTY,,2026-09-29,2026-09-29,13775.00,PE,MIDCPNIFTY26SEP13775PE,0.00,0.00,0.00,308.80,0.00,308.80,14713.65,41.41,0,0,0,0.00,0,F1,120,,,,,
2026-09-04,2026-09-04,FO,NSE,IDO,72750,,MIDCPNIFTY,,2026-09-29,2026-09-29,13625.00,PE,MIDCPNIFTY26SEP13625PE,0.00,0.00,0.00,264.70,0.00,264.70,14713.65,27.12,0,0,0,0.00,0,F1,120,,,,,
2026-09-04,2026-09-04,FO,NSE,IDO,72748,,MIDCPNIFTY,,2026-09-29,2026-09-29,13600.00,PE,MIDCPNIFTY26SEP13600PE,0.00,0.00,0.00,257.75,0.00,257.75,14713.65,25.19,0,0,0,0.00,0,F1,120,,,,,
2026-09-04,2026-09-04,FO,NSE,IDO,72649,,MIDCPNIFTY,,2026-09-29,2026-09-29,13300.00,PE,MIDCPNIFTY26SEP13300PE,0.00,0.00,0.00,183.45,0.00,183.45,14713.65,9.60,0,0,0,0.00,0,F1,120,,,,,
2026-09-04,2026-09-04,FO,NSE,IDO,63879,,MIDCPNIFTY,,2026-11-23,2026-11-23,15700.00,CE,MIDCPNIFTY26NOV15700CE,0.00,0.00,0.00,451.50,0.00,451.50,14713.65,299.20,0,0,0,0.00,0,F1,120,,,,,
2026-09-04,2026-09-04,FO,NSE,IDO,63673,,MIDCPNIFTY,,2026-11-23,2026-11-23,13475.00,CE,MIDCPNIFTY26NOV13475CE,0.00,0.00,0.00,1825.65,0.00,1825.65,14713.65,1542.55,0,0,0,0.00,0,F1,120,,,,,
2026-09-04,2026-09-04,FO,NSE,IDO,51038,,MIDCPNIFTY,,2026-10-27,2026-10-27,16000.00,CE,MIDCPNIFTY26OCT16000CE,0.00,0.00,0.00,242.85,0.00,242.85,14713.65,124.40,0,0,0,0.00,0,F1,120,,,,,
2026-09-04,2026-09-04,FO,NSE,IDO,50980,,MIDCPNIFTY,,2026-10-27,2026-10-27,15600.00,CE,MIDCPNIFTY26OCT15600CE,0.00,0.00,0.00,343.20,0.00,343.20,14713.65,209.06,0,0,0,0.00,0,F1,120,,,,,
2026-09-04,2026-09-04,FO,NSE,IDO,50755,,MIDCPNIFTY,,2026-10-27,2026-10-27,14100.00,CE,MIDCPNIFTY26OCT14100CE,0.00,0.00,0.00,1022.15,0.00,1022.15,14713.65,933.49,0,0,0,0.00,0,F1,120,,,,,
2026-09-04,2026-09-04,FO,NSE,IDO,50753,,MIDCPNIFTY,,2026-10-27,2026-10-27,14075.00,CE,MIDCPNIFTY26OCT14075CE,0.00,0.00,0.00,1037.90,0.00,1037.90,14713.65,951.54,0,0,0,0.00,0,F1,120,,,,,
2026-09-04,2026-09-04,FO,NSE,IDO,73178,,MIDCPNIFTY,,2026-09-29,2026-09-29,15875.00,CE,MIDCPNIFTY26SEP15875CE,0.00,0.00,0.00,256.50,0.00,256.50,14713.65,41.34,0,0,0,0.00,0,F1,120,,,,,
2026-09-04,2026-09-04,FO,NSE,IDO,72636,,MIDCPNIFTY,,2026-09-29,2026-09-29,13150.00,CE,MIDCPNIFTY26SEP13150CE,0.00,0.00,0.00,1631.00,0.00,1631.00,14713.65,1622.47,0,0,0,0.00,0,F1,120,,,,,
2026-09-04,2026-09-04,FO,NSE,IDO,63784,,MIDCPNIFTY,,2026-11-23,2026-11-23,14600.00,PE,MIDCPNIFTY26NOV14600PE,0.00,0.00,0.00,373.30,0.00,373.30,14713.65,439.88,0,0,0,0.00,0,F1,120,,,,,
2026-09-04,2026-09-04,FO,NSE,IDO,63808,,MIDCPNIFTY,,2026-11-23,2026-11-23,14850.00,PE,MIDCPNIFTY26NOV14850PE,0.00,0.00,0.00,471.70,0.00,471.70,14713.65,555.03,0,0,0,0.00,0,F1,120,,,,,
2026-09-04,2026-09-04,FO,NSE,IDO,63856,,MIDCPNIFTY,,2026-11-23,2026-11-23,15400.00,PE,MIDCPNIFTY26NOV15400PE,0.00,0.00,0.00,740.75,0.00,740.75,14713.65,865.40,0,0,0,0.00,0,F1,120,,,,,
2026-09-04,2026-09-04,FO,NSE,IDO,73347,,MIDCPNIFTY,,2026-09-29,2026-09-29,16400.00,CE,MIDCPNIFTY26SEP16400CE,0.00,0.00,0.00,1.30,1.30,1.30,14713.65,10.96,360,0,0,0.00,0,F1,120,,,,,
2026-09-04,2026-09-04,FO,NSE,IDO,50731,,MIDCPNIFTY,,2026-10-27,2026-10-27,13900.00,CE,MIDCPNIFTY26OCT13900CE,0.00,0.00,0.00,1152.00,0.00,1152.00,14713.65,1081.92,0,0,0,0.00,0,F1,120,,,,,
2026-09-04,2026-09-04,FO,NSE,IDO,50739,,MIDCPNIFTY,,2026-10-27,2026-10-27,14000.00,CE,MIDCPNIFTY26OCT14000CE,875.00,875.00,875.00,875.00,875.00,1085.95,14713.65,1006.13,120,120,1,1785000.00,1,F1,120,,,,,
2026-09-04,2026-09-04,FO,NSE,IDO,50831,,MIDCPNIFTY,,2026-10-27,2026-10-27,14650.00,CE,MIDCPNIFTY26OCT14650CE,0.00,0.00,0.00,713.20,0.00,713.20,14713.65,585.03,0,0,0,0.00,0,F1,120,,,,,
2026-09-04,2026-09-04,FO,NSE,IDO,63805,,MIDCPNIFTY,,2026-11-23,2026-11-23,14825.00,CE,MIDCPNIFTY26NOV14825CE,0.00,0.00,0.00,857.30,0.00,857.30,14713.65,639.26,0,0,0,0.00,0,F1,120,,,,,
2026-09-04,2026-09-04,FO,NSE,IDO,63813,,MIDCPNIFTY,,2026-11-23,2026-11-23,14925.00,CE,MIDCPNIFTY26NOV14925CE,0.00,0.00,0.00,801.75,0.00,801.75,14713.65,590.63,0,0,0,0.00,0,F1,120,,,,,
2026-09-04,2026-09-04,FO,NSE,IDO,72647,,MIDCPNIFTY,,2026-09-29,2026-09-29,13275.00,PE,MIDCPNIFTY26SEP13275PE,0.00,0.00,0.00,178.10,0.00,178.10,14713.65,8.80,0,0,0,0.00,0,F1,120,,,,,
2026-09-04,2026-09-04,FO,NSE,IDO,72737,,MIDCPNIFTY,,2026-09-29,2026-09-29,13575.00,PE,MIDCPNIFTY26SEP13575PE,0.00,0.00,0.00,250.90,0.00,250.90,14713.65,23.37,0,0,0,0.00,0,F1,120,,,,,
2026-09-04,2026-09-04,FO,NSE,IDO,63862,,MIDCPNIFTY,,2026-11-23,2026-11-23,15475.00,PE,MIDCPNIFTY26NOV15475PE,0.00,0.00,0.00,783.00,0.00,783.00,14713.65,913.51,0,0,0,0.00,0,F1,120,,,,,
2026-09-04,2026-09-04,FO,NSE,IDO,72882,,MIDCPNIFTY,,2026-09-29,2026-09-29,14350.00,PE,MIDCPNIFTY26SEP14350PE,0.00,0.00,0.00,526.85,0.00,526.85,14713.65,157.73,0,0,0,0.00,0,F1,120,,,,,
2026-09-04,2026-09-04,FO,NSE,IDO,72930,,MIDCPNIFTY,,2026-09-29,2026-09-29,14400.00,PE,MIDCPNIFTY26SEP14400PE,62.00,62.00,40.80,57.85,58.00,60.25,14713.65,57.85,128280,8880,2173,3767992722.00,1868,F1,120,,,,,
2026-09-04,2026-09-04,FO,NSE,IDO,72963,,MIDCPNIFTY,,2026-09-29,2026-09-29,14800.00,PE,MIDCPNIFTY26SEP14800PE,180.05,199.75,143.20,190.40,188.00,195.85,14713.65,190.40,338760,97200,10481,18825041664.00,8126,F1,120,,,,,
2026-09-04,2026-09-04,FO,NSE,IDO,73094,,MIDCPNIFTY,,2026-09-29,2026-09-29,15450.00,PE,MIDCPNIFTY26SEP15450PE,0.00,0.00,0.00,436.70,436.70,436.70,14713.65,776.95,240,0,0,0.00,0,F1,120,,,,,
2026-09-04,2026-09-04,FO,NSE,IDO,73295,,MIDCPNIFTY,,2026-09-29,2026-09-29,16200.00,PE,MIDCPNIFTY26SEP16200PE,0.00,0.00,0.00,1716.30,0.00,1716.30,14713.65,1439.44,0,0,0,0.00,0,F1,120,,,,,
2026-09-04,2026-09-04,FO,NSE,IDO,50668,,MIDCPNIFTY,,2026-10-27,2026-10-27,13275.00,PE,MIDCPNIFTY26OCT13275PE,0.00,0.00,0.00,147.65,0.00,147.65,14713.65,45.11,0,0,0,0.00,0,F1,120,,,,,
2026-09-04,2026-09-04,FO,NSE,IDO,50696,,MIDCPNIFTY,,2026-10-27,2026-10-27,13575.00,PE,MIDCPNIFTY26OCT13575PE,0.00,0.00,0.00,212.10,0.00,212.10,14713.65,80.17,0,0,0,0.00,0,F1,120,,,,,
2026-09-04,2026-09-04,FO,NSE,IDO,50717,,MIDCPNIFTY,,2026-10-27,2026-10-27,13750.00,PE,MIDCPNIFTY26OCT13750PE,0.00,0.00,0.00,258.30,0.00,258.30,14713.65,108.75,0,0,0,0.00,0,F1,120,,,,,
2026-09-04,2026-09-04,FO,NSE,IDO,63720,,MIDCPNIFTY,,2026-11-23,2026-11-23,14000.00,PE,MIDCPNIFTY26NOV14000PE,0.00,0.00,0.00,195.95,0.00,195.95,14713.65,230.19,0,0,0,0.00,0,F1,120,,,,,
2026-09-04,2026-09-04,FO,NSE,IDO,63838,,MIDCPNIFTY,,2026-11-23,2026-11-23,15175.00,PE,MIDCPNIFTY26NOV15175PE,0.00,0.00,0.00,621.90,0.00,621.90,14713.65,729.21,0,0,0,0.00,0,F1,120,,,,,
2026-09-04,2026-09-04,FO,NSE,IDO,63832,,MIDCPNIFTY,,2026-11-23,2026-11-23,15100.00,PE,MIDCPNIFTY26NOV15100PE,0.00,0.00,0.00,585.05,0.00,585.05,14713.65,686.61,0,0,0,0.00,0,F1,120,,,,,
2026-09-04,2026-09-04,FO,NSE,IDO,50803,,MIDCPNIFTY,,2026-10-27,2026-10-27,14425.00,CE,MIDCPNIFTY26OCT14425CE,0.00,0.00,0.00,830.95,0.00,830.95,14713.65,715.84,0,0,0,0.00,0,F1,120,,,,,
2026-09-04,2026-09-04,FO,NSE,IDO,50842,,MIDCPNIFTY,,2026-10-27,2026-10-27,14700.00,PE,MIDCPNIFTY26OCT14700PE,0.00,0.00,0.00,626.75,0.00,626.75,14713.65,407.72,0,0,0,0.00,0,F1,120,,,,,
2026-09-04,2026-09-04,FO,NSE,IDO,50710,,MIDCPNIFTY,,2026-10-27,2026-10-27,13675.00,PE,MIDCPNIFTY26OCT13675PE,0.00,0.00,0.00,237.95,0.00,237.95,14713.65,95.68,0,0,0,0.00,0,F1,120,,,,,
2026-09-04,2026-09-04,FO,NSE,IDO,51073,,MIDCPNIFTY,,2026-10-27,2026-10-27,16400.00,PE,MIDCPNIFTY26OCT16400PE,0.00,0.00,0.00,1779.55,0.00,1779.55,14713.65,1603.91,0,0,0,0.00,0,F1,120,,,,,
2026-09-04,2026-09-04,FO,NSE,IDO,50994,,MIDCPNIFTY,,2026-10-27,2026-10-27,15700.00,CE,MIDCPNIFTY26OCT15700CE,0.00,0.00,0.00,315.20,0.00,315.20,14713.65,185.19,0,0,0,0.00,0,F1,120,,,,,
2026-09-04,2026-09-04,FO,NSE,IDO,72622,,MIDCPNIFTY,,2026-09-29,2026-09-29,12975.00,CE,MIDCPNIFTY26SEP12975CE,0.00,0.00,0.00,1772.70,0.00,1772.70,14713.65,1793.99,0,0,0,0.00,0,F1,120,,,,,
2026-09-04,2026-09-04,FO,NSE,IDO,73125,,MIDCPNIFTY,,2026-09-29,2026-09-29,15700.00,PE,MIDCPNIFTY26SEP15700PE,0.00,0.00,0.00,1330.30,0.00,1330.30,14713.65,984.11,0,0,0,0.00,0,F1,120,,,,,
2026-09-04,2026-09-04,FO,NSE,IDO,73381,,MIDCPNIFTY,,2026-09-29,2026-09-29,16600.00,PE,MIDCPNIFTY26SEP16600PE,0.00,0.00,0.00,2049.75,0.00,2049.75,14713.65,1825.41,0,0,0,0.00,0,F1,120,,,,,
2026-09-04,2026-09-04,FO,NSE,IDO,63930,,MIDCPNIFTY,,2026-11-23,2026-11-23,16300.00,PE,MIDCPNIFTY26NOV16300PE,0.00,0.00,0.00,1328.45,0.00,1328.45,14713.65,1520.98,0,0,0,0.00,0,F1,120,,,,,
2026-09-04,2026-09-04,FO,NSE,IDO,63921,,MIDCPNIFTY,,2026-11-23,2026-11-23,16200.00,PE,MIDCPNIFTY26NOV16200PE,0.00,0.00,0.00,1254.50,0.00,1254.50,14713.65,1440.65,0,0,0,0.00,0,F1,120,,,,,
2026-09-04,2026-09-04,FO,NSE,IDO,63868,,MIDCPNIFTY,,2026-11-23,2026-11-23,15550.00,PE,MIDCPNIFTY26NOV15550PE,0.00,0.00,0.00,826.50,0.00,826.50,14713.65,962.91,0,0,0,0.00,0,F1,120,,,,,
2026-09-04,2026-09-04,FO,NSE,IDO,63830,,MIDCPNIFTY,,2026-11-23,2026-11-23,15075.00,PE,MIDCPNIFTY26NOV15075PE,0.00,0.00,0.00,573.00,0.00,573.00,14713.65,672.72,0,0,0,0.00,0,F1,120,,,,,
2026-09-04,2026-09-04,FO,NSE,IDO,63700,,MIDCPNIFTY,,2026-11-23,2026-11-23,13800.00,PE,MIDCPNIFTY26NOV13800PE,0.00,0.00,0.00,153.45,0.00,153.45,14713.65,179.18,0,0,0,0.00,0,F1,120,,,,,
2026-09-04,2026-09-04,FO,NSE,IDO,51057,,MIDCPNIFTY,,2026-10-27,2026-10-27,16200.00,PE,MIDCPNIFTY26OCT16200PE,0.00,0.00,0.00,1617.35,0.00,1617.35,14713.65,1429.63,0,0,0,0.00,0,F1,120,,,,,
2026-09-04,2026-09-04,FO,NSE,IDO,50790,,MIDCPNIFTY,,2026-10-27,2026-10-27,14325.00,PE,MIDCPNIFTY26OCT14325PE,0.00,0.00,0.00,455.90,0.00,455.90,14713.65,257.19,0,0,0,0.00,0,F1,120,,,,,
2026-09-04,2026-09-04,FO,NSE,IDO,50712,,MIDCPNIFTY,,2026-10-27,2026-10-27,13700.00,PE,MIDCPNIFTY26OCT13700PE,0.00,0.00,0.00,244.60,0.00,244.60,14713.65,99.90,0,0,0,0.00,0,F1,120,,,,,
2026-09-04,2026-09-04,FO,NSE,IDO,50694,,MIDCPNIFTY,,2026-10-27,2026-10-27,13550.00,PE,MIDCPNIFTY26OCT13550PE,0.00,0.00,0.00,206.05,0.00,206.05,14713.65,76.62,0,0,0,0.00,0,F1,120,,,,,
2026-09-04,2026-09-04,FO,NSE,IDO,73091,,MIDCPNIFTY,,2026-09-29,2026-09-29,15425.00,PE,MIDCPNIFTY26SEP15425PE,0.00,0.00,0.00,606.75,606.75,606.75,14713.65,757.27,2400,0,0,0.00,0,F1,120,,,,,
2026-09-04,2026-09-04,FO,NSE,IDO,72653,,MIDCPNIFTY,,2026-09-29,2026-09-29,13350.00,PE,MIDCPNIFTY26SEP13350PE,0.00,0.00,0.00,194.55,0.00,194.55,14713.65,11.39,0,0,0,0.00,0,F1,120,,,,,
2026-09-04,2026-09-04,FO,NSE,IDO,72631,,MIDCPNIFTY,,2026-09-29,2026-09-29,13075.00,PE,MIDCPNIFTY26SEP13075PE,0.00,0.00,0.00,139.20,0.00,139.20,14713.65,4.22,0,0,0,0.00,0,F1,120,,,,,
2026-09-04,2026-09-04,FO,NSE,IDO,63843,,MIDCPNIFTY,,2026-11-23,2026-11-23,15250.00,CE,MIDCPNIFTY26NOV15250CE,0.00,0.00,0.00,637.65,0.00,637.65,14713.65,450.62,0,0,0,0.00,0,F1,120,,,,,
2026-09-04,2026-09-04,FO,NSE,IDO,63791,,MIDCPNIFTY,,2026-11-23,2026-11-23,14675.00,CE,MIDCPNIFTY26NOV14675CE,0.00,0.00,0.00,945.20,0.00,945.20,14713.65,717.05,0,0,0,0.00,0,F1,120,,,,,
2026-09-04,2026-09-04,FO,NSE,IDO,63703,,MIDCPNIFTY,,2026-11-23,2026-11-23,13850.00,CE,MIDCPNIFTY26NOV13850CE,0.00,0.00,0.00,1520.05,0.00,1520.05,14713.65,1248.75,0,0,0,0.00,0,F1,120,,,,,
2026-09-04,2026-09-04,FO,NSE,IDO,51072,,MIDCPNIFTY,,2026-10-27,2026-10-27,16400.00,CE,MIDCPNIFTY26OCT16400CE,0.00,0.00,0.00,166.90,0.00,166.90,14713.65,70.20,0,0,0,0.00,0,F1,120,,,,,
2026-09-04,2026-09-04,FO,NSE,IDO,50958,,MIDCPNIFTY,,2026-10-27,2026-10-27,15425.00,CE,MIDCPNIFTY26OCT15425CE,0.00,0.00,0.00,396.80,0.00,396.80,14713.65,258.31,0,0,0,0.00,0,F1,120,,,,,
2026-09-04,2026-09-04,FO,NSE,IDO,50946,,MIDCPNIFTY,,2026-10-27,2026-10-27,15300.00,CE,MIDCPNIFTY26OCT15300CE,0.00,0.00,0.00,438.90,0.00,438.90,14713.65,298.60,0,0,0,0.00,0,F1,120,,,,,
2026-09-04,2026-09-04,FO,NSE,IDO,73083,,MIDCPNIFTY,,2026-09-29,2026-09-29,15325.00,PE,MIDCPNIFTY26SEP15325PE,0.00,0.00,0.00,361.85,361.85,361.85,14713.65,681.16,480,0,0,0.00,0,F1,120,,,,,
2026-09-04,2026-09-04,FO,NSE,IDO,72981,,MIDCPNIFTY,,2026-09-29,2026-09-29,14975.00,PE,MIDCPNIFTY26SEP14975PE,237.00,278.25,233.50,278.00,278.00,294.80,14713.65,443.05,23040,-120,11,20095038.00,11,F1,120,,,,,
2026-09-04,2026-09-04,FO,NSE,IDO,72975,,MIDCPNIFTY,,2026-09-29,2026-09-29,14925.00,PE,MIDCPNIFTY26SEP14925PE,233.20,261.75,205.15,261.45,261.10,242.05,14713.65,261.45,12600,120,65,118227858.00,55,F1,120,,,,,
2026-09-04,2026-09-04,FO,NSE,IDO,63766,,MIDCPNIFTY,,2026-11-23,2026-11-23,14425.00,PE,MIDCPNIFTY26NOV14425PE,0.00,0.00,0.00,313.20,0.00,313.20,14713.65,369.03,0,0,0,0.00,0,F1,120,,,,,
2026-09-04,2026-09-04,FO,NSE,IDO,72654,,MIDCPNIFTY,,2026-09-29,2026-09-29,13375.00,CE,MIDCPNIFTY26SEP13375CE,0.00,0.00,0.00,1456.80,0.00,1456.80,14713.65,1405.16,0,0,0,0.00,0,F1,120,,,,,
2026-09-04,2026-09-04,FO,NSE,IDO,73176,,MIDCPNIFTY,,2026-09-29,2026-09-29,15850.00,CE,MIDCPNIFTY26SEP15850CE,0.00,0.00,0.00,262.10,0.00,262.10,14713.65,43.80,0,0,0,0.00,0,F1,120,,,,,
2026-09-04,2026-09-04,FO,NSE,IDO,50859,,MIDCPNIFTY,,2026-10-27,2026-10-27,14875.00,CE,MIDCPNIFTY26OCT14875CE,0.00,0.00,0.00,607.30,0.00,607.30,14713.65,470.62,0,0,0,0.00,0,F1,120,,,,,
2026-09-04,2026-09-04,FO,NSE,IDO,50873,,MIDCPNIFTY,,2026-10-27,2026-10-27,14900.00,CE,MIDCPNIFTY26OCT14900CE,0.00,0.00,0.00,596.30,0.00,596.30,14713.65,458.93,0,0,0,0.00,0,F1,120,,,,,
2026-09-04,2026-09-04,FO,NSE,IDO,50998,,MIDCPNIFTY,,2026-10-27,2026-10-27,15750.00,CE,MIDCPNIFTY26OCT15750CE,0.00,0.00,0.00,301.90,0.00,301.90,14713.65,173.24,0,0,0,0.00,0,F1,120,,,,,
2026-09-04,2026-09-04,FO,NSE,IDO,63683,,MIDCPNIFTY,,2026-11-23,2026-11-23,13600.00,CE,MIDCPNIFTY26NOV13600CE,0.00,0.00,0.00,1721.15,0.00,1721.15,14713.65,1441.49,0,0,0,0.00,0,F1,120,,,,,
2026-09-04,2026-09-04,FO,NSE,IDO,63775,,MIDCPNIFTY,,2026-11-23,2026-11-23,14550.00,CE,MIDCPNIFTY26NOV14550CE,0.00,0.00,0.00,1022.50,0.00,1022.50,14713.65,786.40,0,0,0,0.00,0,F1,120,,,,,
2026-09-04,2026-09-04,FO,NSE,IDO,72959,,MIDCPNIFTY,,2026-09-29,2026-09-29,14750.00,PE,MIDCPNIFTY26SEP14750PE,171.15,171.60,125.10,166.00,165.00,171.10,14713.65,166.00,23040,2280,2174,3888931860.00,1783,F1,120,,,,,
2026-09-04,2026-09-04,FO,NSE,IDO,72935,,MIDCPNIFTY,,2026-09-29,2026-09-29,14450.00,PE,MIDCPNIFTY26SEP14450PE,0.00,0.00,0.00,572.55,0.00,572.55,14713.65,191.12,0,0,0,0.00,0,F1,120,,,,,
2026-09-04,2026-09-04,FO,NSE,IDO,72798,,MIDCPNIFTY,,2026-09-29,2026-09-29,13900.00,PE,MIDCPNIFTY26SEP13900PE,0.00,0.00,0.00,349.80,0.00,349.80,14713.65,57.48,0,0,0,0.00,0,F1,120,,,,,
2026-09-04,2026-09-04,FO,NSE,IDO,50680,,MIDCPNIFTY,,2026-10-27,2026-10-27,13400.00,PE,MIDCPNIFTY26OCT13400PE,0.00,0.00,0.00,172.45,0.00,172.45,14713.65,57.80,0,0,0,0.00,0,F1,120,,,,,
2026-09-04,2026-09-04,FO,NSE,IDO,63851,,MIDCPNIFTY,,2026-11-23,2026-11-23,15350.00,CE,MIDCPNIFTY26NOV15350CE,0.00,0.00,0.00,592.25,0.00,592.25,14713.65,412.87,0,0,0,0.00,0,F1,120,,,,,
2026-09-04,2026-09-04,FO,NSE,IDO,63857,,MIDCPNIFTY,,2026-11-23,2026-11-23,15425.00,CE,MIDCPNIFTY26NOV15425CE,0.00,0.00,0.00,559.70,0.00,559.70,14713.65,386.14,0,0,0,0.00,0,F1,120,,,,,
2026-09-04,2026-09-04,FO,NSE,IDO,73088,,MIDCPNIFTY,,2026-09-29,2026-09-29,15400.00,CE,MIDCPNIFTY26SEP15400CE,15.40,17.85,11.90,12.45,12.90,15.35,14713.65,12.45,130680,26880,1512,2796774552.00,932,F1,120,,,,,
2026-09-04,2026-09-04,FO,NSE,IDO,50950,,MIDCPNIFTY,,2026-10-27,2026-10-27,15350.00,CE,MIDCPNIFTY26OCT15350CE,0.00,0.00,0.00,421.65,0.00,421.65,14713.65,281.95,0,0,0,0.00,0,F1,120,,,,,
2026-09-04,2026-09-04,FO,NSE,IDO,51088,,MIDCPNIFTY,,2026-10-27,2026-10-27,16600.00,CE,MIDCPNIFTY26OCT16600CE,0.00,0.00,0.00,137.35,0.00,137.35,14713.65,51.72,0,0,0,0.00,0,F1,120,,,,,
2026-09-04,2026-09-04,FO,NSE,IDO,63645,,MIDCPNIFTY,,2026-11-23,2026-11-23,13125.00,CE,MIDCPNIFTY26NOV13125CE,0.00,0.00,0.00,2130.15,0.00,2130.15,14713.65,1839.89,0,0,0,0.00,0,F1,120,,,,,
2026-09-04,2026-09-04,FO,NSE,IDO,63709,,MIDCPNIFTY,,2026-11-23,2026-11-23,13925.00,CE,MIDCPNIFTY26NOV13925CE,0.00,0.00,0.00,1461.90,0.00,1461.90,14713.65,1194.07,0,0,0,0.00,0,F1,120,,,,,
2026-09-04,2026-09-04,FO,NSE,IDO,63747,,MIDCPNIFTY,,2026-11-23,2026-11-23,14250.00,CE,MIDCPNIFTY26NOV14250CE,0.00,0.00,0.00,1223.30,0.00,1223.30,14713.65,969.50,0,0,0,0.00,0,F1,120,,,,,
2026-09-04,2026-09-04,FO,NSE,IDO,63789,,MIDCPNIFTY,,2026-11-23,2026-11-23,14650.00,CE,MIDCPNIFTY26NOV14650CE,0.00,0.00,0.00,960.35,0.00,960.35,14713.65,730.59,0,0,0,0.00,0,F1,120,,,,,
2026-09-04,2026-09-04,FO,NSE,IDO,63825,,MIDCPNIFTY,,2026-11-23,2026-11-23,15050.00,CE,MIDCPNIFTY26NOV15050CE,0.00,0.00,0.00,735.65,0.00,735.65,14713.65,533.59,0,0,0,0.00,0,F1,120,,,,,
2026-09-04,2026-09-04,FO,NSE,IDO,63845,,MIDCPNIFTY,,2026-11-23,2026-11-23,15275.00,CE,MIDCPNIFTY26NOV15275CE,0.00,0.00,0.00,626.05,0.00,626.05,14713.65,440.96,0,0,0,0.00,0,F1,120,,,,,
2026-09-04,2026-09-04,FO,NSE,IDO,63945,,MIDCPNIFTY,,2026-11-23,2026-11-23,16500.00,CE,MIDCPNIFTY26NOV16500CE,0.00,0.00,0.00,225.75,0.00,225.75,14713.65,131.12,0,0,0,0.00,0,F1,120,,,,,
2026-09-04,2026-09-04,FO,NSE,IDO,72645,,MIDCPNIFTY,,2026-09-29,2026-09-29,13250.00,PE,MIDCPNIFTY26SEP13250PE,0.00,0.00,0.00,172.85,0.00,172.85,14713.65,8.06,0,0,0,0.00,0,F1,120,,,,,
2026-09-04,2026-09-04,FO,NSE,IDO,73123,,MIDCPNIFTY,,2026-09-29,2026-09-29,15675.00,PE,MIDCPNIFTY26SEP15675PE,0.00,0.00,0.00,1312.05,0.00,1312.05,14713.65,962.63,0,0,0,0.00,0,F1,120,,,,,
2026-09-04,2026-09-04,FO,NSE,IDO,50652,,MIDCPNIFTY,,2026-10-27,2026-10-27,13100.00,PE,MIDCPNIFTY26OCT13100PE,0.00,0.00,0.00,117.55,0.00,117.55,14713.65,31.21,0,0,0,0.00,0,F1,120,,,,,
2026-09-04,2026-09-04,FO,NSE,IDO,50959,,MIDCPNIFTY,,2026-10-27,2026-10-27,15425.00,PE,MIDCPNIFTY26OCT15425PE,0.00,0.00,0.00,1049.10,0.00,1049.10,14713.65,826.09,0,0,0,0.00,0,F1,120,,,,,
2026-09-04,2026-09-04,FO,NSE,IDO,51003,,MIDCPNIFTY,,2026-10-27,2026-10-27,15800.00,PE,MIDCPNIFTY26OCT15800PE,0.00,0.00,0.00,1310.70,0.00,1310.70,14713.65,1101.69,0,0,0,0.00,0,F1,120,,,,,
2026-09-04,2026-09-04,FO,NSE,IDO,63876,,MIDCPNIFTY,,2026-11-23,2026-11-23,15650.00,PE,MIDCPNIFTY26NOV15650PE,0.00,0.00,0.00,886.55,0.00,886.55,14713.65,1030.76,0,0,0,0.00,0,F1,120,,,,,
2026-09-04,2026-09-04,FO,NSE,IDO,63888,,MIDCPNIFTY,,2026-11-23,2026-11-23,15800.00,PE,MIDCPNIFTY26NOV15800PE,0.00,0.00,0.00,980.70,0.00,980.70,14713.65,1136.57,0,0,0,0.00,0,F1,120,,,,,
2026-09-04,2026-09-04,FO,NSE,IDO,72962,,MIDCPNIFTY,,2026-09-29,2026-09-29,14800.00,CE,MIDCPNIFTY26SEP14800CE,198.95,212.50,158.95,163.45,162.00,172.25,14713.65,163.45,362160,140640,10058,18089260002.00,8179,F1,120,,,,,
2026-09-04,2026-09-04,FO,NSE,IDO,72956,,MIDCPNIFTY,,2026-09-29,2026-09-29,14725.00,CE,MIDCPNIFTY26SEP14725CE,230.00,257.60,197.70,203.50,202.60,209.10,14713.65,203.50,17280,-2160,698,1251410088.00,627,F1,120,,,,,
2026-09-04,2026-09-04,FO,NSE,IDO,72968,,MIDCPNIFTY,,2026-09-29,2026-09-29,14875.00,CE,MIDCPNIFTY26SEP14875CE,153.40,172.00,125.95,127.65,127.00,135.70,14713.65,127.65,36600,6480,356,641799690.00,320,F1,120,,,,,
2026-09-04,2026-09-04,FO,NSE,IDO,50839,,MIDCPNIFTY,,2026-10-27,2026-10-27,14675.00,PE,MIDCPNIFTY26OCT14675PE,0.00,0.00,0.00,614.30,0.00,614.30,14713.65,396.27,0,0,0,0.00,0,F1,120,,,,,
2026-09-04,2026-09-04,FO,NSE,IDO,50992,,MIDCPNIFTY,,2026-10-27,2026-10-27,15675.00,CE,MIDCPNIFTY26OCT15675CE,0.00,0.00,0.00,322.00,0.00,322.00,14713.65,191.07,0,0,0,0.00,0,F1,120,,,,,
2026-09-04,2026-09-04,FO,NSE,IDO,50974,,MIDCPNIFTY,,2026-10-27,2026-10-27,15550.00,CE,MIDCPNIFTY26OCT15550CE,0.00,0.00,0.00,357.90,0.00,357.90,14713.65,222.31,0,0,0,0.00,0,F1,120,,,,,
2026-09-04,2026-09-04,FO,NSE,IDO,50882,,MIDCPNIFTY,,2026-10-27,2026-10-27,15000.00,PE,MIDCPNIFTY26OCT15000PE,0.00,0.00,0.00,343.65,343.65,343.65,14713.65,560.91,960,0,0,0.00,0,F1,120,,,,,
2026-09-04,2026-09-04,FO,NSE,IDO,63662,,MIDCPNIFTY,,2026-11-23,2026-11-23,13325.00,PE,MIDCPNIFTY26NOV13325PE,0.00,0.00,0.00,80.30,0.00,80.30,14713.65,92.14,0,0,0,0.00,0,F1,120,,,,,
2026-09-04,2026-09-04,FO,NSE,IDO,50954,,MIDCPNIFTY,,2026-10-27,2026-10-27,15400.00,CE,MIDCPNIFTY26OCT15400CE,0.00,0.00,0.00,404.95,0.00,404.95,14713.65,266.02,0,0,0,0.00,0,F1,120,,,,,
2026-09-04,2026-09-04,FO,NSE,IDO,73356,,MIDCPNIFTY,,2026-09-29,2026-09-29,16500.00,CE,MIDCPNIFTY26SEP16500CE,1.75,1.75,1.10,1.25,1.20,1.60,14713.65,1.25,59280,3000,127,251480082.00,38,F1,120,,,,,
2026-09-04,2026-09-04,FO,NSE,IDO,72984,,MIDCPNIFTY,,2026-09-29,2026-09-29,15025.00,CE,MIDCPNIFTY26SEP15025CE,85.25,102.00,74.00,74.60,74.30,85.00,14713.65,74.60,21720,-360,150,272056914.00,138,F1,120,,,,,
2026-09-04,2026-09-04,FO,NSE,IDO,63668,,MIDCPNIFTY,,2026-11-23,2026-11-23,13400.00,PE,MIDCPNIFTY26NOV13400PE,0.00,0.00,0.00,89.50,0.00,89.50,14713.65,103.10,0,0,0,0.00,0,F1,120,,,,,
2026-09-04,2026-09-04,FO,NSE,IDO,63686,,MIDCPNIFTY,,2026-11-23,2026-11-23,13625.00,PE,MIDCPNIFTY26NOV13625PE,0.00,0.00,0.00,122.25,0.00,122.25,14713.65,142.02,0,0,0,0.00,0,F1,120,,,,,
2026-09-04,2026-09-04,FO,NSE,IDO,63690,,MIDCPNIFTY,,2026-11-23,2026-11-23,13675.00,PE,MIDCPNIFTY26NOV13675PE,0.00,0.00,0.00,130.65,0.00,130.65,14713.65,151.99,0,0,0,0.00,0,F1,120,,,,,
2026-09-04,2026-09-04,FO,NSE,IDO,63820,,MIDCPNIFTY,,2026-11-23,2026-11-23,15000.00,PE,MIDCPNIFTY26NOV15000PE,0.00,0.00,0.00,537.90,0.00,537.90,14713.65,632.03,0,0,0,0.00,0,F1,120,,,,,
2026-09-04,2026-09-04,FO,NSE,IDO,63824,,MIDCPNIFTY,,2026-11-23,2026-11-23,15025.00,PE,MIDCPNIFTY26NOV15025PE,0.00,0.00,0.00,549.45,0.00,549.45,14713.65,645.43,0,0,0,0.00,0,F1,120,,,,,
2026-09-04,2026-09-04,FO,NSE,IDO,72943,,MIDCPNIFTY,,2026-09-29,2026-09-29,14550.00,PE,MIDCPNIFTY26SEP14550PE,98.20,98.25,69.80,93.50,93.25,98.50,14713.65,93.50,10920,-2160,170,298569180.00,136,F1,120,,,,,
2026-09-04,2026-09-04,FO,NSE,IDO,73111,,MIDCPNIFTY,,2026-09-29,2026-09-29,15550.00,PE,MIDCPNIFTY26SEP15550PE,0.00,0.00,0.00,626.85,626.85,626.85,14713.65,857.67,3360,0,0,0.00,0,F1,120,,,,,
2026-09-04,2026-09-04,FO,NSE,IDO,73127,,MIDCPNIFTY,,2026-09-29,2026-09-29,15725.00,PE,MIDCPNIFTY26SEP15725PE,0.00,0.00,0.00,1349.25,0.00,1349.25,14713.65,1005.75,0,0,0,0.00,0,F1,120,,,,,
2026-09-04,2026-09-04,FO,NSE,IDO,72945,,MIDCPNIFTY,,2026-09-29,2026-09-29,14575.00,PE,MIDCPNIFTY26SEP14575PE,94.40,103.00,76.40,100.65,99.90,104.75,14713.65,100.65,8280,-1920,83,146107554.00,63,F1,120,,,,,
2026-09-04,2026-09-04,FO,NSE,IDO,73195,,MIDCPNIFTY,,2026-09-29,2026-09-29,15925.00,PE,MIDCPNIFTY26SEP15925PE,0.00,0.00,0.00,1499.90,0.00,1499.90,14713.65,1183.69,0,0,0,0.00,0,F1,120,,,,,
2026-09-04,2026-09-04,FO,NSE,IDO,72976,,MIDCPNIFTY,,2026-09-29,2026-09-29,14950.00,CE,MIDCPNIFTY26SEP14950CE,112.75,131.55,97.40,100.60,99.00,108.10,14713.65,100.60,49320,4920,461,833169888.00,369,F1,120,,,,,
2026-09-04,2026-09-04,FO,NSE,IDO,72640,,MIDCPNIFTY,,2026-09-29,2026-09-29,13200.00,CE,MIDCPNIFTY26SEP13200CE,0.00,0.00,0.00,1591.50,0.00,1591.50,14713.65,1573.80,0,0,0,0.00,0,F1,120,,,,,
2026-09-04,2026-09-04,FO,NSE,IDO,73205,,MIDCPNIFTY,,2026-09-29,2026-09-29,15975.00,CE,MIDCPNIFTY26SEP15975CE,0.00,0.00,0.00,234.35,0.00,234.35,14713.65,32.65,0,0,0,0.00,0,F1,120,,,,,
2026-09-04,2026-09-04,FO,NSE,IDO,50719,,MIDCPNIFTY,,2026-10-27,2026-10-27,13775.00,CE,MIDCPNIFTY26OCT13775CE,0.00,0.00,0.00,1238.30,0.00,1238.30,14713.65,1180.26,0,0,0,0.00,0,F1,120,,,,,
2026-09-04,2026-09-04,FO,NSE,IDO,50791,,MIDCPNIFTY,,2026-10-27,2026-10-27,14350.00,CE,MIDCPNIFTY26OCT14350CE,0.00,0.00,0.00,872.85,0.00,872.85,14713.65,763.04,0,0,0,0.00,0,F1,120,,,,,
2026-09-04,2026-09-04,FO,NSE,IDO,63679,,MIDCPNIFTY,,2026-11-23,2026-11-23,13550.00,CE,MIDCPNIFTY26NOV13550CE,0.00,0.00,0.00,1762.65,0.00,1762.65,14713.65,1481.56,0,0,0,0.00,0,F1,120,,,,,
2026-09-04,2026-09-04,FO,NSE,IDO,63751,,MIDCPNIFTY,,2026-11-23,2026-11-23,14300.00,CE,MIDCPNIFTY26NOV14300CE,0.00,0.00,0.00,1187.90,0.00,1187.90,14713.65,937.37,0,0,0,0.00,0,F1,120,,,,,
2026-09-04,2026-09-04,FO,NSE,IDO,63815,,MIDCPNIFTY,,2026-11-23,2026-11-23,14950.00,CE,MIDCPNIFTY26NOV14950CE,0.00,0.00,0.00,788.20,0.00,788.20,14713.65,578.90,0,0,0,0.00,0,F1,120,,,,,
2026-09-04,2026-09-04,FO,NSE,IDO,63878,,MIDCPNIFTY,,2026-11-23,2026-11-23,15675.00,PE,MIDCPNIFTY26NOV15675PE,0.00,0.00,0.00,901.90,0.00,901.90,14713.65,1048.06,0,0,0,0.00,0,F1,120,,,,,
2026-09-04,2026-09-04,FO,NSE,IDO,63844,,MIDCPNIFTY,,2026-11-23,2026-11-23,15250.00,PE,MIDCPNIFTY26NOV15250PE,0.00,0.00,0.00,660.20,0.00,660.20,14713.65,773.23,0,0,0,0.00,0,F1,120,,,,,
2026-09-04,2026-09-04,FO,NSE,IDO,63802,,MIDCPNIFTY,,2026-11-23,2026-11-23,14775.00,PE,MIDCPNIFTY26NOV14775PE,0.00,0.00,0.00,440.60,0.00,440.60,14713.65,518.79,0,0,0,0.00,0,F1,120,,,,,
2026-09-04,2026-09-04,FO,NSE,IDO,63676,,MIDCPNIFTY,,2026-11-23,2026-11-23,13500.00,PE,MIDCPNIFTY26NOV13500PE,0.00,0.00,0.00,103.10,0.00,103.10,14713.65,119.24,0,0,0,0.00,0,F1,120,,,,,
2026-09-04,2026-09-04,FO,NSE,IDO,63817,,MIDCPNIFTY,,2026-11-23,2026-11-23,14975.00,CE,MIDCPNIFTY26NOV14975CE,0.00,0.00,0.00,774.85,0.00,774.85,14713.65,567.33,0,0,0,0.00,0,F1,120,,,,,
2026-09-04,2026-09-04,FO,NSE,IDO,63841,,MIDCPNIFTY,,2026-11-23,2026-11-23,15225.00,CE,MIDCPNIFTY26NOV15225CE,0.00,0.00,0.00,649.35,0.00,649.35,14713.65,460.44,0,0,0,0.00,0,F1,120,,,,,
2026-09-04,2026-09-04,FO,NSE,IDO,72893,,MIDCPNIFTY,,2026-09-29,2026-09-29,14375.00,PE,MIDCPNIFTY26SEP14375PE,54.40,54.50,38.05,52.65,50.70,55.55,14713.65,52.65,141720,14400,494,854940432.00,384,F1,120,,,,,
2026-09-04,2026-09-04,FO,NSE,IDO,73206,,MIDCPNIFTY,,2026-09-29,2026-09-29,15975.00,PE,MIDCPNIFTY26SEP15975PE,0.00,0.00,0.00,1537.95,0.00,1537.95,14713.65,1229.36,0,0,0,0.00,0,F1,120,,,,,
2026-09-04,2026-09-04,FO,NSE,IDO,50658,,MIDCPNIFTY,,2026-10-27,2026-10-27,13175.00,PE,MIDCPNIFTY26OCT13175PE,0.00,0.00,0.00,129.80,0.00,129.80,14713.65,36.66,0,0,0,0.00,0,F1,120,,,,,
2026-09-04,2026-09-04,FO,NSE,IDO,50736,,MIDCPNIFTY,,2026-10-27,2026-10-27,13950.00,PE,MIDCPNIFTY26OCT13950PE,0.00,0.00,0.00,318.10,0.00,318.10,14713.65,150.20,0,0,0,0.00,0,F1,120,,,,,
2026-09-04,2026-09-04,FO,NSE,IDO,50852,,MIDCPNIFTY,,2026-10-27,2026-10-27,14800.00,PE,MIDCPNIFTY26OCT14800PE,265.15,275.15,265.15,275.15,275.15,278.20,14713.65,455.56,360,120,2,3616836.00,2,F1,120,,,,,
2026-09-04,2026-09-04,FO,NSE,IDO,50961,,MIDCPNIFTY,,2026-10-27,2026-10-27,15450.00,PE,MIDCPNIFTY26OCT15450PE,0.00,0.00,0.00,1065.65,0.00,1065.65,14713.65,843.32,0,0,0,0.00,0,F1,120,,,,,
2026-09-04,2026-09-04,FO,NSE,IDO,51001,,MIDCPNIFTY,,2026-10-27,2026-10-27,15775.00,PE,MIDCPNIFTY26OCT15775PE,0.00,0.00,0.00,1292.40,0.00,1292.40,14713.65,1082.27,0,0,0,0.00,0,F1,120,,,,,
2026-09-04,2026-09-04,FO,NSE,IDO,63652,,MIDCPNIFTY,,2026-11-23,2026-11-23,13200.00,PE,MIDCPNIFTY26NOV13200PE,0.00,0.00,0.00,66.55,0.00,66.55,14713.65,75.89,0,0,0,0.00,0,F1,120,,,,,
2026-09-04,2026-09-04,FO,NSE,IDO,72749,,MIDCPNIFTY,,2026-09-29,2026-09-29,13625.00,CE,MIDCPNIFTY26SEP13625CE,0.00,0.00,0.00,1275.05,0.00,1275.05,14713.65,1170.90,0,0,0,0.00,0,F1,120,,,,,
2026-09-04,2026-09-04,FO,NSE,IDO,72960,,MIDCPNIFTY,,2026-09-29,2026-09-29,14775.00,CE,MIDCPNIFTY26SEP14775CE,204.95,225.00,171.40,175.30,173.90,182.80,14713.65,175.30,47400,36000,1813,3257867076.00,1583,F1,120,,,,,
2026-09-04,2026-09-04,FO,NSE,IDO,72635,,MIDCPNIFTY,,2026-09-29,2026-09-29,13125.00,PE,MIDCPNIFTY26SEP13125PE,0.00,0.00,0.00,148.30,0.00,148.30,14713.65,5.10,0,0,0,0.00,0,F1,120,,,,,
2026-09-04,2026-09-04,FO,NSE,IDO,63946,,MIDCPNIFTY,,2026-11-23,2026-11-23,16500.00,PE,MIDCPNIFTY26NOV16500PE,0.00,0.00,0.00,1479.75,0.00,1479.75,14713.65,1686.21,0,0,0,0.00,0,F1,120,,,,,
2026-09-04,2026-09-04,FO,NSE,IDO,63929,,MIDCPNIFTY,,2026-11-23,2026-11-23,16300.00,CE,MIDCPNIFTY26NOV16300CE,0.00,0.00,0.00,271.50,0.00,271.50,14713.65,163.09,0,0,0,0.00,0,F1,120,,,,,
2026-09-04,2026-09-04,FO,NSE,IDO,63875,,MIDCPNIFTY,,2026-11-23,2026-11-23,15650.00,CE,MIDCPNIFTY26NOV15650CE,0.00,0.00,0.00,469.90,0.00,469.90,14713.65,313.76,0,0,0,0.00,0,F1,120,,,,,
2026-09-04,2026-09-04,FO,NSE,IDO,63809,,MIDCPNIFTY,,2026-11-23,2026-11-23,14875.00,CE,MIDCPNIFTY26NOV14875CE,0.00,0.00,0.00,829.20,0.00,829.20,14713.65,614.59,0,0,0,0.00,0,F1,120,,,,,
2026-09-04,2026-09-04,FO,NSE,IDO,63795,,MIDCPNIFTY,,2026-11-23,2026-11-23,14700.00,CE,MIDCPNIFTY26NOV14700CE,0.00,0.00,0.00,930.15,0.00,930.15,14713.65,703.67,0,0,0,0.00,0,F1,120,,,,,
2026-09-04,2026-09-04,FO,NSE,IDO,63727,,MIDCPNIFTY,,2026-11-23,2026-11-23,14075.00,CE,MIDCPNIFTY26NOV14075CE,0.00,0.00,0.00,1348.90,0.00,1348.90,14713.65,1086.84,0,0,0,0.00,0,F1,120,,,,,
2026-09-04,2026-09-04,FO,NSE,IDO,63713,,MIDCPNIFTY,,2026-11-23,2026-11-23,13975.00,CE,MIDCPNIFTY26NOV13975CE,0.00,0.00,0.00,1423.75,0.00,1423.75,14713.65,1157.92,0,0,0,0.00,0,F1,120,,,,,
2026-09-04,2026-09-04,FO,NSE,IDO,51080,,MIDCPNIFTY,,2026-10-27,2026-10-27,16500.00,CE,MIDCPNIFTY26OCT16500CE,0.00,0.00,0.00,151.50,0.00,151.50,14713.65,60.35,0,0,0,0.00,0,F1,120,,,,,
2026-09-04,2026-09-04,FO,NSE,IDO,51002,,MIDCPNIFTY,,2026-10-27,2026-10-27,15800.00,CE,MIDCPNIFTY26OCT15800CE,0.00,0.00,0.00,289.05,0.00,289.05,14713.65,162.40,0,0,0,0.00,0,F1,120,,,,,
2026-09-04,2026-09-04,FO,NSE,IDO,63660,,MIDCPNIFTY,,2026-11-23,2026-11-23,13300.00,PE,MIDCPNIFTY26NOV13300PE,0.00,0.00,0.00,77.35,0.00,77.35,14713.65,88.69,0,0,0,0.00,0,F1,120,,,,,
2026-09-04,2026-09-04,FO,NSE,IDO,51081,,MIDCPNIFTY,,2026-10-27,2026-10-27,16500.00,PE,MIDCPNIFTY26OCT16500PE,0.00,0.00,0.00,1862.65,0.00,1862.65,14713.65,1693.13,0,0,0,0.00,0,F1,120,,,,,
2026-09-04,2026-09-04,FO,NSE,IDO,50759,,MIDCPNIFTY,,2026-10-27,2026-10-27,14150.00,CE,MIDCPNIFTY26OCT14150CE,0.00,0.00,0.00,991.15,0.00,991.15,14713.65,897.41,0,0,0,0.00,0,F1,120,,,,,
2026-09-04,2026-09-04,FO,NSE,IDO,51049,,MIDCPNIFTY,,2026-10-27,2026-10-27,16100.00,PE,MIDCPNIFTY26OCT16100PE,0.00,0.00,0.00,1538.35,0.00,1538.35,14713.65,1344.85,0,0,0,0.00,0,F1,120,,,,,
2026-09-04,2026-09-04,FO,NSE,IDO,50892,,MIDCPNIFTY,,2026-10-27,2026-10-27,15125.00,PE,MIDCPNIFTY26OCT15125PE,0.00,0.00,0.00,860.20,0.00,860.20,14713.65,633.25,0,0,0,0.00,0,F1,120,,,,,
2026-09-04,2026-09-04,FO,NSE,IDO,73135,,MIDCPNIFTY,,2026-09-29,2026-09-29,15825.00,PE,MIDCPNIFTY26SEP15825PE,0.00,0.00,0.00,1423.75,0.00,1423.75,14713.65,1093.69,0,0,0,0.00,0,F1,120,,,,,
2026-09-04,2026-09-04,FO,NSE,IDO,72820,,MIDCPNIFTY,,2026-09-29,2026-09-29,14075.00,PE,MIDCPNIFTY26SEP14075PE,0.00,0.00,0.00,413.10,0.00,413.10,14713.65,87.76,0,0,0,0.00,0,F1,120,,,,,
2026-09-04,2026-09-04,FO,NSE,IDO,72716,,MIDCPNIFTY,,2026-09-29,2026-09-29,13525.00,PE,MIDCPNIFTY26SEP13525PE,0.00,0.00,0.00,237.65,0.00,237.65,14713.65,20.06,0,0,0,0.00,0,F1,120,,,,,
2026-09-04,2026-09-04,FO,NSE,IDO,63748,,MIDCPNIFTY,,2026-11-23,2026-11-23,14250.00,PE,MIDCPNIFTY26NOV14250PE,0.00,0.00,0.00,260.70,0.00,260.70,14713.65,306.12,0,0,0,0.00,0,F1,120,,,,,
2026-09-04,2026-09-04,FO,NSE,IDO,63864,,MIDCPNIFTY,,2026-11-23,2026-11-23,15500.00,PE,MIDCPNIFTY26NOV15500PE,0.00,0.00,0.00,702.00,702.00,702.00,14713.65,929.83,120,0,0,0.00,0,F1,120,,,,,
2026-09-04,2026-09-04,FO,NSE,IDO,72940,,MIDCPNIFTY,,2026-09-29,2026-09-29,14525.00,CE,MIDCPNIFTY26SEP14525CE,0.00,0.00,0.00,352.05,352.05,352.05,14713.65,466.56,2280,0,0,0.00,0,F1,120,,,,,
2026-09-04,2026-09-04,FO,NSE,IDO,72801,,MIDCPNIFTY,,2026-09-29,2026-09-29,13950.00,CE,MIDCPNIFTY26SEP13950CE,0.00,0.00,0.00,1057.50,0.00,1057.50,14713.65,885.24,0,0,0,0.00,0,F1,120,,,,,
2026-09-04,2026-09-04,FO,NSE,IDO,72765,,MIDCPNIFTY,,2026-09-29,2026-09-29,13700.00,CE,MIDCPNIFTY26SEP13700CE,0.00,0.00,0.00,1200.00,1200.00,1200.00,14713.65,1102.74,480,0,0,0.00,0,F1,120,,,,,
2026-09-04,2026-09-04,FO,NSE,IDO,72862,,MIDCPNIFTY,,2026-09-29,2026-09-29,14325.00,PE,MIDCPNIFTY26SEP14325PE,0.00,0.00,0.00,515.80,0.00,515.80,14713.65,150.08,0,0,0,0.00,0,F1,120,,,,,
2026-09-04,2026-09-04,FO,NSE,IDO,72738,,MIDCPNIFTY,,2026-09-29,2026-09-29,13600.00,CE,MIDCPNIFTY26SEP13600CE,0.00,0.00,0.00,1300.00,1300.00,1300.00,14713.65,1193.87,360,0,0,0.00,0,F1,120,,,,,
2026-09-04,2026-09-04,FO,NSE,IDO,63912,,MIDCPNIFTY,,2026-11-23,2026-11-23,16100.00,PE,MIDCPNIFTY26NOV16100PE,0.00,0.00,0.00,1183.10,0.00,1183.10,14713.65,1361.96,0,0,0,0.00,0,F1,120,,,,,
2026-09-04,2026-09-04,FO,NSE,IDO,72639,,MIDCPNIFTY,,2026-09-29,2026-09-29,13175.00,PE,MIDCPNIFTY26SEP13175PE,0.00,0.00,0.00,157.75,0.00,157.75,14713.65,6.15,0,0,0,0.00,0,F1,120,,,,,
2026-09-04,2026-09-04,FO,NSE,IDO,50891,,MIDCPNIFTY,,2026-10-27,2026-10-27,15125.00,CE,MIDCPNIFTY26OCT15125CE,0.00,0.00,0.00,503.40,0.00,503.40,14713.65,362.67,0,0,0,0.00,0,F1,120,,,,,
2026-09-04,2026-09-04,FO,NSE,IDO,50952,,MIDCPNIFTY,,2026-10-27,2026-10-27,15375.00,CE,MIDCPNIFTY26OCT15375CE,0.00,0.00,0.00,413.25,0.00,413.25,14713.65,273.90,0,0,0,0.00,0,F1,120,,,,,
2026-09-04,2026-09-04,FO,NSE,IDO,50960,,MIDCPNIFTY,,2026-10-27,2026-10-27,15450.00,CE,MIDCPNIFTY26OCT15450CE,0.00,0.00,0.00,388.75,0.00,388.75,14713.65,250.77,0,0,0,0.00,0,F1,120,,,,,
2026-09-04,2026-09-04,FO,NSE,IDO,63771,,MIDCPNIFTY,,2026-11-23,2026-11-23,14500.00,CE,MIDCPNIFTY26NOV14500CE,0.00,0.00,0.00,1054.40,0.00,1054.40,14713.65,815.30,0,0,0,0.00,0,F1,120,,,,,
2026-09-04,2026-09-04,FO,NSE,IDO,72717,,MIDCPNIFTY,,2026-09-29,2026-09-29,13550.00,CE,MIDCPNIFTY26SEP13550CE,0.00,0.00,0.00,1328.40,0.00,1328.40,14713.65,1240.14,0,0,0,0.00,0,F1,120,,,,,
2026-09-04,2026-09-04,FO,NSE,IDO,72833,,MIDCPNIFTY,,2026-09-29,2026-09-29,14175.00,CE,MIDCPNIFTY26SEP14175CE,0.00,0.00,0.00,921.25,0.00,921.25,14713.65,705.81,0,0,0,0.00,0,F1,120,,,,,
2026-09-04,2026-09-04,FO,NSE,IDO,50802,,MIDCPNIFTY,,2026-10-27,2026-10-27,14400.00,PE,MIDCPNIFTY26OCT14400PE,0.00,0.00,0.00,487.45,0.00,487.45,14713.65,283.69,0,0,0,0.00,0,F1,120,,,,,
2026-09-04,2026-09-04,FO,NSE,IDO,63684,,MIDCPNIFTY,,2026-11-23,2026-11-23,13600.00,PE,MIDCPNIFTY26NOV13600PE,0.00,0.00,0.00,118.25,0.00,118.25,14713.65,137.23,0,0,0,0.00,0,F1,120,,,,,
2026-09-04,2026-09-04,FO,NSE,IDO,50721,,MIDCPNIFTY,,2026-10-27,2026-10-27,13800.00,CE,MIDCPNIFTY26OCT13800CE,0.00,0.00,0.00,1220.30,0.00,1220.30,14713.65,1160.28,0,0,0,0.00,0,F1,120,,,,,
2026-09-04,2026-09-04,FO,NSE,IDO,72949,,MIDCPNIFTY,,2026-09-29,2026-09-29,14625.00,PE,MIDCPNIFTY26SEP14625PE,116.80,118.85,88.05,115.75,116.75,120.95,14713.65,115.75,12000,-1080,122,215690700.00,101,F1,120,,,,,
2026-09-04,2026-09-04,FO,NSE,IDO,50690,,MIDCPNIFTY,,2026-10-27,2026-10-27,13500.00,PE,MIDCPNIFTY26OCT13500PE,0.00,0.00,0.00,194.40,0.00,194.40,14713.65,69.88,0,0,0,0.00,0,F1,120,,,,,
2026-09-04,2026-09-04,FO,NSE,IDO,50806,,MIDCPNIFTY,,2026-10-27,2026-10-27,14450.00,CE,MIDCPNIFTY26OCT14450CE,0.00,0.00,0.00,817.25,0.00,817.25,14713.65,700.50,0,0,0,0.00,0,F1,120,,,,,
2026-09-04,2026-09-04,FO,NSE,IDO,50659,,MIDCPNIFTY,,2026-10-27,2026-10-27,13200.00,CE,MIDCPNIFTY26OCT13200CE,0.00,0.00,0.00,1673.45,0.00,1673.45,14713.65,1675.15,0,0,0,0.00,0,F1,120,,,,,
2026-09-04,2026-09-04,FO,NSE,IDO,50986,,MIDCPNIFTY,,2026-10-27,2026-10-27,15650.00,CE,MIDCPNIFTY26OCT15650CE,0.00,0.00,0.00,328.95,0.00,328.95,14713.65,197.11,0,0,0,0.00,0,F1,120,,,,,
2026-09-04,2026-09-04,FO,NSE,IDO,51005,,MIDCPNIFTY,,2026-10-27,2026-10-27,15825.00,PE,MIDCPNIFTY26OCT15825PE,0.00,0.00,0.00,1329.70,0.00,1329.70,14713.65,1121.25,0,0,0,0.00,0,F1,120,,,,,
2026-09-04,2026-09-04,FO,NSE,IDO,51022,,MIDCPNIFTY,,2026-10-27,2026-10-27,15900.00,CE,MIDCPNIFTY26OCT15900CE,0.00,0.00,0.00,265.40,0.00,265.40,14713.65,142.37,0,0,0,0.00,0,F1,120,,,,,
2026-09-04,2026-09-04,FO,NSE,IDO,63647,,MIDCPNIFTY,,2026-11-23,2026-11-23,13150.00,CE,MIDCPNIFTY26NOV13150CE,0.00,0.00,0.00,2107.85,0.00,2107.85,14713.65,1818.02,0,0,0,0.00,0,F1,120,,,,,
2026-09-04,2026-09-04,FO,NSE,IDO,63657,,MIDCPNIFTY,,2026-11-23,2026-11-23,13275.00,CE,MIDCPNIFTY26NOV13275CE,0.00,0.00,0.00,1997.65,0.00,1997.65,14713.65,1710.05,0,0,0,0.00,0,F1,120,,,,,
2026-09-04,2026-09-04,FO,NSE,IDO,63667,,MIDCPNIFTY,,2026-11-23,2026-11-23,13400.00,CE,MIDCPNIFTY26NOV13400CE,0.00,0.00,0.00,1889.50,0.00,1889.50,14713.65,1604.56,0,0,0,0.00,0,F1,120,,,,,
2026-09-04,2026-09-04,FO,NSE,IDO,63707,,MIDCPNIFTY,,2026-11-23,2026-11-23,13900.00,CE,MIDCPNIFTY26NOV13900CE,0.00,0.00,0.00,1481.15,0.00,1481.15,14713.65,1212.36,0,0,0,0.00,0,F1,120,,,,,
2026-09-04,2026-09-04,FO,NSE,IDO,63761,,MIDCPNIFTY,,2026-11-23,2026-11-23,14400.00,CE,MIDCPNIFTY26NOV14400CE,0.00,0.00,0.00,1120.05,0.00,1120.05,14713.65,875.04,0,0,0,0.00,0,F1,120,,,,,
2026-09-04,2026-09-04,FO,NSE,IDO,63765,,MIDCPNIFTY,,2026-11-23,2026-11-23,14425.00,CE,MIDCPNIFTY26NOV14425CE,0.00,0.00,0.00,1103.40,0.00,1103.40,14713.65,859.86,0,0,0,0.00,0,F1,120,,,,,
2026-09-04,2026-09-04,FO,NSE,IDO,63867,,MIDCPNIFTY,,2026-11-23,2026-11-23,15550.00,CE,MIDCPNIFTY26NOV15550CE,0.00,0.00,0.00,508.40,0.00,508.40,14713.65,344.51,0,0,0,0.00,0,F1,120,,,,,
2026-09-04,2026-09-04,FO,NSE,IDO,72957,,MIDCPNIFTY,,2026-09-29,2026-09-29,14725.00,PE,MIDCPNIFTY26SEP14725PE,173.30,173.30,116.85,155.05,154.40,159.65,14713.65,155.05,24240,-10440,1216,2170322304.00,1009,F1,120,,,,,
2026-09-04,2026-09-04,FO,NSE,IDO,72971,,MIDCPNIFTY,,2026-09-29,2026-09-29,14875.00,PE,MIDCPNIFTY26SEP14875PE,210.45,234.80,179.00,227.90,228.80,234.30,14713.65,227.90,12960,120,83,150187518.00,77,F1,120,,,,,
2026-09-04,2026-09-04,FO,NSE,IDO,72989,,MIDCPNIFTY,,2026-09-29,2026-09-29,15075.00,PE,MIDCPNIFTY26SEP15075PE,296.60,366.30,296.60,365.30,366.30,386.00,14713.65,365.30,18840,-1320,11,20363178.00,8,F1,120,,,,,
2026-09-04,2026-09-04,FO,NSE,IDO,73085,,MIDCPNIFTY,,2026-09-29,2026-09-29,15350.00,PE,MIDCPNIFTY26SEP15350PE,0.00,0.00,0.00,378.75,378.75,378.75,14713.65,700.05,1080,0,0,0.00,0,F1,120,,,,,
2026-09-04,2026-09-04,FO,NSE,IDO,73089,,MIDCPNIFTY,,2026-09-29,2026-09-29,15400.00,PE,MIDCPNIFTY26SEP15400PE,0.00,0.00,0.00,519.00,519.00,519.00,14713.65,737.79,2280,0,0,0.00,0,F1,120,,,,,
2026-09-04,2026-09-04,FO,NSE,IDO,50672,,MIDCPNIFTY,,2026-10-27,2026-10-27,13325.00,PE,MIDCPNIFTY26OCT13325PE,0.00,0.00,0.00,157.25,0.00,157.25,14713.65,49.88,0,0,0,0.00,0,F1,120,,,,,
2026-09-04,2026-09-04,FO,NSE,IDO,50732,,MIDCPNIFTY,,2026-10-27,2026-10-27,13900.00,PE,MIDCPNIFTY26OCT13900PE,0.00,0.00,0.00,302.15,0.00,302.15,14713.65,138.89,0,0,0,0.00,0,F1,120,,,,,
2026-09-04,2026-09-04,FO,NSE,IDO,50850,,MIDCPNIFTY,,2026-10-27,2026-10-27,14775.00,PE,MIDCPNIFTY26OCT14775PE,0.00,0.00,0.00,278.00,278.00,278.00,14713.65,443.29,120,0,0,0.00,0,F1,120,,,,,
2026-09-04,2026-09-04,FO,NSE,IDO,72648,,MIDCPNIFTY,,2026-09-29,2026-09-29,13300.00,CE,MIDCPNIFTY26SEP13300CE,0.00,0.00,0.00,1513.80,0.00,1513.80,14713.65,1477.07,0,0,0,0.00,0,F1,120,,,,,
2026-09-04,2026-09-04,FO,NSE,IDO,72803,,MIDCPNIFTY,,2026-09-29,2026-09-29,13975.00,CE,MIDCPNIFTY26SEP13975CE,0.00,0.00,0.00,1041.80,0.00,1041.80,14713.65,864.46,0,0,0,0.00,0,F1,120,,,,,
2026-09-04,2026-09-04,FO,NSE,IDO,72807,,MIDCPNIFTY,,2026-09-29,2026-09-29,14025.00,CE,MIDCPNIFTY26SEP14025CE,0.00,0.00,0.00,1010.80,0.00,1010.80,14713.65,823.49,0,0,0,0.00,0,F1,120,,,,,
2026-09-04,2026-09-04,FO,NSE,IDO,72931,,MIDCPNIFTY,,2026-09-29,2026-09-29,14425.00,CE,MIDCPNIFTY26SEP14425CE,0.00,0.00,0.00,364.05,364.05,364.05,14713.65,529.37,2640,0,0,0.00,0,F1,120,,,,,
2026-09-04,2026-09-04,FO,NSE,IDO,72994,,MIDCPNIFTY,,2026-09-29,2026-09-29,15150.00,CE,MIDCPNIFTY26SEP15150CE,51.95,61.30,43.00,44.55,43.90,48.60,14713.65,44.55,33960,12120,642,1171304568.00,473,F1,120,,,,,
2026-09-04,2026-09-04,FO,NSE,IDO,50725,,MIDCPNIFTY,,2026-10-27,2026-10-27,13850.00,CE,MIDCPNIFTY26OCT13850CE,0.00,0.00,0.00,1185.85,0.00,1185.85,14713.65,1120.79,0,0,0,0.00,0,F1,120,,,,,
2026-09-04,2026-09-04,FO,NSE,IDO,50996,,MIDCPNIFTY,,2026-10-27,2026-10-27,15725.00,CE,MIDCPNIFTY26OCT15725CE,0.00,0.00,0.00,308.50,0.00,308.50,14713.65,179.45,0,0,0,0.00,0,F1,120,,,,,
2026-09-04,2026-09-04,FO,NSE,IDO,51048,,MIDCPNIFTY,,2026-10-27,2026-10-27,16100.00,CE,MIDCPNIFTY26OCT16100CE,0.00,0.00,0.00,221.25,0.00,221.25,14713.65,108.35,0,0,0,0.00,0,F1,120,,,,,
2026-09-04,2026-09-04,FO,NSE,IDO,63705,,MIDCPNIFTY,,2026-11-23,2026-11-23,13875.00,CE,MIDCPNIFTY26NOV13875CE,0.00,0.00,0.00,1500.55,0.00,1500.55,14713.65,1230.22,0,0,0,0.00,0,F1,120,,,,,
2026-09-04,2026-09-04,FO,NSE,IDO,50851,,MIDCPNIFTY,,2026-10-27,2026-10-27,14800.00,CE,MIDCPNIFTY26OCT14800CE,325.50,325.50,299.05,306.35,306.35,311.75,14713.65,306.35,600,240,4,7252470.00,4,F1,120,,,,,
2026-09-04,2026-09-04,FO,NSE,IDO,73193,,MIDCPNIFTY,,2026-09-29,2026-09-29,15925.00,CE,MIDCPNIFTY26SEP15925CE,0.00,0.00,0.00,245.55,0.00,245.55,14713.65,36.78,0,0,0,0.00,0,F1,120,,,,,
2026-09-04,2026-09-04,FO,NSE,IDO,50872,,MIDCPNIFTY,,2026-10-27,2026-10-27,14875.00,PE,MIDCPNIFTY26OCT14875PE,0.00,0.00,0.00,717.85,0.00,717.85,14713.65,493.52,0,0,0,0.00,0,F1,120,,,,,
2026-09-04,2026-09-04,FO,NSE,IDO,63770,,MIDCPNIFTY,,2026-11-23,2026-11-23,14475.00,PE,MIDCPNIFTY26NOV14475PE,0.00,0.00,0.00,329.65,0.00,329.65,14713.65,388.46,0,0,0,0.00,0,F1,120,,,,,
2026-09-04,2026-09-04,FO,NSE,IDO,50945,,MIDCPNIFTY,,2026-10-27,2026-10-27,15275.00,PE,MIDCPNIFTY26OCT15275PE,0.00,0.00,0.00,380.70,381.00,380.70,14713.65,726.37,360,0,0,0.00,0,F1,120,,,,,
2026-09-04,2026-09-04,FO,NSE,IDO,63799,,MIDCPNIFTY,,2026-11-23,2026-11-23,14750.00,CE,MIDCPNIFTY26NOV14750CE,0.00,0.00,0.00,900.55,0.00,900.55,14713.65,677.41,0,0,0,0.00,0,F1,120,,,,,
2026-09-04,2026-09-04,FO,NSE,IDO,63861,,MIDCPNIFTY,,2026-11-23,2026-11-23,15475.00,CE,MIDCPNIFTY26NOV15475CE,0.00,0.00,0.00,538.75,0.00,538.75,14713.65,369.05,0,0,0,0.00,0,F1,120,,,,,
2026-09-04,2026-09-04,FO,NSE,IDO,50999,,MIDCPNIFTY,,2026-10-27,2026-10-27,15750.00,PE,MIDCPNIFTY26OCT15750PE,0.00,0.00,0.00,1274.30,0.00,1274.30,14713.65,1062.99,0,0,0,0.00,0,F1,120,,,,,
2026-09-04,2026-09-04,FO,NSE,IDO,50995,,MIDCPNIFTY,,2026-10-27,2026-10-27,15700.00,PE,MIDCPNIFTY26OCT15700PE,0.00,0.00,0.00,1238.35,0.00,1238.35,14713.65,1025.41,0,0,0,0.00,0,F1,120,,,,,
2026-09-04,2026-09-04,FO,NSE,IDO,63741,,MIDCPNIFTY,,2026-11-23,2026-11-23,14225.00,CE,MIDCPNIFTY26NOV14225CE,0.00,0.00,0.00,1240.95,0.00,1240.95,14713.65,985.80,0,0,0,0.00,0,F1,120,,,,,
2026-09-04,2026-09-04,FO,NSE,IDO,72766,,MIDCPNIFTY,,2026-09-29,2026-09-29,13700.00,PE,MIDCPNIFTY26SEP13700PE,0.00,0.00,0.00,285.80,0.00,285.80,14713.65,33.65,0,0,0,0.00,0,F1,120,,,,,
2026-09-04,2026-09-04,FO,NSE,IDO,72796,,MIDCPNIFTY,,2026-09-29,2026-09-29,13875.00,PE,MIDCPNIFTY26SEP13875PE,0.00,0.00,0.00,341.30,0.00,341.30,14713.65,53.93,0,0,0,0.00,0,F1,120,,,,,
2026-09-04,2026-09-04,FO,NSE,IDO,72983,,MIDCPNIFTY,,2026-09-29,2026-09-29,15000.00,PE,MIDCPNIFTY26SEP15000PE,306.60,315.50,243.10,306.90,307.60,312.90,14713.65,306.90,431400,-1680,1342,2460290274.00,981,F1,120,,,,,
2026-09-04,2026-09-04,FO,NSE,IDO,73018,,MIDCPNIFTY,,2026-09-29,2026-09-29,15250.00,PE,MIDCPNIFTY26SEP15250PE,0.00,0.00,0.00,594.00,594.00,594.00,14713.65,625.44,4320,0,0,0.00,0,F1,120,,,,,
2026-09-04,2026-09-04,FO,NSE,IDO,63850,,MIDCPNIFTY,,2026-11-23,2026-11-23,15325.00,PE,MIDCPNIFTY26NOV15325PE,0.00,0.00,0.00,699.80,0.00,699.80,14713.65,818.64,0,0,0,0.00,0,F1,120,,,,,
2026-09-04,2026-09-04,FO,NSE,IDO,63798,,MIDCPNIFTY,,2026-11-23,2026-11-23,14725.00,PE,MIDCPNIFTY26NOV14725PE,0.00,0.00,0.00,420.65,0.00,420.65,14713.65,495.42,0,0,0,0.00,0,F1,120,,,,,
2026-09-04,2026-09-04,FO,NSE,IDO,63758,,MIDCPNIFTY,,2026-11-23,2026-11-23,14350.00,PE,MIDCPNIFTY26NOV14350PE,0.00,0.00,0.00,289.60,0.00,289.60,14713.65,341.11,0,0,0,0.00,0,F1,120,,,,,
2026-09-04,2026-09-04,FO,NSE,IDO,50734,,MIDCPNIFTY,,2026-10-27,2026-10-27,13925.00,PE,MIDCPNIFTY26OCT13925PE,0.00,0.00,0.00,310.05,0.00,310.05,14713.65,144.46,0,0,0,0.00,0,F1,120,,,,,
2026-09-04,2026-09-04,FO,NSE,IDO,72646,,MIDCPNIFTY,,2026-09-29,2026-09-29,13275.00,CE,MIDCPNIFTY26SEP13275CE,0.00,0.00,0.00,1533.05,0.00,1533.05,14713.65,1501.17,0,0,0,0.00,0,F1,120,,,,,
2026-09-04,2026-09-04,FO,NSE,IDO,64843,,NIFTYFPI,,2026-11-23,2026-11-23,1515.00,CE,NIFTYFPI26NOV1515CE,0.00,0.00,0.00,109.20,0.00,109.20,1553.70,82.97,0,0,0,0.00,0,F1,1100,,,,,
2026-09-04,2026-09-04,FO,NSE,IDO,64876,,NIFTYFPI,,2026-11-23,2026-11-23,1590.00,CE,NIFTYFPI26NOV1590CE,0.00,0.00,0.00,61.55,0.00,61.55,1553.70,41.51,0,0,0,0.00,0,F1,1100,,,,,
2026-09-04,2026-09-04,FO,NSE,IDO,64962,,NIFTYFPI,,2026-11-23,2026-11-23,1740.00,CE,NIFTYFPI26NOV1740CE,0.00,0.00,0.00,12.65,0.00,12.65,1553.70,6.02,0,0,0,0.00,0,F1,1100,,,,,
2026-09-04,2026-09-04,FO,NSE,IDO,64841,,NIFTYFPI,,2026-11-23,2026-11-23,1510.00,CE,NIFTYFPI26NOV1510CE,0.00,0.00,0.00,112.95,0.00,112.95,1553.70,86.36,0,0,0,0.00,0,F1,1100,,,,,
2026-09-04,2026-09-04,FO,NSE,IDO,64785,,NIFTYFPI,,2026-11-23,2026-11-23,1400.00,CE,NIFTYFPI26NOV1400CE,0.00,0.00,0.00,207.00,0.00,207.00,1553.70,176.46,0,0,0,0.00,0,F1,1100,,,,,
2026-09-04,2026-09-04,FO,NSE,IDO,49449,,NIFTYFPI,,2026-10-27,2026-10-27,1570.00,CE,NIFTYFPI26OCT1570CE,0.00,0.00,0.00,71.90,0.00,71.90,1553.70,38.24,0,0,0,0.00,0,F1,1100,,,,,
2026-09-04,2026-09-04,FO,NSE,IDO,64822,,NIFTYFPI,,2026-11-23,2026-11-23,1465.00,PE,NIFTYFPI26NOV1465PE,0.00,0.00,0.00,8.50,0.00,8.50,1553.70,10.81,0,0,0,0.00,0,F1,1100,,,,,
2026-09-04,2026-09-04,FO,NSE,IDO,49237,,NIFTYFPI,,2026-10-27,2026-10-27,1500.00,PE,NIFTYFPI26OCT1500PE,0.00,0.00,0.00,12.20,0.00,12.20,1553.70,13.55,0,0,0,0.00,0,F1,1100,,,,,
2026-09-04,2026-09-04,FO,NSE,IDO,48587,,NIFTYFPI,,2026-09-29,2026-09-29,1800.00,PE,NIFTYFPI26SEP1800PE,0.00,0.00,0.00,196.85,0.00,196.85,1553.70,239.03,0,0,0,0.00,0,F1,1100,,,,,
2026-09-04,2026-09-04,FO,NSE,IDO,48531,,NIFTYFPI,,2026-09-29,2026-09-29,1720.00,PE,NIFTYFPI26SEP1720PE,0.00,0.00,0.00,123.00,0.00,123.00,1553.70,159.64,0,0,0,0.00,0,F1,1100,,,,,
2026-09-04,2026-09-04,FO,NSE,IDO,48335,,NIFTYFPI,,2026-09-29,2026-09-29,1420.00,PE,NIFTYFPI26SEP1420PE,0.00,0.00,0.00,1.00,0.00,1.00,1553.70,0.34,0,0,0,0.00,0,F1,1100,,,,,
2026-09-04,2026-09-04,FO,NSE,IDO,64974,,NIFTYFPI,,2026-11-23,2026-11-23,1760.00,CE,NIFTYFPI26NOV1760CE,0.00,0.00,0.00,9.80,0.00,9.80,1553.70,4.40,0,0,0,0.00,0,F1,1100,,,,,
2026-09-04,2026-09-04,FO,NSE,IDO,64874,,NIFTYFPI,,2026-11-23,2026-11-23,1585.00,CE,NIFTYFPI26NOV1585CE,0.00,0.00,0.00,64.20,0.00,64.20,1553.70,43.72,0,0,0,0.00,0,F1,1100,,,,,
2026-09-04,2026-09-04,FO,NSE,IDO,49636,,NIFTYFPI,,2026-10-27,2026-10-27,1640.00,CE,NIFTYFPI26OCT1640CE,0.00,0.00,0.00,37.25,0.00,37.25,1553.70,14.09,0,0,0,0.00,0,F1,1100,,,,,
2026-09-04,2026-09-04,FO,NSE,IDO,49559,,NIFTYFPI,,2026-10-27,2026-10-27,1620.00,CE,NIFTYFPI26OCT1620CE,0.00,0.00,0.00,45.60,0.00,45.60,1553.70,19.23,0,0,0,0.00,0,F1,1100,,,,,
2026-09-04,2026-09-04,FO,NSE,IDO,64897,,NIFTYFPI,,2026-11-23,2026-11-23,1620.00,PE,NIFTYFPI26NOV1620PE,0.00,0.00,0.00,59.30,0.00,59.30,1553.70,73.52,0,0,0,0.00,0,F1,1100,,,,,
2026-09-04,2026-09-04,FO,NSE,IDO,49157,,NIFTYFPI,,2026-10-27,2026-10-27,1470.00,PE,NIFTYFPI26OCT1470PE,0.00,0.00,0.00,7.40,0.00,7.40,1553.70,7.52,0,0,0,0.00,0,F1,1100,,,,,
2026-09-04,2026-09-04,FO,NSE,IDO,64817,,NIFTYFPI,,2026-11-23,2026-11-23,1455.00,CE,NIFTYFPI26NOV1455CE,0.00,0.00,0.00,157.45,0.00,157.45,1553.70,128.21,0,0,0,0.00,0,F1,1100,,,,,
2026-09-04,2026-09-04,FO,NSE,IDO,64899,,NIFTYFPI,,2026-11-23,2026-11-23,1625.00,PE,NIFTYFPI26NOV1625PE,0.00,0.00,0.00,62.05,0.00,62.05,1553.70,76.79,0,0,0,0.00,0,F1,1100,,,,,
2026-09-04,2026-09-04,FO,NSE,IDO,64862,,NIFTYFPI,,2026-11-23,2026-11-23,1555.00,CE,NIFTYFPI26NOV1555CE,0.00,0.00,0.00,81.80,0.00,81.80,1553.70,58.62,0,0,0,0.00,0,F1,1100,,,,,
2026-09-04,2026-09-04,FO,NSE,IDO,48530,,NIFTYFPI,,2026-09-29,2026-09-29,1720.00,CE,NIFTYFPI26SEP1720CE,0.00,0.00,0.00,6.90,0.00,6.90,1553.70,0.30,0,0,0,0.00,0,F1,1100,,,,,
2026-09-04,2026-09-04,FO,NSE,IDO,64898,,NIFTYFPI,,2026-11-23,2026-11-23,1625.00,CE,NIFTYFPI26NOV1625CE,0.00,0.00,0.00,44.85,0.00,44.85,1553.70,28.26,0,0,0,0.00,0,F1,1100,,,,,
2026-09-04,2026-09-04,FO,NSE,IDO,49407,,NIFTYFPI,,2026-10-27,2026-10-27,1550.00,PE,NIFTYFPI26OCT1550PE,0.00,0.00,0.00,24.95,0.00,24.95,1553.70,30.44,0,0,0,0.00,0,F1,1100,,,,,
2026-09-04,2026-09-04,FO,NSE,IDO,48324,,NIFTYFPI,,2026-09-29,2026-09-29,1400.00,CE,NIFTYFPI26SEP1400CE,0.00,0.00,0.00,201.85,0.00,201.85,1553.70,159.49,0,0,0,0.00,0,F1,1100,,,,,
2026-09-04,2026-09-04,FO,NSE,IDO,64916,,NIFTYFPI,,2026-11-23,2026-11-23,1655.00,CE,NIFTYFPI26NOV1655CE,0.00,0.00,0.00,33.35,0.00,33.35,1553.70,19.75,0,0,0,0.00,0,F1,1100,,,,,
2026-09-04,2026-09-04,FO,NSE,IDO,48351,,NIFTYFPI,,2026-09-29,2026-09-29,1455.00,PE,NIFTYFPI26SEP1455PE,0.00,0.00,0.00,2.60,0.00,2.60,1553.70,1.48,0,0,0,0.00,0,F1,1100,,,,,
2026-09-04,2026-09-04,FO,NSE,IDO,64742,,NIFTYFPI,,2026-11-23,2026-11-23,1320.00,PE,NIFTYFPI26NOV1320PE,0.00,0.00,0.00,0.40,0.00,0.40,1553.70,0.42,0,0,0,0.00,0,F1,1100,,,,,
2026-09-04,2026-09-04,FO,NSE,IDO,48509,,NIFTYFPI,,2026-09-29,2026-09-29,1680.00,PE,NIFTYFPI26SEP1680PE,0.00,0.00,0.00,90.00,0.00,90.00,1553.70,120.75,0,0,0,0.00,0,F1,1100,,,,,
2026-09-04,2026-09-04,FO,NSE,IDO,48469,,NIFTYFPI,,2026-09-29,2026-09-29,1625.00,PE,NIFTYFPI26SEP1625PE,0.00,0.00,0.00,52.10,0.00,52.10,1553.70,71.10,0,0,0,0.00,0,F1,1100,,,,,
2026-09-04,2026-09-04,FO,NSE,IDO,48510,,NIFTYFPI,,2026-09-29,2026-09-29,1685.00,CE,NIFTYFPI26SEP1685CE,0.00,0.00,0.00,12.50,0.00,12.50,1553.70,1.05,0,0,0,0.00,0,F1,1100,,,,,
2026-09-04,2026-09-04,FO,NSE,IDO,48522,,NIFTYFPI,,2026-09-29,2026-09-29,1700.00,CE,NIFTYFPI26SEP1700CE,0.00,0.00,0.00,9.75,0.00,9.75,1553.70,0.62,0,0,0,0.00,0,F1,1100,,,,,
2026-09-04,2026-09-04,FO,NSE,IDO,48538,,NIFTYFPI,,2026-09-29,2026-09-29,1740.00,CE,NIFTYFPI26SEP1740CE,0.00,0.00,0.00,4.75,0.00,4.75,1553.70,0.13,0,0,0,0.00,0,F1,1100,,,,,
2026-09-04,2026-09-04,FO,NSE,IDO,49218,,NIFTYFPI,,2026-10-27,2026-10-27,1490.00,CE,NIFTYFPI26OCT1490CE,0.00,0.00,0.00,129.25,0.00,129.25,1553.70,88.81,0,0,0,0.00,0,F1,1100,,,,,
2026-09-04,2026-09-04,FO,NSE,IDO,49339,,NIFTYFPI,,2026-10-27,2026-10-27,1525.00,CE,NIFTYFPI26OCT1525CE,0.00,0.00,0.00,102.15,0.00,102.15,1553.70,63.71,0,0,0,0.00,0,F1,1100,,,,,
2026-09-04,2026-09-04,FO,NSE,IDO,64847,,NIFTYFPI,,2026-11-23,2026-11-23,1525.00,CE,NIFTYFPI26NOV1525CE,0.00,0.00,0.00,102.00,0.00,102.00,1553.70,76.41,0,0,0,0.00,0,F1,1100,,,,,
2026-09-04,2026-09-04,FO,NSE,IDO,64868,,NIFTYFPI,,2026-11-23,2026-11-23,1570.00,CE,NIFTYFPI26NOV1570CE,0.00,0.00,0.00,72.70,0.00,72.70,1553.70,50.81,0,0,0,0.00,0,F1,1100,,,,,
2026-09-04,2026-09-04,FO,NSE,IDO,64870,,NIFTYFPI,,2026-11-23,2026-11-23,1575.00,CE,NIFTYFPI26NOV1575CE,0.00,0.00,0.00,69.80,0.00,69.80,1553.70,48.36,0,0,0,0.00,0,F1,1100,,,,,
2026-09-04,2026-09-04,FO,NSE,IDO,64910,,NIFTYFPI,,2026-11-23,2026-11-23,1650.00,CE,NIFTYFPI26NOV1650CE,0.00,0.00,0.00,35.10,0.00,35.10,1553.70,20.95,0,0,0,0.00,0,F1,1100,,,,,
2026-09-04,2026-09-04,FO,NSE,IDO,48507,,NIFTYFPI,,2026-09-29,2026-09-29,1675.00,PE,NIFTYFPI26SEP1675PE,0.00,0.00,0.00,86.15,0.00,86.15,1553.70,115.99,0,0,0,0.00,0,F1,1100,,,,,
2026-09-04,2026-09-04,FO,NSE,IDO,48430,,NIFTYFPI,,2026-09-29,2026-09-29,1570.00,CE,NIFTYFPI26SEP1570CE,0.00,0.00,0.00,58.00,0.00,58.00,1553.70,22.23,0,0,0,0.00,0,F1,1100,,,,,
2026-09-04,2026-09-04,FO,NSE,IDO,49326,,NIFTYFPI,,2026-10-27,2026-10-27,1510.00,CE,NIFTYFPI26OCT1510CE,0.00,0.00,0.00,113.35,0.00,113.35,1553.70,73.93,0,0,0,0.00,0,F1,1100,,,,,
2026-09-04,2026-09-04,FO,NSE,IDO,49699,,NIFTYFPI,,2026-10-27,2026-10-27,1660.00,CE,NIFTYFPI26OCT1660CE,0.00,0.00,0.00,30.05,0.00,30.05,1553.70,10.10,0,0,0,0.00,0,F1,1100,,,,,
2026-09-04,2026-09-04,FO,NSE,IDO,49937,,NIFTYFPI,,2026-10-27,2026-10-27,1740.00,CE,NIFTYFPI26OCT1740CE,0.00,0.00,0.00,11.30,0.00,11.30,1553.70,2.14,0,0,0,0.00,0,F1,1100,,,,,
2026-09-04,2026-09-04,FO,NSE,IDO,64918,,NIFTYFPI,,2026-11-23,2026-11-23,1660.00,CE,NIFTYFPI26NOV1660CE,0.00,0.00,0.00,31.65,0.00,31.65,1553.70,18.55,0,0,0,0.00,0,F1,1100,,,,,
2026-09-04,2026-09-04,FO,NSE,IDO,64936,,NIFTYFPI,,2026-11-23,2026-11-23,1700.00,CE,NIFTYFPI26NOV1700CE,0.00,0.00,0.00,20.50,0.00,20.50,1553.70,10.84,0,0,0,0.00,0,F1,1100,,,,,
2026-09-04,2026-09-04,FO,NSE,IDO,64950,,NIFTYFPI,,2026-11-23,2026-11-23,1720.00,CE,NIFTYFPI26NOV1720CE,0.00,0.00,0.00,16.20,0.00,16.20,1553.70,8.13,0,0,0,0.00,0,F1,1100,,,,,
2026-09-04,2026-09-04,FO,NSE,IDO,64986,,NIFTYFPI,,2026-11-23,2026-11-23,1780.00,CE,NIFTYFPI26NOV1780CE,0.00,0.00,0.00,7.50,0.00,7.50,1553.70,3.17,0,0,0,0.00,0,F1,1100,,,,,
2026-09-04,2026-09-04,FO,NSE,IDO,48457,,NIFTYFPI,,2026-09-29,2026-09-29,1605.00,PE,NIFTYFPI26SEP1605PE,0.00,0.00,0.00,41.00,0.00,41.00,1553.70,55.35,0,0,0,0.00,0,F1,1100,,,,,
2026-09-04,2026-09-04,FO,NSE,IDO,48539,,NIFTYFPI,,2026-09-29,2026-09-29,1740.00,PE,NIFTYFPI26SEP1740PE,0.00,0.00,0.00,140.70,0.00,140.70,1553.70,179.39,0,0,0,0.00,0,F1,1100,,,,,
2026-09-04,2026-09-04,FO,NSE,IDO,49590,,NIFTYFPI,,2026-10-27,2026-10-27,1625.00,PE,NIFTYFPI26OCT1625PE,0.00,0.00,0.00,57.80,0.00,57.80,1553.70,74.00,0,0,0,0.00,0,F1,1100,,,,,
2026-09-04,2026-09-04,FO,NSE,IDO,64775,,NIFTYFPI,,2026-11-23,2026-11-23,1380.00,PE,NIFTYFPI26NOV1380PE,0.00,0.00,0.00,1.65,0.00,1.65,1553.70,2.00,0,0,0,0.00,0,F1,1100,,,,,
2026-09-04,2026-09-04,FO,NSE,IDO,64925,,NIFTYFPI,,2026-11-23,2026-11-23,1675.00,PE,NIFTYFPI26NOV1675PE,0.00,0.00,0.00,93.50,0.00,93.50,1553.70,113.05,0,0,0,0.00,0,F1,1100,,,,,
2026-09-04,2026-09-04,FO,NSE,IDO,48474,,NIFTYFPI,,2026-09-29,2026-09-29,1640.00,CE,NIFTYFPI26SEP1640CE,0.00,0.00,0.00,24.65,0.00,24.65,1553.70,4.25,0,0,0,0.00,0,F1,1100,,,,,
2026-09-04,2026-09-04,FO,NSE,IDO,48355,,NIFTYFPI,,2026-09-29,2026-09-29,1460.00,PE,NIFTYFPI26SEP1460PE,1.15,1.15,0.75,0.75,0.75,2.95,1553.70,0.75,5500,5500,35,56247730.00,28,F1,1100,,,,,
2026-09-04,2026-09-04,FO,NSE,IDO,48400,,NIFTYFPI,,2026-09-29,2026-09-29,1540.00,CE,NIFTYFPI26SEP1540CE,0.00,0.00,0.00,78.10,0.00,78.10,1553.70,37.80,0,0,0,0.00,0,F1,1100,,,,,
2026-09-04,2026-09-04,FO,NSE,IDO,48582,,NIFTYFPI,,2026-09-29,2026-09-29,1800.00,CE,NIFTYFPI26SEP1800CE,0.00,0.00,0.00,1.40,0.00,1.40,1553.70,0.01,0,0,0,0.00,0,F1,1100,,,,,
2026-09-04,2026-09-04,FO,NSE,IDO,48445,,NIFTYFPI,,2026-09-29,2026-09-29,1585.00,PE,NIFTYFPI26SEP1585PE,0.00,0.00,0.00,31.45,0.00,31.45,1553.70,41.28,0,0,0,0.00,0,F1,1100,,,,,
2026-09-04,2026-09-04,FO,NSE,IDO,49348,,NIFTYFPI,,2026-10-27,2026-10-27,1525.00,PE,NIFTYFPI26OCT1525PE,0.00,0.00,0.00,17.80,0.00,17.80,1553.70,20.81,0,0,0,0.00,0,F1,1100,,,,,
2026-09-04,2026-09-04,FO,NSE,IDO,49488,,NIFTYFPI,,2026-10-27,2026-10-27,1585.00,PE,NIFTYFPI26OCT1585PE,0.00,0.00,0.00,38.15,0.00,38.15,1553.70,48.09,0,0,0,0.00,0,F1,1100,,,,,
2026-09-04,2026-09-04,FO,NSE,IDO,49761,,NIFTYFPI,,2026-10-27,2026-10-27,1680.00,CE,NIFTYFPI26OCT1680CE,0.00,0.00,0.00,23.95,0.00,23.95,1553.70,7.09,0,0,0,0.00,0,F1,1100,,,,,
2026-09-04,2026-09-04,FO,NSE,IDO,49759,,NIFTYFPI,,2026-10-27,2026-10-27,1675.00,CE,NIFTYFPI26OCT1675CE,0.00,0.00,0.00,25.40,0.00,25.40,1553.70,7.76,0,0,0,0.00,0,F1,1100,,,,,
2026-09-04,2026-09-04,FO,NSE,IDO,64900,,NIFTYFPI,,2026-11-23,2026-11-23,1630.00,CE,NIFTYFPI26NOV1630CE,0.00,0.00,0.00,42.75,0.00,42.75,1553.70,26.66,0,0,0,0.00,0,F1,1100,,,,,
2026-09-04,2026-09-04,FO,NSE,IDO,48384,,NIFTYFPI,,2026-09-29,2026-09-29,1505.00,CE,NIFTYFPI26SEP1505CE,0.00,0.00,0.00,105.25,0.00,105.25,1553.70,62.34,0,0,0,0.00,0,F1,1100,,,,,
2026-09-04,2026-09-04,FO,NSE,IDO,64908,,NIFTYFPI,,2026-11-23,2026-11-23,1645.00,CE,NIFTYFPI26NOV1645CE,0.00,0.00,0.00,36.90,0.00,36.90,1553.70,22.28,0,0,0,0.00,0,F1,1100,,,,,
2026-09-04,2026-09-04,FO,NSE,IDO,48313,,NIFTYFPI,,2026-09-29,2026-09-29,1380.00,PE,NIFTYFPI26SEP1380PE,0.00,0.00,0.00,0.30,0.00,0.30,1553.70,0.04,0,0,0,0.00,0,F1,1100,,,,,
2026-09-04,2026-09-04,FO,NSE,IDO,48325,,NIFTYFPI,,2026-09-29,2026-09-29,1400.00,PE,NIFTYFPI26SEP1400PE,0.00,0.00,0.00,0.55,0.00,0.55,1553.70,0.13,0,0,0,0.00,0,F1,1100,,,,,
2026-09-04,2026-09-04,FO,NSE,IDO,48375,,NIFTYFPI,,2026-09-29,2026-09-29,1485.00,PE,NIFTYFPI26SEP1485PE,0.00,0.00,0.00,5.30,0.00,5.30,1553.70,4.18,0,0,0,0.00,0,F1,1100,,,,,
2026-09-04,2026-09-04,FO,NSE,IDO,49509,,NIFTYFPI,,2026-10-27,2026-10-27,1595.00,CE,NIFTYFPI26OCT1595CE,0.00,0.00,0.00,57.80,0.00,57.80,1553.70,27.57,0,0,0,0.00,0,F1,1100,,,,,
2026-09-04,2026-09-04,FO,NSE,IDO,48466,,NIFTYFPI,,2026-09-29,2026-09-29,1620.00,CE,NIFTYFPI26SEP1620CE,0.00,0.00,0.00,32.25,0.00,32.25,1553.70,7.26,0,0,0,0.00,0,F1,1100,,,,,
2026-09-04,2026-09-04,FO,NSE,IDO,49101,,NIFTYFPI,,2026-10-27,2026-10-27,1440.00,PE,NIFTYFPI26OCT1440PE,0.00,0.00,0.00,4.20,0.00,4.20,1553.70,3.82,0,0,0,0.00,0,F1,1100,,,,,
2026-09-04,2026-09-04,FO,NSE,IDO,49349,,NIFTYFPI,,2026-10-27,2026-10-27,1530.00,CE,NIFTYFPI26OCT1530CE,0.00,0.00,0.00,98.50,0.00,98.50,1553.70,60.48,0,0,0,0.00,0,F1,1100,,,,,
2026-09-04,2026-09-04,FO,NSE,IDO,49555,,NIFTYFPI,,2026-10-27,2026-10-27,1615.00,CE,NIFTYFPI26OCT1615CE,0.00,0.00,0.00,47.90,0.00,47.90,1553.70,20.72,0,0,0,0.00,0,F1,1100,,,,,
2026-09-04,2026-09-04,FO,NSE,IDO,49813,,NIFTYFPI,,2026-10-27,2026-10-27,1700.00,CE,NIFTYFPI26OCT1700CE,0.00,0.00,0.00,18.95,0.00,18.95,1553.70,4.86,0,0,0,0.00,0,F1,1100,,,,,
2026-09-04,2026-09-04,FO,NSE,IDO,64845,,NIFTYFPI,,2026-11-23,2026-11-23,1520.00,CE,NIFTYFPI26NOV1520CE,0.00,0.00,0.00,105.60,0.00,105.60,1553.70,79.65,0,0,0,0.00,0,F1,1100,,,,,
2026-09-04,2026-09-04,FO,NSE,IDO,64902,,NIFTYFPI,,2026-11-23,2026-11-23,1635.00,CE,NIFTYFPI26NOV1635CE,0.00,0.00,0.00,40.75,0.00,40.75,1553.70,25.13,0,0,0,0.00,0,F1,1100,,,,,
2026-09-04,2026-09-04,FO,NSE,IDO,48399,,NIFTYFPI,,2026-09-29,2026-09-29,1535.00,PE,NIFTYFPI26SEP1535PE,0.00,0.00,0.00,14.40,0.00,14.40,1553.70,15.99,0,0,0,0.00,0,F1,1100,,,,,
2026-09-04,2026-09-04,FO,NSE,IDO,48471,,NIFTYFPI,,2026-09-29,2026-09-29,1630.00,PE,NIFTYFPI26SEP1630PE,0.00,0.00,0.00,55.10,0.00,55.10,1553.70,75.29,0,0,0,0.00,0,F1,1100,,,,,
2026-09-04,2026-09-04,FO,NSE,IDO,48497,,NIFTYFPI,,2026-09-29,2026-09-29,1660.00,PE,NIFTYFPI26SEP1660PE,0.00,0.00,0.00,75.05,0.00,75.05,1553.70,101.94,0,0,0,0.00,0,F1,1100,,,,,
2026-09-04,2026-09-04,FO,NSE,IDO,64943,,NIFTYFPI,,2026-11-23,2026-11-23,1700.00,PE,NIFTYFPI26NOV1700PE,0.00,0.00,0.00,111.60,0.00,111.60,1553.70,133.31,0,0,0,0.00,0,F1,1100,,,,,
2026-09-04,2026-09-04,FO,NSE,IDO,49452,,NIFTYFPI,,2026-10-27,2026-10-27,1570.00,PE,NIFTYFPI26OCT1570PE,0.00,0.00,0.00,32.00,0.00,32.00,1553.70,39.93,0,0,0,0.00,0,F1,1100,,,,,
2026-09-04,2026-09-04,FO,NSE,IDO,49219,,NIFTYFPI,,2026-10-27,2026-10-27,1490.00,PE,NIFTYFPI26OCT1490PE,0.00,0.00,0.00,10.40,0.00,10.40,1553.70,11.24,0,0,0,0.00,0,F1,1100,,,,,
2026-09-04,2026-09-04,FO,NSE,IDF,61472,,NIFTYFPI,,2026-11-23,2026-11-23,,,NIFTYFPI26NOVFUT,0.00,0.00,0.00,1607.55,0.00,1607.55,1553.70,1575.79,0,0,0,0.00,0,F1,1100,,,,,
2026-09-04,2026-09-04,FO,NSE,IDO,49066,,NIFTYFPI,,2026-10-27,2026-10-27,1420.00,CE,NIFTYFPI26OCT1420CE,0.00,0.00,0.00,190.80,0.00,190.80,1553.70,149.22,0,0,0,0.00,0,F1,1100,,,,,
2026-09-04,2026-09-04,FO,NSE,IDO,49329,,NIFTYFPI,,2026-10-27,2026-10-27,1515.00,CE,NIFTYFPI26OCT1515CE,0.00,0.00,0.00,109.55,0.00,109.55,1553.70,70.43,0,0,0,0.00,0,F1,1100,,,,,
2026-09-04,2026-09-04,FO,NSE,IDO,48396,,NIFTYFPI,,2026-09-29,2026-09-29,1535.00,CE,NIFTYFPI26SEP1535CE,0.00,0.00,0.00,81.75,0.00,81.75,1553.70,40.90,0,0,0,0.00,0,F1,1100,,,,,
2026-09-04,2026-09-04,FO,NSE,IDO,64901,,NIFTYFPI,,2026-11-23,2026-11-23,1630.00,PE,NIFTYFPI26NOV1630PE,0.00,0.00,0.00,64.90,0.00,64.90,1553.70,80.12,0,0,0,0.00,0,F1,1100,,,,,
2026-09-04,2026-09-04,FO,NSE,IDO,64895,,NIFTYFPI,,2026-11-23,2026-11-23,1615.00,PE,NIFTYFPI26NOV1615PE,0.00,0.00,0.00,56.60,0.00,56.60,1553.70,70.34,0,0,0,0.00,0,F1,1100,,,,,
2026-09-04,2026-09-04,FO,NSE,IDO,49360,,NIFTYFPI,,2026-10-27,2026-10-27,1530.00,PE,NIFTYFPI26OCT1530PE,0.00,0.00,0.00,19.10,0.00,19.10,1553.70,22.54,0,0,0,0.00,0,F1,1100,,,,,
2026-09-04,2026-09-04,FO,NSE,IDO,48957,,NIFTYFPI,,2026-10-27,2026-10-27,1380.00,PE,NIFTYFPI26OCT1380PE,0.00,0.00,0.00,1.15,0.00,1.15,1553.70,0.72,0,0,0,0.00,0,F1,1100,,,,,
2026-09-04,2026-09-04,FO,NSE,IDO,48429,,NIFTYFPI,,2026-09-29,2026-09-29,1565.00,PE,NIFTYFPI26SEP1565PE,0.00,0.00,0.00,23.50,0.00,23.50,1553.70,29.42,0,0,0,0.00,0,F1,1100,,,,,
2026-09-04,2026-09-04,FO,NSE,IDO,48363,,NIFTYFPI,,2026-09-29,2026-09-29,1470.00,PE,NIFTYFPI26SEP1470PE,0.00,0.00,0.00,3.75,0.00,3.75,1553.70,2.55,0,0,0,0.00,0,F1,1100,,,,,
2026-09-04,2026-09-04,FO,NSE,IDO,64823,,NIFTYFPI,,2026-11-23,2026-11-23,1470.00,CE,NIFTYFPI26NOV1470CE,0.00,0.00,0.00,144.70,0.00,144.70,1553.70,116.05,0,0,0,0.00,0,F1,1100,,,,,
2026-09-04,2026-09-04,FO,NSE,IDO,49439,,NIFTYFPI,,2026-10-27,2026-10-27,1565.00,CE,NIFTYFPI26OCT1565CE,0.00,0.00,0.00,74.95,0.00,74.95,1553.70,40.68,0,0,0,0.00,0,F1,1100,,,,,
2026-09-04,2026-09-04,FO,NSE,IDO,48885,,NIFTYFPI,,2026-10-27,2026-10-27,1340.00,CE,NIFTYFPI26OCT1340CE,0.00,0.00,0.00,267.40,0.00,267.40,1553.70,226.36,0,0,0,0.00,0,F1,1100,,,,,
2026-09-04,2026-09-04,FO,NSE,IDO,48546,,NIFTYFPI,,2026-09-29,2026-09-29,1760.00,CE,NIFTYFPI26SEP1760CE,0.00,0.00,0.00,3.20,0.00,3.20,1553.70,0.06,0,0,0,0.00,0,F1,1100,,,,,
2026-09-04,2026-09-04,FO,NSE,IDO,48350,,NIFTYFPI,,2026-09-29,2026-09-29,1455.00,CE,NIFTYFPI26SEP1455CE,0.00,0.00,0.00,149.35,0.00,149.35,1553.70,106.07,0,0,0,0.00,0,F1,1100,,,,,
2026-09-04,2026-09-04,FO,NSE,IDO,48392,,NIFTYFPI,,2026-09-29,2026-09-29,1525.00,CE,NIFTYFPI26SEP1525CE,0.00,0.00,0.00,89.25,0.00,89.25,1553.70,47.53,0,0,0,0.00,0,F1,1100,,,,,
2026-09-04,2026-09-04,FO,NSE,IDO,64923,,NIFTYFPI,,2026-11-23,2026-11-23,1670.00,PE,NIFTYFPI26NOV1670PE,0.00,0.00,0.00,90.05,0.00,90.05,1553.70,109.16,0,0,0,0.00,0,F1,1100,,,,,
2026-09-04,2026-09-04,FO,NSE,IDO,65008,,NIFTYFPI,,2026-11-23,2026-11-23,1820.00,CE,NIFTYFPI26NOV1820CE,0.00,0.00,0.00,4.30,0.00,4.30,1553.70,1.59,0,0,0,0.00,0,F1,1100,,,,,
2026-09-04,2026-09-04,FO,NSE,IDO,64829,,NIFTYFPI,,2026-11-23,2026-11-23,1480.00,CE,NIFTYFPI26NOV1480CE,0.00,0.00,0.00,136.45,0.00,136.45,1553.70,108.24,0,0,0,0.00,0,F1,1100,,,,,
2026-09-04,2026-09-04,FO,NSE,IDO,49717,,NIFTYFPI,,2026-10-27,2026-10-27,1670.00,CE,NIFTYFPI26OCT1670CE,0.00,0.00,0.00,26.85,0.00,26.85,1553.70,8.48,0,0,0,0.00,0,F1,1100,,,,,
2026-09-04,2026-09-04,FO,NSE,IDO,49606,,NIFTYFPI,,2026-10-27,2026-10-27,1635.00,CE,NIFTYFPI26OCT1635CE,0.00,0.00,0.00,39.20,0.00,39.20,1553.70,15.32,0,0,0,0.00,0,F1,1100,,,,,
2026-09-04,2026-09-04,FO,NSE,IDO,48458,,NIFTYFPI,,2026-09-29,2026-09-29,1610.00,CE,NIFTYFPI26SEP1610CE,0.00,0.00,0.00,36.60,0.00,36.60,1553.70,9.31,0,0,0,0.00,0,F1,1100,,,,,
2026-09-04,2026-09-04,FO,NSE,IDO,48422,,NIFTYFPI,,2026-09-29,2026-09-29,1550.00,CE,NIFTYFPI26SEP1550CE,0.00,0.00,0.00,71.00,0.00,71.00,1553.70,32.03,0,0,0,0.00,0,F1,1100,,,,,
2026-09-04,2026-09-04,FO,NSE,IDO,48382,,NIFTYFPI,,2026-09-29,2026-09-29,1500.00,CE,NIFTYFPI26SEP1500CE,0.00,0.00,0.00,109.40,0.00,109.40,1553.70,66.33,0,0,0,0.00,0,F1,1100,,,,,
2026-09-04,2026-09-04,FO,NSE,IDO,64919,,NIFTYFPI,,2026-11-23,2026-11-23,1660.00,PE,NIFTYFPI26NOV1660PE,0.00,0.00,0.00,83.35,0.00,83.35,1553.70,101.59,0,0,0,0.00,0,F1,1100,,,,,
2026-09-04,2026-09-04,FO,NSE,IDO,64873,,NIFTYFPI,,2026-11-23,2026-11-23,1580.00,PE,NIFTYFPI26NOV1580PE,0.00,0.00,0.00,39.85,0.00,39.85,1553.70,50.15,0,0,0,0.00,0,F1,1100,,,,,
2026-09-04,2026-09-04,FO,NSE,IDO,49938,,NIFTYFPI,,2026-10-27,2026-10-27,1740.00,PE,NIFTYFPI26OCT1740PE,0.00,0.00,0.00,139.25,0.00,139.25,1553.70,172.25,0,0,0,0.00,0,F1,1100,,,,,
2026-09-04,2026-09-04,FO,NSE,IDO,49534,,NIFTYFPI,,2026-10-27,2026-10-27,1600.00,PE,NIFTYFPI26OCT1600PE,0.00,0.00,0.00,44.95,0.00,44.95,1553.70,57.13,0,0,0,0.00,0,F1,1100,,,,,
2026-09-04,2026-09-04,FO,NSE,IDO,49482,,NIFTYFPI,,2026-10-27,2026-10-27,1580.00,PE,NIFTYFPI26OCT1580PE,0.00,0.00,0.00,36.00,0.00,36.00,1553.70,45.27,0,0,0,0.00,0,F1,1100,,,,,
2026-09-04,2026-09-04,FO,NSE,IDO,48913,,NIFTYFPI,,2026-10-27,2026-10-27,1360.00,PE,NIFTYFPI26OCT1360PE,0.00,0.00,0.00,0.70,0.00,0.70,1553.70,0.38,0,0,0,0.00,0,F1,1100,,,,,
2026-09-04,2026-09-04,FO,NSE,IDO,48441,,NIFTYFPI,,2026-09-29,2026-09-29,1580.00,PE,NIFTYFPI26SEP1580PE,0.00,0.00,0.00,29.30,0.00,29.30,1553.70,38.11,0,0,0,0.00,0,F1,1100,,,,,
2026-09-04,2026-09-04,FO,NSE,IDO,49666,,NIFTYFPI,,2026-10-27,2026-10-27,1645.00,PE,NIFTYFPI26OCT1645PE,0.00,0.00,0.00,69.50,0.00,69.50,1553.70,88.98,0,0,0,0.00,0,F1,1100,,,,,
2026-09-04,2026-09-04,FO,NSE,IDO,49857,,NIFTYFPI,,2026-10-27,2026-10-27,1720.00,CE,NIFTYFPI26OCT1720CE,0.00,0.00,0.00,14.70,0.00,14.70,1553.70,3.26,0,0,0,0.00,0,F1,1100,,,,,
2026-09-04,2026-09-04,FO,NSE,IDO,64994,,NIFTYFPI,,2026-11-23,2026-11-23,1800.00,CE,NIFTYFPI26NOV1800CE,0.00,0.00,0.00,5.70,0.00,5.70,1553.70,2.26,0,0,0,0.00,0,F1,1100,,,,,
2026-09-04,2026-09-04,FO,NSE,IDO,64853,,NIFTYFPI,,2026-11-23,2026-11-23,1540.00,CE,NIFTYFPI26NOV1540CE,0.00,0.00,0.00,91.55,0.00,91.55,1553.70,67.16,0,0,0,0.00,0,F1,1100,,,,,
2026-09-04,2026-09-04,FO,NSE,IDO,64849,,NIFTYFPI,,2026-11-23,2026-11-23,1530.00,CE,NIFTYFPI26NOV1530CE,0.00,0.00,0.00,98.40,0.00,98.40,1553.70,73.25,0,0,0,0.00,0,F1,1100,,,,,
2026-09-04,2026-09-04,FO,NSE,IDO,64758,,NIFTYFPI,,2026-11-23,2026-11-23,1340.00,PE,NIFTYFPI26NOV1340PE,0.00,0.00,0.00,0.65,0.00,0.65,1553.70,0.73,0,0,0,0.00,0,F1,1100,,,,,
2026-09-04,2026-09-04,FO,NSE,IDO,49798,,NIFTYFPI,,2026-10-27,2026-10-27,1685.00,PE,NIFTYFPI26OCT1685PE,0.00,0.00,0.00,96.25,0.00,96.25,1553.70,122.08,0,0,0,0.00,0,F1,1100,,,,,
2026-09-04,2026-09-04,FO,NSE,IDO,49658,,NIFTYFPI,,2026-10-27,2026-10-27,1640.00,PE,NIFTYFPI26OCT1640PE,0.00,0.00,0.00,66.45,0.00,66.45,1553.70,85.13,0,0,0,0.00,0,F1,1100,,,,,
2026-09-04,2026-09-04,FO,NSE,IDO,48376,,NIFTYFPI,,2026-09-29,2026-09-29,1490.00,CE,NIFTYFPI26SEP1490CE,0.00,0.00,0.00,117.90,0.00,117.90,1553.70,74.61,0,0,0,0.00,0,F1,1100,,,,,
2026-09-04,2026-09-04,FO,NSE,IDO,48378,,NIFTYFPI,,2026-09-29,2026-09-29,1495.00,CE,NIFTYFPI26SEP1495CE,0.00,0.00,0.00,113.65,0.00,113.65,1553.70,70.43,0,0,0,0.00,0,F1,1100,,,,,
2026-09-04,2026-09-04,FO,NSE,IDO,48442,,NIFTYFPI,,2026-09-29,2026-09-29,1585.00,CE,NIFTYFPI26SEP1585CE,0.00,0.00,0.00,49.25,0.00,49.25,1553.70,16.40,0,0,0,0.00,0,F1,1100,,,,,
2026-09-04,2026-09-04,FO,NSE,IDO,48446,,NIFTYFPI,,2026-09-29,2026-09-29,1590.00,CE,NIFTYFPI26SEP1590CE,0.00,0.00,0.00,46.55,0.00,46.55,1553.70,14.73,0,0,0,0.00,0,F1,1100,,,,,
2026-09-04,2026-09-04,FO,NSE,IDO,49437,,NIFTYFPI,,2026-10-27,2026-10-27,1560.00,CE,NIFTYFPI26OCT1560CE,0.00,0.00,0.00,78.10,0.00,78.10,1553.70,43.21,0,0,0,0.00,0,F1,1100,,,,,
2026-09-04,2026-09-04,FO,NSE,IDO,64924,,NIFTYFPI,,2026-11-23,2026-11-23,1675.00,CE,NIFTYFPI26NOV1675CE,0.00,0.00,0.00,27.00,0.00,27.00,1553.70,15.23,0,0,0,0.00,0,F1,1100,,,,,
2026-09-04,2026-09-04,FO,NSE,IDO,48850,,NIFTYFPI,,2026-10-27,2026-10-27,1320.00,PE,NIFTYFPI26OCT1320PE,0.00,0.00,0.00,0.25,0.00,0.25,1553.70,0.09,0,0,0,0.00,0,F1,1100,,,,,
2026-09-04,2026-09-04,FO,NSE,IDO,49296,,NIFTYFPI,,2026-10-27,2026-10-27,1505.00,PE,NIFTYFPI26OCT1505PE,0.00,0.00,0.00,13.20,0.00,13.20,1553.70,14.88,0,0,0,0.00,0,F1,1100,,,,,
2026-09-04,2026-09-04,FO,NSE,IDO,64975,,NIFTYFPI,,2026-11-23,2026-11-23,1760.00,PE,NIFTYFPI26NOV1760PE,0.00,0.00,0.00,160.00,0.00,160.00,1553.70,186.03,0,0,0,0.00,0,F1,1100,,,,,
2026-09-04,2026-09-04,FO,NSE,IDO,49408,,NIFTYFPI,,2026-10-27,2026-10-27,1555.00,CE,NIFTYFPI26OCT1555CE,0.00,0.00,0.00,81.30,0.00,81.30,1553.70,45.84,0,0,0,0.00,0,F1,1100,,,,,
2026-09-04,2026-09-04,FO,NSE,IDO,48365,,NIFTYFPI,,2026-09-29,2026-09-29,1475.00,PE,NIFTYFPI26SEP1475PE,0.00,0.00,0.00,4.20,0.00,4.20,1553.70,3.02,0,0,0,0.00,0,F1,1100,,,,,
2026-09-04,2026-09-04,FO,NSE,IDO,48379,,NIFTYFPI,,2026-09-29,2026-09-29,1495.00,PE,NIFTYFPI26SEP1495PE,0.00,0.00,0.00,6.55,0.00,6.55,1553.70,5.68,0,0,0,0.00,0,F1,1100,,,,,
2026-09-04,2026-09-04,FO,NSE,IDO,48433,,NIFTYFPI,,2026-09-29,2026-09-29,1575.00,PE,NIFTYFPI26SEP1575PE,0.00,0.00,0.00,27.25,0.00,27.25,1553.70,35.07,0,0,0,0.00,0,F1,1100,,,,,
2026-09-04,2026-09-04,FO,NSE,IDO,48473,,NIFTYFPI,,2026-09-29,2026-09-29,1635.00,PE,NIFTYFPI26SEP1635PE,0.00,0.00,0.00,58.20,0.00,58.20,1553.70,79.57,0,0,0,0.00,0,F1,1100,,,,,
2026-09-04,2026-09-04,FO,NSE,IDO,48956,,NIFTYFPI,,2026-10-27,2026-10-27,1380.00,CE,NIFTYFPI26OCT1380CE,0.00,0.00,0.00,228.60,0.00,228.60,1553.70,187.27,0,0,0,0.00,0,F1,1100,,,,,
2026-09-04,2026-09-04,FO,NSE,IDO,49204,,NIFTYFPI,,2026-10-27,2026-10-27,1480.00,CE,NIFTYFPI26OCT1480CE,0.00,0.00,0.00,137.55,0.00,137.55,1553.70,96.71,0,0,0,0.00,0,F1,1100,,,,,
2026-09-04,2026-09-04,FO,NSE,IDO,49361,,NIFTYFPI,,2026-10-27,2026-10-27,1535.00,CE,NIFTYFPI26OCT1535CE,0.00,0.00,0.00,94.85,0.00,94.85,1553.70,57.36,0,0,0,0.00,0,F1,1100,,,,,
2026-09-04,2026-09-04,FO,NSE,IDO,49395,,NIFTYFPI,,2026-10-27,2026-10-27,1540.00,CE,NIFTYFPI26OCT1540CE,0.00,0.00,0.00,91.35,0.00,91.35,1553.70,54.33,0,0,0,0.00,0,F1,1100,,,,,
2026-09-04,2026-09-04,FO,NSE,IDO,49475,,NIFTYFPI,,2026-10-27,2026-10-27,1580.00,CE,NIFTYFPI26OCT1580CE,0.00,0.00,0.00,66.05,0.00,66.05,1553.70,33.68,0,0,0,0.00,0,F1,1100,,,,,
2026-09-04,2026-09-04,FO,NSE,IDO,50011,,NIFTYFPI,,2026-10-27,2026-10-27,1780.00,PE,NIFTYFPI26OCT1780PE,0.00,0.00,0.00,173.90,0.00,173.90,1553.70,210.60,0,0,0,0.00,0,F1,1100,,,,,
2026-09-04,2026-09-04,FO,NSE,IDO,64774,,NIFTYFPI,,2026-11-23,2026-11-23,1380.00,CE,NIFTYFPI26NOV1380CE,0.00,0.00,0.00,225.80,0.00,225.80,1553.70,195.04,0,0,0,0.00,0,F1,1100,,,,,
2026-09-04,2026-09-04,FO,NSE,IDO,64872,,NIFTYFPI,,2026-11-23,2026-11-23,1580.00,CE,NIFTYFPI26NOV1580CE,0.00,0.00,0.00,66.95,0.00,66.95,1553.70,46.00,0,0,0,0.00,0,F1,1100,,,,,
2026-09-04,2026-09-04,FO,NSE,IDO,48305,,NIFTYFPI,,2026-09-29,2026-09-29,1360.00,PE,NIFTYFPI26SEP1360PE,0.00,0.00,0.00,0.15,0.00,0.15,1553.70,0.01,0,0,0,0.00,0,F1,1100,,,,,
2026-09-04,2026-09-04,FO,NSE,IDO,48425,,NIFTYFPI,,2026-09-29,2026-09-29,1555.00,PE,NIFTYFPI26SEP1555PE,0.00,0.00,0.00,20.05,0.00,20.05,1553.70,24.37,0,0,0,0.00,0,F1,1100,,,,,
2026-09-04,2026-09-04,FO,NSE,IDO,49507,,NIFTYFPI,,2026-10-27,2026-10-27,1590.00,PE,NIFTYFPI26OCT1590PE,0.00,0.00,0.00,40.30,0.00,40.30,1553.70,51.01,0,0,0,0.00,0,F1,1100,,,,,
2026-09-04,2026-09-04,FO,NSE,IDO,64828,,NIFTYFPI,,2026-11-23,2026-11-23,1475.00,PE,NIFTYFPI26NOV1475PE,0.00,0.00,0.00,10.00,0.00,10.00,1553.70,12.74,0,0,0,0.00,0,F1,1100,,,,,
2026-09-04,2026-09-04,FO,NSE,IDO,49393,,NIFTYFPI,,2026-10-27,2026-10-27,1535.00,PE,NIFTYFPI26OCT1535PE,0.00,0.00,0.00,20.40,0.00,20.40,1553.70,24.37,0,0,0,0.00,0,F1,1100,,,,,
2026-09-04,2026-09-04,FO,NSE,IDO,49840,,NIFTYFPI,,2026-10-27,2026-10-27,1700.00,PE,NIFTYFPI26OCT1700PE,0.00,0.00,0.00,107.40,0.00,107.40,1553.70,135.34,0,0,0,0.00,0,F1,1100,,,,,
2026-09-04,2026-09-04,FO,NSE,IDO,49135,,NIFTYFPI,,2026-10-27,2026-10-27,1460.00,PE,NIFTYFPI26OCT1460PE,0.00,0.00,0.00,6.20,0.00,6.20,1553.70,6.06,0,0,0,0.00,0,F1,1100,,,,,
2026-09-04,2026-09-04,FO,NSE,IDO,64864,,NIFTYFPI,,2026-11-23,2026-11-23,1560.00,CE,NIFTYFPI26NOV1560CE,0.00,0.00,0.00,78.70,0.00,78.70,1553.70,55.93,0,0,0,0.00,0,F1,1100,,,,,
2026-09-04,2026-09-04,FO,NSE,IDO,49796,,NIFTYFPI,,2026-10-27,2026-10-27,1680.00,PE,NIFTYFPI26OCT1680PE,0.00,0.00,0.00,92.65,0.00,92.65,1553.70,117.75,0,0,0,0.00,0,F1,1100,,,,,
2026-09-04,2026-09-04,FO,NSE,IDO,49716,,NIFTYFPI,,2026-10-27,2026-10-27,1665.00,PE,NIFTYFPI26OCT1665PE,0.00,0.00,0.00,82.30,0.00,82.30,1553.70,105.07,0,0,0,0.00,0,F1,1100,,,,,
2026-09-04,2026-09-04,FO,NSE,IDO,64852,,NIFTYFPI,,2026-11-23,2026-11-23,1535.00,PE,NIFTYFPI26NOV1535PE,0.00,0.00,0.00,23.50,0.00,23.50,1553.70,29.95,0,0,0,0.00,0,F1,1100,,,,,
2026-09-04,2026-09-04,FO,NSE,IDO,64921,,NIFTYFPI,,2026-11-23,2026-11-23,1665.00,PE,NIFTYFPI26NOV1665PE,0.00,0.00,0.00,86.65,0.00,86.65,1553.70,105.31,0,0,0,0.00,0,F1,1100,,,,,
2026-09-04,2026-09-04,FO,NSE,IDO,64893,,NIFTYFPI,,2026-11-23,2026-11-23,1610.00,PE,NIFTYFPI26NOV1610PE,0.00,0.00,0.00,54.00,0.00,54.00,1553.70,67.22,0,0,0,0.00,0,F1,1100,,,,,
2026-09-04,2026-09-04,FO,NSE,IDO,49436,,NIFTYFPI,,2026-10-27,2026-10-27,1555.00,PE,NIFTYFPI26OCT1555PE,0.00,0.00,0.00,26.60,0.00,26.60,1553.70,32.66,0,0,0,0.00,0,F1,1100,,,,,
2026-09-04,2026-09-04,FO,NSE,IDO,49328,,NIFTYFPI,,2026-10-27,2026-10-27,1510.00,PE,NIFTYFPI26OCT1510PE,0.00,0.00,0.00,14.25,0.00,14.25,1553.70,16.18,0,0,0,0.00,0,F1,1100,,,,,
2026-09-04,2026-09-04,FO,NSE,IDO,48361,,NIFTYFPI,,2026-09-29,2026-09-29,1465.00,PE,NIFTYFPI26SEP1465PE,0.00,0.00,0.00,3.30,0.00,3.30,1553.70,2.14,0,0,0,0.00,0,F1,1100,,,,,
2026-09-04,2026-09-04,FO,NSE,IDO,64833,,NIFTYFPI,,2026-11-23,2026-11-23,1490.00,CE,NIFTYFPI26NOV1490CE,0.00,0.00,0.00,128.40,0.00,128.40,1553.70,100.68,0,0,0,0.00,0,F1,1100,,,,,
2026-09-04,2026-09-04,FO,NSE,IDO,49671,,NIFTYFPI,,2026-10-27,2026-10-27,1655.00,CE,NIFTYFPI26OCT1655CE,0.00,0.00,0.00,31.75,0.00,31.75,1553.70,11.00,0,0,0,0.00,0,F1,1100,,,,,
2026-09-04,2026-09-04,FO,NSE,IDO,49572,,NIFTYFPI,,2026-10-27,2026-10-27,1625.00,CE,NIFTYFPI26OCT1625CE,0.00,0.00,0.00,43.40,0.00,43.40,1553.70,17.82,0,0,0,0.00,0,F1,1100,,,,,
2026-09-04,2026-09-04,FO,NSE,IDO,48294,,NIFTYFPI,,2026-09-29,2026-09-29,1340.00,CE,NIFTYFPI26SEP1340CE,0.00,0.00,0.00,260.90,0.00,260.90,1553.70,219.13,0,0,0,0.00,0,F1,1100,,,,,
2026-09-04,2026-09-04,FO,NSE,IDO,49134,,NIFTYFPI,,2026-10-27,2026-10-27,1460.00,CE,NIFTYFPI26OCT1460CE,0.00,0.00,0.00,154.65,0.00,154.65,1553.70,113.35,0,0,0,0.00,0,F1,1100,,,,,
2026-09-04,2026-09-04,FO,NSE,IDO,48334,,NIFTYFPI,,2026-09-29,2026-09-29,1420.00,CE,NIFTYFPI26SEP1420CE,0.00,0.00,0.00,182.45,0.00,182.45,1553.70,139.79,0,0,0,0.00,0,F1,1100,,,,,
2026-09-04,2026-09-04,FO,NSE,IDO,64848,,NIFTYFPI,,2026-11-23,2026-11-23,1525.00,PE,NIFTYFPI26NOV1525PE,0.00,0.00,0.00,20.70,0.00,20.70,1553.70,26.34,0,0,0,0.00,0,F1,1100,,,,,
2026-09-04,2026-09-04,FO,NSE,IDO,49399,,NIFTYFPI,,2026-10-27,2026-10-27,1545.00,PE,NIFTYFPI26OCT1545PE,0.00,0.00,0.00,23.35,0.00,23.35,1553.70,28.32,0,0,0,0.00,0,F1,1100,,,,,
2026-09-04,2026-09-04,FO,NSE,IDO,48388,,NIFTYFPI,,2026-09-29,2026-09-29,1515.00,CE,NIFTYFPI26SEP1515CE,0.00,0.00,0.00,97.10,0.00,97.10,1553.70,54.76,0,0,0,0.00,0,F1,1100,,,,,
2026-09-04,2026-09-04,FO,NSE,IDO,48431,,NIFTYFPI,,2026-09-29,2026-09-29,1570.00,PE,NIFTYFPI26SEP1570PE,0.00,0.00,0.00,25.35,0.00,25.35,1553.70,32.18,0,0,0,0.00,0,F1,1100,,,,,
2026-09-04,2026-09-04,FO,NSE,IDO,49474,,NIFTYFPI,,2026-10-27,2026-10-27,1575.00,PE,NIFTYFPI26OCT1575PE,0.00,0.00,0.00,34.00,0.00,34.00,1553.70,42.55,0,0,0,0.00,0,F1,1100,,,,,
2026-09-04,2026-09-04,FO,NSE,IDO,48387,,NIFTYFPI,,2026-09-29,2026-09-29,1510.00,PE,NIFTYFPI26SEP1510PE,0.00,0.00,0.00,8.95,0.00,8.95,1553.70,8.65,0,0,0,0.00,0,F1,1100,,,,,
2026-09-04,2026-09-04,FO,NSE,IDO,48283,,NIFTYFPI,,2026-09-29,2026-09-29,1320.00,PE,NIFTYFPI26SEP1320PE,0.00,0.00,0.00,0.05,0.00,0.05,1553.70,0.00,0,0,0,0.00,0,F1,1100,,,,,
2026-09-04,2026-09-04,FO,NSE,IDO,49992,,NIFTYFPI,,2026-10-27,2026-10-27,1760.00,PE,NIFTYFPI26OCT1760PE,0.00,0.00,0.00,156.30,0.00,156.30,1553.70,191.30,0,0,0,0.00,0,F1,1100,,,,,
2026-09-04,2026-09-04,FO,NSE,IDO,49704,,NIFTYFPI,,2026-10-27,2026-10-27,1660.00,PE,NIFTYFPI26OCT1660PE,0.00,0.00,0.00,79.00,0.00,79.00,1553.70,100.95,0,0,0,0.00,0,F1,1100,,,,,
2026-09-04,2026-09-04,FO,NSE,IDO,48488,,NIFTYFPI,,2026-09-29,2026-09-29,1650.00,CE,NIFTYFPI26SEP1650CE,1.30,1.50,0.80,0.90,1.15,1.30,1553.70,0.90,39600,18700,316,573977525.00,283,F1,1100,,,,,
2026-09-04,2026-09-04,FO,NSE,IDO,48452,,NIFTYFPI,,2026-09-29,2026-09-29,1600.00,CE,NIFTYFPI26SEP1600CE,0.00,0.00,0.00,41.35,0.00,41.35,1553.70,11.77,0,0,0,0.00,0,F1,1100,,,,,
2026-09-04,2026-09-04,FO,NSE,IDO,48498,,NIFTYFPI,,2026-09-29,2026-09-29,1665.00,CE,NIFTYFPI26SEP1665CE,0.00,0.00,0.00,17.10,0.00,17.10,1553.70,2.02,0,0,0,0.00,0,F1,1100,,,,,
2026-09-04,2026-09-04,FO,NSE,IDO,49400,,NIFTYFPI,,2026-10-27,2026-10-27,1550.00,CE,NIFTYFPI26OCT1550CE,0.00,0.00,0.00,84.60,0.00,84.60,1553.70,48.57,0,0,0,0.00,0,F1,1100,,,,,
2026-09-04,2026-09-04,FO,NSE,IDO,64906,,NIFTYFPI,,2026-11-23,2026-11-23,1640.00,PE,NIFTYFPI26NOV1640PE,0.00,0.00,0.00,70.80,0.00,70.80,1553.70,86.99,0,0,0,0.00,0,F1,1100,,,,,
2026-09-04,2026-09-04,FO,NSE,IDO,64820,,NIFTYFPI,,2026-11-23,2026-11-23,1460.00,PE,NIFTYFPI26NOV1460PE,0.00,0.00,0.00,7.80,0.00,7.80,1553.70,9.94,0,0,0,0.00,0,F1,1100,,,,,
2026-09-04,2026-09-04,FO,NSE,IDO,49203,,NIFTYFPI,,2026-10-27,2026-10-27,1475.00,PE,NIFTYFPI26OCT1475PE,0.00,0.00,0.00,8.05,0.00,8.05,1553.70,8.34,0,0,0,0.00,0,F1,1100,,,,,
2026-09-04,2026-09-04,FO,NSE,IDO,48427,,NIFTYFPI,,2026-09-29,2026-09-29,1560.00,PE,NIFTYFPI26SEP1560PE,0.00,0.00,0.00,21.70,0.00,21.70,1553.70,26.82,0,0,0,0.00,0,F1,1100,,,,,
2026-09-04,2026-09-04,FO,NSE,IDO,64888,,NIFTYFPI,,2026-11-23,2026-11-23,1610.00,CE,NIFTYFPI26NOV1610CE,0.00,0.00,0.00,51.55,0.00,51.55,1553.70,33.49,0,0,0,0.00,0,F1,1100,,,,,
2026-09-04,2026-09-04,FO,NSE,IDO,64997,,NIFTYFPI,,2026-11-23,2026-11-23,1800.00,PE,NIFTYFPI26NOV1800PE,0.00,0.00,0.00,195.30,0.00,195.30,1553.70,223.33,0,0,0,0.00,0,F1,1100,,,,,
2026-09-04,2026-09-04,FO,NSE,IDO,49453,,NIFTYFPI,,2026-10-27,2026-10-27,1575.00,CE,NIFTYFPI26OCT1575CE,0.00,0.00,0.00,68.95,0.00,68.95,1553.70,35.91,0,0,0,0.00,0,F1,1100,,,,,
2026-09-04,2026-09-04,FO,NSE,IDO,49336,,NIFTYFPI,,2026-10-27,2026-10-27,1520.00,CE,NIFTYFPI26OCT1520CE,0.00,0.00,0.00,105.80,0.00,105.80,1553.70,67.02,0,0,0,0.00,0,F1,1100,,,,,
2026-09-04,2026-09-04,FO,NSE,IDO,48448,,NIFTYFPI,,2026-09-29,2026-09-29,1595.00,CE,NIFTYFPI26SEP1595CE,0.00,0.00,0.00,43.90,0.00,43.90,1553.70,13.19,0,0,0,0.00,0,F1,1100,,,,,
2026-09-04,2026-09-04,FO,NSE,IDO,48432,,NIFTYFPI,,2026-09-29,2026-09-29,1575.00,CE,NIFTYFPI26SEP1575CE,0.00,0.00,0.00,55.00,0.00,55.00,1553.70,20.14,0,0,0,0.00,0,F1,1100,,,,,
2026-09-04,2026-09-04,FO,NSE,IDO,48370,,NIFTYFPI,,2026-09-29,2026-09-29,1480.00,CE,NIFTYFPI26SEP1480CE,0.00,0.00,0.00,126.65,0.00,126.65,1553.70,83.26,0,0,0,0.00,0,F1,1100,,,,,
2026-09-04,2026-09-04,FO,NSE,IDO,64840,,NIFTYFPI,,2026-11-23,2026-11-23,1505.00,PE,NIFTYFPI26NOV1505PE,0.00,0.00,0.00,15.70,0.00,15.70,1553.70,20.04,0,0,0,0.00,0,F1,1100,,,,,
2026-09-04,2026-09-04,FO,NSE,IDO,64839,,NIFTYFPI,,2026-11-23,2026-11-23,1505.00,CE,NIFTYFPI26NOV1505CE,0.00,0.00,0.00,116.70,0.00,116.70,1553.70,89.83,0,0,0,0.00,0,F1,1100,,,,,
2026-09-04,2026-09-04,FO,NSE,IDO,64909,,NIFTYFPI,,2026-11-23,2026-11-23,1645.00,PE,NIFTYFPI26NOV1645PE,0.00,0.00,0.00,73.85,0.00,73.85,1553.70,90.52,0,0,0,0.00,0,F1,1100,,,,,
2026-09-04,2026-09-04,FO,NSE,IDO,64929,,NIFTYFPI,,2026-11-23,2026-11-23,1685.00,PE,NIFTYFPI26NOV1685PE,0.00,0.00,0.00,100.55,0.00,100.55,1553.70,121.01,0,0,0,0.00,0,F1,1100,,,,,
2026-09-04,2026-09-04,FO,NSE,IDO,48434,,NIFTYFPI,,2026-09-29,2026-09-29,1580.00,CE,NIFTYFPI26SEP1580CE,0.00,0.00,0.00,52.05,0.00,52.05,1553.70,18.20,0,0,0,0.00,0,F1,1100,,,,,
2026-09-04,2026-09-04,FO,NSE,IDO,64987,,NIFTYFPI,,2026-11-23,2026-11-23,1780.00,PE,NIFTYFPI26NOV1780PE,0.00,0.00,0.00,177.40,0.00,177.40,1553.70,204.52,0,0,0,0.00,0,F1,1100,,,,,
2026-09-04,2026-09-04,FO,NSE,IDO,49127,,NIFTYFPI,,2026-10-27,2026-10-27,1455.00,PE,NIFTYFPI26OCT1455PE,0.00,0.00,0.00,5.65,0.00,5.65,1553.70,5.42,0,0,0,0.00,0,F1,1100,,,,,
2026-09-04,2026-09-04,FO,NSE,IDO,49810,,NIFTYFPI,,2026-10-27,2026-10-27,1690.00,PE,NIFTYFPI26OCT1690PE,0.00,0.00,0.00,99.85,0.00,99.85,1553.70,126.46,0,0,0,0.00,0,F1,1100,,,,,
2026-09-04,2026-09-04,FO,NSE,IDO,65009,,NIFTYFPI,,2026-11-23,2026-11-23,1820.00,PE,NIFTYFPI26NOV1820PE,0.00,0.00,0.00,213.60,0.00,213.60,1553.70,242.38,0,0,0,0.00,0,F1,1100,,,,,
2026-09-04,2026-09-04,FO,NSE,IDO,49398,,NIFTYFPI,,2026-10-27,2026-10-27,1545.00,CE,NIFTYFPI26OCT1545CE,0.00,0.00,0.00,87.95,0.00,87.95,1553.70,51.40,0,0,0,0.00,0,F1,1100,,,,,
2026-09-04,2026-09-04,FO,NSE,IDO,64821,,NIFTYFPI,,2026-11-23,2026-11-23,1465.00,CE,NIFTYFPI26NOV1465CE,0.00,0.00,0.00,148.90,0.00,148.90,1553.70,120.05,0,0,0,0.00,0,F1,1100,,,,,
2026-09-04,2026-09-04,FO,NSE,IDO,48912,,NIFTYFPI,,2026-10-27,2026-10-27,1360.00,CE,NIFTYFPI26OCT1360CE,0.00,0.00,0.00,247.90,0.00,247.90,1553.70,206.73,0,0,0,0.00,0,F1,1100,,,,,
2026-09-04,2026-09-04,FO,NSE,IDO,49556,,NIFTYFPI,,2026-10-27,2026-10-27,1615.00,PE,NIFTYFPI26OCT1615PE,0.00,0.00,0.00,52.40,0.00,52.40,1553.70,66.99,0,0,0,0.00,0,F1,1100,,,,,
2026-09-04,2026-09-04,FO,NSE,IDO,64863,,NIFTYFPI,,2026-11-23,2026-11-23,1555.00,PE,NIFTYFPI26NOV1555PE,0.00,0.00,0.00,30.05,0.00,30.05,1553.70,38.12,0,0,0,0.00,0,F1,1100,,,,,
2026-09-04,2026-09-04,FO,NSE,IDO,48464,,NIFTYFPI,,2026-09-29,2026-09-29,1615.00,CE,NIFTYFPI26SEP1615CE,0.00,0.00,0.00,34.40,0.00,34.40,1553.70,8.23,0,0,0,0.00,0,F1,1100,,,,,
2026-09-04,2026-09-04,FO,NSE,IDO,49232,,NIFTYFPI,,2026-10-27,2026-10-27,1495.00,CE,NIFTYFPI26OCT1495CE,0.00,0.00,0.00,125.20,0.00,125.20,1553.70,84.97,0,0,0,0.00,0,F1,1100,,,,,
2026-09-04,2026-09-04,FO,NSE,IDO,49483,,NIFTYFPI,,2026-10-27,2026-10-27,1585.00,CE,NIFTYFPI26OCT1585CE,0.00,0.00,0.00,63.20,0.00,63.20,1553.70,31.54,0,0,0,0.00,0,F1,1100,,,,,
2026-09-04,2026-09-04,FO,NSE,IDO,64866,,NIFTYFPI,,2026-11-23,2026-11-23,1565.00,CE,NIFTYFPI26NOV1565CE,0.00,0.00,0.00,75.65,0.00,75.65,1553.70,53.33,0,0,0,0.00,0,F1,1100,,,,,
2026-09-04,2026-09-04,FO,NSE,IDO,48423,,NIFTYFPI,,2026-09-29,2026-09-29,1550.00,PE,NIFTYFPI26SEP1550PE,0.00,0.00,0.00,18.50,0.00,18.50,1553.70,22.05,0,0,0,0.00,0,F1,1100,,,,,
2026-09-04,2026-09-04,FO,NSE,IDO,49548,,NIFTYFPI,,2026-10-27,2026-10-27,1605.00,PE,NIFTYFPI26OCT1605PE,0.00,0.00,0.00,47.35,0.00,47.35,1553.70,60.32,0,0,0,0.00,0,F1,1100,,,,,
2026-09-04,2026-09-04,FO,NSE,IDO,64886,,NIFTYFPI,,2026-11-23,2026-11-23,1605.00,CE,NIFTYFPI26NOV1605CE,0.00,0.00,0.00,53.95,0.00,53.95,1553.70,35.38,0,0,0,0.00,0,F1,1100,,,,,
2026-09-04,2026-09-04,FO,NSE,IDO,64920,,NIFTYFPI,,2026-11-23,2026-11-23,1665.00,CE,NIFTYFPI26NOV1665CE,0.00,0.00,0.00,30.05,0.00,30.05,1553.70,17.35,0,0,0,0.00,0,F1,1100,,,,,
2026-09-04,2026-09-04,FO,NSE,IDO,48395,,NIFTYFPI,,2026-09-29,2026-09-29,1530.00,PE,NIFTYFPI26SEP1530PE,0.00,0.00,0.00,13.10,0.00,13.10,1553.70,14.26,0,0,0,0.00,0,F1,1100,,,,,
2026-09-04,2026-09-04,FO,NSE,IDO,48455,,NIFTYFPI,,2026-09-29,2026-09-29,1600.00,PE,NIFTYFPI26SEP1600PE,0.00,0.00,0.00,38.45,0.00,38.45,1553.70,51.60,0,0,0,0.00,0,F1,1100,,,,,
2026-09-04,2026-09-04,FO,NSE,IDO,49067,,NIFTYFPI,,2026-10-27,2026-10-27,1420.00,PE,NIFTYFPI26OCT1420PE,0.00,0.00,0.00,2.80,0.00,2.80,1553.70,2.30,0,0,0,0.00,0,F1,1100,,,,,
2026-09-04,2026-09-04,FO,NSE,IDO,49397,,NIFTYFPI,,2026-10-27,2026-10-27,1540.00,PE,NIFTYFPI26OCT1540PE,0.00,0.00,0.00,21.85,0.00,21.85,1553.70,26.30,0,0,0,0.00,0,F1,1100,,,,,
2026-09-04,2026-09-04,FO,NSE,IDO,48374,,NIFTYFPI,,2026-09-29,2026-09-29,1485.00,CE,NIFTYFPI26SEP1485CE,0.00,0.00,0.00,122.25,0.00,122.25,1553.70,78.89,0,0,0,0.00,0,F1,1100,,,,,
2026-09-04,2026-09-04,FO,NSE,IDO,49523,,NIFTYFPI,,2026-10-27,2026-10-27,1600.00,CE,NIFTYFPI26OCT1600CE,0.00,0.00,0.00,55.20,0.00,55.20,1553.70,25.72,0,0,0,0.00,0,F1,1100,,,,,
2026-09-04,2026-09-04,FO,NSE,IDO,50113,,NIFTYFPI,,2026-10-27,2026-10-27,1820.00,PE,NIFTYFPI26OCT1820PE,0.00,0.00,0.00,210.45,0.00,210.45,1553.70,249.68,0,0,0,0.00,0,F1,1100,,,,,
2026-09-04,2026-09-04,FO,NSE,IDO,64850,,NIFTYFPI,,2026-11-23,2026-11-23,1530.00,PE,NIFTYFPI26NOV1530PE,0.00,0.00,0.00,22.05,0.00,22.05,1553.70,28.10,0,0,0,0.00,0,F1,1100,,,,,
2026-09-04,2026-09-04,FO,NSE,IDO,64871,,NIFTYFPI,,2026-11-23,2026-11-23,1575.00,PE,NIFTYFPI26NOV1575PE,0.00,0.00,0.00,37.75,0.00,37.75,1553.70,47.58,0,0,0,0.00,0,F1,1100,,,,,
2026-09-04,2026-09-04,FO,NSE,IDO,64927,,NIFTYFPI,,2026-11-23,2026-11-23,1680.00,PE,NIFTYFPI26NOV1680PE,0.00,0.00,0.00,96.95,0.00,96.95,1553.70,117.01,0,0,0,0.00,0,F1,1100,,,,,
2026-09-04,2026-09-04,FO,NSE,IDO,48282,,NIFTYFPI,,2026-09-29,2026-09-29,1320.00,CE,NIFTYFPI26SEP1320CE,0.00,0.00,0.00,280.70,0.00,280.70,1553.70,239.04,0,0,0,0.00,0,F1,1100,,,,,
2026-09-04,2026-09-04,FO,NSE,IDO,48304,,NIFTYFPI,,2026-09-29,2026-09-29,1360.00,CE,NIFTYFPI26SEP1360CE,0.00,0.00,0.00,241.10,0.00,241.10,1553.70,199.22,0,0,0,0.00,0,F1,1100,,,,,
2026-09-04,2026-09-04,FO,NSE,IDO,50010,,NIFTYFPI,,2026-10-27,2026-10-27,1780.00,CE,NIFTYFPI26OCT1780CE,0.00,0.00,0.00,6.45,0.00,6.45,1553.70,0.87,0,0,0,0.00,0,F1,1100,,,,,
2026-09-04,2026-09-04,FO,NSE,IDO,50060,,NIFTYFPI,,2026-10-27,2026-10-27,1800.00,CE,NIFTYFPI26OCT1800CE,0.00,0.00,0.00,4.80,0.00,4.80,1553.70,0.53,0,0,0,0.00,0,F1,1100,,,,,
2026-09-04,2026-09-04,FO,NSE,IDO,48564,,NIFTYFPI,,2026-09-29,2026-09-29,1780.00,CE,NIFTYFPI26SEP1780CE,0.00,0.00,0.00,2.15,0.00,2.15,1553.70,0.02,0,0,0,0.00,0,F1,1100,,,,,
2026-09-04,2026-09-04,FO,NSE,IDO,48508,,NIFTYFPI,,2026-09-29,2026-09-29,1680.00,CE,NIFTYFPI26SEP1680CE,0.00,0.00,0.00,4.95,4.95,4.95,1553.70,1.24,2200,0,0,0.00,0,F1,1100,,,,,
2026-09-04,2026-09-04,FO,NSE,IDO,50061,,NIFTYFPI,,2026-10-27,2026-10-27,1800.00,PE,NIFTYFPI26OCT1800PE,0.00,0.00,0.00,191.95,0.00,191.95,1553.70,230.08,0,0,0,0.00,0,F1,1100,,,,,
2026-09-04,2026-09-04,FO,NSE,IDO,64878,,NIFTYFPI,,2026-11-23,2026-11-23,1595.00,CE,NIFTYFPI26NOV1595CE,0.00,0.00,0.00,58.95,0.00,58.95,1553.70,39.39,0,0,0,0.00,0,F1,1100,,,,,
2026-09-04,2026-09-04,FO,NSE,IDO,48491,,NIFTYFPI,,2026-09-29,2026-09-29,1650.00,PE,NIFTYFPI26SEP1650PE,0.00,0.00,0.00,68.05,0.00,68.05,1553.70,92.81,0,0,0,0.00,0,F1,1100,,,,,
2026-09-04,2026-09-04,FO,NSE,IDO,49859,,NIFTYFPI,,2026-10-27,2026-10-27,1720.00,PE,NIFTYFPI26OCT1720PE,0.00,0.00,0.00,122.90,0.00,122.90,1553.70,153.56,0,0,0,0.00,0,F1,1100,,,,,
2026-09-04,2026-09-04,FO,NSE,IDO,49489,,NIFTYFPI,,2026-10-27,2026-10-27,1590.00,CE,NIFTYFPI26OCT1590CE,0.00,0.00,0.00,60.45,0.00,60.45,1553.70,29.51,0,0,0,0.00,0,F1,1100,,,,,
2026-09-04,2026-09-04,FO,NSE,IDO,48418,,NIFTYFPI,,2026-09-29,2026-09-29,1545.00,CE,NIFTYFPI26SEP1545CE,0.00,0.00,0.00,74.45,0.00,74.45,1553.70,34.84,0,0,0,0.00,0,F1,1100,,,,,
2026-09-04,2026-09-04,FO,NSE,IDO,48447,,NIFTYFPI,,2026-09-29,2026-09-29,1590.00,PE,NIFTYFPI26SEP1590PE,0.00,0.00,0.00,33.70,0.00,33.70,1553.70,44.59,0,0,0,0.00,0,F1,1100,,,,,
2026-09-04,2026-09-04,FO,NSE,IDO,49669,,NIFTYFPI,,2026-10-27,2026-10-27,1650.00,CE,NIFTYFPI26OCT1650CE,0.00,0.00,0.00,33.50,0.00,33.50,1553.70,11.97,0,0,0,0.00,0,F1,1100,,,,,
2026-09-04,2026-09-04,FO,NSE,IDO,48487,,NIFTYFPI,,2026-09-29,2026-09-29,1645.00,PE,NIFTYFPI26SEP1645PE,0.00,0.00,0.00,64.70,0.00,64.70,1553.70,88.33,0,0,0,0.00,0,F1,1100,,,,,
2026-09-04,2026-09-04,FO,NSE,IDO,48887,,NIFTYFPI,,2026-10-27,2026-10-27,1340.00,PE,NIFTYFPI26OCT1340PE,0.00,0.00,0.00,0.40,0.00,0.40,1553.70,0.18,0,0,0,0.00,0,F1,1100,,,,,
2026-09-04,2026-09-04,FO,NSE,IDO,64838,,NIFTYFPI,,2026-11-23,2026-11-23,1500.00,PE,NIFTYFPI26NOV1500PE,0.00,0.00,0.00,14.60,0.00,14.60,1553.70,18.71,0,0,0,0.00,0,F1,1100,,,,,
2026-09-04,2026-09-04,FO,NSE,IDO,49202,,NIFTYFPI,,2026-10-27,2026-10-27,1475.00,CE,NIFTYFPI26OCT1475CE,0.00,0.00,0.00,141.75,0.00,141.75,1553.70,100.77,0,0,0,0.00,0,F1,1100,,,,,
2026-09-04,2026-09-04,FO,NSE,IDO,64831,,NIFTYFPI,,2026-11-23,2026-11-23,1485.00,CE,NIFTYFPI26NOV1485CE,0.00,0.00,0.00,132.40,0.00,132.40,1553.70,104.42,0,0,0,0.00,0,F1,1100,,,,,
2026-09-04,2026-09-04,FO,NSE,IDO,64851,,NIFTYFPI,,2026-11-23,2026-11-23,1535.00,CE,NIFTYFPI26NOV1535CE,0.00,0.00,0.00,94.95,0.00,94.95,1553.70,70.16,0,0,0,0.00,0,F1,1100,,,,,
2026-09-04,2026-09-04,FO,NSE,IDO,64894,,NIFTYFPI,,2026-11-23,2026-11-23,1615.00,CE,NIFTYFPI26NOV1615CE,0.00,0.00,0.00,49.25,0.00,49.25,1553.70,31.67,0,0,0,0.00,0,F1,1100,,,,,
2026-09-04,2026-09-04,FO,NSE,IDO,48523,,NIFTYFPI,,2026-09-29,2026-09-29,1700.00,PE,NIFTYFPI26SEP1700PE,0.00,0.00,0.00,106.05,0.00,106.05,1553.70,140.04,0,0,0,0.00,0,F1,1100,,,,,
2026-09-04,2026-09-04,FO,NSE,IDO,48468,,NIFTYFPI,,2026-09-29,2026-09-29,1625.00,CE,NIFTYFPI26SEP1625CE,0.00,0.00,0.00,30.20,0.00,30.20,1553.70,6.38,0,0,0,0.00,0,F1,1100,,,,,
2026-09-04,2026-09-04,FO,NSE,IDO,48354,,NIFTYFPI,,2026-09-29,2026-09-29,1460.00,CE,NIFTYFPI26SEP1460CE,0.00,0.00,0.00,144.70,0.00,144.70,1553.70,101.39,0,0,0,0.00,0,F1,1100,,,,,
2026-09-04,2026-09-04,FO,NSE,IDO,49058,,NIFTYFPI,,2026-10-27,2026-10-27,1400.00,CE,NIFTYFPI26OCT1400CE,0.00,0.00,0.00,209.55,0.00,209.55,1553.70,168.05,0,0,0,0.00,0,F1,1100,,,,,
2026-09-04,2026-09-04,FO,NSE,IDO,49991,,NIFTYFPI,,2026-10-27,2026-10-27,1760.00,CE,NIFTYFPI26OCT1760CE,0.00,0.00,0.00,8.60,0.00,8.60,1553.70,1.38,0,0,0,0.00,0,F1,1100,,,,,
2026-09-04,2026-09-04,FO,NSE,IDO,64896,,NIFTYFPI,,2026-11-23,2026-11-23,1620.00,CE,NIFTYFPI26NOV1620CE,0.00,0.00,0.00,47.05,0.00,47.05,1553.70,29.93,0,0,0,0.00,0,F1,1100,,,,,
2026-09-04,2026-09-04,FO,NSE,IDO,48393,,NIFTYFPI,,2026-09-29,2026-09-29,1525.00,PE,NIFTYFPI26SEP1525PE,3.65,3.65,3.65,3.65,3.65,5.00,1553.70,12.66,2200,0,1,1681515.00,1,F1,1100,,,,,
2026-09-04,2026-09-04,FO,NSE,IDO,49698,,NIFTYFPI,,2026-10-27,2026-10-27,1655.00,PE,NIFTYFPI26OCT1655PE,0.00,0.00,0.00,75.75,0.00,75.75,1553.70,96.90,0,0,0,0.00,0,F1,1100,,,,,
2026-09-04,2026-09-04,FO,NSE,IDO,64842,,NIFTYFPI,,2026-11-23,2026-11-23,1510.00,PE,NIFTYFPI26NOV1510PE,0.00,0.00,0.00,16.85,0.00,16.85,1553.70,21.50,0,0,0,0.00,0,F1,1100,,,,,
2026-09-04,2026-09-04,FO,NSE,IDO,64856,,NIFTYFPI,,2026-11-23,2026-11-23,1545.00,PE,NIFTYFPI26NOV1545PE,0.00,0.00,0.00,26.65,0.00,26.65,1553.70,33.88,0,0,0,0.00,0,F1,1100,,,,,
2026-09-04,2026-09-04,FO,NSE,IDO,64861,,NIFTYFPI,,2026-11-23,2026-11-23,1550.00,PE,NIFTYFPI26NOV1550PE,0.00,0.00,0.00,28.30,0.00,28.30,1553.70,35.96,0,0,0,0.00,0,F1,1100,,,,,
2026-09-04,2026-09-04,FO,NSE,IDO,49438,,NIFTYFPI,,2026-10-27,2026-10-27,1560.00,PE,NIFTYFPI26OCT1560PE,0.00,0.00,0.00,28.35,0.00,28.35,1553.70,34.99,0,0,0,0.00,0,F1,1100,,,,,
2026-09-04,2026-09-04,FO,NSE,IDO,64765,,NIFTYFPI,,2026-11-23,2026-11-23,1360.00,CE,NIFTYFPI26NOV1360CE,0.00,0.00,0.00,244.90,0.00,244.90,1553.70,214.00,0,0,0,0.00,0,F1,1100,,,,,
2026-09-04,2026-09-04,FO,NSE,IDO,48499,,NIFTYFPI,,2026-09-29,2026-09-29,1665.00,PE,NIFTYFPI26SEP1665PE,0.00,0.00,0.00,78.70,0.00,78.70,1553.70,106.58,0,0,0,0.00,0,F1,1100,,,,,
2026-09-04,2026-09-04,FO,NSE,IDO,49205,,NIFTYFPI,,2026-10-27,2026-10-27,1480.00,PE,NIFTYFPI26OCT1480PE,0.00,0.00,0.00,8.80,0.00,8.80,1553.70,9.24,0,0,0,0.00,0,F1,1100,,,,,
2026-09-04,2026-09-04,FO,NSE,IDO,49337,,NIFTYFPI,,2026-10-27,2026-10-27,1520.00,PE,NIFTYFPI26OCT1520PE,0.00,0.00,0.00,16.50,0.00,16.50,1553.70,19.18,0,0,0,0.00,0,F1,1100,,,,,
2026-09-04,2026-09-04,FO,NSE,IDO,49758,,NIFTYFPI,,2026-10-27,2026-10-27,1670.00,PE,NIFTYFPI26OCT1670PE,0.00,0.00,0.00,85.70,0.00,85.70,1553.70,109.24,0,0,0,0.00,0,F1,1100,,,,,
2026-09-04,2026-09-04,FO,NSE,IDO,49100,,NIFTYFPI,,2026-10-27,2026-10-27,1440.00,CE,NIFTYFPI26OCT1440CE,0.00,0.00,0.00,172.45,0.00,172.45,1553.70,130.92,0,0,0,0.00,0,F1,1100,,,,,
2026-09-04,2026-09-04,FO,NSE,IDO,49154,,NIFTYFPI,,2026-10-27,2026-10-27,1465.00,CE,NIFTYFPI26OCT1465CE,0.00,0.00,0.00,150.30,0.00,150.30,1553.70,109.10,0,0,0,0.00,0,F1,1100,,,,,
2026-09-04,2026-09-04,FO,NSE,IDO,64741,,NIFTYFPI,,2026-11-23,2026-11-23,1320.00,CE,NIFTYFPI26NOV1320CE,0.00,0.00,0.00,283.65,0.00,283.65,1553.70,252.62,0,0,0,0.00,0,F1,1100,,,,,
2026-09-04,2026-09-04,FO,NSE,IDO,64825,,NIFTYFPI,,2026-11-23,2026-11-23,1475.00,CE,NIFTYFPI26NOV1475CE,0.00,0.00,0.00,140.55,0.00,140.55,1553.70,112.11,0,0,0,0.00,0,F1,1100,,,,,
2026-09-04,2026-09-04,FO,NSE,IDO,64884,,NIFTYFPI,,2026-11-23,2026-11-23,1600.00,CE,NIFTYFPI26NOV1600CE,0.00,0.00,0.00,56.40,0.00,56.40,1553.70,37.35,0,0,0,0.00,0,F1,1100,,,,,
2026-09-04,2026-09-04,FO,NSE,IDO,48503,,NIFTYFPI,,2026-09-29,2026-09-29,1670.00,PE,NIFTYFPI26SEP1670PE,0.00,0.00,0.00,82.45,0.00,82.45,1553.70,111.27,0,0,0,0.00,0,F1,1100,,,,,
2026-09-04,2026-09-04,FO,NSE,IDO,48550,,NIFTYFPI,,2026-09-29,2026-09-29,1760.00,PE,NIFTYFPI26SEP1760PE,0.00,0.00,0.00,159.00,0.00,159.00,1553.70,199.23,0,0,0,0.00,0,F1,1100,,,,,
2026-09-04,2026-09-04,FO,NSE,IDO,49444,,NIFTYFPI,,2026-10-27,2026-10-27,1565.00,PE,NIFTYFPI26OCT1565PE,0.00,0.00,0.00,30.15,0.00,30.15,1553.70,37.41,0,0,0,0.00,0,F1,1100,,,,,
2026-09-04,2026-09-04,FO,NSE,IDO,64832,,NIFTYFPI,,2026-11-23,2026-11-23,1485.00,PE,NIFTYFPI26NOV1485PE,0.00,0.00,0.00,11.70,0.00,11.70,1553.70,14.91,0,0,0,0.00,0,F1,1100,,,,,
2026-09-04,2026-09-04,FO,NSE,IDO,64903,,NIFTYFPI,,2026-11-23,2026-11-23,1635.00,PE,NIFTYFPI26NOV1635PE,0.00,0.00,0.00,67.80,0.00,67.80,1553.70,83.52,0,0,0,0.00,0,F1,1100,,,,,
2026-09-04,2026-09-04,FO,NSE,IDO,64917,,NIFTYFPI,,2026-11-23,2026-11-23,1655.00,PE,NIFTYFPI26NOV1655PE,0.00,0.00,0.00,80.10,0.00,80.10,1553.70,97.85,0,0,0,0.00,0,F1,1100,,,,,
2026-09-04,2026-09-04,FO,NSE,IDO,48565,,NIFTYFPI,,2026-09-29,2026-09-29,1780.00,PE,NIFTYFPI26SEP1780PE,0.00,0.00,0.00,177.75,0.00,177.75,1553.70,219.12,0,0,0,0.00,0,F1,1100,,,,,
2026-09-04,2026-09-04,FO,NSE,IDO,48467,,NIFTYFPI,,2026-09-29,2026-09-29,1620.00,PE,NIFTYFPI26SEP1620PE,0.00,0.00,0.00,49.20,0.00,49.20,1553.70,67.00,0,0,0,0.00,0,F1,1100,,,,,
2026-09-04,2026-09-04,FO,NSE,IDO,48383,,NIFTYFPI,,2026-09-29,2026-09-29,1500.00,PE,NIFTYFPI26SEP1500PE,2.00,2.00,2.00,2.00,2.00,3.15,1553.70,2.00,8800,0,1,1652200.00,1,F1,1100,,,,,
2026-09-04,2026-09-04,FO,NSE,IDO,48295,,NIFTYFPI,,2026-09-29,2026-09-29,1340.00,PE,NIFTYFPI26SEP1340PE,0.00,0.00,0.00,0.10,0.00,0.10,1553.70,0.00,0,0,0,0.00,0,F1,1100,,,,,
2026-09-04,2026-09-04,FO,NSE,IDO,64855,,NIFTYFPI,,2026-11-23,2026-11-23,1545.00,CE,NIFTYFPI26NOV1545CE,0.00,0.00,0.00,88.25,0.00,88.25,1553.70,64.23,0,0,0,0.00,0,F1,1100,,,,,
2026-09-04,2026-09-04,FO,NSE,IDO,64811,,NIFTYFPI,,2026-11-23,2026-11-23,1440.00,CE,NIFTYFPI26NOV1440CE,0.00,0.00,0.00,170.55,0.00,170.55,1553.70,140.85,0,0,0,0.00,0,F1,1100,,,,,
2026-09-04,2026-09-04,FO,NSE,IDO,49705,,NIFTYFPI,,2026-10-27,2026-10-27,1665.00,CE,NIFTYFPI26OCT1665CE,0.00,0.00,0.00,28.40,0.00,28.40,1553.70,9.26,0,0,0,0.00,0,F1,1100,,,,,
2026-09-04,2026-09-04,FO,NSE,IDO,49659,,NIFTYFPI,,2026-10-27,2026-10-27,1645.00,CE,NIFTYFPI26OCT1645CE,0.00,0.00,0.00,35.35,0.00,35.35,1553.70,13.00,0,0,0,0.00,0,F1,1100,,,,,
2026-09-04,2026-09-04,FO,NSE,IDO,49551,,NIFTYFPI,,2026-10-27,2026-10-27,1610.00,CE,NIFTYFPI26OCT1610CE,0.00,0.00,0.00,50.25,0.00,50.25,1553.70,22.30,0,0,0,0.00,0,F1,1100,,,,,
2026-09-04,2026-09-04,FO,NSE,IDO,49236,,NIFTYFPI,,2026-10-27,2026-10-27,1500.00,CE,NIFTYFPI26OCT1500CE,0.00,0.00,0.00,121.20,0.00,121.20,1553.70,81.21,0,0,0,0.00,0,F1,1100,,,,,
2026-09-04,2026-09-04,FO,NSE,IDO,48456,,NIFTYFPI,,2026-09-29,2026-09-29,1605.00,CE,NIFTYFPI26SEP1605CE,0.00,0.00,0.00,38.95,0.00,38.95,1553.70,10.54,0,0,0,0.00,0,F1,1100,,,,,
2026-09-04,2026-09-04,FO,NSE,IDO,48386,,NIFTYFPI,,2026-09-29,2026-09-29,1510.00,CE,NIFTYFPI26SEP1510CE,0.00,0.00,0.00,101.15,0.00,101.15,1553.70,58.46,0,0,0,0.00,0,F1,1100,,,,,
2026-09-04,2026-09-04,FO,NSE,IDO,64915,,NIFTYFPI,,2026-11-23,2026-11-23,1650.00,PE,NIFTYFPI26NOV1650PE,0.00,0.00,0.00,76.95,0.00,76.95,1553.70,94.12,0,0,0,0.00,0,F1,1100,,,,,
2026-09-04,2026-09-04,FO,NSE,IDO,64865,,NIFTYFPI,,2026-11-23,2026-11-23,1560.00,PE,NIFTYFPI26NOV1560PE,0.00,0.00,0.00,31.85,0.00,31.85,1553.70,40.37,0,0,0,0.00,0,F1,1100,,,,,
2026-09-04,2026-09-04,FO,NSE,IDO,64794,,NIFTYFPI,,2026-11-23,2026-11-23,1420.00,PE,NIFTYFPI26NOV1420PE,0.00,0.00,0.00,3.80,0.00,3.80,1553.70,4.75,0,0,0,0.00,0,F1,1100,,,,,
2026-09-04,2026-09-04,FO,NSE,IDO,64887,,NIFTYFPI,,2026-11-23,2026-11-23,1605.00,PE,NIFTYFPI26NOV1605PE,0.00,0.00,0.00,51.45,0.00,51.45,1553.70,64.18,0,0,0,0.00,0,F1,1100,,,,,
2026-09-04,2026-09-04,FO,NSE,IDO,48377,,NIFTYFPI,,2026-09-29,2026-09-29,1490.00,PE,NIFTYFPI26SEP1490PE,0.00,0.00,0.00,5.90,0.00,5.90,1553.70,4.89,0,0,0,0.00,0,F1,1100,,,,,
2026-09-04,2026-09-04,FO,NSE,IDO,48451,,NIFTYFPI,,2026-09-29,2026-09-29,1595.00,PE,NIFTYFPI26SEP1595PE,0.00,0.00,0.00,36.05,0.00,36.05,1553.70,48.03,0,0,0,0.00,0,F1,1100,,,,,
2026-09-04,2026-09-04,FO,NSE,IDO,64846,,NIFTYFPI,,2026-11-23,2026-11-23,1520.00,PE,NIFTYFPI26NOV1520PE,0.00,0.00,0.00,19.40,0.00,19.40,1553.70,24.65,0,0,0,0.00,0,F1,1100,,,,,
2026-09-04,2026-09-04,FO,NSE,IDO,64867,,NIFTYFPI,,2026-11-23,2026-11-23,1565.00,PE,NIFTYFPI26NOV1565PE,0.00,0.00,0.00,33.75,0.00,33.75,1553.70,42.69,0,0,0,0.00,0,F1,1100,,,,,
2026-09-04,2026-09-04,FO,NSE,IDO,64877,,NIFTYFPI,,2026-11-23,2026-11-23,1590.00,PE,NIFTYFPI26NOV1590PE,0.00,0.00,0.00,44.25,0.00,44.25,1553.70,55.53,0,0,0,0.00,0,F1,1100,,,,,
2026-09-04,2026-09-04,FO,NSE,IDO,48472,,NIFTYFPI,,2026-09-29,2026-09-29,1635.00,CE,NIFTYFPI26SEP1635CE,0.00,0.00,0.00,26.40,0.00,26.40,1553.70,4.88,0,0,0,0.00,0,F1,1100,,,,,
2026-09-04,2026-09-04,FO,NSE,IDO,48500,,NIFTYFPI,,2026-09-29,2026-09-29,1670.00,CE,NIFTYFPI26SEP1670CE,0.00,0.00,0.00,11.00,11.00,11.00,1553.70,1.73,1100,0,0,0.00,0,F1,1100,,,,,
2026-09-04,2026-09-04,FO,NSE,IDO,48504,,NIFTYFPI,,2026-09-29,2026-09-29,1675.00,CE,NIFTYFPI26SEP1675CE,0.00,0.00,0.00,14.70,0.00,14.70,1553.70,1.47,0,0,0,0.00,0,F1,1100,,,,,
2026-09-04,2026-09-04,FO,NSE,IDO,48846,,NIFTYFPI,,2026-10-27,2026-10-27,1320.00,CE,NIFTYFPI26OCT1320CE,0.00,0.00,0.00,286.95,0.00,286.95,1553.70,246.07,0,0,0,0.00,0,F1,1100,,,,,
2026-09-04,2026-09-04,FO,NSE,IDO,49293,,NIFTYFPI,,2026-10-27,2026-10-27,1505.00,CE,NIFTYFPI26OCT1505CE,0.00,0.00,0.00,117.25,0.00,117.25,1553.70,77.59,0,0,0,0.00,0,F1,1100,,,,,
2026-09-04,2026-09-04,FO,NSE,IDO,50082,,NIFTYFPI,,2026-10-27,2026-10-27,1820.00,CE,NIFTYFPI26OCT1820CE,0.00,0.00,0.00,3.50,0.00,3.50,1553.70,0.32,0,0,0,0.00,0,F1,1100,,,,,
2026-09-04,2026-09-04,FO,NSE,IDO,64922,,NIFTYFPI,,2026-11-23,2026-11-23,1670.00,CE,NIFTYFPI26NOV1670CE,0.00,0.00,0.00,28.50,0.00,28.50,1553.70,16.26,0,0,0,0.00,0,F1,1100,,,,,
2026-09-04,2026-09-04,FO,NSE,IDO,64905,,NIFTYFPI,,2026-11-23,2026-11-23,1640.00,CE,NIFTYFPI26NOV1640CE,0.00,0.00,0.00,38.80,0.00,38.80,1553.70,23.67,0,0,0,0.00,0,F1,1100,,,,,
2026-09-04,2026-09-04,FO,NSE,IDO,64859,,NIFTYFPI,,2026-11-23,2026-11-23,1550.00,CE,NIFTYFPI26NOV1550CE,0.00,0.00,0.00,85.00,0.00,85.00,1553.70,61.38,0,0,0,0.00,0,F1,1100,,,,,
2026-09-04,2026-09-04,FO,NSE,IDO,48373,,NIFTYFPI,,2026-09-29,2026-09-29,1480.00,PE,NIFTYFPI26SEP1480PE,0.00,0.00,0.00,4.70,0.00,4.70,1553.70,3.57,0,0,0,0.00,0,F1,1100,,,,,
2026-09-04,2026-09-04,FO,NSE,IDO,49155,,NIFTYFPI,,2026-10-27,2026-10-27,1465.00,PE,NIFTYFPI26OCT1465PE,0.00,0.00,0.00,6.75,0.00,6.75,1553.70,6.76,0,0,0,0.00,0,F1,1100,,,,,
2026-09-04,2026-09-04,FO,NSE,IDO,64836,,NIFTYFPI,,2026-11-23,2026-11-23,1495.00,PE,NIFTYFPI26NOV1495PE,0.00,0.00,0.00,13.60,0.00,13.60,1553.70,17.40,0,0,0,0.00,0,F1,1100,,,,,
2026-09-04,2026-09-04,FO,NSE,IDO,64875,,NIFTYFPI,,2026-11-23,2026-11-23,1585.00,PE,NIFTYFPI26NOV1585PE,0.00,0.00,0.00,42.00,0.00,42.00,1553.70,52.80,0,0,0,0.00,0,F1,1100,,,,,
2026-09-04,2026-09-04,FO,NSE,IDO,64830,,NIFTYFPI,,2026-11-23,2026-11-23,1480.00,PE,NIFTYFPI26NOV1480PE,0.00,0.00,0.00,10.80,0.00,10.80,1553.70,13.79,0,0,0,0.00,0,F1,1100,,,,,
2026-09-04,2026-09-04,FO,NSE,IDO,48428,,NIFTYFPI,,2026-09-29,2026-09-29,1565.00,CE,NIFTYFPI26SEP1565CE,0.00,0.00,0.00,61.10,0.00,61.10,1553.70,24.46,0,0,0,0.00,0,F1,1100,,,,,
2026-09-04,2026-09-04,FO,NSE,IDO,48594,,NIFTYFPI,,2026-09-29,2026-09-29,1820.00,CE,NIFTYFPI26SEP1820CE,0.00,0.00,0.00,0.90,0.00,0.90,1553.70,0.00,0,0,0,0.00,0,F1,1100,,,,,
2026-09-04,2026-09-04,FO,NSE,IDO,49216,,NIFTYFPI,,2026-10-27,2026-10-27,1485.00,CE,NIFTYFPI26OCT1485CE,0.00,0.00,0.00,133.40,0.00,133.40,1553.70,92.72,0,0,0,0.00,0,F1,1100,,,,,
2026-09-04,2026-09-04,FO,NSE,IDO,48595,,NIFTYFPI,,2026-09-29,2026-09-29,1820.00,PE,NIFTYFPI26SEP1820PE,0.00,0.00,0.00,216.20,0.00,216.20,1553.70,258.94,0,0,0,0.00,0,F1,1100,,,,,
2026-09-04,2026-09-04,FO,NSE,IDO,48391,,NIFTYFPI,,2026-09-29,2026-09-29,1520.00,PE,NIFTYFPI26SEP1520PE,0.00,0.00,0.00,10.85,0.00,10.85,1553.70,11.19,0,0,0,0.00,0,F1,1100,,,,,
2026-09-04,2026-09-04,FO,NSE,IDO,49535,,NIFTYFPI,,2026-10-27,2026-10-27,1605.00,CE,NIFTYFPI26OCT1605CE,0.00,0.00,0.00,52.70,0.00,52.70,1553.70,23.96,0,0,0,0.00,0,F1,1100,,,,,
2026-09-04,2026-09-04,FO,NSE,IDO,64926,,NIFTYFPI,,2026-11-23,2026-11-23,1680.00,CE,NIFTYFPI26NOV1680CE,0.00,0.00,0.00,25.60,0.00,25.60,1553.70,14.25,0,0,0,0.00,0,F1,1100,,,,,
2026-09-04,2026-09-04,FO,NSE,IDO,48343,,NIFTYFPI,,2026-09-29,2026-09-29,1440.00,PE,NIFTYFPI26SEP1440PE,0.00,0.00,0.00,1.75,0.00,1.75,1553.70,0.82,0,0,0,0.00,0,F1,1100,,,,,
2026-09-04,2026-09-04,FO,NSE,IDO,48475,,NIFTYFPI,,2026-09-29,2026-09-29,1640.00,PE,NIFTYFPI26SEP1640PE,0.00,0.00,0.00,61.40,0.00,61.40,1553.70,83.91,0,0,0,0.00,0,F1,1100,,,,,
2026-09-04,2026-09-04,FO,NSE,IDO,49233,,NIFTYFPI,,2026-10-27,2026-10-27,1495.00,PE,NIFTYFPI26OCT1495PE,0.00,0.00,0.00,11.25,0.00,11.25,1553.70,12.35,0,0,0,0.00,0,F1,1100,,,,,
2026-09-04,2026-09-04,FO,NSE,IDO,49335,,NIFTYFPI,,2026-10-27,2026-10-27,1515.00,PE,NIFTYFPI26OCT1515PE,0.00,0.00,0.00,15.35,0.00,15.35,1553.70,17.63,0,0,0,0.00,0,F1,1100,,,,,
2026-09-04,2026-09-04,FO,NSE,IDO,49571,,NIFTYFPI,,2026-10-27,2026-10-27,1620.00,PE,NIFTYFPI26OCT1620PE,0.00,0.00,0.00,55.10,0.00,55.10,1553.70,70.45,0,0,0,0.00,0,F1,1100,,,,,
2026-09-04,2026-09-04,FO,NSE,IDO,49605,,NIFTYFPI,,2026-10-27,2026-10-27,1630.00,PE,NIFTYFPI26OCT1630PE,0.00,0.00,0.00,60.60,0.00,60.60,1553.70,77.63,0,0,0,0.00,0,F1,1100,,,,,
2026-09-04,2026-09-04,FO,NSE,IDO,48394,,NIFTYFPI,,2026-09-29,2026-09-29,1530.00,CE,NIFTYFPI26SEP1530CE,0.00,0.00,0.00,85.45,0.00,85.45,1553.70,44.15,0,0,0,0.00,0,F1,1100,,,,,
2026-09-04,2026-09-04,FO,NSE,IDO,64818,,NIFTYFPI,,2026-11-23,2026-11-23,1455.00,PE,NIFTYFPI26NOV1455PE,0.00,0.00,0.00,7.20,0.00,7.20,1553.70,9.12,0,0,0,0.00,0,F1,1100,,,,,
2026-09-04,2026-09-04,FO,NSE,IDO,64835,,NIFTYFPI,,2026-11-23,2026-11-23,1495.00,CE,NIFTYFPI26NOV1495CE,0.00,0.00,0.00,124.45,0.00,124.45,1553.70,97.05,0,0,0,0.00,0,F1,1100,,,,,
2026-09-04,2026-09-04,FO,NSE,IDO,64819,,NIFTYFPI,,2026-11-23,2026-11-23,1460.00,CE,NIFTYFPI26NOV1460CE,0.00,0.00,0.00,153.15,0.00,153.15,1553.70,124.10,0,0,0,0.00,0,F1,1100,,,,,
2026-09-04,2026-09-04,FO,NSE,IDF,35938,,NIFTYFPI,,2026-09-29,2026-09-29,,,NIFTYFPI26SEPFUT,1563.80,1570.45,1563.80,1570.45,1570.45,1561.05,1553.70,1570.45,37400,4400,8,13798950.00,8,F1,1100,,,,,
2026-09-04,2026-09-04,FO,NSE,IDO,48364,,NIFTYFPI,,2026-09-29,2026-09-29,1475.00,CE,NIFTYFPI26SEP1475CE,0.00,0.00,0.00,131.10,0.00,131.10,1553.70,87.69,0,0,0,0.00,0,F1,1100,,,,,
2026-09-04,2026-09-04,FO,NSE,IDF,35956,,NIFTYFPI,,2026-10-27,2026-10-27,,,NIFTYFPI26OCTFUT,0.00,0.00,0.00,1510.75,1510.75,1510.75,1553.70,1568.30,1100,0,0,0.00,0,F1,1100,,,,,
2026-09-04,2026-09-04,FO,NSE,IDO,48360,,NIFTYFPI,,2026-09-29,2026-09-29,1465.00,CE,NIFTYFPI26SEP1465CE,0.00,0.00,0.00,140.15,0.00,140.15,1553.70,96.77,0,0,0,0.00,0,F1,1100,,,,,
2026-09-04,2026-09-04,FO,NSE,IDO,48476,,NIFTYFPI,,2026-09-29,2026-09-29,1645.00,CE,NIFTYFPI26SEP1645CE,0.00,0.00,0.00,22.95,0.00,22.95,1553.70,3.69,0,0,0,0.00,0,F1,1100,,,,,
2026-09-04,2026-09-04,FO,NSE,IDO,49126,,NIFTYFPI,,2026-10-27,2026-10-27,1455.00,CE,NIFTYFPI26OCT1455CE,0.00,0.00,0.00,159.05,0.00,159.05,1553.70,117.66,0,0,0,0.00,0,F1,1100,,,,,
2026-09-04,2026-09-04,FO,NSE,IDO,64883,,NIFTYFPI,,2026-11-23,2026-11-23,1595.00,PE,NIFTYFPI26NOV1595PE,0.00,0.00,0.00,46.60,0.00,46.60,1553.70,58.34,0,0,0,0.00,0,F1,1100,,,,,
2026-09-04,2026-09-04,FO,NSE,IDO,64869,,NIFTYFPI,,2026-11-23,2026-11-23,1570.00,PE,NIFTYFPI26NOV1570PE,0.00,0.00,0.00,35.70,0.00,35.70,1553.70,45.10,0,0,0,0.00,0,F1,1100,,,,,
2026-09-04,2026-09-04,FO,NSE,IDO,64824,,NIFTYFPI,,2026-11-23,2026-11-23,1470.00,PE,NIFTYFPI26NOV1470PE,0.00,0.00,0.00,9.20,0.00,9.20,1553.70,11.75,0,0,0,0.00,0,F1,1100,,,,,
2026-09-04,2026-09-04,FO,NSE,IDO,64766,,NIFTYFPI,,2026-11-23,2026-11-23,1360.00,PE,NIFTYFPI26NOV1360PE,0.00,0.00,0.00,1.05,0.00,1.05,1553.70,1.24,0,0,0,0.00,0,F1,1100,,,,,
2026-09-04,2026-09-04,FO,NSE,IDO,49670,,NIFTYFPI,,2026-10-27,2026-10-27,1650.00,PE,NIFTYFPI26OCT1650PE,0.00,0.00,0.00,72.60,0.00,72.60,1553.70,92.91,0,0,0,0.00,0,F1,1100,,,,,
2026-09-04,2026-09-04,FO,NSE,IDO,49217,,NIFTYFPI,,2026-10-27,2026-10-27,1485.00,PE,NIFTYFPI26OCT1485PE,0.00,0.00,0.00,9.55,0.00,9.55,1553.70,10.20,0,0,0,0.00,0,F1,1100,,,,,
2026-09-04,2026-09-04,FO,NSE,IDO,49059,,NIFTYFPI,,2026-10-27,2026-10-27,1400.00,PE,NIFTYFPI26OCT1400PE,0.00,0.00,0.00,1.80,0.00,1.80,1553.70,1.32,0,0,0,0.00,0,F1,1100,,,,,
2026-09-04,2026-09-04,FO,NSE,IDO,48519,,NIFTYFPI,,2026-09-29,2026-09-29,1690.00,PE,NIFTYFPI26SEP1690PE,0.00,0.00,0.00,97.90,0.00,97.90,1553.70,130.35,0,0,0,0.00,0,F1,1100,,,,,
2026-09-04,2026-09-04,FO,NSE,IDO,64928,,NIFTYFPI,,2026-11-23,2026-11-23,1685.00,CE,NIFTYFPI26NOV1685CE,0.00,0.00,0.00,24.20,0.00,24.20,1553.70,13.33,0,0,0,0.00,0,F1,1100,,,,,
2026-09-04,2026-09-04,FO,NSE,IDO,64757,,NIFTYFPI,,2026-11-23,2026-11-23,1340.00,CE,NIFTYFPI26NOV1340CE,0.00,0.00,0.00,264.20,0.00,264.20,1553.70,233.22,0,0,0,0.00,0,F1,1100,,,,,
2026-09-04,2026-09-04,FO,NSE,IDO,48426,,NIFTYFPI,,2026-09-29,2026-09-29,1560.00,CE,NIFTYFPI26SEP1560CE,0.00,0.00,0.00,64.30,0.00,64.30,1553.70,26.83,0,0,0,0.00,0,F1,1100,,,,,
2026-09-04,2026-09-04,FO,NSE,IDO,48494,,NIFTYFPI,,2026-09-29,2026-09-29,1660.00,CE,NIFTYFPI26SEP1660CE,0.00,0.00,0.00,1.70,1.70,1.70,1553.70,2.36,1100,0,0,0.00,0,F1,1100,,,,,
2026-09-04,2026-09-04,FO,NSE,IDO,48518,,NIFTYFPI,,2026-09-29,2026-09-29,1690.00,CE,NIFTYFPI26SEP1690CE,0.00,0.00,0.00,3.00,3.00,3.00,1553.70,0.89,4400,0,0,0.00,0,F1,1100,,,,,
2026-09-04,2026-09-04,FO,NSE,IDO,49591,,NIFTYFPI,,2026-10-27,2026-10-27,1630.00,CE,NIFTYFPI26OCT1630CE,0.00,0.00,0.00,41.30,0.00,41.30,1553.70,16.50,0,0,0,0.00,0,F1,1100,,,,,
2026-09-04,2026-09-04,FO,NSE,IDO,64793,,NIFTYFPI,,2026-11-23,2026-11-23,1420.00,CE,NIFTYFPI26NOV1420CE,0.00,0.00,0.00,188.55,0.00,188.55,1553.70,158.35,0,0,0,0.00,0,F1,1100,,,,,
2026-09-04,2026-09-04,FO,NSE,IDO,64837,,NIFTYFPI,,2026-11-23,2026-11-23,1500.00,CE,NIFTYFPI26NOV1500CE,0.00,0.00,0.00,120.55,0.00,120.55,1553.70,93.43,0,0,0,0.00,0,F1,1100,,,,,
2026-09-04,2026-09-04,FO,NSE,IDO,48385,,NIFTYFPI,,2026-09-29,2026-09-29,1505.00,PE,NIFTYFPI26SEP1505PE,0.00,0.00,0.00,8.10,0.00,8.10,1553.70,7.55,0,0,0,0.00,0,F1,1100,,,,,
2026-09-04,2026-09-04,FO,NSE,IDO,48421,,NIFTYFPI,,2026-09-29,2026-09-29,1545.00,PE,NIFTYFPI26SEP1545PE,0.00,0.00,0.00,17.00,0.00,17.00,1553.70,19.89,0,0,0,0.00,0,F1,1100,,,,,
2026-09-04,2026-09-04,FO,NSE,IDO,48465,,NIFTYFPI,,2026-09-29,2026-09-29,1615.00,PE,NIFTYFPI26SEP1615PE,0.00,0.00,0.00,46.35,0.00,46.35,1553.70,63.00,0,0,0,0.00,0,F1,1100,,,,,
2026-09-04,2026-09-04,FO,NSE,IDO,49520,,NIFTYFPI,,2026-10-27,2026-10-27,1595.00,PE,NIFTYFPI26OCT1595PE,0.00,0.00,0.00,42.60,0.00,42.60,1553.70,54.02,0,0,0,0.00,0,F1,1100,,,,,
2026-09-04,2026-09-04,FO,NSE,IDO,64786,,NIFTYFPI,,2026-11-23,2026-11-23,1400.00,PE,NIFTYFPI26NOV1400PE,0.00,0.00,0.00,2.55,0.00,2.55,1553.70,3.13,0,0,0,0.00,0,F1,1100,,,,,
2026-09-04,2026-09-04,FO,NSE,IDO,64844,,NIFTYFPI,,2026-11-23,2026-11-23,1515.00,PE,NIFTYFPI26NOV1515PE,0.00,0.00,0.00,18.05,0.00,18.05,1553.70,23.04,0,0,0,0.00,0,F1,1100,,,,,
2026-09-04,2026-09-04,FO,NSE,IDO,64885,,NIFTYFPI,,2026-11-23,2026-11-23,1600.00,PE,NIFTYFPI26NOV1600PE,0.00,0.00,0.00,49.00,0.00,49.00,1553.70,61.22,0,0,0,0.00,0,F1,1100,,,,,
2026-09-04,2026-09-04,FO,NSE,IDO,48470,,NIFTYFPI,,2026-09-29,2026-09-29,1630.00,CE,NIFTYFPI26SEP1630CE,1.75,2.15,1.75,2.00,2.05,28.25,1553.70,2.00,7700,7700,70,125662130.00,65,F1,1100,,,,,
2026-09-04,2026-09-04,FO,NSE,IDO,48362,,NIFTYFPI,,2026-09-29,2026-09-29,1470.00,CE,NIFTYFPI26SEP1470CE,0.00,0.00,0.00,135.60,0.00,135.60,1553.70,92.20,0,0,0,0.00,0,F1,1100,,,,,
2026-09-04,2026-09-04,FO,NSE,IDO,48424,,NIFTYFPI,,2026-09-29,2026-09-29,1555.00,CE,NIFTYFPI26SEP1555CE,0.00,0.00,0.00,67.60,0.00,67.60,1553.70,29.36,0,0,0,0.00,0,F1,1100,,,,,
2026-09-04,2026-09-04,FO,NSE,IDO,64854,,NIFTYFPI,,2026-11-23,2026-11-23,1540.00,PE,NIFTYFPI26NOV1540PE,0.00,0.00,0.00,25.05,0.00,25.05,1553.70,31.87,0,0,0,0.00,0,F1,1100,,,,,
2026-09-04,2026-09-04,FO,NSE,IDO,64965,,NIFTYFPI,,2026-11-23,2026-11-23,1740.00,PE,NIFTYFPI26NOV1740PE,0.00,0.00,0.00,143.15,0.00,143.15,1553.70,167.93,0,0,0,0.00,0,F1,1100,,,,,
2026-09-04,2026-09-04,FO,NSE,IDO,48492,,NIFTYFPI,,2026-09-29,2026-09-29,1655.00,CE,NIFTYFPI26SEP1655CE,0.00,0.00,0.00,19.90,0.00,19.90,1553.70,2.75,0,0,0,0.00,0,F1,1100,,,,,
2026-09-04,2026-09-04,FO,NSE,IDO,49156,,NIFTYFPI,,2026-10-27,2026-10-27,1470.00,CE,NIFTYFPI26OCT1470CE,0.00,0.00,0.00,146.00,0.00,146.00,1553.70,104.90,0,0,0,0.00,0,F1,1100,,,,,
2026-09-04,2026-09-04,FO,NSE,IDO,49797,,NIFTYFPI,,2026-10-27,2026-10-27,1685.00,CE,NIFTYFPI26OCT1685CE,0.00,0.00,0.00,22.60,0.00,22.60,1553.70,6.46,0,0,0,0.00,0,F1,1100,,,,,
2026-09-04,2026-09-04,FO,NSE,IDO,48389,,NIFTYFPI,,2026-09-29,2026-09-29,1515.00,PE,NIFTYFPI26SEP1515PE,0.00,0.00,0.00,0.05,0.05,0.05,1553.70,9.93,1100,0,0,0.00,0,F1,1100,,,,,
2026-09-04,2026-09-04,FO,NSE,IDO,48493,,NIFTYFPI,,2026-09-29,2026-09-29,1655.00,PE,NIFTYFPI26SEP1655PE,0.00,0.00,0.00,71.50,0.00,71.50,1553.70,97.35,0,0,0,0.00,0,F1,1100,,,,,
2026-09-04,2026-09-04,FO,NSE,IDO,49760,,NIFTYFPI,,2026-10-27,2026-10-27,1675.00,PE,NIFTYFPI26OCT1675PE,0.00,0.00,0.00,89.15,0.00,89.15,1553.70,113.47,0,0,0,0.00,0,F1,1100,,,,,
2026-09-04,2026-09-04,FO,NSE,IDO,49799,,NIFTYFPI,,2026-10-27,2026-10-27,1690.00,CE,NIFTYFPI26OCT1690CE,0.00,0.00,0.00,21.30,0.00,21.30,1553.70,5.89,0,0,0,0.00,0,F1,1100,,,,,
2026-09-04,2026-09-04,FO,NSE,IDO,48390,,NIFTYFPI,,2026-09-29,2026-09-29,1520.00,CE,NIFTYFPI26SEP1520CE,0.00,0.00,0.00,93.15,0.00,93.15,1553.70,51.04,0,0,0,0.00,0,F1,1100,,,,,
2026-09-04,2026-09-04,FO,NSE,IDO,48417,,NIFTYFPI,,2026-09-29,2026-09-29,1540.00,PE,NIFTYFPI26SEP1540PE,0.00,0.00,0.00,15.65,0.00,15.65,1553.70,17.87,0,0,0,0.00,0,F1,1100,,,,,
2026-09-04,2026-09-04,FO,NSE,IDO,48462,,NIFTYFPI,,2026-09-29,2026-09-29,1610.00,PE,NIFTYFPI26SEP1610PE,0.00,0.00,0.00,43.60,0.00,43.60,1553.70,59.09,0,0,0,0.00,0,F1,1100,,,,,
2026-09-04,2026-09-04,FO,NSE,IDO,48517,,NIFTYFPI,,2026-09-29,2026-09-29,1685.00,PE,NIFTYFPI26SEP1685PE,0.00,0.00,0.00,93.90,0.00,93.90,1553.70,125.53,0,0,0,0.00,0,F1,1100,,,,,
2026-09-04,2026-09-04,FO,NSE,IDO,49552,,NIFTYFPI,,2026-10-27,2026-10-27,1610.00,PE,NIFTYFPI26OCT1610PE,0.00,0.00,0.00,49.85,0.00,49.85,1553.70,63.61,0,0,0,0.00,0,F1,1100,,,,,
2026-09-04,2026-09-04,FO,NSE,IDO,49635,,NIFTYFPI,,2026-10-27,2026-10-27,1635.00,PE,NIFTYFPI26OCT1635PE,0.00,0.00,0.00,63.50,0.00,63.50,1553.70,81.40,0,0,0,0.00,0,F1,1100,,,,,
2026-09-04,2026-09-04,FO,NSE,IDO,64812,,NIFTYFPI,,2026-11-23,2026-11-23,1440.00,PE,NIFTYFPI26NOV1440PE,0.00,0.00,0.00,5.50,0.00,5.50,1553.70,6.97,0,0,0,0.00,0,F1,1100,,,,,
2026-09-04,2026-09-04,FO,NSE,IDO,64834,,NIFTYFPI,,2026-11-23,2026-11-23,1490.00,PE,NIFTYFPI26NOV1490PE,0.00,0.00,0.00,12.60,0.00,12.60,1553.70,16.09,0,0,0,0.00,0,F1,1100,,,,,
2026-09-04,2026-09-04,FO,NSE,IDO,64951,,NIFTYFPI,,2026-11-23,2026-11-23,1720.00,PE,NIFTYFPI26NOV1720PE,0.00,0.00,0.00,127.00,0.00,127.00,1553.70,150.32,0,0,0,0.00,0,F1,1100,,,,,
2026-09-04,2026-09-04,FO,NSE,IDO,48342,,NIFTYFPI,,2026-09-29,2026-09-29,1440.00,CE,NIFTYFPI26SEP1440CE,0.00,0.00,0.00,163.35,0.00,163.35,1553.70,120.35,0,0,0,0.00,0,F1,1100,,,,,
2026-09-04,2026-09-04,FO,NSE,IDO,48312,,NIFTYFPI,,2026-09-29,2026-09-29,1380.00,CE,NIFTYFPI26SEP1380CE,0.00,0.00,0.00,221.40,0.00,221.40,1553.70,179.33,0,0,0,0.00,0,F1,1100,,,,,